series_id,year,period,value,footnotes
CUSR0000SA0,1997,M01,159.40,
CUSR0000SA0,1997,M02,159.70,
CUSR0000SA0,1997,M03,159.80,
CUSR0000SA0,1997,M04,159.90,
CUSR0000SA0,1997,M05,159.90,
CUSR0000SA0,1997,M06,160.20,
CUSR0000SA0,1997,M07,160.40,
CUSR0000SA0,1997,M08,160.80,
CUSR0000SA0,1997,M09,161.20,
CUSR0000SA0,1997,M10,161.50,
CUSR0000SA0,1997,M11,161.70,
CUSR0000SA0,1997,M12,161.80,
CUSR0000SA0,1998,M01,162.00,
CUSR0000SA0,1998,M02,162.00,
CUSR0000SA0,1998,M03,162.00,
CUSR0000SA0,1998,M04,162.20,
CUSR0000SA0,1998,M05,162.60,
CUSR0000SA0,1998,M06,162.80,
CUSR0000SA0,1998,M07,163.20,
CUSR0000SA0,1998,M08,163.40,
CUSR0000SA0,1998,M09,163.50,
CUSR0000SA0,1998,M10,163.90,
CUSR0000SA0,1998,M11,164.10,
CUSR0000SA0,1998,M12,164.40,
CUSR0000SA0,1999,M01,164.70,
CUSR0000SA0,1999,M02,164.70,
CUSR0000SA0,1999,M03,164.80,
CUSR0000SA0,1999,M04,165.90,
CUSR0000SA0,1999,M05,166.00,
CUSR0000SA0,1999,M06,166.00,
CUSR0000SA0,1999,M07,166.70,
CUSR0000SA0,1999,M08,167.10,
CUSR0000SA0,1999,M09,167.80,
CUSR0000SA0,1999,M10,168.10,
CUSR0000SA0,1999,M11,168.40,
CUSR0000SA0,1999,M12,168.80,
CUSR0000SA0,2000,M01,169.30,
CUSR0000SA0,2000,M02,170.00,
CUSR0000SA0,2000,M03,171.00,
CUSR0000SA0,2000,M04,170.90,
CUSR0000SA0,2000,M05,171.20,
CUSR0000SA0,2000,M06,172.20,
CUSR0000SA0,2000,M07,172.70,
CUSR0000SA0,2000,M08,172.70,
CUSR0000SA0,2000,M09,173.60,
CUSR0000SA0,2000,M10,173.90,
CUSR0000SA0,2000,M11,174.20,
CUSR0000SA0,2000,M12,174.60,
CUSR0000SA0,2001,M01,175.60,
CUSR0000SA0,2001,M02,176.00,
CUSR0000SA0,2001,M03,176.10,
CUSR0000SA0,2001,M04,176.40,
CUSR0000SA0,2001,M05,177.30,
CUSR0000SA0,2001,M06,177.70,
CUSR0000SA0,2001,M07,177.40,
CUSR0000SA0,2001,M08,177.40,
CUSR0000SA0,2001,M09,178.10,
CUSR0000SA0,2001,M10,177.60,
CUSR0000SA0,2001,M11,177.50,
CUSR0000SA0,2001,M12,177.40,
CUSR0000SA0,2002,M01,177.7,
CUSR0000SA0,2002,M02,178.0,
CUSR0000SA0,2002,M03,178.5,
CUSR0000SA0,2002,M04,179.3,
CUSR0000SA0,2002,M05,179.5,
CUSR0000SA0,2002,M06,179.6,
CUSR0000SA0,2002,M07,180.0,
CUSR0000SA0,2002,M08,180.5,
CUSR0000SA0,2002,M09,180.8,
CUSR0000SA0,2002,M10,181.2,
CUSR0000SA0,2002,M11,181.5,
CUSR0000SA0,2002,M12,181.8,
CUSR0000SA0,2003,M01,182.6,
CUSR0000SA0,2003,M02,183.6,
CUSR0000SA0,2003,M03,183.9,
CUSR0000SA0,2003,M04,183.2,
CUSR0000SA0,2003,M05,182.9,
CUSR0000SA0,2003,M06,183.1,
CUSR0000SA0,2003,M07,183.7,
CUSR0000SA0,2003,M08,184.5,
CUSR0000SA0,2003,M09,185.1,
CUSR0000SA0,2003,M10,184.9,
CUSR0000SA0,2003,M11,185.0,
CUSR0000SA0,2003,M12,185.5,
CUSR0000SA0,2004,M01,186.3,
CUSR0000SA0,2004,M02,186.7,
CUSR0000SA0,2004,M03,187.1,
CUSR0000SA0,2004,M04,187.4,
CUSR0000SA0,2004,M05,188.2,
CUSR0000SA0,2004,M06,188.9,
CUSR0000SA0,2004,M07,189.1,
CUSR0000SA0,2004,M08,189.2,
CUSR0000SA0,2004,M09,189.8,
CUSR0000SA0,2004,M10,190.8,
CUSR0000SA0,2004,M11,191.7,
CUSR0000SA0,2004,M12,191.7,
CUSR0000SA0,2005,M01,191.6,
CUSR0000SA0,2005,M02,192.4,
CUSR0000SA0,2005,M03,193.1,
CUSR0000SA0,2005,M04,193.7,
CUSR0000SA0,2005,M05,193.6,
CUSR0000SA0,2005,M06,193.7,
CUSR0000SA0,2005,M07,194.9,
CUSR0000SA0,2005,M08,196.1,
CUSR0000SA0,2005,M09,198.8,
CUSR0000SA0,2005,M10,199.1,
CUSR0000SA0,2005,M11,198.1,
CUSR0000SA0,2005,M12,198.1,
CUSR0000SA0,2006,M01,199.3,
CUSR0000SA0,2006,M02,199.4,
CUSR0000SA0,2006,M03,199.7,
CUSR0000SA0,2006,M04,200.7,
CUSR0000SA0,2006,M05,201.3,
CUSR0000SA0,2006,M06,201.8,
CUSR0000SA0,2006,M07,202.9,
CUSR0000SA0,2006,M08,203.8,
CUSR0000SA0,2006,M09,202.8,
CUSR0000SA0,2006,M10,201.9,
CUSR0000SA0,2006,M11,202.0,
CUSR0000SA0,2006,M12,203.1,
CUSR0000SA0,2007,M01,203.437,
CUSR0000SA0,2007,M02,204.226,
CUSR0000SA0,2007,M03,205.288,
CUSR0000SA0,2007,M04,205.904,
CUSR0000SA0,2007,M05,206.755,
CUSR0000SA0,2007,M06,207.234,
CUSR0000SA0,2007,M07,207.603,
CUSR0000SA0,2007,M08,207.667,
CUSR0000SA0,2007,M09,208.547,
CUSR0000SA0,2007,M10,209.190,
CUSR0000SA0,2007,M11,210.834,
CUSR0000SA0,2007,M12,211.445,
CUSR0000SA0,2008,M01,212.174,
CUSR0000SA0,2008,M02,212.687,
CUSR0000SA0,2008,M03,213.448,
CUSR0000SA0,2008,M04,213.942,
CUSR0000SA0,2008,M05,215.208,
CUSR0000SA0,2008,M06,217.463,
CUSR0000SA0,2008,M07,219.016,
CUSR0000SA0,2008,M08,218.690,
CUSR0000SA0,2008,M09,218.877,
CUSR0000SA0,2008,M10,216.995,
CUSR0000SA0,2008,M11,213.153,
CUSR0000SA0,2008,M12,211.398,
CUSR0000SA0,2009,M01,211.933,
CUSR0000SA0,2009,M02,212.705,
CUSR0000SA0,2009,M03,212.495,
CUSR0000SA0,2009,M04,212.709,
CUSR0000SA0,2009,M05,213.022,
CUSR0000SA0,2009,M06,214.790,
CUSR0000SA0,2009,M07,214.726,
CUSR0000SA0,2009,M08,215.445,
CUSR0000SA0,2009,M09,215.861,
CUSR0000SA0,2009,M10,216.509,
CUSR0000SA0,2009,M11,217.234,
CUSR0000SA0,2009,M12,217.347,
CUSR0000SA0,2010,M01,217.488,
CUSR0000SA0,2010,M02,217.281,
CUSR0000SA0,2010,M03,217.353,
CUSR0000SA0,2010,M04,217.403,
CUSR0000SA0,2010,M05,217.290,
CUSR0000SA0,2010,M06,217.199,
CUSR0000SA0,2010,M07,217.605,
CUSR0000SA0,2010,M08,217.923,
CUSR0000SA0,2010,M09,218.275,
CUSR0000SA0,2010,M10,219.035,
CUSR0000SA0,2010,M11,219.590,
CUSR0000SA0,2010,M12,220.472,
CUSR0000SA0,2011,M01,221.187,
CUSR0000SA0,2011,M02,221.898,
CUSR0000SA0,2011,M03,223.046,
CUSR0000SA0,2011,M04,224.093,
CUSR0000SA0,2011,M05,224.806,
CUSR0000SA0,2011,M06,224.806,
CUSR0000SA0,2011,M07,225.395,
CUSR0000SA0,2011,M08,226.106,
CUSR0000SA0,2011,M09,226.597,
CUSR0000SA0,2011,M10,226.750,
CUSR0000SA0,2011,M11,227.169,
CUSR0000SA0,2011,M12,227.223,
CUSR0000SA0,2012,M01,227.842,
CUSR0000SA0,2012,M02,228.329,
CUSR0000SA0,2012,M03,228.807,
CUSR0000SA0,2012,M04,229.187,
CUSR0000SA0,2012,M05,228.713,
CUSR0000SA0,2012,M06,228.524,
CUSR0000SA0,2012,M07,228.590,
CUSR0000SA0,2012,M08,229.918,
CUSR0000SA0,2012,M09,231.015,
CUSR0000SA0,2012,M10,231.638,
CUSR0000SA0,2012,M11,231.249,
CUSR0000SA0,2012,M12,231.221,
CUSR0000SA0,2013,M01,231.679,
CUSR0000SA0,2013,M02,232.937,
CUSR0000SA0,2013,M03,232.282,
CUSR0000SA0,2013,M04,231.797,
CUSR0000SA0,2013,M05,231.893,
CUSR0000SA0,2013,M06,232.445,
CUSR0000SA0,2013,M07,232.900,
CUSR0000SA0,2013,M08,233.456,
CUSR0000SA0,2013,M09,233.544,
CUSR0000SA0,2013,M10,233.669,
CUSR0000SA0,2013,M11,234.100,
CUSR0000SA0,2013,M12,234.719,
CUSR0000SA0,2014,M01,235.288,
CUSR0000SA0,2014,M02,235.547,
CUSR0000SA0,2014,M03,236.028,
CUSR0000SA0,2014,M04,236.468,
CUSR0000SA0,2014,M05,236.918,
CUSR0000SA0,2014,M06,237.231,
CUSR0000SA0,2014,M07,237.498,
CUSR0000SA0,2014,M08,237.460,
CUSR0000SA0,2014,M09,237.477,
CUSR0000SA0,2014,M10,237.430,
CUSR0000SA0,2014,M11,236.983,
CUSR0000SA0,2014,M12,236.252,
CUSR0000SA0,2015,M01,234.747,
CUSR0000SA0,2015,M02,235.342,
CUSR0000SA0,2015,M03,235.976,
CUSR0000SA0,2015,M04,236.222,
CUSR0000SA0,2015,M05,237.001,
CUSR0000SA0,2015,M06,237.657,
CUSR0000SA0,2015,M07,238.034,
CUSR0000SA0,2015,M08,238.033,
CUSR0000SA0,2015,M09,237.498,
CUSR0000SA0,2015,M10,237.733,
CUSR0000SA0,2015,M11,238.017,
CUSR0000SA0,2015,M12,237.761,
CUSR0000SA0,2016,M01,237.652,
CUSR0000SA0,2016,M02,237.336,
CUSR0000SA0,2016,M03,238.080,
CUSR0000SA0,2016,M04,238.992,
CUSR0000SA0,2016,M05,239.557,
CUSR0000SA0,2016,M06,240.222,
CUSR0000SA0,2016,M07,240.101,
CUSR0000SA0,2016,M08,240.545,
CUSR0000SA0,2016,M09,241.176,
CUSR0000SA0,2016,M10,241.741,
CUSR0000SA0,2016,M11,242.026,
CUSR0000SA0,2016,M12,242.637,
CUSR0000SA0,2017,M01,243.618,
CUSR0000SA0,2017,M02,244.006,
CUSR0000SA0,2017,M03,243.892,
CUSR0000SA0,2017,M04,244.193,
CUSR0000SA0,2017,M05,244.004,
CUSR0000SA0,2017,M06,244.163,
CUSR0000SA0,2017,M07,244.243,
CUSR0000SA0,2017,M08,245.183,
CUSR0000SA0,2017,M09,246.435,
CUSR0000SA0,2017,M10,246.626,
CUSR0000SA0,2017,M11,247.284,
CUSR0000SA0,2017,M12,247.805,
CUSR0000SA0,2018,M01,248.859,
CUSR0000SA0,2018,M02,249.529,
CUSR0000SA0,2018,M03,249.577,
CUSR0000SA0,2018,M04,250.227,
CUSR0000SA0,2018,M05,250.792,
CUSR0000SA0,2018,M06,251.018,
CUSR0000SA0,2018,M07,251.214,
CUSR0000SA0,2018,M08,251.663,
CUSR0000SA0,2018,M09,252.182,
CUSR0000SA0,2018,M10,252.772,
CUSR0000SA0,2018,M11,252.594,
CUSR0000SA0,2018,M12,252.767,
CUSR0000SA0,2019,M01,252.561,
CUSR0000SA0,2019,M02,253.319,
CUSR0000SA0,2019,M03,254.277,
CUSR0000SA0,2019,M04,255.233,
CUSR0000SA0,2019,M05,255.296,
CUSR0000SA0,2019,M06,255.213,
CUSR0000SA0,2019,M07,255.802,
CUSR0000SA0,2019,M08,256.036,
CUSR0000SA0,2019,M09,256.430,
CUSR0000SA0,2019,M10,257.155,
CUSR0000SA0,2019,M11,257.879,
CUSR0000SA0,2019,M12,258.630,
CUSR0000SA0,2020,M01,259.127,
CUSR0000SA0,2020,M02,259.250,
CUSR0000SA0,2020,M03,258.076,
CUSR0000SA0,2020,M04,256.032,
CUSR0000SA0,2020,M05,255.802,
CUSR0000SA0,2020,M06,257.042,
CUSR0000SA0,2020,M07,258.352,
CUSR0000SA0,2020,M08,259.316,
CUSR0000SA0,2020,M09,259.997,
CUSR0000SA0,2020,M10,260.319,
CUSR0000SA0,2020,M11,260.911,
CUSR0000SA0,2020,M12,262.045,
CUSR0000SA0,2021,M01,262.687,
CUSR0000SA0,2021,M02,263.579,
CUSR0000SA0,2021,M03,264.961,
CUSR0000SA0,2021,M04,266.614,
CUSR0000SA0,2021,M05,268.383,
CUSR0000SA0,2021,M06,270.654,
CUSR0000SA0,2021,M07,271.903,
CUSR0000SA0,2021,M08,272.676,
CUSR0000SA0,2021,M09,273.910,
CUSR0000SA0,2021,M10,276.550,
CUSR0000SA0,2021,M11,278.919,
CUSR0000SA0,2021,M12,280.845,
CUSR0000SA0,2022,M01,282.543,
CUSR0000SA0,2022,M02,284.500,
CUSR0000SA0,2022,M03,287.674,
CUSR0000SA0,2022,M04,288.561,
CUSR0000SA0,2022,M05,291.298,
CUSR0000SA0,2022,M06,294.957,
CUSR0000SA0,2022,M07,294.913,
CUSR0000SA0,2022,M08,295.097,
CUSR0000SA0,2022,M09,296.349,
CUSR0000SA0,2022,M10,298.007,
CUSR0000SA0,2022,M11,298.786,
CUSR0000SA0,2022,M12,298.832,
CUSR0000SA0,2023,M01,300.420,
CUSR0000SA0,2023,M02,301.450,
CUSR0000SA0,2023,M03,301.821,
CUSR0000SA0,2023,M04,302.845,
CUSR0000SA0,2023,M05,303.334,
CUSR0000SA0,2023,M06,304.014,
CUSR0000SA0,2023,M07,304.609,
CUSR0000SA0,2023,M08,306.082,
CUSR0000SA0,2023,M09,307.276,
CUSR0000SA0,2023,M10,307.696,
CUSR0000SA0,2023,M11,308.148,
CUSR0000SA0,2023,M12,308.741,
CUSR0000SA0,2024,M01,309.698,
CUSR0000SA0,2024,M02,310.967,
CUSR0000SA0,2024,M03,312.345,
CUSR0000SA0,2024,M04,313.023,
CUSR0000SA0,2024,M05,313.175,
CUSR0000SA0,2024,M06,313.044,
CUSR0000SA0,2024,M07,313.569,
CUSR0000SA0,2024,M08,314.062,
CUSR0000SA0,2024,M09,314.732,
CUSR0000SA0,2024,M10,315.631,
CUSR0000SA0,2024,M11,316.528,
CUSR0000SA0,2024,M12,317.604,
CUSR0000SA0,2025,M01,318.961,
CUSR0000SA0,2025,M02,319.679,
CUSR0000SA0,2025,M03,319.785,
CUSR0000SA0,2025,M04,320.302,
CUSR0000SA0,2025,M05,320.620,
CUSR0000SA0,2025,M06,321.435,
CUSR0000SA0,2025,M07,322.169,
CUSR0000SA0,2025,M08,323.291,
CUSR0000SA0,2025,M09,324.245,
CUSR0000SA0,2025,M10,-,Data unavailable due to the 2025 lapse in appropriations
CUSR0000SA0,2025,M11,325.063,
CUSR0000SA0,2025,M12,326.031,
CUSR0000SA0,2026,M01,326.588,
CUSR0000SA0,2026,M02,327.460,
CUSR0000SA0,2026,M03,330.293,
CUSR0000SA0,2026,M04,332.407,
CUSR0000SA0,2026,M05,333.979,
CUSR0000SA0,2026,M06,332.568,
CUSR0000SA0,2026,M07,332.813,
CUSR0000SA0E,1997,M01,115.2,
CUSR0000SA0E,1997,M02,115.0,
CUSR0000SA0E,1997,M03,113.0,
CUSR0000SA0E,1997,M04,111.0,
CUSR0000SA0E,1997,M05,108.8,
CUSR0000SA0E,1997,M06,110.0,
CUSR0000SA0E,1997,M07,109.1,
CUSR0000SA0E,1997,M08,110.9,
CUSR0000SA0E,1997,M09,112.4,
CUSR0000SA0E,1997,M10,111.8,
CUSR0000SA0E,1997,M11,111.4,
CUSR0000SA0E,1997,M12,109.8,
CUSR0000SA0E,1998,M01,107.5,
CUSR0000SA0E,1998,M02,105.1,
CUSR0000SA0E,1998,M03,103.3,
CUSR0000SA0E,1998,M04,102.4,
CUSR0000SA0E,1998,M05,103.2,
CUSR0000SA0E,1998,M06,103.6,
CUSR0000SA0E,1998,M07,103.3,
CUSR0000SA0E,1998,M08,102.1,
CUSR0000SA0E,1998,M09,101.3,
CUSR0000SA0E,1998,M10,101.5,
CUSR0000SA0E,1998,M11,101.1,
CUSR0000SA0E,1998,M12,100.1,
CUSR0000SA0E,1999,M01,99.7,
CUSR0000SA0E,1999,M02,99.2,
CUSR0000SA0E,1999,M03,100.4,
CUSR0000SA0E,1999,M04,105.5,
CUSR0000SA0E,1999,M05,104.9,
CUSR0000SA0E,1999,M06,104.5,
CUSR0000SA0E,1999,M07,106.7,
CUSR0000SA0E,1999,M08,109.5,
CUSR0000SA0E,1999,M09,111.8,
CUSR0000SA0E,1999,M10,112.0,
CUSR0000SA0E,1999,M11,111.5,
CUSR0000SA0E,1999,M12,113.8,
CUSR0000SA0E,2000,M01,115.0,
CUSR0000SA0E,2000,M02,118.8,
CUSR0000SA0E,2000,M03,124.3,
CUSR0000SA0E,2000,M04,120.9,
CUSR0000SA0E,2000,M05,120.0,
CUSR0000SA0E,2000,M06,126.8,
CUSR0000SA0E,2000,M07,127.3,
CUSR0000SA0E,2000,M08,123.8,
CUSR0000SA0E,2000,M09,129.2,
CUSR0000SA0E,2000,M10,129.6,
CUSR0000SA0E,2000,M11,129.2,
CUSR0000SA0E,2000,M12,130.1,
CUSR0000SA0E,2001,M01,135.0,
CUSR0000SA0E,2001,M02,134.1,
CUSR0000SA0E,2001,M03,131.7,
CUSR0000SA0E,2001,M04,132.3,
CUSR0000SA0E,2001,M05,138.4,
CUSR0000SA0E,2001,M06,136.9,
CUSR0000SA0E,2001,M07,129.6,
CUSR0000SA0E,2001,M08,127.3,
CUSR0000SA0E,2001,M09,130.9,
CUSR0000SA0E,2001,M10,122.9,
CUSR0000SA0E,2001,M11,116.9,
CUSR0000SA0E,2001,M12,113.9,
CUSR0000SA0E,2002,M01,114.2,
CUSR0000SA0E,2002,M02,113.5,
CUSR0000SA0E,2002,M03,117.6,
CUSR0000SA0E,2002,M04,121.5,
CUSR0000SA0E,2002,M05,121.9,
CUSR0000SA0E,2002,M06,121.6,
CUSR0000SA0E,2002,M07,122.4,
CUSR0000SA0E,2002,M08,123.1,
CUSR0000SA0E,2002,M09,123.7,
CUSR0000SA0E,2002,M10,126.9,
CUSR0000SA0E,2002,M11,126.7,
CUSR0000SA0E,2002,M12,127.1,
CUSR0000SA0E,2003,M01,133.5,
CUSR0000SA0E,2003,M02,140.8,
CUSR0000SA0E,2003,M03,143.9,
CUSR0000SA0E,2003,M04,136.5,
CUSR0000SA0E,2003,M05,129.4,
CUSR0000SA0E,2003,M06,129.8,
CUSR0000SA0E,2003,M07,132.2,
CUSR0000SA0E,2003,M08,137.8,
CUSR0000SA0E,2003,M09,142.9,
CUSR0000SA0E,2003,M10,137.8,
CUSR0000SA0E,2003,M11,136.9,
CUSR0000SA0E,2003,M12,138.8,
CUSR0000SA0E,2004,M01,143.9,
CUSR0000SA0E,2004,M02,145.8,
CUSR0000SA0E,2004,M03,145.1,
CUSR0000SA0E,2004,M04,143.4,
CUSR0000SA0E,2004,M05,147.6,
CUSR0000SA0E,2004,M06,151.5,
CUSR0000SA0E,2004,M07,151.1,
CUSR0000SA0E,2004,M08,151.5,
CUSR0000SA0E,2004,M09,152.9,
CUSR0000SA0E,2004,M10,158.6,
CUSR0000SA0E,2004,M11,163.8,
CUSR0000SA0E,2004,M12,162.3,
CUSR0000SA0E,2005,M01,157.2,
CUSR0000SA0E,2005,M02,161.8,
CUSR0000SA0E,2005,M03,163.5,
CUSR0000SA0E,2005,M04,166.7,
CUSR0000SA0E,2005,M05,163.3,
CUSR0000SA0E,2005,M06,163.7,
CUSR0000SA0E,2005,M07,172.8,
CUSR0000SA0E,2005,M08,183.5,
CUSR0000SA0E,2005,M09,208.2,
CUSR0000SA0E,2005,M10,205.9,
CUSR0000SA0E,2005,M11,191.0,
CUSR0000SA0E,2005,M12,187.6,
CUSR0000SA0E,2006,M01,196.6,
CUSR0000SA0E,2006,M02,194.1,
CUSR0000SA0E,2006,M03,192.0,
CUSR0000SA0E,2006,M04,198.5,
CUSR0000SA0E,2006,M05,199.8,
CUSR0000SA0E,2006,M06,199.8,
CUSR0000SA0E,2006,M07,207.9,
CUSR0000SA0E,2006,M08,211.9,
CUSR0000SA0E,2006,M09,198.1,
CUSR0000SA0E,2006,M10,184.1,
CUSR0000SA0E,2006,M11,184.1,
CUSR0000SA0E,2006,M12,192.7,
CUSR0000SA0E,2007,M01,190.281,
CUSR0000SA0E,2007,M02,192.310,
CUSR0000SA0E,2007,M03,200.206,
CUSR0000SA0E,2007,M04,203.307,
CUSR0000SA0E,2007,M05,208.635,
CUSR0000SA0E,2007,M06,209.799,
CUSR0000SA0E,2007,M07,209.639,
CUSR0000SA0E,2007,M08,206.412,
CUSR0000SA0E,2007,M09,210.742,
CUSR0000SA0E,2007,M10,212.386,
CUSR0000SA0E,2007,M11,223.814,
CUSR0000SA0E,2007,M12,225.649,
CUSR0000SA0E,2008,M01,226.775,
CUSR0000SA0E,2008,M02,229.731,
CUSR0000SA0E,2008,M03,233.349,
CUSR0000SA0E,2008,M04,234.778,
CUSR0000SA0E,2008,M05,243.924,
CUSR0000SA0E,2008,M06,262.081,
CUSR0000SA0E,2008,M07,271.149,
CUSR0000SA0E,2008,M08,262.566,
CUSR0000SA0E,2008,M09,260.125,
CUSR0000SA0E,2008,M10,238.065,
CUSR0000SA0E,2008,M11,195.155,
CUSR0000SA0E,2008,M12,176.583,
CUSR0000SA0E,2009,M01,178.661,
CUSR0000SA0E,2009,M02,183.721,
CUSR0000SA0E,2009,M03,178.415,
CUSR0000SA0E,2009,M04,177.552,
CUSR0000SA0E,2009,M05,179.830,
CUSR0000SA0E,2009,M06,197.033,
CUSR0000SA0E,2009,M07,195.778,
CUSR0000SA0E,2009,M08,201.583,
CUSR0000SA0E,2009,M09,202.777,
CUSR0000SA0E,2009,M10,204.719,
CUSR0000SA0E,2009,M11,210.932,
CUSR0000SA0E,2009,M12,209.915,
CUSR0000SA0E,2010,M01,212.807,
CUSR0000SA0E,2010,M02,209.624,
CUSR0000SA0E,2010,M03,209.326,
CUSR0000SA0E,2010,M04,209.219,
CUSR0000SA0E,2010,M05,206.631,
CUSR0000SA0E,2010,M06,203.764,
CUSR0000SA0E,2010,M07,206.877,
CUSR0000SA0E,2010,M08,208.770,
CUSR0000SA0E,2010,M09,209.832,
CUSR0000SA0E,2010,M10,216.710,
CUSR0000SA0E,2010,M11,219.496,
CUSR0000SA0E,2010,M12,227.130,
CUSR0000SA0E,2011,M01,229.258,
CUSR0000SA0E,2011,M02,232.068,
CUSR0000SA0E,2011,M03,240.079,
CUSR0000SA0E,2011,M04,247.977,
CUSR0000SA0E,2011,M05,250.744,
CUSR0000SA0E,2011,M06,245.534,
CUSR0000SA0E,2011,M07,246.187,
CUSR0000SA0E,2011,M08,246.880,
CUSR0000SA0E,2011,M09,248.550,
CUSR0000SA0E,2011,M10,246.655,
CUSR0000SA0E,2011,M11,247.640,
CUSR0000SA0E,2011,M12,243.353,
CUSR0000SA0E,2012,M01,244.876,
CUSR0000SA0E,2012,M02,248.898,
CUSR0000SA0E,2012,M03,249.742,
CUSR0000SA0E,2012,M04,249.677,
CUSR0000SA0E,2012,M05,241.806,
CUSR0000SA0E,2012,M06,235.897,
CUSR0000SA0E,2012,M07,233.568,
CUSR0000SA0E,2012,M08,244.987,
CUSR0000SA0E,2012,M09,252.987,
CUSR0000SA0E,2012,M10,256.017,
CUSR0000SA0E,2012,M11,248.819,
CUSR0000SA0E,2012,M12,244.708,
CUSR0000SA0E,2013,M01,245.025,
CUSR0000SA0E,2013,M02,255.696,
CUSR0000SA0E,2013,M03,246.595,
CUSR0000SA0E,2013,M04,240.473,
CUSR0000SA0E,2013,M05,240.468,
CUSR0000SA0E,2013,M06,242.711,
CUSR0000SA0E,2013,M07,242.986,
CUSR0000SA0E,2013,M08,244.833,
CUSR0000SA0E,2013,M09,242.745,
CUSR0000SA0E,2013,M10,241.954,
CUSR0000SA0E,2013,M11,242.718,
CUSR0000SA0E,2013,M12,245.733,
CUSR0000SA0E,2014,M01,250.340,
CUSR0000SA0E,2014,M02,249.925,
CUSR0000SA0E,2014,M03,249.961,
CUSR0000SA0E,2014,M04,249.864,
CUSR0000SA0E,2014,M05,249.213,
CUSR0000SA0E,2014,M06,249.714,
CUSR0000SA0E,2014,M07,248.744,
CUSR0000SA0E,2014,M08,245.699,
CUSR0000SA0E,2014,M09,241.610,
CUSR0000SA0E,2014,M10,237.061,
CUSR0000SA0E,2014,M11,229.016,
CUSR0000SA0E,2014,M12,218.536,
CUSR0000SA0E,2015,M01,199.926,
CUSR0000SA0E,2015,M02,203.021,
CUSR0000SA0E,2015,M03,205.757,
CUSR0000SA0E,2015,M04,203.577,
CUSR0000SA0E,2015,M05,208.973,
CUSR0000SA0E,2015,M06,212.015,
CUSR0000SA0E,2015,M07,211.623,
CUSR0000SA0E,2015,M08,208.579,
CUSR0000SA0E,2015,M09,197.246,
CUSR0000SA0E,2015,M10,195.616,
CUSR0000SA0E,2015,M11,195.114,
CUSR0000SA0E,2015,M12,190.143,
CUSR0000SA0E,2016,M01,185.235,
CUSR0000SA0E,2016,M02,176.401,
CUSR0000SA0E,2016,M03,182.234,
CUSR0000SA0E,2016,M04,186.713,
CUSR0000SA0E,2016,M05,188.596,
CUSR0000SA0E,2016,M06,192.899,
CUSR0000SA0E,2016,M07,189.046,
CUSR0000SA0E,2016,M08,188.772,
CUSR0000SA0E,2016,M09,192.243,
CUSR0000SA0E,2016,M10,195.979,
CUSR0000SA0E,2016,M11,196.372,
CUSR0000SA0E,2016,M12,199.513,
CUSR0000SA0E,2017,M01,205.369,
CUSR0000SA0E,2017,M02,204.133,
CUSR0000SA0E,2017,M03,202.528,
CUSR0000SA0E,2017,M04,202.954,
CUSR0000SA0E,2017,M05,198.449,
CUSR0000SA0E,2017,M06,197.808,
CUSR0000SA0E,2017,M07,195.994,
CUSR0000SA0E,2017,M08,201.450,
CUSR0000SA0E,2017,M09,212.723,
CUSR0000SA0E,2017,M10,208.328,
CUSR0000SA0E,2017,M11,213.047,
CUSR0000SA0E,2017,M12,213.574,
CUSR0000SA0E,2018,M01,216.855,
CUSR0000SA0E,2018,M02,220.141,
CUSR0000SA0E,2018,M03,215.720,
CUSR0000SA0E,2018,M04,219.165,
CUSR0000SA0E,2018,M05,221.045,
CUSR0000SA0E,2018,M06,220.947,
CUSR0000SA0E,2018,M07,219.929,
CUSR0000SA0E,2018,M08,222.781,
CUSR0000SA0E,2018,M09,223.955,
CUSR0000SA0E,2018,M10,226.022,
CUSR0000SA0E,2018,M11,218.500,
CUSR0000SA0E,2018,M12,213.630,
CUSR0000SA0E,2019,M01,204.340,
CUSR0000SA0E,2019,M02,208.144,
CUSR0000SA0E,2019,M03,214.934,
CUSR0000SA0E,2019,M04,222.420,
CUSR0000SA0E,2019,M05,220.523,
CUSR0000SA0E,2019,M06,214.926,
CUSR0000SA0E,2019,M07,216.696,
CUSR0000SA0E,2019,M08,213.847,
CUSR0000SA0E,2019,M09,213.015,
CUSR0000SA0E,2019,M10,215.268,
CUSR0000SA0E,2019,M11,217.488,
CUSR0000SA0E,2019,M12,221.180,
CUSR0000SA0E,2020,M01,220.147,
CUSR0000SA0E,2020,M02,214.294,
CUSR0000SA0E,2020,M03,201.681,
CUSR0000SA0E,2020,M04,182.586,
CUSR0000SA0E,2020,M05,180.040,
CUSR0000SA0E,2020,M06,188.734,
CUSR0000SA0E,2020,M07,191.966,
CUSR0000SA0E,2020,M08,193.307,
CUSR0000SA0E,2020,M09,196.705,
CUSR0000SA0E,2020,M10,196.113,
CUSR0000SA0E,2020,M11,197.017,
CUSR0000SA0E,2020,M12,205.670,
CUSR0000SA0E,2021,M01,212.470,
CUSR0000SA0E,2021,M02,219.242,
CUSR0000SA0E,2021,M03,229.617,
CUSR0000SA0E,2021,M04,227.255,
CUSR0000SA0E,2021,M05,229.854,
CUSR0000SA0E,2021,M06,233.603,
CUSR0000SA0E,2021,M07,236.488,
CUSR0000SA0E,2021,M08,240.692,
CUSR0000SA0E,2021,M09,245.302,
CUSR0000SA0E,2021,M10,254.756,
CUSR0000SA0E,2021,M11,263.798,
CUSR0000SA0E,2021,M12,267.899,
CUSR0000SA0E,2022,M01,270.189,
CUSR0000SA0E,2022,M02,275.322,
CUSR0000SA0E,2022,M03,303.099,
CUSR0000SA0E,2022,M04,295.455,
CUSR0000SA0E,2022,M05,309.052,
CUSR0000SA0E,2022,M06,330.456,
CUSR0000SA0E,2022,M07,314.345,
CUSR0000SA0E,2022,M08,298.331,
CUSR0000SA0E,2022,M09,294.103,
CUSR0000SA0E,2022,M10,299.945,
CUSR0000SA0E,2022,M11,298.107,
CUSR0000SA0E,2022,M12,286.330,
CUSR0000SA0E,2023,M01,292.615,
CUSR0000SA0E,2023,M02,288.702,
CUSR0000SA0E,2023,M03,282.868,
CUSR0000SA0E,2023,M04,280.860,
CUSR0000SA0E,2023,M05,274.273,
CUSR0000SA0E,2023,M06,275.712,
CUSR0000SA0E,2023,M07,275.548,
CUSR0000SA0E,2023,M08,287.310,
CUSR0000SA0E,2023,M09,292.623,
CUSR0000SA0E,2023,M10,286.765,
CUSR0000SA0E,2023,M11,282.146,
CUSR0000SA0E,2023,M12,280.763,
CUSR0000SA0E,2024,M01,279.953,
CUSR0000SA0E,2024,M02,283.331,
CUSR0000SA0E,2024,M03,288.688,
CUSR0000SA0E,2024,M04,287.611,
CUSR0000SA0E,2024,M05,284.165,
CUSR0000SA0E,2024,M06,278.284,
CUSR0000SA0E,2024,M07,278.287,
CUSR0000SA0E,2024,M08,275.706,
CUSR0000SA0E,2024,M09,272.681,
CUSR0000SA0E,2024,M10,273.003,
CUSR0000SA0E,2024,M11,273.281,
CUSR0000SA0E,2024,M12,279.829,
CUSR0000SA0E,2025,M01,282.272,
CUSR0000SA0E,2025,M02,282.096,
CUSR0000SA0E,2025,M03,278.906,
CUSR0000SA0E,2025,M04,277.343,
CUSR0000SA0E,2025,M05,275.377,
CUSR0000SA0E,2025,M06,276.558,
CUSR0000SA0E,2025,M07,274.850,
CUSR0000SA0E,2025,M08,276.734,
CUSR0000SA0E,2025,M09,280.700,
CUSR0000SA0E,2025,M10,-,Data unavailable due to the 2025 lapse in appropriations
CUSR0000SA0E,2025,M11,284.648,
CUSR0000SA0E,2025,M12,285.624,
CUSR0000SA0E,2026,M01,281.436,
CUSR0000SA0E,2026,M02,283.223,
CUSR0000SA0E,2026,M03,314.019,
CUSR0000SA0E,2026,M04,325.978,
CUSR0000SA0E,2026,M05,338.639,
CUSR0000SA0E,2026,M06,319.290,
CUSR0000SA0E,2026,M07,314.553,
CUSR0000SA0L1E,1997,M01,167.8,
CUSR0000SA0L1E,1997,M02,168.1,
CUSR0000SA0L1E,1997,M03,168.4,
CUSR0000SA0L1E,1997,M04,168.9,
CUSR0000SA0L1E,1997,M05,169.2,
CUSR0000SA0L1E,1997,M06,169.4,
CUSR0000SA0L1E,1997,M07,169.7,
CUSR0000SA0L1E,1997,M08,169.8,
CUSR0000SA0L1E,1997,M09,170.2,
CUSR0000SA0L1E,1997,M10,170.6,
CUSR0000SA0L1E,1997,M11,170.8,
CUSR0000SA0L1E,1997,M12,171.2,
CUSR0000SA0L1E,1998,M01,171.6,
CUSR0000SA0L1E,1998,M02,171.9,
CUSR0000SA0L1E,1998,M03,172.2,
CUSR0000SA0L1E,1998,M04,172.5,
CUSR0000SA0L1E,1998,M05,172.9,
CUSR0000SA0L1E,1998,M06,173.2,
CUSR0000SA0L1E,1998,M07,173.5,
CUSR0000SA0L1E,1998,M08,174.0,
CUSR0000SA0L1E,1998,M09,174.2,
CUSR0000SA0L1E,1998,M10,174.4,
CUSR0000SA0L1E,1998,M11,174.8,
CUSR0000SA0L1E,1998,M12,175.4,
CUSR0000SA0L1E,1999,M01,175.6,
CUSR0000SA0L1E,1999,M02,175.6,
CUSR0000SA0L1E,1999,M03,175.7,
CUSR0000SA0L1E,1999,M04,176.3,
CUSR0000SA0L1E,1999,M05,176.5,
CUSR0000SA0L1E,1999,M06,176.6,
CUSR0000SA0L1E,1999,M07,177.1,
CUSR0000SA0L1E,1999,M08,177.3,
CUSR0000SA0L1E,1999,M09,177.8,
CUSR0000SA0L1E,1999,M10,178.1,
CUSR0000SA0L1E,1999,M11,178.4,
CUSR0000SA0L1E,1999,M12,178.7,
CUSR0000SA0L1E,2000,M01,179.3,
CUSR0000SA0L1E,2000,M02,179.4,
CUSR0000SA0L1E,2000,M03,180.0,
CUSR0000SA0L1E,2000,M04,180.3,
CUSR0000SA0L1E,2000,M05,180.7,
CUSR0000SA0L1E,2000,M06,181.1,
CUSR0000SA0L1E,2000,M07,181.5,
CUSR0000SA0L1E,2000,M08,181.9,
CUSR0000SA0L1E,2000,M09,182.3,
CUSR0000SA0L1E,2000,M10,182.6,
CUSR0000SA0L1E,2000,M11,183.1,
CUSR0000SA0L1E,2000,M12,183.3,
CUSR0000SA0L1E,2001,M01,183.9,
CUSR0000SA0L1E,2001,M02,184.4,
CUSR0000SA0L1E,2001,M03,184.7,
CUSR0000SA0L1E,2001,M04,185.1,
CUSR0000SA0L1E,2001,M05,185.3,
CUSR0000SA0L1E,2001,M06,186.0,
CUSR0000SA0L1E,2001,M07,186.4,
CUSR0000SA0L1E,2001,M08,186.7,
CUSR0000SA0L1E,2001,M09,187.1,
CUSR0000SA0L1E,2001,M10,187.4,
CUSR0000SA0L1E,2001,M11,188.1,
CUSR0000SA0L1E,2001,M12,188.4,
CUSR0000SA0L1E,2002,M01,188.7,
CUSR0000SA0L1E,2002,M02,189.1,
CUSR0000SA0L1E,2002,M03,189.2,
CUSR0000SA0L1E,2002,M04,189.7,
CUSR0000SA0L1E,2002,M05,190.0,
CUSR0000SA0L1E,2002,M06,190.2,
CUSR0000SA0L1E,2002,M07,190.5,
CUSR0000SA0L1E,2002,M08,191.1,
CUSR0000SA0L1E,2002,M09,191.3,
CUSR0000SA0L1E,2002,M10,191.5,
CUSR0000SA0L1E,2002,M11,191.9,
CUSR0000SA0L1E,2002,M12,192.1,
CUSR0000SA0L1E,2003,M01,192.4,
CUSR0000SA0L1E,2003,M02,192.5,
CUSR0000SA0L1E,2003,M03,192.5,
CUSR0000SA0L1E,2003,M04,192.5,
CUSR0000SA0L1E,2003,M05,192.9,
CUSR0000SA0L1E,2003,M06,193.0,
CUSR0000SA0L1E,2003,M07,193.4,
CUSR0000SA0L1E,2003,M08,193.6,
CUSR0000SA0L1E,2003,M09,193.7,
CUSR0000SA0L1E,2003,M10,194.0,
CUSR0000SA0L1E,2003,M11,194.0,
CUSR0000SA0L1E,2003,M12,194.2,
CUSR0000SA0L1E,2004,M01,194.6,
CUSR0000SA0L1E,2004,M02,194.9,
CUSR0000SA0L1E,2004,M03,195.5,
CUSR0000SA0L1E,2004,M04,195.9,
CUSR0000SA0L1E,2004,M05,196.2,
CUSR0000SA0L1E,2004,M06,196.6,
CUSR0000SA0L1E,2004,M07,196.8,
CUSR0000SA0L1E,2004,M08,196.9,
CUSR0000SA0L1E,2004,M09,197.5,
CUSR0000SA0L1E,2004,M10,197.9,
CUSR0000SA0L1E,2004,M11,198.3,
CUSR0000SA0L1E,2004,M12,198.6,
CUSR0000SA0L1E,2005,M01,199.0,
CUSR0000SA0L1E,2005,M02,199.4,
CUSR0000SA0L1E,2005,M03,200.1,
CUSR0000SA0L1E,2005,M04,200.2,
CUSR0000SA0L1E,2005,M05,200.5,
CUSR0000SA0L1E,2005,M06,200.6,
CUSR0000SA0L1E,2005,M07,200.9,
CUSR0000SA0L1E,2005,M08,201.1,
CUSR0000SA0L1E,2005,M09,201.3,
CUSR0000SA0L1E,2005,M10,202.0,
CUSR0000SA0L1E,2005,M11,202.5,
CUSR0000SA0L1E,2005,M12,202.8,
CUSR0000SA0L1E,2006,M01,203.2,
CUSR0000SA0L1E,2006,M02,203.6,
CUSR0000SA0L1E,2006,M03,204.3,
CUSR0000SA0L1E,2006,M04,204.8,
CUSR0000SA0L1E,2006,M05,205.4,
CUSR0000SA0L1E,2006,M06,205.9,
CUSR0000SA0L1E,2006,M07,206.3,
CUSR0000SA0L1E,2006,M08,206.8,
CUSR0000SA0L1E,2006,M09,207.2,
CUSR0000SA0L1E,2006,M10,207.6,
CUSR0000SA0L1E,2006,M11,207.8,
CUSR0000SA0L1E,2006,M12,208.1,
CUSR0000SA0L1E,2007,M01,208.600,
CUSR0000SA0L1E,2007,M02,209.135,
CUSR0000SA0L1E,2007,M03,209.418,
CUSR0000SA0L1E,2007,M04,209.747,
CUSR0000SA0L1E,2007,M05,210.058,
CUSR0000SA0L1E,2007,M06,210.392,
CUSR0000SA0L1E,2007,M07,210.773,
CUSR0000SA0L1E,2007,M08,211.119,
CUSR0000SA0L1E,2007,M09,211.554,
CUSR0000SA0L1E,2007,M10,212.077,
CUSR0000SA0L1E,2007,M11,212.660,
CUSR0000SA0L1E,2007,M12,213.168,
CUSR0000SA0L1E,2008,M01,213.771,
CUSR0000SA0L1E,2008,M02,213.939,
CUSR0000SA0L1E,2008,M03,214.420,
CUSR0000SA0L1E,2008,M04,214.560,
CUSR0000SA0L1E,2008,M05,214.936,
CUSR0000SA0L1E,2008,M06,215.424,
CUSR0000SA0L1E,2008,M07,215.965,
CUSR0000SA0L1E,2008,M08,216.393,
CUSR0000SA0L1E,2008,M09,216.713,
CUSR0000SA0L1E,2008,M10,216.788,
CUSR0000SA0L1E,2008,M11,216.947,
CUSR0000SA0L1E,2008,M12,216.925,
CUSR0000SA0L1E,2009,M01,217.346,
CUSR0000SA0L1E,2009,M02,217.792,
CUSR0000SA0L1E,2009,M03,218.253,
CUSR0000SA0L1E,2009,M04,218.706,
CUSR0000SA0L1E,2009,M05,218.904,
CUSR0000SA0L1E,2009,M06,219.112,
CUSR0000SA0L1E,2009,M07,219.263,
CUSR0000SA0L1E,2009,M08,219.496,
CUSR0000SA0L1E,2009,M09,219.920,
CUSR0000SA0L1E,2009,M10,220.501,
CUSR0000SA0L1E,2009,M11,220.666,
CUSR0000SA0L1E,2009,M12,220.881,
CUSR0000SA0L1E,2010,M01,220.633,
CUSR0000SA0L1E,2010,M02,220.731,
CUSR0000SA0L1E,2010,M03,220.783,
CUSR0000SA0L1E,2010,M04,220.822,
CUSR0000SA0L1E,2010,M05,220.962,
CUSR0000SA0L1E,2010,M06,221.194,
CUSR0000SA0L1E,2010,M07,221.363,
CUSR0000SA0L1E,2010,M08,221.509,
CUSR0000SA0L1E,2010,M09,221.711,
CUSR0000SA0L1E,2010,M10,221.830,
CUSR0000SA0L1E,2010,M11,222.149,
CUSR0000SA0L1E,2010,M12,222.343,
CUSR0000SA0L1E,2011,M01,222.803,
CUSR0000SA0L1E,2011,M02,223.213,
CUSR0000SA0L1E,2011,M03,223.454,
CUSR0000SA0L1E,2011,M04,223.727,
CUSR0000SA0L1E,2011,M05,224.175,
CUSR0000SA0L1E,2011,M06,224.697,
CUSR0000SA0L1E,2011,M07,225.218,
CUSR0000SA0L1E,2011,M08,225.862,
CUSR0000SA0L1E,2011,M09,226.118,
CUSR0000SA0L1E,2011,M10,226.506,
CUSR0000SA0L1E,2011,M11,226.899,
CUSR0000SA0L1E,2011,M12,227.405,
CUSR0000SA0L1E,2012,M01,227.877,
CUSR0000SA0L1E,2012,M02,228.034,
CUSR0000SA0L1E,2012,M03,228.478,
CUSR0000SA0L1E,2012,M04,228.905,
CUSR0000SA0L1E,2012,M05,229.224,
CUSR0000SA0L1E,2012,M06,229.623,
CUSR0000SA0L1E,2012,M07,229.970,
CUSR0000SA0L1E,2012,M08,230.233,
CUSR0000SA0L1E,2012,M09,230.659,
CUSR0000SA0L1E,2012,M10,231.024,
CUSR0000SA0L1E,2012,M11,231.330,
CUSR0000SA0L1E,2012,M12,231.725,
CUSR0000SA0L1E,2013,M01,232.229,
CUSR0000SA0L1E,2013,M02,232.569,
CUSR0000SA0L1E,2013,M03,232.794,
CUSR0000SA0L1E,2013,M04,232.832,
CUSR0000SA0L1E,2013,M05,232.996,
CUSR0000SA0L1E,2013,M06,233.350,
CUSR0000SA0L1E,2013,M07,233.880,
CUSR0000SA0L1E,2013,M08,234.336,
CUSR0000SA0L1E,2013,M09,234.700,
CUSR0000SA0L1E,2013,M10,234.921,
CUSR0000SA0L1E,2013,M11,235.359,
CUSR0000SA0L1E,2013,M12,235.759,
CUSR0000SA0L1E,2014,M01,235.961,
CUSR0000SA0L1E,2014,M02,236.185,
CUSR0000SA0L1E,2014,M03,236.625,
CUSR0000SA0L1E,2014,M04,237.072,
CUSR0000SA0L1E,2014,M05,237.529,
CUSR0000SA0L1E,2014,M06,237.837,
CUSR0000SA0L1E,2014,M07,238.195,
CUSR0000SA0L1E,2014,M08,238.405,
CUSR0000SA0L1E,2014,M09,238.786,
CUSR0000SA0L1E,2014,M10,239.191,
CUSR0000SA0L1E,2014,M11,239.458,
CUSR0000SA0L1E,2014,M12,239.584,
CUSR0000SA0L1E,2015,M01,239.811,
CUSR0000SA0L1E,2015,M02,240.172,
CUSR0000SA0L1E,2015,M03,240.755,
CUSR0000SA0L1E,2015,M04,241.346,
CUSR0000SA0L1E,2015,M05,241.688,
CUSR0000SA0L1E,2015,M06,242.064,
CUSR0000SA0L1E,2015,M07,242.565,
CUSR0000SA0L1E,2015,M08,242.817,
CUSR0000SA0L1E,2015,M09,243.316,
CUSR0000SA0L1E,2015,M10,243.768,
CUSR0000SA0L1E,2015,M11,244.241,
CUSR0000SA0L1E,2015,M12,244.547,
CUSR0000SA0L1E,2016,M01,244.955,
CUSR0000SA0L1E,2016,M02,245.510,
CUSR0000SA0L1E,2016,M03,245.913,
CUSR0000SA0L1E,2016,M04,246.551,
CUSR0000SA0L1E,2016,M05,247.137,
CUSR0000SA0L1E,2016,M06,247.540,
CUSR0000SA0L1E,2016,M07,247.829,
CUSR0000SA0L1E,2016,M08,248.423,
CUSR0000SA0L1E,2016,M09,248.842,
CUSR0000SA0L1E,2016,M10,249.142,
CUSR0000SA0L1E,2016,M11,249.481,
CUSR0000SA0L1E,2016,M12,249.920,
CUSR0000SA0L1E,2017,M01,250.467,
CUSR0000SA0L1E,2017,M02,250.998,
CUSR0000SA0L1E,2017,M03,250.944,
CUSR0000SA0L1E,2017,M04,251.227,
CUSR0000SA0L1E,2017,M05,251.430,
CUSR0000SA0L1E,2017,M06,251.746,
CUSR0000SA0L1E,2017,M07,251.985,
CUSR0000SA0L1E,2017,M08,252.535,
CUSR0000SA0L1E,2017,M09,252.812,
CUSR0000SA0L1E,2017,M10,253.526,
CUSR0000SA0L1E,2017,M11,253.816,
CUSR0000SA0L1E,2017,M12,254.344,
CUSR0000SA0L1E,2018,M01,255.204,
CUSR0000SA0L1E,2018,M02,255.711,
CUSR0000SA0L1E,2018,M03,256.271,
CUSR0000SA0L1E,2018,M04,256.630,
CUSR0000SA0L1E,2018,M05,257.145,
CUSR0000SA0L1E,2018,M06,257.399,
CUSR0000SA0L1E,2018,M07,257.699,
CUSR0000SA0L1E,2018,M08,257.891,
CUSR0000SA0L1E,2018,M09,258.368,
CUSR0000SA0L1E,2018,M10,258.917,
CUSR0000SA0L1E,2018,M11,259.439,
CUSR0000SA0L1E,2018,M12,260.063,
CUSR0000SA0L1E,2019,M01,260.766,
CUSR0000SA0L1E,2019,M02,261.186,
CUSR0000SA0L1E,2019,M03,261.567,
CUSR0000SA0L1E,2019,M04,261.997,
CUSR0000SA0L1E,2019,M05,262.217,
CUSR0000SA0L1E,2019,M06,262.739,
CUSR0000SA0L1E,2019,M07,263.280,
CUSR0000SA0L1E,2019,M08,263.877,
CUSR0000SA0L1E,2019,M09,264.388,
CUSR0000SA0L1E,2019,M10,264.970,
CUSR0000SA0L1E,2019,M11,265.548,
CUSR0000SA0L1E,2019,M12,266.020,
CUSR0000SA0L1E,2020,M01,266.716,
CUSR0000SA0L1E,2020,M02,267.370,
CUSR0000SA0L1E,2020,M03,267.054,
CUSR0000SA0L1E,2020,M04,265.746,
CUSR0000SA0L1E,2020,M05,265.412,
CUSR0000SA0L1E,2020,M06,265.849,
CUSR0000SA0L1E,2020,M07,267.389,
CUSR0000SA0L1E,2020,M08,268.422,
CUSR0000SA0L1E,2020,M09,268.933,
CUSR0000SA0L1E,2020,M10,269.306,
CUSR0000SA0L1E,2020,M11,269.981,
CUSR0000SA0L1E,2020,M12,270.341,
CUSR0000SA0L1E,2021,M01,270.387,
CUSR0000SA0L1E,2021,M02,270.793,
CUSR0000SA0L1E,2021,M03,271.459,
CUSR0000SA0L1E,2021,M04,273.660,
CUSR0000SA0L1E,2021,M05,275.465,
CUSR0000SA0L1E,2021,M06,277.651,
CUSR0000SA0L1E,2021,M07,278.648,
CUSR0000SA0L1E,2021,M08,278.997,
CUSR0000SA0L1E,2021,M09,279.698,
CUSR0000SA0L1E,2021,M10,281.668,
CUSR0000SA0L1E,2021,M11,283.406,
CUSR0000SA0L1E,2021,M12,285.180,
CUSR0000SA0L1E,2022,M01,286.757,
CUSR0000SA0L1E,2022,M02,288.273,
CUSR0000SA0L1E,2022,M03,289.056,
CUSR0000SA0L1E,2022,M04,290.514,
CUSR0000SA0L1E,2022,M05,292.063,
CUSR0000SA0L1E,2022,M06,294.050,
CUSR0000SA0L1E,2022,M07,295.088,
CUSR0000SA0L1E,2022,M08,296.535,
CUSR0000SA0L1E,2022,M09,298.226,
CUSR0000SA0L1E,2022,M10,299.399,
CUSR0000SA0L1E,2022,M11,300.325,
CUSR0000SA0L1E,2022,M12,301.394,
CUSR0000SA0L1E,2023,M01,302.642,
CUSR0000SA0L1E,2023,M02,304.123,
CUSR0000SA0L1E,2023,M03,305.147,
CUSR0000SA0L1E,2023,M04,306.534,
CUSR0000SA0L1E,2023,M05,307.652,
CUSR0000SA0L1E,2023,M06,308.322,
CUSR0000SA0L1E,2023,M07,308.960,
CUSR0000SA0L1E,2023,M08,309.580,
CUSR0000SA0L1E,2023,M09,310.539,
CUSR0000SA0L1E,2023,M10,311.457,
CUSR0000SA0L1E,2023,M11,312.392,
CUSR0000SA0L1E,2023,M12,313.195,
CUSR0000SA0L1E,2024,M01,314.319,
CUSR0000SA0L1E,2024,M02,315.564,
CUSR0000SA0L1E,2024,M03,316.792,
CUSR0000SA0L1E,2024,M04,317.649,
CUSR0000SA0L1E,2024,M05,318.095,
CUSR0000SA0L1E,2024,M06,318.390,
CUSR0000SA0L1E,2024,M07,318.940,
CUSR0000SA0L1E,2024,M08,319.750,
CUSR0000SA0L1E,2024,M09,320.732,
CUSR0000SA0L1E,2024,M10,321.731,
CUSR0000SA0L1E,2024,M11,322.657,
CUSR0000SA0L1E,2024,M12,323.259,
CUSR0000SA0L1E,2025,M01,324.638,
CUSR0000SA0L1E,2025,M02,325.465,
CUSR0000SA0L1E,2025,M03,325.690,
CUSR0000SA0L1E,2025,M04,326.467,
CUSR0000SA0L1E,2025,M05,326.893,
CUSR0000SA0L1E,2025,M06,327.658,
CUSR0000SA0L1E,2025,M07,328.682,
CUSR0000SA0L1E,2025,M08,329.700,
CUSR0000SA0L1E,2025,M09,330.418,
CUSR0000SA0L1E,2025,M10,-,Data unavailable due to the 2025 lapse in appropriations
CUSR0000SA0L1E,2025,M11,331.043,
CUSR0000SA0L1E,2025,M12,331.814,
CUSR0000SA0L1E,2026,M01,332.793,
CUSR0000SA0L1E,2026,M02,333.512,
CUSR0000SA0L1E,2026,M03,334.165,
CUSR0000SA0L1E,2026,M04,335.423,
CUSR0000SA0L1E,2026,M05,336.121,
CUSR0000SA0L1E,2026,M06,336.065,
CUSR0000SA0L1E,2026,M07,336.789,
CUSR0000SAA,1997,M01,132.3,
CUSR0000SAA,1997,M02,133.0,
CUSR0000SAA,1997,M03,132.4,
CUSR0000SAA,1997,M04,133.0,
CUSR0000SAA,1997,M05,133.3,
CUSR0000SAA,1997,M06,133.1,
CUSR0000SAA,1997,M07,133.3,
CUSR0000SAA,1997,M08,132.7,
CUSR0000SAA,1997,M09,132.9,
CUSR0000SAA,1997,M10,132.7,
CUSR0000SAA,1997,M11,132.7,
CUSR0000SAA,1997,M12,133.0,
CUSR0000SAA,1998,M01,133.1,
CUSR0000SAA,1998,M02,133.0,
CUSR0000SAA,1998,M03,132.7,
CUSR0000SAA,1998,M04,132.3,
CUSR0000SAA,1998,M05,132.7,
CUSR0000SAA,1998,M06,133.3,
CUSR0000SAA,1998,M07,133.5,
CUSR0000SAA,1998,M08,135.1,
CUSR0000SAA,1998,M09,133.1,
CUSR0000SAA,1998,M10,132.7,
CUSR0000SAA,1998,M11,132.7,
CUSR0000SAA,1998,M12,132.0,
CUSR0000SAA,1999,M01,131.5,
CUSR0000SAA,1999,M02,130.8,
CUSR0000SAA,1999,M03,130.4,
CUSR0000SAA,1999,M04,131.7,
CUSR0000SAA,1999,M05,131.7,
CUSR0000SAA,1999,M06,131.7,
CUSR0000SAA,1999,M07,131.5,
CUSR0000SAA,1999,M08,130.9,
CUSR0000SAA,1999,M09,131.2,
CUSR0000SAA,1999,M10,131.4,
CUSR0000SAA,1999,M11,131.0,
CUSR0000SAA,1999,M12,131.3,
CUSR0000SAA,2000,M01,130.7,
CUSR0000SAA,2000,M02,130.4,
CUSR0000SAA,2000,M03,130.3,
CUSR0000SAA,2000,M04,129.8,
CUSR0000SAA,2000,M05,129.7,
CUSR0000SAA,2000,M06,129.3,
CUSR0000SAA,2000,M07,128.9,
CUSR0000SAA,2000,M08,128.9,
CUSR0000SAA,2000,M09,129.5,
CUSR0000SAA,2000,M10,129.2,
CUSR0000SAA,2000,M11,129.2,
CUSR0000SAA,2000,M12,129.1,
CUSR0000SAA,2001,M01,129.4,
CUSR0000SAA,2001,M02,129.6,
CUSR0000SAA,2001,M03,129.5,
CUSR0000SAA,2001,M04,128.2,
CUSR0000SAA,2001,M05,127.4,
CUSR0000SAA,2001,M06,127.4,
CUSR0000SAA,2001,M07,127.3,
CUSR0000SAA,2001,M08,126.4,
CUSR0000SAA,2001,M09,125.8,
CUSR0000SAA,2001,M10,125.8,
CUSR0000SAA,2001,M11,125.4,
CUSR0000SAA,2001,M12,124.9,
CUSR0000SAA,2002,M01,124.4,
CUSR0000SAA,2002,M02,124.6,
CUSR0000SAA,2002,M03,125.3,
CUSR0000SAA,2002,M04,125.1,
CUSR0000SAA,2002,M05,124.6,
CUSR0000SAA,2002,M06,123.9,
CUSR0000SAA,2002,M07,123.5,
CUSR0000SAA,2002,M08,124.3,
CUSR0000SAA,2002,M09,123.4,
CUSR0000SAA,2002,M10,123.0,
CUSR0000SAA,2002,M11,123.1,
CUSR0000SAA,2002,M12,122.7,
CUSR0000SAA,2003,M01,122.1,
CUSR0000SAA,2003,M02,121.8,
CUSR0000SAA,2003,M03,120.7,
CUSR0000SAA,2003,M04,120.3,
CUSR0000SAA,2003,M05,120.0,
CUSR0000SAA,2003,M06,120.6,
CUSR0000SAA,2003,M07,121.1,
CUSR0000SAA,2003,M08,120.8,
CUSR0000SAA,2003,M09,120.9,
CUSR0000SAA,2003,M10,121.1,
CUSR0000SAA,2003,M11,120.8,
CUSR0000SAA,2003,M12,120.2,
CUSR0000SAA,2004,M01,120.1,
CUSR0000SAA,2004,M02,120.1,
CUSR0000SAA,2004,M03,120.4,
CUSR0000SAA,2004,M04,120.6,
CUSR0000SAA,2004,M05,120.9,
CUSR0000SAA,2004,M06,121.2,
CUSR0000SAA,2004,M07,121.0,
CUSR0000SAA,2004,M08,120.3,
CUSR0000SAA,2004,M09,120.0,
CUSR0000SAA,2004,M10,120.3,
CUSR0000SAA,2004,M11,120.6,
CUSR0000SAA,2004,M12,119.8,
CUSR0000SAA,2005,M01,120.3,
CUSR0000SAA,2005,M02,120.0,
CUSR0000SAA,2005,M03,120.5,
CUSR0000SAA,2005,M04,119.9,
CUSR0000SAA,2005,M05,119.9,
CUSR0000SAA,2005,M06,119.4,
CUSR0000SAA,2005,M07,119.0,
CUSR0000SAA,2005,M08,119.5,
CUSR0000SAA,2005,M09,119.1,
CUSR0000SAA,2005,M10,119.0,
CUSR0000SAA,2005,M11,119.2,
CUSR0000SAA,2005,M12,118.6,
CUSR0000SAA,2006,M01,118.9,
CUSR0000SAA,2006,M02,117.8,
CUSR0000SAA,2006,M03,119.1,
CUSR0000SAA,2006,M04,119.6,
CUSR0000SAA,2006,M05,119.9,
CUSR0000SAA,2006,M06,120.1,
CUSR0000SAA,2006,M07,119.0,
CUSR0000SAA,2006,M08,119.8,
CUSR0000SAA,2006,M09,120.2,
CUSR0000SAA,2006,M10,119.8,
CUSR0000SAA,2006,M11,119.4,
CUSR0000SAA,2006,M12,119.8,
CUSR0000SAA,2007,M01,119.860,
CUSR0000SAA,2007,M02,120.237,
CUSR0000SAA,2007,M03,119.797,
CUSR0000SAA,2007,M04,119.331,
CUSR0000SAA,2007,M05,119.166,
CUSR0000SAA,2007,M06,118.576,
CUSR0000SAA,2007,M07,118.449,
CUSR0000SAA,2007,M08,117.901,
CUSR0000SAA,2007,M09,118.023,
CUSR0000SAA,2007,M10,118.435,
CUSR0000SAA,2007,M11,118.737,
CUSR0000SAA,2007,M12,119.350,
CUSR0000SAA,2008,M01,119.438,
CUSR0000SAA,2008,M02,118.904,
CUSR0000SAA,2008,M03,118.399,
CUSR0000SAA,2008,M04,118.729,
CUSR0000SAA,2008,M05,118.716,
CUSR0000SAA,2008,M06,118.501,
CUSR0000SAA,2008,M07,119.006,
CUSR0000SAA,2008,M08,119.736,
CUSR0000SAA,2008,M09,119.618,
CUSR0000SAA,2008,M10,118.799,
CUSR0000SAA,2008,M11,118.867,
CUSR0000SAA,2008,M12,118.119,
CUSR0000SAA,2009,M01,117.967,
CUSR0000SAA,2009,M02,119.888,
CUSR0000SAA,2009,M03,120.368,
CUSR0000SAA,2009,M04,120.182,
CUSR0000SAA,2009,M05,120.038,
CUSR0000SAA,2009,M06,120.276,
CUSR0000SAA,2009,M07,119.984,
CUSR0000SAA,2009,M08,120.236,
CUSR0000SAA,2009,M09,120.779,
CUSR0000SAA,2009,M10,120.500,
CUSR0000SAA,2009,M11,120.007,
CUSR0000SAA,2009,M12,120.441,
CUSR0000SAA,2010,M01,119.910,
CUSR0000SAA,2010,M02,120.184,
CUSR0000SAA,2010,M03,120.225,
CUSR0000SAA,2010,M04,119.646,
CUSR0000SAA,2010,M05,119.648,
CUSR0000SAA,2010,M06,119.623,
CUSR0000SAA,2010,M07,119.322,
CUSR0000SAA,2010,M08,118.960,
CUSR0000SAA,2010,M09,119.210,
CUSR0000SAA,2010,M10,118.917,
CUSR0000SAA,2010,M11,119.027,
CUSR0000SAA,2010,M12,119.223,
CUSR0000SAA,2011,M01,119.820,
CUSR0000SAA,2011,M02,119.904,
CUSR0000SAA,2011,M03,119.739,
CUSR0000SAA,2011,M04,120.037,
CUSR0000SAA,2011,M05,121.146,
CUSR0000SAA,2011,M06,121.710,
CUSR0000SAA,2011,M07,122.547,
CUSR0000SAA,2011,M08,123.551,
CUSR0000SAA,2011,M09,123.244,
CUSR0000SAA,2011,M10,123.775,
CUSR0000SAA,2011,M11,124.762,
CUSR0000SAA,2011,M12,124.865,
CUSR0000SAA,2012,M01,125.399,
CUSR0000SAA,2012,M02,125.075,
CUSR0000SAA,2012,M03,125.850,
CUSR0000SAA,2012,M04,126.432,
CUSR0000SAA,2012,M05,126.663,
CUSR0000SAA,2012,M06,126.248,
CUSR0000SAA,2012,M07,125.935,
CUSR0000SAA,2012,M08,125.333,
CUSR0000SAA,2012,M09,126.386,
CUSR0000SAA,2012,M10,127.291,
CUSR0000SAA,2012,M11,127.191,
CUSR0000SAA,2012,M12,127.289,
CUSR0000SAA,2013,M01,128.076,
CUSR0000SAA,2013,M02,128.134,
CUSR0000SAA,2013,M03,126.970,
CUSR0000SAA,2013,M04,126.905,
CUSR0000SAA,2013,M05,126.916,
CUSR0000SAA,2013,M06,126.995,
CUSR0000SAA,2013,M07,127.645,
CUSR0000SAA,2013,M08,127.412,
CUSR0000SAA,2013,M09,127.281,
CUSR0000SAA,2013,M10,126.988,
CUSR0000SAA,2013,M11,127.333,
CUSR0000SAA,2013,M12,128.577,
CUSR0000SAA,2014,M01,127.882,
CUSR0000SAA,2014,M02,127.279,
CUSR0000SAA,2014,M03,127.439,
CUSR0000SAA,2014,M04,127.475,
CUSR0000SAA,2014,M05,127.773,
CUSR0000SAA,2014,M06,127.982,
CUSR0000SAA,2014,M07,127.942,
CUSR0000SAA,2014,M08,127.357,
CUSR0000SAA,2014,M09,127.813,
CUSR0000SAA,2014,M10,127.761,
CUSR0000SAA,2014,M11,127.254,
CUSR0000SAA,2014,M12,126.637,
CUSR0000SAA,2015,M01,126.129,
CUSR0000SAA,2015,M02,125.960,
CUSR0000SAA,2015,M03,126.626,
CUSR0000SAA,2015,M04,126.390,
CUSR0000SAA,2015,M05,125.831,
CUSR0000SAA,2015,M06,125.510,
CUSR0000SAA,2015,M07,125.689,
CUSR0000SAA,2015,M08,126.166,
CUSR0000SAA,2015,M09,126.011,
CUSR0000SAA,2015,M10,125.323,
CUSR0000SAA,2015,M11,125.724,
CUSR0000SAA,2015,M12,126.042,
CUSR0000SAA,2016,M01,124.999,
CUSR0000SAA,2016,M02,125.898,
CUSR0000SAA,2016,M03,125.843,
CUSR0000SAA,2016,M04,125.782,
CUSR0000SAA,2016,M05,126.707,
CUSR0000SAA,2016,M06,126.276,
CUSR0000SAA,2016,M07,125.881,
CUSR0000SAA,2016,M08,126.148,
CUSR0000SAA,2016,M09,125.914,
CUSR0000SAA,2016,M10,126.521,
CUSR0000SAA,2016,M11,126.605,
CUSR0000SAA,2016,M12,126.185,
CUSR0000SAA,2017,M01,126.044,
CUSR0000SAA,2017,M02,126.058,
CUSR0000SAA,2017,M03,126.397,
CUSR0000SAA,2017,M04,126.301,
CUSR0000SAA,2017,M05,125.651,
CUSR0000SAA,2017,M06,125.508,
CUSR0000SAA,2017,M07,125.368,
CUSR0000SAA,2017,M08,125.390,
CUSR0000SAA,2017,M09,125.759,
CUSR0000SAA,2017,M10,125.961,
CUSR0000SAA,2017,M11,125.024,
CUSR0000SAA,2017,M12,124.234,
CUSR0000SAA,2018,M01,124.855,
CUSR0000SAA,2018,M02,125.839,
CUSR0000SAA,2018,M03,126.489,
CUSR0000SAA,2018,M04,127.326,
CUSR0000SAA,2018,M05,127.464,
CUSR0000SAA,2018,M06,126.384,
CUSR0000SAA,2018,M07,125.676,
CUSR0000SAA,2018,M08,123.451,
CUSR0000SAA,2018,M09,125.143,
CUSR0000SAA,2018,M10,126.021,
CUSR0000SAA,2018,M11,125.099,
CUSR0000SAA,2018,M12,124.356,
CUSR0000SAA,2019,M01,124.466,
CUSR0000SAA,2019,M02,124.526,
CUSR0000SAA,2019,M03,123.666,
CUSR0000SAA,2019,M04,123.901,
CUSR0000SAA,2019,M05,123.764,
CUSR0000SAA,2019,M06,124.750,
CUSR0000SAA,2019,M07,124.731,
CUSR0000SAA,2019,M08,124.532,
CUSR0000SAA,2019,M09,124.795,
CUSR0000SAA,2019,M10,123.489,
CUSR0000SAA,2019,M11,123.550,
CUSR0000SAA,2019,M12,122.859,
CUSR0000SAA,2020,M01,122.477,
CUSR0000SAA,2020,M02,122.952,
CUSR0000SAA,2020,M03,121.558,
CUSR0000SAA,2020,M04,117.065,
CUSR0000SAA,2020,M05,114.244,
CUSR0000SAA,2020,M06,115.665,
CUSR0000SAA,2020,M07,116.576,
CUSR0000SAA,2020,M08,116.907,
CUSR0000SAA,2020,M09,117.157,
CUSR0000SAA,2020,M10,117.158,
CUSR0000SAA,2020,M11,117.411,
CUSR0000SAA,2020,M12,117.967,
CUSR0000SAA,2021,M01,119.065,
CUSR0000SAA,2021,M02,118.140,
CUSR0000SAA,2021,M03,118.484,
CUSR0000SAA,2021,M04,119.692,
CUSR0000SAA,2021,M05,120.794,
CUSR0000SAA,2021,M06,121.339,
CUSR0000SAA,2021,M07,121.319,
CUSR0000SAA,2021,M08,121.505,
CUSR0000SAA,2021,M09,121.051,
CUSR0000SAA,2021,M10,122.570,
CUSR0000SAA,2021,M11,123.610,
CUSR0000SAA,2021,M12,124.753,
CUSR0000SAA,2022,M01,125.476,
CUSR0000SAA,2022,M02,125.997,
CUSR0000SAA,2022,M03,126.443,
CUSR0000SAA,2022,M04,126.098,
CUSR0000SAA,2022,M05,126.693,
CUSR0000SAA,2022,M06,127.432,
CUSR0000SAA,2022,M07,127.394,
CUSR0000SAA,2022,M08,127.422,
CUSR0000SAA,2022,M09,127.588,
CUSR0000SAA,2022,M10,127.777,
CUSR0000SAA,2022,M11,128.338,
CUSR0000SAA,2022,M12,128.475,
CUSR0000SAA,2023,M01,129.430,
CUSR0000SAA,2023,M02,130.239,
CUSR0000SAA,2023,M03,130.426,
CUSR0000SAA,2023,M04,130.573,
CUSR0000SAA,2023,M05,131.003,
CUSR0000SAA,2023,M06,131.118,
CUSR0000SAA,2023,M07,131.352,
CUSR0000SAA,2023,M08,131.160,
CUSR0000SAA,2023,M09,130.338,
CUSR0000SAA,2023,M10,131.274,
CUSR0000SAA,2023,M11,130.099,
CUSR0000SAA,2023,M12,129.942,
CUSR0000SAA,2024,M01,129.685,
CUSR0000SAA,2024,M02,130.309,
CUSR0000SAA,2024,M03,130.956,
CUSR0000SAA,2024,M04,132.237,
CUSR0000SAA,2024,M05,132.027,
CUSR0000SAA,2024,M06,131.956,
CUSR0000SAA,2024,M07,131.569,
CUSR0000SAA,2024,M08,131.415,
CUSR0000SAA,2024,M09,132.539,
CUSR0000SAA,2024,M10,131.741,
CUSR0000SAA,2024,M11,131.692,
CUSR0000SAA,2024,M12,131.568,
CUSR0000SAA,2025,M01,130.436,
CUSR0000SAA,2025,M02,131.095,
CUSR0000SAA,2025,M03,131.388,
CUSR0000SAA,2025,M04,131.201,
CUSR0000SAA,2025,M05,130.782,
CUSR0000SAA,2025,M06,131.214,
CUSR0000SAA,2025,M07,131.354,
CUSR0000SAA,2025,M08,131.694,
CUSR0000SAA,2025,M09,132.411,
CUSR0000SAA,2025,M10,-,Data unavailable due to the 2025 lapse in appropriations
CUSR0000SAA,2025,M11,131.883,
CUSR0000SAA,2025,M12,132.317,
CUSR0000SAA,2026,M01,132.723,
CUSR0000SAA,2026,M02,134.419,
CUSR0000SAA,2026,M03,135.804,
CUSR0000SAA,2026,M04,136.670,
CUSR0000SAA,2026,M05,137.069,
CUSR0000SAA,2026,M06,136.313,
CUSR0000SAA,2026,M07,136.434,
CUSR0000SACL1E,1997,M01,142.0,
CUSR0000SACL1E,1997,M02,142.3,
CUSR0000SACL1E,1997,M03,142.2,
CUSR0000SACL1E,1997,M04,142.6,
CUSR0000SACL1E,1997,M05,142.7,
CUSR0000SACL1E,1997,M06,142.4,
CUSR0000SACL1E,1997,M07,142.4,
CUSR0000SACL1E,1997,M08,142.2,
CUSR0000SACL1E,1997,M09,142.3,
CUSR0000SACL1E,1997,M10,142.4,
CUSR0000SACL1E,1997,M11,142.4,
CUSR0000SACL1E,1997,M12,142.4,
CUSR0000SACL1E,1998,M01,142.6,
CUSR0000SACL1E,1998,M02,142.8,
CUSR0000SACL1E,1998,M03,142.6,
CUSR0000SACL1E,1998,M04,142.8,
CUSR0000SACL1E,1998,M05,143.0,
CUSR0000SACL1E,1998,M06,143.0,
CUSR0000SACL1E,1998,M07,143.4,
CUSR0000SACL1E,1998,M08,143.7,
CUSR0000SACL1E,1998,M09,143.3,
CUSR0000SACL1E,1998,M10,143.3,
CUSR0000SACL1E,1998,M11,143.2,
CUSR0000SACL1E,1998,M12,144.1,
CUSR0000SACL1E,1999,M01,144.4,
CUSR0000SACL1E,1999,M02,143.8,
CUSR0000SACL1E,1999,M03,143.2,
CUSR0000SACL1E,1999,M04,143.9,
CUSR0000SACL1E,1999,M05,143.9,
CUSR0000SACL1E,1999,M06,143.9,
CUSR0000SACL1E,1999,M07,144.2,
CUSR0000SACL1E,1999,M08,144.0,
CUSR0000SACL1E,1999,M09,144.7,
CUSR0000SACL1E,1999,M10,144.8,
CUSR0000SACL1E,1999,M11,144.4,
CUSR0000SACL1E,1999,M12,144.4,
CUSR0000SACL1E,2000,M01,144.3,
CUSR0000SACL1E,2000,M02,144.3,
CUSR0000SACL1E,2000,M03,144.6,
CUSR0000SACL1E,2000,M04,144.9,
CUSR0000SACL1E,2000,M05,144.9,
CUSR0000SACL1E,2000,M06,144.7,
CUSR0000SACL1E,2000,M07,144.9,
CUSR0000SACL1E,2000,M08,144.8,
CUSR0000SACL1E,2000,M09,145.2,
CUSR0000SACL1E,2000,M10,144.9,
CUSR0000SACL1E,2000,M11,145.4,
CUSR0000SACL1E,2000,M12,145.3,
CUSR0000SACL1E,2001,M01,145.5,
CUSR0000SACL1E,2001,M02,145.6,
CUSR0000SACL1E,2001,M03,145.5,
CUSR0000SACL1E,2001,M04,145.5,
CUSR0000SACL1E,2001,M05,145.1,
CUSR0000SACL1E,2001,M06,145.2,
CUSR0000SACL1E,2001,M07,145.6,
CUSR0000SACL1E,2001,M08,144.9,
CUSR0000SACL1E,2001,M09,145.2,
CUSR0000SACL1E,2001,M10,145.0,
CUSR0000SACL1E,2001,M11,145.4,
CUSR0000SACL1E,2001,M12,145.0,
CUSR0000SACL1E,2002,M01,144.4,
CUSR0000SACL1E,2002,M02,144.2,
CUSR0000SACL1E,2002,M03,143.8,
CUSR0000SACL1E,2002,M04,144.1,
CUSR0000SACL1E,2002,M05,143.8,
CUSR0000SACL1E,2002,M06,143.8,
CUSR0000SACL1E,2002,M07,143.7,
CUSR0000SACL1E,2002,M08,143.9,
CUSR0000SACL1E,2002,M09,143.7,
CUSR0000SACL1E,2002,M10,143.3,
CUSR0000SACL1E,2002,M11,143.0,
CUSR0000SACL1E,2002,M12,142.7,
CUSR0000SACL1E,2003,M01,142.4,
CUSR0000SACL1E,2003,M02,142.1,
CUSR0000SACL1E,2003,M03,141.8,
CUSR0000SACL1E,2003,M04,141.6,
CUSR0000SACL1E,2003,M05,141.1,
CUSR0000SACL1E,2003,M06,141.1,
CUSR0000SACL1E,2003,M07,141.1,
CUSR0000SACL1E,2003,M08,140.8,
CUSR0000SACL1E,2003,M09,140.2,
CUSR0000SACL1E,2003,M10,139.7,
CUSR0000SACL1E,2003,M11,139.4,
CUSR0000SACL1E,2003,M12,139.3,
CUSR0000SACL1E,2004,M01,139.3,
CUSR0000SACL1E,2004,M02,139.4,
CUSR0000SACL1E,2004,M03,139.6,
CUSR0000SACL1E,2004,M04,139.6,
CUSR0000SACL1E,2004,M05,139.7,
CUSR0000SACL1E,2004,M06,139.6,
CUSR0000SACL1E,2004,M07,139.3,
CUSR0000SACL1E,2004,M08,139.0,
CUSR0000SACL1E,2004,M09,139.4,
CUSR0000SACL1E,2004,M10,139.8,
CUSR0000SACL1E,2004,M11,140.2,
CUSR0000SACL1E,2004,M12,140.1,
CUSR0000SACL1E,2005,M01,140.4,
CUSR0000SACL1E,2005,M02,140.3,
CUSR0000SACL1E,2005,M03,140.3,
CUSR0000SACL1E,2005,M04,140.2,
CUSR0000SACL1E,2005,M05,140.5,
CUSR0000SACL1E,2005,M06,140.3,
CUSR0000SACL1E,2005,M07,140.1,
CUSR0000SACL1E,2005,M08,140.0,
CUSR0000SACL1E,2005,M09,140.2,
CUSR0000SACL1E,2005,M10,140.3,
CUSR0000SACL1E,2005,M11,140.4,
CUSR0000SACL1E,2005,M12,140.3,
CUSR0000SACL1E,2006,M01,140.5,
CUSR0000SACL1E,2006,M02,140.3,
CUSR0000SACL1E,2006,M03,140.6,
CUSR0000SACL1E,2006,M04,140.8,
CUSR0000SACL1E,2006,M05,140.9,
CUSR0000SACL1E,2006,M06,141.0,
CUSR0000SACL1E,2006,M07,140.8,
CUSR0000SACL1E,2006,M08,140.9,
CUSR0000SACL1E,2006,M09,140.9,
CUSR0000SACL1E,2006,M10,140.7,
CUSR0000SACL1E,2006,M11,140.2,
CUSR0000SACL1E,2006,M12,140.2,
CUSR0000SACL1E,2007,M01,140.258,
CUSR0000SACL1E,2007,M02,140.299,
CUSR0000SACL1E,2007,M03,140.255,
CUSR0000SACL1E,2007,M04,140.115,
CUSR0000SACL1E,2007,M05,139.983,
CUSR0000SACL1E,2007,M06,139.837,
CUSR0000SACL1E,2007,M07,139.851,
CUSR0000SACL1E,2007,M08,139.808,
CUSR0000SACL1E,2007,M09,139.778,
CUSR0000SACL1E,2007,M10,139.933,
CUSR0000SACL1E,2007,M11,140.196,
CUSR0000SACL1E,2007,M12,140.303,
CUSR0000SACL1E,2008,M01,140.588,
CUSR0000SACL1E,2008,M02,140.409,
CUSR0000SACL1E,2008,M03,140.294,
CUSR0000SACL1E,2008,M04,140.274,
CUSR0000SACL1E,2008,M05,140.136,
CUSR0000SACL1E,2008,M06,140.120,
CUSR0000SACL1E,2008,M07,140.401,
CUSR0000SACL1E,2008,M08,140.484,
CUSR0000SACL1E,2008,M09,140.410,
CUSR0000SACL1E,2008,M10,140.132,
CUSR0000SACL1E,2008,M11,140.016,
CUSR0000SACL1E,2008,M12,139.696,
CUSR0000SACL1E,2009,M01,139.847,
CUSR0000SACL1E,2009,M02,140.372,
CUSR0000SACL1E,2009,M03,140.948,
CUSR0000SACL1E,2009,M04,141.641,
CUSR0000SACL1E,2009,M05,141.823,
CUSR0000SACL1E,2009,M06,142.143,
CUSR0000SACL1E,2009,M07,142.228,
CUSR0000SACL1E,2009,M08,141.918,
CUSR0000SACL1E,2009,M09,142.537,
CUSR0000SACL1E,2009,M10,143.319,
CUSR0000SACL1E,2009,M11,143.710,
CUSR0000SACL1E,2009,M12,143.992,
CUSR0000SACL1E,2010,M01,144.114,
CUSR0000SACL1E,2010,M02,144.055,
CUSR0000SACL1E,2010,M03,143.879,
CUSR0000SACL1E,2010,M04,143.454,
CUSR0000SACL1E,2010,M05,143.304,
CUSR0000SACL1E,2010,M06,143.342,
CUSR0000SACL1E,2010,M07,143.336,
CUSR0000SACL1E,2010,M08,143.413,
CUSR0000SACL1E,2010,M09,143.510,
CUSR0000SACL1E,2010,M10,143.473,
CUSR0000SACL1E,2010,M11,143.535,
CUSR0000SACL1E,2010,M12,143.602,
CUSR0000SACL1E,2011,M01,143.911,
CUSR0000SACL1E,2011,M02,144.171,
CUSR0000SACL1E,2011,M03,144.298,
CUSR0000SACL1E,2011,M04,144.502,
CUSR0000SACL1E,2011,M05,145.054,
CUSR0000SACL1E,2011,M06,145.556,
CUSR0000SACL1E,2011,M07,145.816,
CUSR0000SACL1E,2011,M08,146.242,
CUSR0000SACL1E,2011,M09,146.269,
CUSR0000SACL1E,2011,M10,146.482,
CUSR0000SACL1E,2011,M11,146.776,
CUSR0000SACL1E,2011,M12,146.852,
CUSR0000SACL1E,2012,M01,147.079,
CUSR0000SACL1E,2012,M02,147.093,
CUSR0000SACL1E,2012,M03,147.217,
CUSR0000SACL1E,2012,M04,147.287,
CUSR0000SACL1E,2012,M05,147.418,
CUSR0000SACL1E,2012,M06,147.514,
CUSR0000SACL1E,2012,M07,147.489,
CUSR0000SACL1E,2012,M08,147.244,
CUSR0000SACL1E,2012,M09,147.299,
CUSR0000SACL1E,2012,M10,147.395,
CUSR0000SACL1E,2012,M11,147.488,
CUSR0000SACL1E,2012,M12,147.397,
CUSR0000SACL1E,2013,M01,147.610,
CUSR0000SACL1E,2013,M02,147.518,
CUSR0000SACL1E,2013,M03,147.227,
CUSR0000SACL1E,2013,M04,147.162,
CUSR0000SACL1E,2013,M05,147.107,
CUSR0000SACL1E,2013,M06,147.168,
CUSR0000SACL1E,2013,M07,147.251,
CUSR0000SACL1E,2013,M08,147.232,
CUSR0000SACL1E,2013,M09,147.226,
CUSR0000SACL1E,2013,M10,147.207,
CUSR0000SACL1E,2013,M11,147.295,
CUSR0000SACL1E,2013,M12,147.423,
CUSR0000SACL1E,2014,M01,147.079,
CUSR0000SACL1E,2014,M02,146.857,
CUSR0000SACL1E,2014,M03,146.752,
CUSR0000SACL1E,2014,M04,146.786,
CUSR0000SACL1E,2014,M05,146.808,
CUSR0000SACL1E,2014,M06,146.895,
CUSR0000SACL1E,2014,M07,146.810,
CUSR0000SACL1E,2014,M08,146.691,
CUSR0000SACL1E,2014,M09,146.864,
CUSR0000SACL1E,2014,M10,146.931,
CUSR0000SACL1E,2014,M11,146.597,
CUSR0000SACL1E,2014,M12,146.316,
CUSR0000SACL1E,2015,M01,145.839,
CUSR0000SACL1E,2015,M02,146.064,
CUSR0000SACL1E,2015,M03,146.356,
CUSR0000SACL1E,2015,M04,146.490,
CUSR0000SACL1E,2015,M05,146.502,
CUSR0000SACL1E,2015,M06,146.339,
CUSR0000SACL1E,2015,M07,146.210,
CUSR0000SACL1E,2015,M08,146.044,
CUSR0000SACL1E,2015,M09,146.142,
CUSR0000SACL1E,2015,M10,145.888,
CUSR0000SACL1E,2015,M11,145.723,
CUSR0000SACL1E,2015,M12,145.624,
CUSR0000SACL1E,2016,M01,145.376,
CUSR0000SACL1E,2016,M02,145.674,
CUSR0000SACL1E,2016,M03,145.598,
CUSR0000SACL1E,2016,M04,145.787,
CUSR0000SACL1E,2016,M05,145.814,
CUSR0000SACL1E,2016,M06,145.452,
CUSR0000SACL1E,2016,M07,145.175,
CUSR0000SACL1E,2016,M08,145.296,
CUSR0000SACL1E,2016,M09,145.560,
CUSR0000SACL1E,2016,M10,145.416,
CUSR0000SACL1E,2016,M11,144.881,
CUSR0000SACL1E,2016,M12,144.726,
CUSR0000SACL1E,2017,M01,144.935,
CUSR0000SACL1E,2017,M02,144.989,
CUSR0000SACL1E,2017,M03,144.995,
CUSR0000SACL1E,2017,M04,144.922,
CUSR0000SACL1E,2017,M05,144.597,
CUSR0000SACL1E,2017,M06,144.430,
CUSR0000SACL1E,2017,M07,144.196,
CUSR0000SACL1E,2017,M08,143.976,
CUSR0000SACL1E,2017,M09,143.610,
CUSR0000SACL1E,2017,M10,143.920,
CUSR0000SACL1E,2017,M11,143.734,
CUSR0000SACL1E,2017,M12,143.742,
CUSR0000SACL1E,2018,M01,144.243,
CUSR0000SACL1E,2018,M02,144.361,
CUSR0000SACL1E,2018,M03,144.490,
CUSR0000SACL1E,2018,M04,144.466,
CUSR0000SACL1E,2018,M05,144.435,
CUSR0000SACL1E,2018,M06,144.120,
CUSR0000SACL1E,2018,M07,143.835,
CUSR0000SACL1E,2018,M08,143.342,
CUSR0000SACL1E,2018,M09,143.421,
CUSR0000SACL1E,2018,M10,143.754,
CUSR0000SACL1E,2018,M11,143.950,
CUSR0000SACL1E,2018,M12,144.218,
CUSR0000SACL1E,2019,M01,144.788,
CUSR0000SACL1E,2019,M02,144.749,
CUSR0000SACL1E,2019,M03,144.733,
CUSR0000SACL1E,2019,M04,144.370,
CUSR0000SACL1E,2019,M05,144.146,
CUSR0000SACL1E,2019,M06,144.173,
CUSR0000SACL1E,2019,M07,144.206,
CUSR0000SACL1E,2019,M08,144.225,
CUSR0000SACL1E,2019,M09,144.175,
CUSR0000SACL1E,2019,M10,144.225,
CUSR0000SACL1E,2019,M11,144.257,
CUSR0000SACL1E,2019,M12,144.380,
CUSR0000SACL1E,2020,M01,144.308,
CUSR0000SACL1E,2020,M02,144.717,
CUSR0000SACL1E,2020,M03,144.488,
CUSR0000SACL1E,2020,M04,143.211,
CUSR0000SACL1E,2020,M05,142.711,
CUSR0000SACL1E,2020,M06,142.586,
CUSR0000SACL1E,2020,M07,143.375,
CUSR0000SACL1E,2020,M08,144.691,
CUSR0000SACL1E,2020,M09,145.698,
CUSR0000SACL1E,2020,M10,146.112,
CUSR0000SACL1E,2020,M11,146.388,
CUSR0000SACL1E,2020,M12,146.718,
CUSR0000SACL1E,2021,M01,146.752,
CUSR0000SACL1E,2021,M02,146.617,
CUSR0000SACL1E,2021,M03,146.933,
CUSR0000SACL1E,2021,M04,149.554,
CUSR0000SACL1E,2021,M05,151.991,
CUSR0000SACL1E,2021,M06,154.821,
CUSR0000SACL1E,2021,M07,155.288,
CUSR0000SACL1E,2021,M08,155.570,
CUSR0000SACL1E,2021,M09,156.259,
CUSR0000SACL1E,2021,M10,158.483,
CUSR0000SACL1E,2021,M11,160.247,
CUSR0000SACL1E,2021,M12,162.481,
CUSR0000SACL1E,2022,M01,164.074,
CUSR0000SACL1E,2022,M02,164.945,
CUSR0000SACL1E,2022,M03,164.318,
CUSR0000SACL1E,2022,M04,164.153,
CUSR0000SACL1E,2022,M05,164.883,
CUSR0000SACL1E,2022,M06,165.765,
CUSR0000SACL1E,2022,M07,165.911,
CUSR0000SACL1E,2022,M08,166.337,
CUSR0000SACL1E,2022,M09,166.600,
CUSR0000SACL1E,2022,M10,166.614,
CUSR0000SACL1E,2022,M11,166.214,
CUSR0000SACL1E,2022,M12,165.939,
CUSR0000SACL1E,2023,M01,166.187,
CUSR0000SACL1E,2023,M02,166.408,
CUSR0000SACL1E,2023,M03,166.755,
CUSR0000SACL1E,2023,M04,167.495,
CUSR0000SACL1E,2023,M05,168.261,
CUSR0000SACL1E,2023,M06,168.061,
CUSR0000SACL1E,2023,M07,167.462,
CUSR0000SACL1E,2023,M08,167.037,
CUSR0000SACL1E,2023,M09,166.558,
CUSR0000SACL1E,2023,M10,166.697,
CUSR0000SACL1E,2023,M11,166.254,
CUSR0000SACL1E,2023,M12,166.117,
CUSR0000SACL1E,2024,M01,165.637,
CUSR0000SACL1E,2024,M02,165.903,
CUSR0000SACL1E,2024,M03,165.775,
CUSR0000SACL1E,2024,M04,165.598,
CUSR0000SACL1E,2024,M05,165.375,
CUSR0000SACL1E,2024,M06,165.079,
CUSR0000SACL1E,2024,M07,164.669,
CUSR0000SACL1E,2024,M08,164.399,
CUSR0000SACL1E,2024,M09,164.634,
CUSR0000SACL1E,2024,M10,164.698,
CUSR0000SACL1E,2024,M11,165.018,
CUSR0000SACL1E,2024,M12,165.006,
CUSR0000SACL1E,2025,M01,165.508,
CUSR0000SACL1E,2025,M02,165.832,
CUSR0000SACL1E,2025,M03,165.719,
CUSR0000SACL1E,2025,M04,165.870,
CUSR0000SACL1E,2025,M05,165.807,
CUSR0000SACL1E,2025,M06,166.114,
CUSR0000SACL1E,2025,M07,166.468,
CUSR0000SACL1E,2025,M08,166.838,
CUSR0000SACL1E,2025,M09,167.170,
CUSR0000SACL1E,2025,M10,-,Data unavailable due to the 2025 lapse in appropriations
CUSR0000SACL1E,2025,M11,167.272,
CUSR0000SACL1E,2025,M12,167.325,
CUSR0000SACL1E,2026,M01,167.394,
CUSR0000SACL1E,2026,M02,167.530,
CUSR0000SACL1E,2026,M03,167.710,
CUSR0000SACL1E,2026,M04,167.767,
CUSR0000SACL1E,2026,M05,167.575,
CUSR0000SACL1E,2026,M06,167.431,
CUSR0000SACL1E,2026,M07,167.762,
CUSR0000SAE,1997,M01,97.2,
CUSR0000SAE,1997,M02,97.4,
CUSR0000SAE,1997,M03,97.7,
CUSR0000SAE,1997,M04,97.9,
CUSR0000SAE,1997,M05,98.2,
CUSR0000SAE,1997,M06,98.5,
CUSR0000SAE,1997,M07,98.7,
CUSR0000SAE,1997,M08,98.7,
CUSR0000SAE,1997,M09,99.0,
CUSR0000SAE,1997,M10,99.3,
CUSR0000SAE,1997,M11,99.5,
CUSR0000SAE,1997,M12,99.8,
CUSR0000SAE,1998,M01,99.8,
CUSR0000SAE,1998,M02,99.7,
CUSR0000SAE,1998,M03,100.0,
CUSR0000SAE,1998,M04,100.2,
CUSR0000SAE,1998,M05,100.5,
CUSR0000SAE,1998,M06,100.6,
CUSR0000SAE,1998,M07,100.6,
CUSR0000SAE,1998,M08,100.1,
CUSR0000SAE,1998,M09,100.3,
CUSR0000SAE,1998,M10,100.4,
CUSR0000SAE,1998,M11,100.6,
CUSR0000SAE,1998,M12,100.5,
CUSR0000SAE,1999,M01,100.5,
CUSR0000SAE,1999,M02,100.8,
CUSR0000SAE,1999,M03,100.8,
CUSR0000SAE,1999,M04,101.0,
CUSR0000SAE,1999,M05,100.9,
CUSR0000SAE,1999,M06,101.0,
CUSR0000SAE,1999,M07,101.1,
CUSR0000SAE,1999,M08,101.3,
CUSR0000SAE,1999,M09,101.5,
CUSR0000SAE,1999,M10,101.6,
CUSR0000SAE,1999,M11,101.8,
CUSR0000SAE,1999,M12,101.9,
CUSR0000SAE,2000,M01,102.6,
CUSR0000SAE,2000,M02,102.2,
CUSR0000SAE,2000,M03,102.1,
CUSR0000SAE,2000,M04,102.2,
CUSR0000SAE,2000,M05,102.3,
CUSR0000SAE,2000,M06,102.1,
CUSR0000SAE,2000,M07,102.7,
CUSR0000SAE,2000,M08,102.8,
CUSR0000SAE,2000,M09,102.2,
CUSR0000SAE,2000,M10,103.0,
CUSR0000SAE,2000,M11,102.8,
CUSR0000SAE,2000,M12,103.4,
CUSR0000SAE,2001,M01,103.8,
CUSR0000SAE,2001,M02,103.9,
CUSR0000SAE,2001,M03,104.4,
CUSR0000SAE,2001,M04,104.5,
CUSR0000SAE,2001,M05,104.6,
CUSR0000SAE,2001,M06,105.0,
CUSR0000SAE,2001,M07,105.5,
CUSR0000SAE,2001,M08,105.8,
CUSR0000SAE,2001,M09,105.8,
CUSR0000SAE,2001,M10,106.4,
CUSR0000SAE,2001,M11,106.5,
CUSR0000SAE,2001,M12,106.7,
CUSR0000SAE,2002,M01,107.0,
CUSR0000SAE,2002,M02,107.2,
CUSR0000SAE,2002,M03,106.8,
CUSR0000SAE,2002,M04,106.6,
CUSR0000SAE,2002,M05,107.2,
CUSR0000SAE,2002,M06,107.5,
CUSR0000SAE,2002,M07,108.2,
CUSR0000SAE,2002,M08,108.9,
CUSR0000SAE,2002,M09,108.7,
CUSR0000SAE,2002,M10,108.8,
CUSR0000SAE,2002,M11,108.8,
CUSR0000SAE,2002,M12,109.0,
CUSR0000SAE,2003,M01,109.5,
CUSR0000SAE,2003,M02,109.7,
CUSR0000SAE,2003,M03,109.6,
CUSR0000SAE,2003,M04,109.4,
CUSR0000SAE,2003,M05,109.3,
CUSR0000SAE,2003,M06,109.1,
CUSR0000SAE,2003,M07,109.6,
CUSR0000SAE,2003,M08,110.0,
CUSR0000SAE,2003,M09,110.1,
CUSR0000SAE,2003,M10,110.2,
CUSR0000SAE,2003,M11,110.3,
CUSR0000SAE,2003,M12,110.7,
CUSR0000SAE,2004,M01,110.9,
CUSR0000SAE,2004,M02,111.2,
CUSR0000SAE,2004,M03,111.3,
CUSR0000SAE,2004,M04,111.3,
CUSR0000SAE,2004,M05,111.2,
CUSR0000SAE,2004,M06,111.5,
CUSR0000SAE,2004,M07,111.6,
CUSR0000SAE,2004,M08,111.6,
CUSR0000SAE,2004,M09,112.0,
CUSR0000SAE,2004,M10,111.8,
CUSR0000SAE,2004,M11,112.1,
CUSR0000SAE,2004,M12,112.3,
CUSR0000SAE,2005,M01,112.5,
CUSR0000SAE,2005,M02,112.8,
CUSR0000SAE,2005,M03,113.0,
CUSR0000SAE,2005,M04,113.4,
CUSR0000SAE,2005,M05,113.4,
CUSR0000SAE,2005,M06,113.5,
CUSR0000SAE,2005,M07,113.7,
CUSR0000SAE,2005,M08,113.5,
CUSR0000SAE,2005,M09,114.4,
CUSR0000SAE,2005,M10,114.3,
CUSR0000SAE,2005,M11,114.8,
CUSR0000SAE,2005,M12,115.0,
CUSR0000SAE,2006,M01,115.5,
CUSR0000SAE,2006,M02,115.6,
CUSR0000SAE,2006,M03,115.8,
CUSR0000SAE,2006,M04,116.2,
CUSR0000SAE,2006,M05,116.3,
CUSR0000SAE,2006,M06,116.7,
CUSR0000SAE,2006,M07,117.1,
CUSR0000SAE,2006,M08,117.3,
CUSR0000SAE,2006,M09,117.5,
CUSR0000SAE,2006,M10,117.7,
CUSR0000SAE,2006,M11,117.6,
CUSR0000SAE,2006,M12,117.7,
CUSR0000SAE,2007,M01,117.631,
CUSR0000SAE,2007,M02,117.967,
CUSR0000SAE,2007,M03,118.470,
CUSR0000SAE,2007,M04,118.742,
CUSR0000SAE,2007,M05,119.407,
CUSR0000SAE,2007,M06,119.513,
CUSR0000SAE,2007,M07,119.777,
CUSR0000SAE,2007,M08,120.107,
CUSR0000SAE,2007,M09,120.384,
CUSR0000SAE,2007,M10,120.773,
CUSR0000SAE,2007,M11,120.867,
CUSR0000SAE,2007,M12,121.238,
CUSR0000SAE,2008,M01,121.592,
CUSR0000SAE,2008,M02,121.769,
CUSR0000SAE,2008,M03,122.059,
CUSR0000SAE,2008,M04,122.467,
CUSR0000SAE,2008,M05,122.922,
CUSR0000SAE,2008,M06,123.573,
CUSR0000SAE,2008,M07,124.132,
CUSR0000SAE,2008,M08,124.427,
CUSR0000SAE,2008,M09,124.671,
CUSR0000SAE,2008,M10,124.952,
CUSR0000SAE,2008,M11,125.287,
CUSR0000SAE,2008,M12,125.691,
CUSR0000SAE,2009,M01,125.995,
CUSR0000SAE,2009,M02,126.229,
CUSR0000SAE,2009,M03,126.433,
CUSR0000SAE,2009,M04,126.659,
CUSR0000SAE,2009,M05,127.030,
CUSR0000SAE,2009,M06,127.256,
CUSR0000SAE,2009,M07,127.574,
CUSR0000SAE,2009,M08,127.819,
CUSR0000SAE,2009,M09,128.204,
CUSR0000SAE,2009,M10,128.431,
CUSR0000SAE,2009,M11,128.429,
CUSR0000SAE,2009,M12,128.686,
CUSR0000SAE,2010,M01,128.956,
CUSR0000SAE,2010,M02,129.136,
CUSR0000SAE,2010,M03,129.439,
CUSR0000SAE,2010,M04,129.686,
CUSR0000SAE,2010,M05,129.776,
CUSR0000SAE,2010,M06,129.939,
CUSR0000SAE,2010,M07,130.112,
CUSR0000SAE,2010,M08,130.289,
CUSR0000SAE,2010,M09,130.408,
CUSR0000SAE,2010,M10,130.376,
CUSR0000SAE,2010,M11,130.548,
CUSR0000SAE,2010,M12,130.420,
CUSR0000SAE,2011,M01,130.584,
CUSR0000SAE,2011,M02,130.702,
CUSR0000SAE,2011,M03,130.805,
CUSR0000SAE,2011,M04,130.918,
CUSR0000SAE,2011,M05,131.063,
CUSR0000SAE,2011,M06,131.207,
CUSR0000SAE,2011,M07,131.308,
CUSR0000SAE,2011,M08,131.748,
CUSR0000SAE,2011,M09,131.925,
CUSR0000SAE,2011,M10,132.243,
CUSR0000SAE,2011,M11,132.446,
CUSR0000SAE,2011,M12,132.645,
CUSR0000SAE,2012,M01,133.062,
CUSR0000SAE,2012,M02,133.185,
CUSR0000SAE,2012,M03,133.289,
CUSR0000SAE,2012,M04,133.469,
CUSR0000SAE,2012,M05,133.849,
CUSR0000SAE,2012,M06,133.957,
CUSR0000SAE,2012,M07,133.954,
CUSR0000SAE,2012,M08,133.811,
CUSR0000SAE,2012,M09,134.060,
CUSR0000SAE,2012,M10,134.319,
CUSR0000SAE,2012,M11,134.489,
CUSR0000SAE,2012,M12,134.693,
CUSR0000SAE,2013,M01,135.177,
CUSR0000SAE,2013,M02,135.501,
CUSR0000SAE,2013,M03,135.670,
CUSR0000SAE,2013,M04,135.411,
CUSR0000SAE,2013,M05,135.563,
CUSR0000SAE,2013,M06,135.575,
CUSR0000SAE,2013,M07,135.745,
CUSR0000SAE,2013,M08,135.946,
CUSR0000SAE,2013,M09,136.203,
CUSR0000SAE,2013,M10,136.418,
CUSR0000SAE,2013,M11,136.578,
CUSR0000SAE,2013,M12,136.844,
CUSR0000SAE,2014,M01,136.997,
CUSR0000SAE,2014,M02,137.034,
CUSR0000SAE,2014,M03,137.161,
CUSR0000SAE,2014,M04,137.381,
CUSR0000SAE,2014,M05,137.529,
CUSR0000SAE,2014,M06,137.661,
CUSR0000SAE,2014,M07,137.893,
CUSR0000SAE,2014,M08,138.069,
CUSR0000SAE,2014,M09,138.038,
CUSR0000SAE,2014,M10,137.606,
CUSR0000SAE,2014,M11,137.437,
CUSR0000SAE,2014,M12,137.364,
CUSR0000SAE,2015,M01,137.608,
CUSR0000SAE,2015,M02,137.538,
CUSR0000SAE,2015,M03,137.644,
CUSR0000SAE,2015,M04,137.820,
CUSR0000SAE,2015,M05,137.692,
CUSR0000SAE,2015,M06,137.789,
CUSR0000SAE,2015,M07,138.002,
CUSR0000SAE,2015,M08,138.237,
CUSR0000SAE,2015,M09,138.681,
CUSR0000SAE,2015,M10,138.926,
CUSR0000SAE,2015,M11,139.235,
CUSR0000SAE,2015,M12,139.268,
CUSR0000SAE,2016,M01,139.445,
CUSR0000SAE,2016,M02,139.213,
CUSR0000SAE,2016,M03,139.392,
CUSR0000SAE,2016,M04,139.452,
CUSR0000SAE,2016,M05,139.255,
CUSR0000SAE,2016,M06,139.197,
CUSR0000SAE,2016,M07,139.160,
CUSR0000SAE,2016,M08,139.280,
CUSR0000SAE,2016,M09,138.817,
CUSR0000SAE,2016,M10,138.630,
CUSR0000SAE,2016,M11,138.813,
CUSR0000SAE,2016,M12,138.944,
CUSR0000SAE,2017,M01,139.017,
CUSR0000SAE,2017,M02,138.776,
CUSR0000SAE,2017,M03,136.392,
CUSR0000SAE,2017,M04,136.017,
CUSR0000SAE,2017,M05,135.886,
CUSR0000SAE,2017,M06,135.826,
CUSR0000SAE,2017,M07,135.692,
CUSR0000SAE,2017,M08,135.614,
CUSR0000SAE,2017,M09,135.777,
CUSR0000SAE,2017,M10,136.113,
CUSR0000SAE,2017,M11,136.449,
CUSR0000SAE,2017,M12,136.532,
CUSR0000SAE,2018,M01,136.594,
CUSR0000SAE,2018,M02,136.314,
CUSR0000SAE,2018,M03,136.190,
CUSR0000SAE,2018,M04,136.198,
CUSR0000SAE,2018,M05,136.585,
CUSR0000SAE,2018,M06,136.844,
CUSR0000SAE,2018,M07,137.070,
CUSR0000SAE,2018,M08,137.258,
CUSR0000SAE,2018,M09,137.483,
CUSR0000SAE,2018,M10,137.387,
CUSR0000SAE,2018,M11,136.708,
CUSR0000SAE,2018,M12,136.817,
CUSR0000SAE,2019,M01,137.024,
CUSR0000SAE,2019,M02,137.151,
CUSR0000SAE,2019,M03,137.233,
CUSR0000SAE,2019,M04,137.432,
CUSR0000SAE,2019,M05,137.500,
CUSR0000SAE,2019,M06,137.631,
CUSR0000SAE,2019,M07,137.880,
CUSR0000SAE,2019,M08,138.075,
CUSR0000SAE,2019,M09,138.026,
CUSR0000SAE,2019,M10,138.157,
CUSR0000SAE,2019,M11,138.669,
CUSR0000SAE,2019,M12,138.719,
CUSR0000SAE,2020,M01,139.118,
CUSR0000SAE,2020,M02,139.231,
CUSR0000SAE,2020,M03,139.348,
CUSR0000SAE,2020,M04,139.617,
CUSR0000SAE,2020,M05,139.634,
CUSR0000SAE,2020,M06,139.523,
CUSR0000SAE,2020,M07,141.049,
CUSR0000SAE,2020,M08,141.226,
CUSR0000SAE,2020,M09,140.960,
CUSR0000SAE,2020,M10,141.132,
CUSR0000SAE,2020,M11,141.316,
CUSR0000SAE,2020,M12,141.454,
CUSR0000SAE,2021,M01,141.557,
CUSR0000SAE,2021,M02,141.667,
CUSR0000SAE,2021,M03,141.435,
CUSR0000SAE,2021,M04,141.967,
CUSR0000SAE,2021,M05,142.268,
CUSR0000SAE,2021,M06,142.424,
CUSR0000SAE,2021,M07,142.634,
CUSR0000SAE,2021,M08,142.935,
CUSR0000SAE,2021,M09,143.393,
CUSR0000SAE,2021,M10,143.628,
CUSR0000SAE,2021,M11,143.659,
CUSR0000SAE,2021,M12,143.751,
CUSR0000SAE,2022,M01,143.895,
CUSR0000SAE,2022,M02,143.944,
CUSR0000SAE,2022,M03,143.681,
CUSR0000SAE,2022,M04,143.475,
CUSR0000SAE,2022,M05,143.404,
CUSR0000SAE,2022,M06,143.607,
CUSR0000SAE,2022,M07,143.342,
CUSR0000SAE,2022,M08,143.520,
CUSR0000SAE,2022,M09,143.590,
CUSR0000SAE,2022,M10,143.628,
CUSR0000SAE,2022,M11,144.664,
CUSR0000SAE,2022,M12,144.845,
CUSR0000SAE,2023,M01,145.351,
CUSR0000SAE,2023,M02,145.449,
CUSR0000SAE,2023,M03,145.692,
CUSR0000SAE,2023,M04,145.715,
CUSR0000SAE,2023,M05,145.514,
CUSR0000SAE,2023,M06,145.180,
CUSR0000SAE,2023,M07,145.072,
CUSR0000SAE,2023,M08,144.965,
CUSR0000SAE,2023,M09,145.092,
CUSR0000SAE,2023,M10,144.928,
CUSR0000SAE,2023,M11,144.590,
CUSR0000SAE,2023,M12,144.748,
CUSR0000SAE,2024,M01,145.388,
CUSR0000SAE,2024,M02,146.031,
CUSR0000SAE,2024,M03,146.053,
CUSR0000SAE,2024,M04,146.328,
CUSR0000SAE,2024,M05,146.303,
CUSR0000SAE,2024,M06,146.211,
CUSR0000SAE,2024,M07,146.363,
CUSR0000SAE,2024,M08,146.415,
CUSR0000SAE,2024,M09,146.374,
CUSR0000SAE,2024,M10,146.013,
CUSR0000SAE,2024,M11,145.606,
CUSR0000SAE,2024,M12,145.644,
CUSR0000SAE,2025,M01,146.105,
CUSR0000SAE,2025,M02,146.528,
CUSR0000SAE,2025,M03,146.865,
CUSR0000SAE,2025,M04,146.670,
CUSR0000SAE,2025,M05,146.776,
CUSR0000SAE,2025,M06,146.931,
CUSR0000SAE,2025,M07,146.897,
CUSR0000SAE,2025,M08,146.913,
CUSR0000SAE,2025,M09,146.905,
CUSR0000SAE,2025,M10,-,Data unavailable due to the 2025 lapse in appropriations
CUSR0000SAE,2025,M11,147.708,
CUSR0000SAE,2025,M12,146.339,
CUSR0000SAE,2026,M01,146.906,
CUSR0000SAE,2026,M02,146.610,
CUSR0000SAE,2026,M03,146.909,
CUSR0000SAE,2026,M04,146.902,
CUSR0000SAE,2026,M05,148.007,
CUSR0000SAE,2026,M06,146.844,
CUSR0000SAE,2026,M07,147.699,
CUSR0000SAF1,1997,M01,155.9,
CUSR0000SAF1,1997,M02,156.5,
CUSR0000SAF1,1997,M03,156.6,
CUSR0000SAF1,1997,M04,156.5,
CUSR0000SAF1,1997,M05,156.6,
CUSR0000SAF1,1997,M06,156.9,
CUSR0000SAF1,1997,M07,157.2,
CUSR0000SAF1,1997,M08,157.7,
CUSR0000SAF1,1997,M09,158.0,
CUSR0000SAF1,1997,M10,158.3,
CUSR0000SAF1,1997,M11,158.6,
CUSR0000SAF1,1997,M12,158.7,
CUSR0000SAF1,1998,M01,159.5,
CUSR0000SAF1,1998,M02,159.4,
CUSR0000SAF1,1998,M03,159.7,
CUSR0000SAF1,1998,M04,159.7,
CUSR0000SAF1,1998,M05,160.3,
CUSR0000SAF1,1998,M06,160.2,
CUSR0000SAF1,1998,M07,160.6,
CUSR0000SAF1,1998,M08,161.0,
CUSR0000SAF1,1998,M09,161.1,
CUSR0000SAF1,1998,M10,162.0,
CUSR0000SAF1,1998,M11,162.2,
CUSR0000SAF1,1998,M12,162.4,
CUSR0000SAF1,1999,M01,163.0,
CUSR0000SAF1,1999,M02,163.3,
CUSR0000SAF1,1999,M03,163.3,
CUSR0000SAF1,1999,M04,163.5,
CUSR0000SAF1,1999,M05,163.8,
CUSR0000SAF1,1999,M06,163.7,
CUSR0000SAF1,1999,M07,163.9,
CUSR0000SAF1,1999,M08,164.2,
CUSR0000SAF1,1999,M09,164.6,
CUSR0000SAF1,1999,M10,165.0,
CUSR0000SAF1,1999,M11,165.3,
CUSR0000SAF1,1999,M12,165.5,
CUSR0000SAF1,2000,M01,165.6,
CUSR0000SAF1,2000,M02,166.2,
CUSR0000SAF1,2000,M03,166.5,
CUSR0000SAF1,2000,M04,166.7,
CUSR0000SAF1,2000,M05,167.3,
CUSR0000SAF1,2000,M06,167.4,
CUSR0000SAF1,2000,M07,168.3,
CUSR0000SAF1,2000,M08,168.7,
CUSR0000SAF1,2000,M09,168.9,
CUSR0000SAF1,2000,M10,169.0,
CUSR0000SAF1,2000,M11,169.2,
CUSR0000SAF1,2000,M12,170.0,
CUSR0000SAF1,2001,M01,170.3,
CUSR0000SAF1,2001,M02,171.2,
CUSR0000SAF1,2001,M03,171.7,
CUSR0000SAF1,2001,M04,172.1,
CUSR0000SAF1,2001,M05,172.4,
CUSR0000SAF1,2001,M06,173.1,
CUSR0000SAF1,2001,M07,173.6,
CUSR0000SAF1,2001,M08,174.0,
CUSR0000SAF1,2001,M09,174.2,
CUSR0000SAF1,2001,M10,174.8,
CUSR0000SAF1,2001,M11,174.9,
CUSR0000SAF1,2001,M12,174.7,
CUSR0000SAF1,2002,M01,175.3,
CUSR0000SAF1,2002,M02,175.7,
CUSR0000SAF1,2002,M03,176.1,
CUSR0000SAF1,2002,M04,176.4,
CUSR0000SAF1,2002,M05,175.8,
CUSR0000SAF1,2002,M06,175.9,
CUSR0000SAF1,2002,M07,176.1,
CUSR0000SAF1,2002,M08,176.1,
CUSR0000SAF1,2002,M09,176.5,
CUSR0000SAF1,2002,M10,176.4,
CUSR0000SAF1,2002,M11,176.9,
CUSR0000SAF1,2002,M12,177.1,
CUSR0000SAF1,2003,M01,177.1,
CUSR0000SAF1,2003,M02,178.1,
CUSR0000SAF1,2003,M03,178.4,
CUSR0000SAF1,2003,M04,178.5,
CUSR0000SAF1,2003,M05,178.8,
CUSR0000SAF1,2003,M06,179.7,
CUSR0000SAF1,2003,M07,179.8,
CUSR0000SAF1,2003,M08,180.5,
CUSR0000SAF1,2003,M09,180.9,
CUSR0000SAF1,2003,M10,181.6,
CUSR0000SAF1,2003,M11,182.6,
CUSR0000SAF1,2003,M12,183.5,
CUSR0000SAF1,2004,M01,183.4,
CUSR0000SAF1,2004,M02,183.9,
CUSR0000SAF1,2004,M03,184.2,
CUSR0000SAF1,2004,M04,184.6,
CUSR0000SAF1,2004,M05,186.1,
CUSR0000SAF1,2004,M06,186.4,
CUSR0000SAF1,2004,M07,186.8,
CUSR0000SAF1,2004,M08,187.0,
CUSR0000SAF1,2004,M09,186.9,
CUSR0000SAF1,2004,M10,187.8,
CUSR0000SAF1,2004,M11,188.4,
CUSR0000SAF1,2004,M12,188.4,
CUSR0000SAF1,2005,M01,188.7,
CUSR0000SAF1,2005,M02,188.6,
CUSR0000SAF1,2005,M03,189.1,
CUSR0000SAF1,2005,M04,190.4,
CUSR0000SAF1,2005,M05,190.6,
CUSR0000SAF1,2005,M06,190.5,
CUSR0000SAF1,2005,M07,190.9,
CUSR0000SAF1,2005,M08,191.1,
CUSR0000SAF1,2005,M09,191.5,
CUSR0000SAF1,2005,M10,192.0,
CUSR0000SAF1,2005,M11,192.6,
CUSR0000SAF1,2005,M12,192.9,
CUSR0000SAF1,2006,M01,193.6,
CUSR0000SAF1,2006,M02,193.7,
CUSR0000SAF1,2006,M03,194.0,
CUSR0000SAF1,2006,M04,193.8,
CUSR0000SAF1,2006,M05,194.1,
CUSR0000SAF1,2006,M06,194.7,
CUSR0000SAF1,2006,M07,195.2,
CUSR0000SAF1,2006,M08,195.7,
CUSR0000SAF1,2006,M09,196.3,
CUSR0000SAF1,2006,M10,196.9,
CUSR0000SAF1,2006,M11,197.0,
CUSR0000SAF1,2006,M12,197.1,
CUSR0000SAF1,2007,M01,198.378,
CUSR0000SAF1,2007,M02,199.736,
CUSR0000SAF1,2007,M03,200.432,
CUSR0000SAF1,2007,M04,200.952,
CUSR0000SAF1,2007,M05,201.735,
CUSR0000SAF1,2007,M06,202.557,
CUSR0000SAF1,2007,M07,203.232,
CUSR0000SAF1,2007,M08,204.008,
CUSR0000SAF1,2007,M09,205.003,
CUSR0000SAF1,2007,M10,205.651,
CUSR0000SAF1,2007,M11,206.493,
CUSR0000SAF1,2007,M12,206.874,
CUSR0000SAF1,2008,M01,208.126,
CUSR0000SAF1,2008,M02,208.901,
CUSR0000SAF1,2008,M03,209.324,
CUSR0000SAF1,2008,M04,211.127,
CUSR0000SAF1,2008,M05,212.019,
CUSR0000SAF1,2008,M06,213.333,
CUSR0000SAF1,2008,M07,215.434,
CUSR0000SAF1,2008,M08,216.528,
CUSR0000SAF1,2008,M09,217.768,
CUSR0000SAF1,2008,M10,218.667,
CUSR0000SAF1,2008,M11,219.070,
CUSR0000SAF1,2008,M12,219.073,
CUSR0000SAF1,2009,M01,219.234,
CUSR0000SAF1,2009,M02,218.949,
CUSR0000SAF1,2009,M03,218.510,
CUSR0000SAF1,2009,M04,218.175,
CUSR0000SAF1,2009,M05,217.813,
CUSR0000SAF1,2009,M06,217.813,
CUSR0000SAF1,2009,M07,217.387,
CUSR0000SAF1,2009,M08,217.376,
CUSR0000SAF1,2009,M09,217.258,
CUSR0000SAF1,2009,M10,217.452,
CUSR0000SAF1,2009,M11,217.581,
CUSR0000SAF1,2009,M12,217.904,
CUSR0000SAF1,2010,M01,218.489,
CUSR0000SAF1,2010,M02,218.552,
CUSR0000SAF1,2010,M03,218.990,
CUSR0000SAF1,2010,M04,219.209,
CUSR0000SAF1,2010,M05,219.331,
CUSR0000SAF1,2010,M06,219.285,
CUSR0000SAF1,2010,M07,219.234,
CUSR0000SAF1,2010,M08,219.480,
CUSR0000SAF1,2010,M09,220.219,
CUSR0000SAF1,2010,M10,220.521,
CUSR0000SAF1,2010,M11,220.946,
CUSR0000SAF1,2010,M12,221.215,
CUSR0000SAF1,2011,M01,222.469,
CUSR0000SAF1,2011,M02,223.504,
CUSR0000SAF1,2011,M03,225.213,
CUSR0000SAF1,2011,M04,226.072,
CUSR0000SAF1,2011,M05,226.940,
CUSR0000SAF1,2011,M06,227.515,
CUSR0000SAF1,2011,M07,228.482,
CUSR0000SAF1,2011,M08,229.634,
CUSR0000SAF1,2011,M09,230.682,
CUSR0000SAF1,2011,M10,230.899,
CUSR0000SAF1,2011,M11,231.118,
CUSR0000SAF1,2011,M12,231.557,
CUSR0000SAF1,2012,M01,232.213,
CUSR0000SAF1,2012,M02,232.140,
CUSR0000SAF1,2012,M03,232.591,
CUSR0000SAF1,2012,M04,233.044,
CUSR0000SAF1,2012,M05,233.219,
CUSR0000SAF1,2012,M06,233.683,
CUSR0000SAF1,2012,M07,233.845,
CUSR0000SAF1,2012,M08,234.244,
CUSR0000SAF1,2012,M09,234.404,
CUSR0000SAF1,2012,M10,234.843,
CUSR0000SAF1,2012,M11,235.253,
CUSR0000SAF1,2012,M12,235.677,
CUSR0000SAF1,2013,M01,236.011,
CUSR0000SAF1,2013,M02,235.992,
CUSR0000SAF1,2013,M03,236.213,
CUSR0000SAF1,2013,M04,236.655,
CUSR0000SAF1,2013,M05,236.454,
CUSR0000SAF1,2013,M06,236.980,
CUSR0000SAF1,2013,M07,237.184,
CUSR0000SAF1,2013,M08,237.451,
CUSR0000SAF1,2013,M09,237.519,
CUSR0000SAF1,2013,M10,237.750,
CUSR0000SAF1,2013,M11,237.947,
CUSR0000SAF1,2013,M12,238.182,
CUSR0000SAF1,2014,M01,238.492,
CUSR0000SAF1,2014,M02,239.408,
CUSR0000SAF1,2014,M03,240.447,
CUSR0000SAF1,2014,M04,241.241,
CUSR0000SAF1,2014,M05,242.408,
CUSR0000SAF1,2014,M06,242.646,
CUSR0000SAF1,2014,M07,243.235,
CUSR0000SAF1,2014,M08,243.792,
CUSR0000SAF1,2014,M09,244.480,
CUSR0000SAF1,2014,M10,244.866,
CUSR0000SAF1,2014,M11,245.394,
CUSR0000SAF1,2014,M12,246.237,
CUSR0000SAF1,2015,M01,246.197,
CUSR0000SAF1,2015,M02,246.495,
CUSR0000SAF1,2015,M03,246.072,
CUSR0000SAF1,2015,M04,246.002,
CUSR0000SAF1,2015,M05,246.239,
CUSR0000SAF1,2015,M06,246.937,
CUSR0000SAF1,2015,M07,247.157,
CUSR0000SAF1,2015,M08,247.742,
CUSR0000SAF1,2015,M09,248.492,
CUSR0000SAF1,2015,M10,248.755,
CUSR0000SAF1,2015,M11,248.525,
CUSR0000SAF1,2015,M12,248.206,
CUSR0000SAF1,2016,M01,248.353,
CUSR0000SAF1,2016,M02,248.606,
CUSR0000SAF1,2016,M03,248.029,
CUSR0000SAF1,2016,M04,248.235,
CUSR0000SAF1,2016,M05,247.856,
CUSR0000SAF1,2016,M06,247.683,
CUSR0000SAF1,2016,M07,247.658,
CUSR0000SAF1,2016,M08,247.746,
CUSR0000SAF1,2016,M09,247.772,
CUSR0000SAF1,2016,M10,247.812,
CUSR0000SAF1,2016,M11,247.741,
CUSR0000SAF1,2016,M12,247.725,
CUSR0000SAF1,2017,M01,248.065,
CUSR0000SAF1,2017,M02,248.735,
CUSR0000SAF1,2017,M03,249.244,
CUSR0000SAF1,2017,M04,249.589,
CUSR0000SAF1,2017,M05,249.972,
CUSR0000SAF1,2017,M06,249.770,
CUSR0000SAF1,2017,M07,250.185,
CUSR0000SAF1,2017,M08,250.469,
CUSR0000SAF1,2017,M09,250.826,
CUSR0000SAF1,2017,M10,251.048,
CUSR0000SAF1,2017,M11,251.195,
CUSR0000SAF1,2017,M12,251.716,
CUSR0000SAF1,2018,M01,252.377,
CUSR0000SAF1,2018,M02,252.264,
CUSR0000SAF1,2018,M03,252.365,
CUSR0000SAF1,2018,M04,252.867,
CUSR0000SAF1,2018,M05,252.864,
CUSR0000SAF1,2018,M06,253.167,
CUSR0000SAF1,2018,M07,253.598,
CUSR0000SAF1,2018,M08,253.949,
CUSR0000SAF1,2018,M09,254.302,
CUSR0000SAF1,2018,M10,254.170,
CUSR0000SAF1,2018,M11,254.887,
CUSR0000SAF1,2018,M12,255.877,
CUSR0000SAF1,2019,M01,256.533,
CUSR0000SAF1,2019,M02,257.253,
CUSR0000SAF1,2019,M03,257.681,
CUSR0000SAF1,2019,M04,257.325,
CUSR0000SAF1,2019,M05,257.818,
CUSR0000SAF1,2019,M06,257.952,
CUSR0000SAF1,2019,M07,258.059,
CUSR0000SAF1,2019,M08,258.288,
CUSR0000SAF1,2019,M09,258.865,
CUSR0000SAF1,2019,M10,259.434,
CUSR0000SAF1,2019,M11,260.048,
CUSR0000SAF1,2019,M12,260.483,
CUSR0000SAF1,2020,M01,261.293,
CUSR0000SAF1,2020,M02,261.962,
CUSR0000SAF1,2020,M03,262.622,
CUSR0000SAF1,2020,M04,266.370,
CUSR0000SAF1,2020,M05,268.086,
CUSR0000SAF1,2020,M06,269.553,
CUSR0000SAF1,2020,M07,268.532,
CUSR0000SAF1,2020,M08,268.957,
CUSR0000SAF1,2020,M09,269.043,
CUSR0000SAF1,2020,M10,269.653,
CUSR0000SAF1,2020,M11,269.636,
CUSR0000SAF1,2020,M12,270.781,
CUSR0000SAF1,2021,M01,271.195,
CUSR0000SAF1,2021,M02,271.425,
CUSR0000SAF1,2021,M03,271.636,
CUSR0000SAF1,2021,M04,272.715,
CUSR0000SAF1,2021,M05,273.932,
CUSR0000SAF1,2021,M06,275.997,
CUSR0000SAF1,2021,M07,277.813,
CUSR0000SAF1,2021,M08,279.010,
CUSR0000SAF1,2021,M09,281.366,
CUSR0000SAF1,2021,M10,283.972,
CUSR0000SAF1,2021,M11,286.151,
CUSR0000SAF1,2021,M12,287.812,
CUSR0000SAF1,2022,M01,290.077,
CUSR0000SAF1,2022,M02,292.899,
CUSR0000SAF1,2022,M03,295.546,
CUSR0000SAF1,2022,M04,298.339,
CUSR0000SAF1,2022,M05,301.755,
CUSR0000SAF1,2022,M06,304.834,
CUSR0000SAF1,2022,M07,308.193,
CUSR0000SAF1,2022,M08,310.794,
CUSR0000SAF1,2022,M09,312.901,
CUSR0000SAF1,2022,M10,315.038,
CUSR0000SAF1,2022,M11,316.620,
CUSR0000SAF1,2022,M12,317.813,
CUSR0000SAF1,2023,M01,319.300,
CUSR0000SAF1,2023,M02,320.543,
CUSR0000SAF1,2023,M03,320.554,
CUSR0000SAF1,2023,M04,321.213,
CUSR0000SAF1,2023,M05,322.009,
CUSR0000SAF1,2023,M06,322.365,
CUSR0000SAF1,2023,M07,323.201,
CUSR0000SAF1,2023,M08,324.042,
CUSR0000SAF1,2023,M09,324.379,
CUSR0000SAF1,2023,M10,325.442,
CUSR0000SAF1,2023,M11,325.930,
CUSR0000SAF1,2023,M12,326.434,
CUSR0000SAF1,2024,M01,327.424,
CUSR0000SAF1,2024,M02,327.707,
CUSR0000SAF1,2024,M03,327.774,
CUSR0000SAF1,2024,M04,328.449,
CUSR0000SAF1,2024,M05,328.949,
CUSR0000SAF1,2024,M06,329.600,
CUSR0000SAF1,2024,M07,330.329,
CUSR0000SAF1,2024,M08,330.748,
CUSR0000SAF1,2024,M09,331.753,
CUSR0000SAF1,2024,M10,332.463,
CUSR0000SAF1,2024,M11,333.629,
CUSR0000SAF1,2024,M12,334.464,
CUSR0000SAF1,2025,M01,335.441,
CUSR0000SAF1,2025,M02,336.065,
CUSR0000SAF1,2025,M03,337.331,
CUSR0000SAF1,2025,M04,337.493,
CUSR0000SAF1,2025,M05,338.474,
CUSR0000SAF1,2025,M06,339.468,
CUSR0000SAF1,2025,M07,339.891,
CUSR0000SAF1,2025,M08,341.320,
CUSR0000SAF1,2025,M09,342.086,
CUSR0000SAF1,2025,M10,-,Data unavailable due to the 2025 lapse in appropriations
CUSR0000SAF1,2025,M11,342.386,
CUSR0000SAF1,2025,M12,344.632,
CUSR0000SAF1,2026,M01,345.271,
CUSR0000SAF1,2026,M02,346.622,
CUSR0000SAF1,2026,M03,346.603,
CUSR0000SAF1,2026,M04,348.349,
CUSR0000SAF1,2026,M05,348.892,
CUSR0000SAF1,2026,M06,349.609,
CUSR0000SAF1,2026,M07,349.881,
CUSR0000SAF11,1997,M01,156.9,
CUSR0000SAF11,1997,M02,157.7,
CUSR0000SAF11,1997,M03,157.6,
CUSR0000SAF11,1997,M04,157.3,
CUSR0000SAF11,1997,M05,157.5,
CUSR0000SAF11,1997,M06,157.7,
CUSR0000SAF11,1997,M07,157.9,
CUSR0000SAF11,1997,M08,158.6,
CUSR0000SAF11,1997,M09,158.8,
CUSR0000SAF11,1997,M10,159.0,
CUSR0000SAF11,1997,M11,159.3,
CUSR0000SAF11,1997,M12,159.3,
CUSR0000SAF11,1998,M01,160.3,
CUSR0000SAF11,1998,M02,160.0,
CUSR0000SAF11,1998,M03,160.2,
CUSR0000SAF11,1998,M04,160.2,
CUSR0000SAF11,1998,M05,160.8,
CUSR0000SAF11,1998,M06,160.5,
CUSR0000SAF11,1998,M07,160.9,
CUSR0000SAF11,1998,M08,161.4,
CUSR0000SAF11,1998,M09,161.2,
CUSR0000SAF11,1998,M10,162.5,
CUSR0000SAF11,1998,M11,162.7,
CUSR0000SAF11,1998,M12,162.8,
CUSR0000SAF11,1999,M01,163.4,
CUSR0000SAF11,1999,M02,163.8,
CUSR0000SAF11,1999,M03,163.4,
CUSR0000SAF11,1999,M04,163.6,
CUSR0000SAF11,1999,M05,164.0,
CUSR0000SAF11,1999,M06,163.9,
CUSR0000SAF11,1999,M07,163.9,
CUSR0000SAF11,1999,M08,164.1,
CUSR0000SAF11,1999,M09,164.7,
CUSR0000SAF11,1999,M10,165.1,
CUSR0000SAF11,1999,M11,165.4,
CUSR0000SAF11,1999,M12,165.5,
CUSR0000SAF11,2000,M01,165.3,
CUSR0000SAF11,2000,M02,166.1,
CUSR0000SAF11,2000,M03,166.4,
CUSR0000SAF11,2000,M04,166.6,
CUSR0000SAF11,2000,M05,167.4,
CUSR0000SAF11,2000,M06,167.5,
CUSR0000SAF11,2000,M07,168.5,
CUSR0000SAF11,2000,M08,169.0,
CUSR0000SAF11,2000,M09,169.1,
CUSR0000SAF11,2000,M10,169.0,
CUSR0000SAF11,2000,M11,169.2,
CUSR0000SAF11,2000,M12,170.2,
CUSR0000SAF11,2001,M01,170.4,
CUSR0000SAF11,2001,M02,171.6,
CUSR0000SAF11,2001,M03,172.1,
CUSR0000SAF11,2001,M04,172.5,
CUSR0000SAF11,2001,M05,172.8,
CUSR0000SAF11,2001,M06,173.5,
CUSR0000SAF11,2001,M07,174.0,
CUSR0000SAF11,2001,M08,174.4,
CUSR0000SAF11,2001,M09,174.4,
CUSR0000SAF11,2001,M10,175.1,
CUSR0000SAF11,2001,M11,175.1,
CUSR0000SAF11,2001,M12,174.7,
CUSR0000SAF11,2002,M01,175.4,
CUSR0000SAF11,2002,M02,175.7,
CUSR0000SAF11,2002,M03,176.2,
CUSR0000SAF11,2002,M04,176.7,
CUSR0000SAF11,2002,M05,175.5,
CUSR0000SAF11,2002,M06,175.2,
CUSR0000SAF11,2002,M07,175.3,
CUSR0000SAF11,2002,M08,175.1,
CUSR0000SAF11,2002,M09,175.4,
CUSR0000SAF11,2002,M10,175.0,
CUSR0000SAF11,2002,M11,175.7,
CUSR0000SAF11,2002,M12,175.9,
CUSR0000SAF11,2003,M01,176.0,
CUSR0000SAF11,2003,M02,177.2,
CUSR0000SAF11,2003,M03,177.5,
CUSR0000SAF11,2003,M04,177.6,
CUSR0000SAF11,2003,M05,177.9,
CUSR0000SAF11,2003,M06,179.2,
CUSR0000SAF11,2003,M07,179.0,
CUSR0000SAF11,2003,M08,180.0,
CUSR0000SAF11,2003,M09,180.5,
CUSR0000SAF11,2003,M10,181.4,
CUSR0000SAF11,2003,M11,182.7,
CUSR0000SAF11,2003,M12,183.9,
CUSR0000SAF11,2004,M01,183.3,
CUSR0000SAF11,2004,M02,183.7,
CUSR0000SAF11,2004,M03,184.1,
CUSR0000SAF11,2004,M04,184.3,
CUSR0000SAF11,2004,M05,186.6,
CUSR0000SAF11,2004,M06,187.0,
CUSR0000SAF11,2004,M07,187.2,
CUSR0000SAF11,2004,M08,187.0,
CUSR0000SAF11,2004,M09,186.4,
CUSR0000SAF11,2004,M10,187.7,
CUSR0000SAF11,2004,M11,188.6,
CUSR0000SAF11,2004,M12,188.4,
CUSR0000SAF11,2005,M01,188.1,
CUSR0000SAF11,2005,M02,187.7,
CUSR0000SAF11,2005,M03,188.1,
CUSR0000SAF11,2005,M04,190.0,
CUSR0000SAF11,2005,M05,190.2,
CUSR0000SAF11,2005,M06,189.6,
CUSR0000SAF11,2005,M07,190.0,
CUSR0000SAF11,2005,M08,189.8,
CUSR0000SAF11,2005,M09,190.2,
CUSR0000SAF11,2005,M10,190.6,
CUSR0000SAF11,2005,M11,191.4,
CUSR0000SAF11,2005,M12,191.7,
CUSR0000SAF11,2006,M01,192.5,
CUSR0000SAF11,2006,M02,192.2,
CUSR0000SAF11,2006,M03,192.3,
CUSR0000SAF11,2006,M04,191.8,
CUSR0000SAF11,2006,M05,191.8,
CUSR0000SAF11,2006,M06,192.4,
CUSR0000SAF11,2006,M07,192.8,
CUSR0000SAF11,2006,M08,193.4,
CUSR0000SAF11,2006,M09,194.3,
CUSR0000SAF11,2006,M10,194.8,
CUSR0000SAF11,2006,M11,194.6,
CUSR0000SAF11,2006,M12,194.4,
CUSR0000SAF11,2007,M01,195.918,
CUSR0000SAF11,2007,M02,197.735,
CUSR0000SAF11,2007,M03,198.816,
CUSR0000SAF11,2007,M04,199.250,
CUSR0000SAF11,2007,M05,200.237,
CUSR0000SAF11,2007,M06,201.151,
CUSR0000SAF11,2007,M07,201.596,
CUSR0000SAF11,2007,M08,202.338,
CUSR0000SAF11,2007,M09,203.300,
CUSR0000SAF11,2007,M10,204.081,
CUSR0000SAF11,2007,M11,205.119,
CUSR0000SAF11,2007,M12,205.503,
CUSR0000SAF11,2008,M01,207.100,
CUSR0000SAF11,2008,M02,207.854,
CUSR0000SAF11,2008,M03,208.093,
CUSR0000SAF11,2008,M04,210.897,
CUSR0000SAF11,2008,M05,211.800,
CUSR0000SAF11,2008,M06,213.331,
CUSR0000SAF11,2008,M07,216.028,
CUSR0000SAF11,2008,M08,217.449,
CUSR0000SAF11,2008,M09,218.757,
CUSR0000SAF11,2008,M10,219.532,
CUSR0000SAF11,2008,M11,219.662,
CUSR0000SAF11,2008,M12,219.163,
CUSR0000SAF11,2009,M01,218.953,
CUSR0000SAF11,2009,M02,217.930,
CUSR0000SAF11,2009,M03,216.949,
CUSR0000SAF11,2009,M04,215.807,
CUSR0000SAF11,2009,M05,215.064,
CUSR0000SAF11,2009,M06,214.953,
CUSR0000SAF11,2009,M07,214.047,
CUSR0000SAF11,2009,M08,213.769,
CUSR0000SAF11,2009,M09,213.299,
CUSR0000SAF11,2009,M10,213.472,
CUSR0000SAF11,2009,M11,213.383,
CUSR0000SAF11,2009,M12,213.839,
CUSR0000SAF11,2010,M01,214.738,
CUSR0000SAF11,2010,M02,214.728,
CUSR0000SAF11,2010,M03,215.550,
CUSR0000SAF11,2010,M04,215.721,
CUSR0000SAF11,2010,M05,215.717,
CUSR0000SAF11,2010,M06,215.476,
CUSR0000SAF11,2010,M07,215.451,
CUSR0000SAF11,2010,M08,215.361,
CUSR0000SAF11,2010,M09,216.166,
CUSR0000SAF11,2010,M10,216.534,
CUSR0000SAF11,2010,M11,217.105,
CUSR0000SAF11,2010,M12,217.419,
CUSR0000SAF11,2011,M01,219.251,
CUSR0000SAF11,2011,M02,220.732,
CUSR0000SAF11,2011,M03,223.193,
CUSR0000SAF11,2011,M04,224.098,
CUSR0000SAF11,2011,M05,225.295,
CUSR0000SAF11,2011,M06,225.857,
CUSR0000SAF11,2011,M07,227.178,
CUSR0000SAF11,2011,M08,228.492,
CUSR0000SAF11,2011,M09,229.927,
CUSR0000SAF11,2011,M10,229.992,
CUSR0000SAF11,2011,M11,229.947,
CUSR0000SAF11,2011,M12,230.424,
CUSR0000SAF11,2012,M01,230.948,
CUSR0000SAF11,2012,M02,230.612,
CUSR0000SAF11,2012,M03,231.051,
CUSR0000SAF11,2012,M04,231.397,
CUSR0000SAF11,2012,M05,231.320,
CUSR0000SAF11,2012,M06,231.713,
CUSR0000SAF11,2012,M07,231.658,
CUSR0000SAF11,2012,M08,231.853,
CUSR0000SAF11,2012,M09,231.789,
CUSR0000SAF11,2012,M10,232.398,
CUSR0000SAF11,2012,M11,232.883,
CUSR0000SAF11,2012,M12,233.374,
CUSR0000SAF11,2013,M01,233.696,
CUSR0000SAF11,2013,M02,233.526,
CUSR0000SAF11,2013,M03,233.580,
CUSR0000SAF11,2013,M04,233.776,
CUSR0000SAF11,2013,M05,233.184,
CUSR0000SAF11,2013,M06,233.809,
CUSR0000SAF11,2013,M07,233.893,
CUSR0000SAF11,2013,M08,234.073,
CUSR0000SAF11,2013,M09,234.040,
CUSR0000SAF11,2013,M10,234.219,
CUSR0000SAF11,2013,M11,234.144,
CUSR0000SAF11,2013,M12,234.318,
CUSR0000SAF11,2014,M01,234.722,
CUSR0000SAF11,2014,M02,235.781,
CUSR0000SAF11,2014,M03,237.055,
CUSR0000SAF11,2014,M04,237.942,
CUSR0000SAF11,2014,M05,239.611,
CUSR0000SAF11,2014,M06,239.682,
CUSR0000SAF11,2014,M07,240.154,
CUSR0000SAF11,2014,M08,240.692,
CUSR0000SAF11,2014,M09,241.328,
CUSR0000SAF11,2014,M10,241.620,
CUSR0000SAF11,2014,M11,241.912,
CUSR0000SAF11,2014,M12,242.893,
CUSR0000SAF11,2015,M01,242.553,
CUSR0000SAF11,2015,M02,242.598,
CUSR0000SAF11,2015,M03,241.633,
CUSR0000SAF11,2015,M04,241.106,
CUSR0000SAF11,2015,M05,241.107,
CUSR0000SAF11,2015,M06,241.922,
CUSR0000SAF11,2015,M07,242.250,
CUSR0000SAF11,2015,M08,242.864,
CUSR0000SAF11,2015,M09,243.198,
CUSR0000SAF11,2015,M10,243.284,
CUSR0000SAF11,2015,M11,242.606,
CUSR0000SAF11,2015,M12,241.880,
CUSR0000SAF11,2016,M01,241.558,
CUSR0000SAF11,2016,M02,241.741,
CUSR0000SAF11,2016,M03,240.414,
CUSR0000SAF11,2016,M04,240.341,
CUSR0000SAF11,2016,M05,239.348,
CUSR0000SAF11,2016,M06,238.763,
CUSR0000SAF11,2016,M07,238.380,
CUSR0000SAF11,2016,M08,238.133,
CUSR0000SAF11,2016,M09,237.880,
CUSR0000SAF11,2016,M10,237.714,
CUSR0000SAF11,2016,M11,237.438,
CUSR0000SAF11,2016,M12,237.147,
CUSR0000SAF11,2017,M01,237.072,
CUSR0000SAF11,2017,M02,237.824,
CUSR0000SAF11,2017,M03,238.387,
CUSR0000SAF11,2017,M04,238.568,
CUSR0000SAF11,2017,M05,238.893,
CUSR0000SAF11,2017,M06,238.494,
CUSR0000SAF11,2017,M07,238.904,
CUSR0000SAF11,2017,M08,238.804,
CUSR0000SAF11,2017,M09,238.852,
CUSR0000SAF11,2017,M10,239.020,
CUSR0000SAF11,2017,M11,238.940,
CUSR0000SAF11,2017,M12,239.371,
CUSR0000SAF11,2018,M01,239.854,
CUSR0000SAF11,2018,M02,239.187,
CUSR0000SAF11,2018,M03,239.149,
CUSR0000SAF11,2018,M04,239.541,
CUSR0000SAF11,2018,M05,238.884,
CUSR0000SAF11,2018,M06,239.048,
CUSR0000SAF11,2018,M07,239.565,
CUSR0000SAF11,2018,M08,239.795,
CUSR0000SAF11,2018,M09,239.967,
CUSR0000SAF11,2018,M10,239.558,
CUSR0000SAF11,2018,M11,240.227,
CUSR0000SAF11,2018,M12,241.137,
CUSR0000SAF11,2019,M01,241.581,
CUSR0000SAF11,2019,M02,242.111,
CUSR0000SAF11,2019,M03,242.482,
CUSR0000SAF11,2019,M04,241.219,
CUSR0000SAF11,2019,M05,241.642,
CUSR0000SAF11,2019,M06,241.214,
CUSR0000SAF11,2019,M07,240.988,
CUSR0000SAF11,2019,M08,240.943,
CUSR0000SAF11,2019,M09,241.409,
CUSR0000SAF11,2019,M10,241.999,
CUSR0000SAF11,2019,M11,242.726,
CUSR0000SAF11,2019,M12,242.887,
CUSR0000SAF11,2020,M01,243.511,
CUSR0000SAF11,2020,M02,244.200,
CUSR0000SAF11,2020,M03,245.017,
CUSR0000SAF11,2020,M04,251.063,
CUSR0000SAF11,2020,M05,253.230,
CUSR0000SAF11,2020,M06,254.674,
CUSR0000SAF11,2020,M07,252.003,
CUSR0000SAF11,2020,M08,252.148,
CUSR0000SAF11,2020,M09,251.166,
CUSR0000SAF11,2020,M10,251.641,
CUSR0000SAF11,2020,M11,251.365,
CUSR0000SAF11,2020,M12,252.536,
CUSR0000SAF11,2021,M01,252.541,
CUSR0000SAF11,2021,M02,252.822,
CUSR0000SAF11,2021,M03,252.933,
CUSR0000SAF11,2021,M04,254.125,
CUSR0000SAF11,2021,M05,255.043,
CUSR0000SAF11,2021,M06,257.058,
CUSR0000SAF11,2021,M07,258.491,
CUSR0000SAF11,2021,M08,259.613,
CUSR0000SAF11,2021,M09,262.459,
CUSR0000SAF11,2021,M10,265.084,
CUSR0000SAF11,2021,M11,267.473,
CUSR0000SAF11,2021,M12,268.985,
CUSR0000SAF11,2022,M01,271.176,
CUSR0000SAF11,2022,M02,274.728,
CUSR0000SAF11,2022,M03,278.333,
CUSR0000SAF11,2022,M04,281.593,
CUSR0000SAF11,2022,M05,285.522,
CUSR0000SAF11,2022,M06,288.568,
CUSR0000SAF11,2022,M07,292.455,
CUSR0000SAF11,2022,M08,294.884,
CUSR0000SAF11,2022,M09,296.403,
CUSR0000SAF11,2022,M10,297.966,
CUSR0000SAF11,2022,M11,299.449,
CUSR0000SAF11,2022,M12,300.576,
CUSR0000SAF11,2023,M01,301.676,
CUSR0000SAF11,2023,M02,302.444,
CUSR0000SAF11,2023,M03,301.467,
CUSR0000SAF11,2023,M04,301.811,
CUSR0000SAF11,2023,M05,302.184,
CUSR0000SAF11,2023,M06,302.057,
CUSR0000SAF11,2023,M07,302.984,
CUSR0000SAF11,2023,M08,303.631,
CUSR0000SAF11,2023,M09,303.449,
CUSR0000SAF11,2023,M10,304.366,
CUSR0000SAF11,2023,M11,304.332,
CUSR0000SAF11,2023,M12,304.505,
CUSR0000SAF11,2024,M01,305.187,
CUSR0000SAF11,2024,M02,305.432,
CUSR0000SAF11,2024,M03,305.010,
CUSR0000SAF11,2024,M04,305.354,
CUSR0000SAF11,2024,M05,305.414,
CUSR0000SAF11,2024,M06,305.582,
CUSR0000SAF11,2024,M07,306.285,
CUSR0000SAF11,2024,M08,306.399,
CUSR0000SAF11,2024,M09,307.258,
CUSR0000SAF11,2024,M10,307.867,
CUSR0000SAF11,2024,M11,309.093,
CUSR0000SAF11,2024,M12,309.767,
CUSR0000SAF11,2025,M01,310.817,
CUSR0000SAF11,2025,M02,310.955,
CUSR0000SAF11,2025,M03,312.154,
CUSR0000SAF11,2025,M04,311.440,
CUSR0000SAF11,2025,M05,312.296,
CUSR0000SAF11,2025,M06,312.982,
CUSR0000SAF11,2025,M07,313.035,
CUSR0000SAF11,2025,M08,314.647,
CUSR0000SAF11,2025,M09,315.540,
CUSR0000SAF11,2025,M10,-,Data unavailable due to the 2025 lapse in appropriations
CUSR0000SAF11,2025,M11,315.000,
CUSR0000SAF11,2025,M12,316.982,
CUSR0000SAF11,2026,M01,317.589,
CUSR0000SAF11,2026,M02,318.985,
CUSR0000SAF11,2026,M03,318.462,
CUSR0000SAF11,2026,M04,320.633,
CUSR0000SAF11,2026,M05,320.836,
CUSR0000SAF11,2026,M06,321.446,
CUSR0000SAF11,2026,M07,321.216,
CUSR0000SAF116,1997,M01,161.2,
CUSR0000SAF116,1997,M02,161.6,
CUSR0000SAF116,1997,M03,161.8,
CUSR0000SAF116,1997,M04,162.1,
CUSR0000SAF116,1997,M05,162.5,
CUSR0000SAF116,1997,M06,162.6,
CUSR0000SAF116,1997,M07,163.1,
CUSR0000SAF116,1997,M08,163.4,
CUSR0000SAF116,1997,M09,163.6,
CUSR0000SAF116,1997,M10,163.8,
CUSR0000SAF116,1997,M11,163.9,
CUSR0000SAF116,1997,M12,164.2,
CUSR0000SAF116,1998,M01,164.6,
CUSR0000SAF116,1998,M02,164.7,
CUSR0000SAF116,1998,M03,164.9,
CUSR0000SAF116,1998,M04,165.1,
CUSR0000SAF116,1998,M05,165.0,
CUSR0000SAF116,1998,M06,165.5,
CUSR0000SAF116,1998,M07,165.7,
CUSR0000SAF116,1998,M08,165.8,
CUSR0000SAF116,1998,M09,166.4,
CUSR0000SAF116,1998,M10,166.7,
CUSR0000SAF116,1998,M11,167.0,
CUSR0000SAF116,1998,M12,167.4,
CUSR0000SAF116,1999,M01,167.6,
CUSR0000SAF116,1999,M02,168.6,
CUSR0000SAF116,1999,M03,168.4,
CUSR0000SAF116,1999,M04,168.8,
CUSR0000SAF116,1999,M05,169.3,
CUSR0000SAF116,1999,M06,169.5,
CUSR0000SAF116,1999,M07,169.9,
CUSR0000SAF116,1999,M08,170.2,
CUSR0000SAF116,1999,M09,170.7,
CUSR0000SAF116,1999,M10,170.5,
CUSR0000SAF116,1999,M11,171.2,
CUSR0000SAF116,1999,M12,171.8,
CUSR0000SAF116,2000,M01,172.4,
CUSR0000SAF116,2000,M02,173.0,
CUSR0000SAF116,2000,M03,173.5,
CUSR0000SAF116,2000,M04,173.6,
CUSR0000SAF116,2000,M05,173.8,
CUSR0000SAF116,2000,M06,174.4,
CUSR0000SAF116,2000,M07,175.2,
CUSR0000SAF116,2000,M08,175.6,
CUSR0000SAF116,2000,M09,175.5,
CUSR0000SAF116,2000,M10,175.9,
CUSR0000SAF116,2000,M11,176.4,
CUSR0000SAF116,2000,M12,176.5,
CUSR0000SAF116,2001,M01,177.2,
CUSR0000SAF116,2001,M02,177.7,
CUSR0000SAF116,2001,M03,177.8,
CUSR0000SAF116,2001,M04,178.1,
CUSR0000SAF116,2001,M05,178.5,
CUSR0000SAF116,2001,M06,179.1,
CUSR0000SAF116,2001,M07,179.7,
CUSR0000SAF116,2001,M08,180.0,
CUSR0000SAF116,2001,M09,180.4,
CUSR0000SAF116,2001,M10,180.8,
CUSR0000SAF116,2001,M11,181.2,
CUSR0000SAF116,2001,M12,180.9,
CUSR0000SAF116,2002,M01,181.8,
CUSR0000SAF116,2002,M02,182.6,
CUSR0000SAF116,2002,M03,182.5,
CUSR0000SAF116,2002,M04,182.9,
CUSR0000SAF116,2002,M05,183.3,
CUSR0000SAF116,2002,M06,183.5,
CUSR0000SAF116,2002,M07,183.8,
CUSR0000SAF116,2002,M08,184.2,
CUSR0000SAF116,2002,M09,183.9,
CUSR0000SAF116,2002,M10,184.7,
CUSR0000SAF116,2002,M11,185.1,
CUSR0000SAF116,2002,M12,184.9,
CUSR0000SAF116,2003,M01,185.8,
CUSR0000SAF116,2003,M02,185.8,
CUSR0000SAF116,2003,M03,186.3,
CUSR0000SAF116,2003,M04,186.3,
CUSR0000SAF116,2003,M05,186.6,
CUSR0000SAF116,2003,M06,186.9,
CUSR0000SAF116,2003,M07,187.2,
CUSR0000SAF116,2003,M08,187.2,
CUSR0000SAF116,2003,M09,187.8,
CUSR0000SAF116,2003,M10,188.2,
CUSR0000SAF116,2003,M11,188.7,
CUSR0000SAF116,2003,M12,189.3,
CUSR0000SAF116,2004,M01,189.6,
CUSR0000SAF116,2004,M02,189.7,
CUSR0000SAF116,2004,M03,190.4,
CUSR0000SAF116,2004,M04,191.5,
CUSR0000SAF116,2004,M05,191.5,
CUSR0000SAF116,2004,M06,192.1,
CUSR0000SAF116,2004,M07,192.2,
CUSR0000SAF116,2004,M08,192.7,
CUSR0000SAF116,2004,M09,193.4,
CUSR0000SAF116,2004,M10,193.7,
CUSR0000SAF116,2004,M11,194.3,
CUSR0000SAF116,2004,M12,194.7,
CUSR0000SAF116,2005,M01,194.6,
CUSR0000SAF116,2005,M02,195.0,
CUSR0000SAF116,2005,M03,195.2,
CUSR0000SAF116,2005,M04,195.5,
CUSR0000SAF116,2005,M05,195.3,
CUSR0000SAF116,2005,M06,195.6,
CUSR0000SAF116,2005,M07,195.8,
CUSR0000SAF116,2005,M08,196.1,
CUSR0000SAF116,2005,M09,196.7,
CUSR0000SAF116,2005,M10,196.9,
CUSR0000SAF116,2005,M11,197.5,
CUSR0000SAF116,2005,M12,197.1,
CUSR0000SAF116,2006,M01,198.3,
CUSR0000SAF116,2006,M02,199.2,
CUSR0000SAF116,2006,M03,199.5,
CUSR0000SAF116,2006,M04,199.7,
CUSR0000SAF116,2006,M05,200.6,
CUSR0000SAF116,2006,M06,201.3,
CUSR0000SAF116,2006,M07,201.3,
CUSR0000SAF116,2006,M08,201.4,
CUSR0000SAF116,2006,M09,201.5,
CUSR0000SAF116,2006,M10,202.0,
CUSR0000SAF116,2006,M11,202.0,
CUSR0000SAF116,2006,M12,201.7,
CUSR0000SAF116,2007,M01,203.225,
CUSR0000SAF116,2007,M02,203.948,
CUSR0000SAF116,2007,M03,205.073,
CUSR0000SAF116,2007,M04,205.846,
CUSR0000SAF116,2007,M05,206.389,
CUSR0000SAF116,2007,M06,207.170,
CUSR0000SAF116,2007,M07,207.673,
CUSR0000SAF116,2007,M08,208.477,
CUSR0000SAF116,2007,M09,208.555,
CUSR0000SAF116,2007,M10,209.109,
CUSR0000SAF116,2007,M11,209.377,
CUSR0000SAF116,2007,M12,209.356,
CUSR0000SAF116,2008,M01,210.587,
CUSR0000SAF116,2008,M02,211.576,
CUSR0000SAF116,2008,M03,211.861,
CUSR0000SAF116,2008,M04,213.227,
CUSR0000SAF116,2008,M05,213.329,
CUSR0000SAF116,2008,M06,213.725,
CUSR0000SAF116,2008,M07,214.360,
CUSR0000SAF116,2008,M08,215.266,
CUSR0000SAF116,2008,M09,216.210,
CUSR0000SAF116,2008,M10,216.884,
CUSR0000SAF116,2008,M11,217.886,
CUSR0000SAF116,2008,M12,218.851,
CUSR0000SAF116,2009,M01,219.167,
CUSR0000SAF116,2009,M02,219.167,
CUSR0000SAF116,2009,M03,219.602,
CUSR0000SAF116,2009,M04,219.612,
CUSR0000SAF116,2009,M05,219.866,
CUSR0000SAF116,2009,M06,220.409,
CUSR0000SAF116,2009,M07,220.805,
CUSR0000SAF116,2009,M08,221.121,
CUSR0000SAF116,2009,M09,221.606,
CUSR0000SAF116,2009,M10,222.133,
CUSR0000SAF116,2009,M11,222.872,
CUSR0000SAF116,2009,M12,222.683,
CUSR0000SAF116,2010,M01,222.275,
CUSR0000SAF116,2010,M02,222.040,
CUSR0000SAF116,2010,M03,222.258,
CUSR0000SAF116,2010,M04,222.351,
CUSR0000SAF116,2010,M05,222.444,
CUSR0000SAF116,2010,M06,222.727,
CUSR0000SAF116,2010,M07,223.621,
CUSR0000SAF116,2010,M08,223.722,
CUSR0000SAF116,2010,M09,224.169,
CUSR0000SAF116,2010,M10,224.628,
CUSR0000SAF116,2010,M11,224.751,
CUSR0000SAF116,2010,M12,224.612,
CUSR0000SAF116,2011,M01,224.789,
CUSR0000SAF116,2011,M02,225.310,
CUSR0000SAF116,2011,M03,225.498,
CUSR0000SAF116,2011,M04,226.114,
CUSR0000SAF116,2011,M05,226.937,
CUSR0000SAF116,2011,M06,227.265,
CUSR0000SAF116,2011,M07,226.835,
CUSR0000SAF116,2011,M08,227.310,
CUSR0000SAF116,2011,M09,227.425,
CUSR0000SAF116,2011,M10,227.619,
CUSR0000SAF116,2011,M11,227.558,
CUSR0000SAF116,2011,M12,227.666,
CUSR0000SAF116,2012,M01,229.638,
CUSR0000SAF116,2012,M02,230.285,
CUSR0000SAF116,2012,M03,229.918,
CUSR0000SAF116,2012,M04,230.033,
CUSR0000SAF116,2012,M05,230.494,
CUSR0000SAF116,2012,M06,231.472,
CUSR0000SAF116,2012,M07,231.108,
CUSR0000SAF116,2012,M08,230.806,
CUSR0000SAF116,2012,M09,231.262,
CUSR0000SAF116,2012,M10,231.206,
CUSR0000SAF116,2012,M11,231.549,
CUSR0000SAF116,2012,M12,231.927,
CUSR0000SAF116,2013,M01,232.337,
CUSR0000SAF116,2013,M02,233.300,
CUSR0000SAF116,2013,M03,233.621,
CUSR0000SAF116,2013,M04,234.090,
CUSR0000SAF116,2013,M05,234.098,
CUSR0000SAF116,2013,M06,234.619,
CUSR0000SAF116,2013,M07,235.080,
CUSR0000SAF116,2013,M08,235.457,
CUSR0000SAF116,2013,M09,235.355,
CUSR0000SAF116,2013,M10,235.546,
CUSR0000SAF116,2013,M11,235.828,
CUSR0000SAF116,2013,M12,236.113,
CUSR0000SAF116,2014,M01,236.031,
CUSR0000SAF116,2014,M02,235.680,
CUSR0000SAF116,2014,M03,236.049,
CUSR0000SAF116,2014,M04,236.273,
CUSR0000SAF116,2014,M05,236.629,
CUSR0000SAF116,2014,M06,236.853,
CUSR0000SAF116,2014,M07,236.701,
CUSR0000SAF116,2014,M08,238.198,
CUSR0000SAF116,2014,M09,238.232,
CUSR0000SAF116,2014,M10,238.126,
CUSR0000SAF116,2014,M11,239.776,
CUSR0000SAF116,2014,M12,239.018,
CUSR0000SAF116,2015,M01,238.463,
CUSR0000SAF116,2015,M02,238.671,
CUSR0000SAF116,2015,M03,239.007,
CUSR0000SAF116,2015,M04,238.938,
CUSR0000SAF116,2015,M05,239.665,
CUSR0000SAF116,2015,M06,239.297,
CUSR0000SAF116,2015,M07,239.546,
CUSR0000SAF116,2015,M08,239.789,
CUSR0000SAF116,2015,M09,239.645,
CUSR0000SAF116,2015,M10,240.502,
CUSR0000SAF116,2015,M11,240.531,
CUSR0000SAF116,2015,M12,240.275,
CUSR0000SAF116,2016,M01,241.313,
CUSR0000SAF116,2016,M02,241.920,
CUSR0000SAF116,2016,M03,241.843,
CUSR0000SAF116,2016,M04,242.064,
CUSR0000SAF116,2016,M05,242.410,
CUSR0000SAF116,2016,M06,242.509,
CUSR0000SAF116,2016,M07,242.651,
CUSR0000SAF116,2016,M08,242.522,
CUSR0000SAF116,2016,M09,242.903,
CUSR0000SAF116,2016,M10,243.347,
CUSR0000SAF116,2016,M11,243.277,
CUSR0000SAF116,2016,M12,243.586,
CUSR0000SAF116,2017,M01,244.382,
CUSR0000SAF116,2017,M02,244.189,
CUSR0000SAF116,2017,M03,244.659,
CUSR0000SAF116,2017,M04,245.249,
CUSR0000SAF116,2017,M05,244.818,
CUSR0000SAF116,2017,M06,244.774,
CUSR0000SAF116,2017,M07,245.233,
CUSR0000SAF116,2017,M08,245.337,
CUSR0000SAF116,2017,M09,246.001,
CUSR0000SAF116,2017,M10,246.335,
CUSR0000SAF116,2017,M11,246.972,
CUSR0000SAF116,2017,M12,247.086,
CUSR0000SAF116,2018,M01,247.248,
CUSR0000SAF116,2018,M02,247.648,
CUSR0000SAF116,2018,M03,247.957,
CUSR0000SAF116,2018,M04,248.526,
CUSR0000SAF116,2018,M05,248.180,
CUSR0000SAF116,2018,M06,248.937,
CUSR0000SAF116,2018,M07,248.855,
CUSR0000SAF116,2018,M08,248.659,
CUSR0000SAF116,2018,M09,250.060,
CUSR0000SAF116,2018,M10,250.530,
CUSR0000SAF116,2018,M11,251.271,
CUSR0000SAF116,2018,M12,251.659,
CUSR0000SAF116,2019,M01,251.816,
CUSR0000SAF116,2019,M02,252.188,
CUSR0000SAF116,2019,M03,251.852,
CUSR0000SAF116,2019,M04,251.504,
CUSR0000SAF116,2019,M05,252.169,
CUSR0000SAF116,2019,M06,252.396,
CUSR0000SAF116,2019,M07,253.455,
CUSR0000SAF116,2019,M08,253.399,
CUSR0000SAF116,2019,M09,253.283,
CUSR0000SAF116,2019,M10,253.039,
CUSR0000SAF116,2019,M11,252.502,
CUSR0000SAF116,2019,M12,252.854,
CUSR0000SAF116,2020,M01,253.592,
CUSR0000SAF116,2020,M02,254.831,
CUSR0000SAF116,2020,M03,255.660,
CUSR0000SAF116,2020,M04,256.423,
CUSR0000SAF116,2020,M05,257.713,
CUSR0000SAF116,2020,M06,258.033,
CUSR0000SAF116,2020,M07,256.960,
CUSR0000SAF116,2020,M08,257.678,
CUSR0000SAF116,2020,M09,257.730,
CUSR0000SAF116,2020,M10,258.936,
CUSR0000SAF116,2020,M11,259.995,
CUSR0000SAF116,2020,M12,259.397,
CUSR0000SAF116,2021,M01,259.765,
CUSR0000SAF116,2021,M02,260.011,
CUSR0000SAF116,2021,M03,260.652,
CUSR0000SAF116,2021,M04,261.265,
CUSR0000SAF116,2021,M05,261.711,
CUSR0000SAF116,2021,M06,262.913,
CUSR0000SAF116,2021,M07,263.226,
CUSR0000SAF116,2021,M08,264.315,
CUSR0000SAF116,2021,M09,264.980,
CUSR0000SAF116,2021,M10,264.748,
CUSR0000SAF116,2021,M11,264.957,
CUSR0000SAF116,2021,M12,265.410,
CUSR0000SAF116,2022,M01,266.749,
CUSR0000SAF116,2022,M02,269.128,
CUSR0000SAF116,2022,M03,270.352,
CUSR0000SAF116,2022,M04,271.376,
CUSR0000SAF116,2022,M05,272.293,
CUSR0000SAF116,2022,M06,273.537,
CUSR0000SAF116,2022,M07,274.344,
CUSR0000SAF116,2022,M08,275.627,
CUSR0000SAF116,2022,M09,275.810,
CUSR0000SAF116,2022,M10,278.009,
CUSR0000SAF116,2022,M11,279.629,
CUSR0000SAF116,2022,M12,280.755,
CUSR0000SAF116,2023,M01,282.286,
CUSR0000SAF116,2023,M02,282.377,
CUSR0000SAF116,2023,M03,282.588,
CUSR0000SAF116,2023,M04,283.961,
CUSR0000SAF116,2023,M05,285.285,
CUSR0000SAF116,2023,M06,285.633,
CUSR0000SAF116,2023,M07,285.580,
CUSR0000SAF116,2023,M08,285.859,
CUSR0000SAF116,2023,M09,287.496,
CUSR0000SAF116,2023,M10,288.303,
CUSR0000SAF116,2023,M11,287.731,
CUSR0000SAF116,2023,M12,287.873,
CUSR0000SAF116,2024,M01,288.758,
CUSR0000SAF116,2024,M02,289.220,
CUSR0000SAF116,2024,M03,289.360,
CUSR0000SAF116,2024,M04,289.717,
CUSR0000SAF116,2024,M05,290.094,
CUSR0000SAF116,2024,M06,290.825,
CUSR0000SAF116,2024,M07,291.088,
CUSR0000SAF116,2024,M08,291.432,
CUSR0000SAF116,2024,M09,291.683,
CUSR0000SAF116,2024,M10,292.871,
CUSR0000SAF116,2024,M11,292.831,
CUSR0000SAF116,2024,M12,291.832,
CUSR0000SAF116,2025,M01,292.771,
CUSR0000SAF116,2025,M02,294.211,
CUSR0000SAF116,2025,M03,294.847,
CUSR0000SAF116,2025,M04,294.880,
CUSR0000SAF116,2025,M05,294.478,
CUSR0000SAF116,2025,M06,294.883,
CUSR0000SAF116,2025,M07,295.176,
CUSR0000SAF116,2025,M08,296.908,
CUSR0000SAF116,2025,M09,297.507,
CUSR0000SAF116,2025,M10,-,Data unavailable due to the 2025 lapse in appropriations
CUSR0000SAF116,2025,M11,298.310,
CUSR0000SAF116,2025,M12,298.085,
CUSR0000SAF116,2026,M01,298.623,
CUSR0000SAF116,2026,M02,298.950,
CUSR0000SAF116,2026,M03,299.718,
CUSR0000SAF116,2026,M04,300.555,
CUSR0000SAF116,2026,M05,300.726,
CUSR0000SAF116,2026,M06,300.824,
CUSR0000SAF116,2026,M07,301.367,
CUSR0000SAG,1997,M01,219.7,
CUSR0000SAG,1997,M02,220.5,
CUSR0000SAG,1997,M03,221.5,
CUSR0000SAG,1997,M04,223.1,
CUSR0000SAG,1997,M05,223.9,
CUSR0000SAG,1997,M06,224.2,
CUSR0000SAG,1997,M07,224.8,
CUSR0000SAG,1997,M08,225.9,
CUSR0000SAG,1997,M09,226.8,
CUSR0000SAG,1997,M10,228.3,
CUSR0000SAG,1997,M11,229.2,
CUSR0000SAG,1997,M12,229.8,
CUSR0000SAG,1998,M01,231.3,
CUSR0000SAG,1998,M02,233.1,
CUSR0000SAG,1998,M03,232.4,
CUSR0000SAG,1998,M04,234.7,
CUSR0000SAG,1998,M05,236.7,
CUSR0000SAG,1998,M06,236.4,
CUSR0000SAG,1998,M07,237.8,
CUSR0000SAG,1998,M08,238.0,
CUSR0000SAG,1998,M09,240.4,
CUSR0000SAG,1998,M10,241.3,
CUSR0000SAG,1998,M11,240.5,
CUSR0000SAG,1998,M12,250.3,
CUSR0000SAG,1999,M01,255.5,
CUSR0000SAG,1999,M02,254.9,
CUSR0000SAG,1999,M03,253.1,
CUSR0000SAG,1999,M04,255.9,
CUSR0000SAG,1999,M05,255.6,
CUSR0000SAG,1999,M06,255.7,
CUSR0000SAG,1999,M07,258.3,
CUSR0000SAG,1999,M08,257.7,
CUSR0000SAG,1999,M09,262.7,
CUSR0000SAG,1999,M10,263.2,
CUSR0000SAG,1999,M11,263.0,
CUSR0000SAG,1999,M12,263.3,
CUSR0000SAG,2000,M01,264.8,
CUSR0000SAG,2000,M02,266.7,
CUSR0000SAG,2000,M03,267.8,
CUSR0000SAG,2000,M04,271.7,
CUSR0000SAG,2000,M05,270.0,
CUSR0000SAG,2000,M06,269.5,
CUSR0000SAG,2000,M07,272.3,
CUSR0000SAG,2000,M08,271.7,
CUSR0000SAG,2000,M09,274.8,
CUSR0000SAG,2000,M10,273.0,
CUSR0000SAG,2000,M11,276.3,
CUSR0000SAG,2000,M12,274.5,
CUSR0000SAG,2001,M01,276.0,
CUSR0000SAG,2001,M02,277.2,
CUSR0000SAG,2001,M03,277.4,
CUSR0000SAG,2001,M04,281.1,
CUSR0000SAG,2001,M05,279.9,
CUSR0000SAG,2001,M06,281.1,
CUSR0000SAG,2001,M07,285.9,
CUSR0000SAG,2001,M08,283.4,
CUSR0000SAG,2001,M09,287.9,
CUSR0000SAG,2001,M10,285.6,
CUSR0000SAG,2001,M11,289.3,
CUSR0000SAG,2001,M12,286.8,
CUSR0000SAG,2002,M01,287.5,
CUSR0000SAG,2002,M02,290.1,
CUSR0000SAG,2002,M03,288.2,
CUSR0000SAG,2002,M04,292.5,
CUSR0000SAG,2002,M05,291.3,
CUSR0000SAG,2002,M06,294.4,
CUSR0000SAG,2002,M07,294.5,
CUSR0000SAG,2002,M08,296.1,
CUSR0000SAG,2002,M09,297.2,
CUSR0000SAG,2002,M10,295.4,
CUSR0000SAG,2002,M11,295.7,
CUSR0000SAG,2002,M12,296.0,
CUSR0000SAG,2003,M01,296.7,
CUSR0000SAG,2003,M02,297.4,
CUSR0000SAG,2003,M03,297.1,
CUSR0000SAG,2003,M04,297.7,
CUSR0000SAG,2003,M05,297.8,
CUSR0000SAG,2003,M06,298.0,
CUSR0000SAG,2003,M07,299.1,
CUSR0000SAG,2003,M08,299.8,
CUSR0000SAG,2003,M09,300.2,
CUSR0000SAG,2003,M10,300.3,
CUSR0000SAG,2003,M11,300.2,
CUSR0000SAG,2003,M12,300.6,
CUSR0000SAG,2004,M01,301.7,
CUSR0000SAG,2004,M02,302.0,
CUSR0000SAG,2004,M03,302.7,
CUSR0000SAG,2004,M04,303.2,
CUSR0000SAG,2004,M05,303.4,
CUSR0000SAG,2004,M06,303.8,
CUSR0000SAG,2004,M07,305.1,
CUSR0000SAG,2004,M08,305.9,
CUSR0000SAG,2004,M09,306.5,
CUSR0000SAG,2004,M10,306.9,
CUSR0000SAG,2004,M11,307.4,
CUSR0000SAG,2004,M12,308.2,
CUSR0000SAG,2005,M01,309.6,
CUSR0000SAG,2005,M02,310.5,
CUSR0000SAG,2005,M03,310.9,
CUSR0000SAG,2005,M04,311.2,
CUSR0000SAG,2005,M05,312.1,
CUSR0000SAG,2005,M06,312.2,
CUSR0000SAG,2005,M07,314.0,
CUSR0000SAG,2005,M08,314.9,
CUSR0000SAG,2005,M09,315.2,
CUSR0000SAG,2005,M10,315.4,
CUSR0000SAG,2005,M11,316.5,
CUSR0000SAG,2005,M12,317.6,
CUSR0000SAG,2006,M01,318.4,
CUSR0000SAG,2006,M02,318.9,
CUSR0000SAG,2006,M03,319.7,
CUSR0000SAG,2006,M04,319.6,
CUSR0000SAG,2006,M05,319.9,
CUSR0000SAG,2006,M06,321.3,
CUSR0000SAG,2006,M07,321.4,
CUSR0000SAG,2006,M08,322.2,
CUSR0000SAG,2006,M09,323.6,
CUSR0000SAG,2006,M10,324.3,
CUSR0000SAG,2006,M11,324.6,
CUSR0000SAG,2006,M12,326.9,
CUSR0000SAG,2007,M01,329.324,
CUSR0000SAG,2007,M02,330.358,
CUSR0000SAG,2007,M03,330.746,
CUSR0000SAG,2007,M04,331.238,
CUSR0000SAG,2007,M05,332.370,
CUSR0000SAG,2007,M06,333.240,
CUSR0000SAG,2007,M07,333.636,
CUSR0000SAG,2007,M08,334.011,
CUSR0000SAG,2007,M09,335.072,
CUSR0000SAG,2007,M10,335.718,
CUSR0000SAG,2007,M11,336.539,
CUSR0000SAG,2007,M12,337.628,
CUSR0000SAG,2008,M01,339.214,
CUSR0000SAG,2008,M02,340.205,
CUSR0000SAG,2008,M03,341.433,
CUSR0000SAG,2008,M04,342.819,
CUSR0000SAG,2008,M05,344.316,
CUSR0000SAG,2008,M06,345.724,
CUSR0000SAG,2008,M07,347.013,
CUSR0000SAG,2008,M08,347.691,
CUSR0000SAG,2008,M09,348.427,
CUSR0000SAG,2008,M10,349.266,
CUSR0000SAG,2008,M11,349.164,
CUSR0000SAG,2008,M12,349.221,
CUSR0000SAG,2009,M01,350.554,
CUSR0000SAG,2009,M02,351.351,
CUSR0000SAG,2009,M03,360.757,
CUSR0000SAG,2009,M04,369.865,
CUSR0000SAG,2009,M05,369.539,
CUSR0000SAG,2009,M06,370.441,
CUSR0000SAG,2009,M07,373.032,
CUSR0000SAG,2009,M08,373.331,
CUSR0000SAG,2009,M09,374.470,
CUSR0000SAG,2009,M10,375.476,
CUSR0000SAG,2009,M11,376.742,
CUSR0000SAG,2009,M12,377.436,
CUSR0000SAG,2010,M01,377.727,
CUSR0000SAG,2010,M02,378.029,
CUSR0000SAG,2010,M03,378.614,
CUSR0000SAG,2010,M04,378.758,
CUSR0000SAG,2010,M05,380.191,
CUSR0000SAG,2010,M06,381.100,
CUSR0000SAG,2010,M07,382.831,
CUSR0000SAG,2010,M08,383.804,
CUSR0000SAG,2010,M09,383.444,
CUSR0000SAG,2010,M10,382.698,
CUSR0000SAG,2010,M11,383.801,
CUSR0000SAG,2010,M12,384.476,
CUSR0000SAG,2011,M01,384.657,
CUSR0000SAG,2011,M02,385.482,
CUSR0000SAG,2011,M03,385.545,
CUSR0000SAG,2011,M04,386.226,
CUSR0000SAG,2011,M05,386.125,
CUSR0000SAG,2011,M06,386.544,
CUSR0000SAG,2011,M07,386.088,
CUSR0000SAG,2011,M08,386.871,
CUSR0000SAG,2011,M09,388.321,
CUSR0000SAG,2011,M10,389.023,
CUSR0000SAG,2011,M11,390.809,
CUSR0000SAG,2011,M12,391.069,
CUSR0000SAG,2012,M01,391.455,
CUSR0000SAG,2012,M02,391.221,
CUSR0000SAG,2012,M03,392.109,
CUSR0000SAG,2012,M04,393.178,
CUSR0000SAG,2012,M05,393.560,
CUSR0000SAG,2012,M06,394.369,
CUSR0000SAG,2012,M07,395.113,
CUSR0000SAG,2012,M08,395.837,
CUSR0000SAG,2012,M09,396.005,
CUSR0000SAG,2012,M10,396.370,
CUSR0000SAG,2012,M11,396.766,
CUSR0000SAG,2012,M12,396.873,
CUSR0000SAG,2013,M01,397.188,
CUSR0000SAG,2013,M02,398.291,
CUSR0000SAG,2013,M03,399.455,
CUSR0000SAG,2013,M04,400.657,
CUSR0000SAG,2013,M05,400.586,
CUSR0000SAG,2013,M06,400.578,
CUSR0000SAG,2013,M07,401.052,
CUSR0000SAG,2013,M08,402.087,
CUSR0000SAG,2013,M09,402.456,
CUSR0000SAG,2013,M10,402.588,
CUSR0000SAG,2013,M11,403.177,
CUSR0000SAG,2013,M12,403.905,
CUSR0000SAG,2014,M01,404.817,
CUSR0000SAG,2014,M02,405.937,
CUSR0000SAG,2014,M03,406.902,
CUSR0000SAG,2014,M04,407.404,
CUSR0000SAG,2014,M05,407.692,
CUSR0000SAG,2014,M06,408.038,
CUSR0000SAG,2014,M07,408.143,
CUSR0000SAG,2014,M08,408.622,
CUSR0000SAG,2014,M09,409.001,
CUSR0000SAG,2014,M10,410.226,
CUSR0000SAG,2014,M11,409.941,
CUSR0000SAG,2014,M12,410.443,
CUSR0000SAG,2015,M01,412.314,
CUSR0000SAG,2015,M02,411.875,
CUSR0000SAG,2015,M03,412.540,
CUSR0000SAG,2015,M04,412.550,
CUSR0000SAG,2015,M05,413.289,
CUSR0000SAG,2015,M06,414.997,
CUSR0000SAG,2015,M07,415.091,
CUSR0000SAG,2015,M08,415.363,
CUSR0000SAG,2015,M09,416.339,
CUSR0000SAG,2015,M10,417.898,
CUSR0000SAG,2015,M11,418.422,
CUSR0000SAG,2015,M12,418.102,
CUSR0000SAG,2016,M01,419.074,
CUSR0000SAG,2016,M02,419.627,
CUSR0000SAG,2016,M03,420.632,
CUSR0000SAG,2016,M04,420.977,
CUSR0000SAG,2016,M05,421.881,
CUSR0000SAG,2016,M06,422.915,
CUSR0000SAG,2016,M07,423.439,
CUSR0000SAG,2016,M08,424.105,
CUSR0000SAG,2016,M09,425.494,
CUSR0000SAG,2016,M10,425.524,
CUSR0000SAG,2016,M11,426.045,
CUSR0000SAG,2016,M12,427.159,
CUSR0000SAG,2017,M01,427.621,
CUSR0000SAG,2017,M02,427.992,
CUSR0000SAG,2017,M03,428.336,
CUSR0000SAG,2017,M04,432.175,
CUSR0000SAG,2017,M05,431.911,
CUSR0000SAG,2017,M06,433.121,
CUSR0000SAG,2017,M07,434.033,
CUSR0000SAG,2017,M08,433.328,
CUSR0000SAG,2017,M09,434.057,
CUSR0000SAG,2017,M10,436.252,
CUSR0000SAG,2017,M11,436.352,
CUSR0000SAG,2017,M12,435.831,
CUSR0000SAG,2018,M01,437.687,
CUSR0000SAG,2018,M02,438.306,
CUSR0000SAG,2018,M03,439.269,
CUSR0000SAG,2018,M04,442.553,
CUSR0000SAG,2018,M05,442.710,
CUSR0000SAG,2018,M06,442.851,
CUSR0000SAG,2018,M07,443.170,
CUSR0000SAG,2018,M08,442.934,
CUSR0000SAG,2018,M09,443.409,
CUSR0000SAG,2018,M10,444.334,
CUSR0000SAG,2018,M11,445.480,
CUSR0000SAG,2018,M12,445.059,
CUSR0000SAG,2019,M01,446.257,
CUSR0000SAG,2019,M02,447.804,
CUSR0000SAG,2019,M03,447.917,
CUSR0000SAG,2019,M04,447.992,
CUSR0000SAG,2019,M05,449.547,
CUSR0000SAG,2019,M06,449.125,
CUSR0000SAG,2019,M07,451.247,
CUSR0000SAG,2019,M08,453.028,
CUSR0000SAG,2019,M09,453.473,
CUSR0000SAG,2019,M10,455.511,
CUSR0000SAG,2019,M11,456.919,
CUSR0000SAG,2019,M12,456.843,
CUSR0000SAG,2020,M01,458.792,
CUSR0000SAG,2020,M02,459.600,
CUSR0000SAG,2020,M03,460.900,
CUSR0000SAG,2020,M04,460.198,
CUSR0000SAG,2020,M05,460.442,
CUSR0000SAG,2020,M06,461.810,
CUSR0000SAG,2020,M07,463.378,
CUSR0000SAG,2020,M08,462.902,
CUSR0000SAG,2020,M09,463.928,
CUSR0000SAG,2020,M10,464.053,
CUSR0000SAG,2020,M11,464.717,
CUSR0000SAG,2020,M12,468.051,
CUSR0000SAG,2021,M01,468.616,
CUSR0000SAG,2021,M02,469.565,
CUSR0000SAG,2021,M03,472.038,
CUSR0000SAG,2021,M04,472.479,
CUSR0000SAG,2021,M05,472.627,
CUSR0000SAG,2021,M06,473.371,
CUSR0000SAG,2021,M07,476.660,
CUSR0000SAG,2021,M08,479.053,
CUSR0000SAG,2021,M09,479.658,
CUSR0000SAG,2021,M10,483.670,
CUSR0000SAG,2021,M11,485.164,
CUSR0000SAG,2021,M12,489.014,
CUSR0000SAG,2022,M01,491.633,
CUSR0000SAG,2022,M02,495.794,
CUSR0000SAG,2022,M03,497.958,
CUSR0000SAG,2022,M04,499.386,
CUSR0000SAG,2022,M05,502.525,
CUSR0000SAG,2022,M06,504.877,
CUSR0000SAG,2022,M07,506.690,
CUSR0000SAG,2022,M08,510.894,
CUSR0000SAG,2022,M09,512.668,
CUSR0000SAG,2022,M10,515.019,
CUSR0000SAG,2022,M11,519.181,
CUSR0000SAG,2022,M12,520.123,
CUSR0000SAG,2023,M01,522.411,
CUSR0000SAG,2023,M02,525.985,
CUSR0000SAG,2023,M03,528.194,
CUSR0000SAG,2023,M04,532.306,
CUSR0000SAG,2023,M05,536.074,
CUSR0000SAG,2023,M06,536.826,
CUSR0000SAG,2023,M07,537.331,
CUSR0000SAG,2023,M08,540.281,
CUSR0000SAG,2023,M09,543.420,
CUSR0000SAG,2023,M10,546.793,
CUSR0000SAG,2023,M11,548.497,
CUSR0000SAG,2023,M12,549.002,
CUSR0000SAG,2024,M01,552.303,
CUSR0000SAG,2024,M02,551.019,
CUSR0000SAG,2024,M03,553.049,
CUSR0000SAG,2024,M04,554.957,
CUSR0000SAG,2024,M05,556.328,
CUSR0000SAG,2024,M06,559.041,
CUSR0000SAG,2024,M07,560.013,
CUSR0000SAG,2024,M08,561.578,
CUSR0000SAG,2024,M09,562.670,
CUSR0000SAG,2024,M10,564.752,
CUSR0000SAG,2024,M11,567.220,
CUSR0000SAG,2024,M12,566.915,
CUSR0000SAG,2025,M01,565.563,
CUSR0000SAG,2025,M02,569.153,
CUSR0000SAG,2025,M03,574.183,
CUSR0000SAG,2025,M04,574.680,
CUSR0000SAG,2025,M05,577.517,
CUSR0000SAG,2025,M06,579.746,
CUSR0000SAG,2025,M07,581.690,
CUSR0000SAG,2025,M08,583.353,
CUSR0000SAG,2025,M09,585.854,
CUSR0000SAG,2025,M10,-,Data unavailable due to the 2025 lapse in appropriations
CUSR0000SAG,2025,M11,589.439,
CUSR0000SAG,2025,M12,590.954,
CUSR0000SAG,2026,M01,598.829,
CUSR0000SAG,2026,M02,598.152,
CUSR0000SAG,2026,M03,595.830,
CUSR0000SAG,2026,M04,599.945,
CUSR0000SAG,2026,M05,605.852,
CUSR0000SAG,2026,M06,606.352,
CUSR0000SAG,2026,M07,606.698,
CUSR0000SAG1,1999,M01,159.0,
CUSR0000SAG1,1999,M02,159.4,
CUSR0000SAG1,1999,M03,159.9,
CUSR0000SAG1,1999,M04,160.0,
CUSR0000SAG1,1999,M05,160.5,
CUSR0000SAG1,1999,M06,160.9,
CUSR0000SAG1,1999,M07,161.1,
CUSR0000SAG1,1999,M08,161.5,
CUSR0000SAG1,1999,M09,161.9,
CUSR0000SAG1,1999,M10,162.4,
CUSR0000SAG1,1999,M11,162.8,
CUSR0000SAG1,1999,M12,163.2,
CUSR0000SAG1,2000,M01,163.5,
CUSR0000SAG1,2000,M02,163.8,
CUSR0000SAG1,2000,M03,164.1,
CUSR0000SAG1,2000,M04,164.6,
CUSR0000SAG1,2000,M05,164.9,
CUSR0000SAG1,2000,M06,165.3,
CUSR0000SAG1,2000,M07,165.7,
CUSR0000SAG1,2000,M08,166.3,
CUSR0000SAG1,2000,M09,166.7,
CUSR0000SAG1,2000,M10,167.0,
CUSR0000SAG1,2000,M11,167.5,
CUSR0000SAG1,2000,M12,168.2,
CUSR0000SAG1,2001,M01,168.3,
CUSR0000SAG1,2001,M02,168.6,
CUSR0000SAG1,2001,M03,168.9,
CUSR0000SAG1,2001,M04,169.4,
CUSR0000SAG1,2001,M05,169.3,
CUSR0000SAG1,2001,M06,169.9,
CUSR0000SAG1,2001,M07,170.7,
CUSR0000SAG1,2001,M08,171.3,
CUSR0000SAG1,2001,M09,172.0,
CUSR0000SAG1,2001,M10,172.3,
CUSR0000SAG1,2001,M11,172.7,
CUSR0000SAG1,2001,M12,173.0,
CUSR0000SAG1,2002,M01,173.4,
CUSR0000SAG1,2002,M02,173.6,
CUSR0000SAG1,2002,M03,173.9,
CUSR0000SAG1,2002,M04,174.1,
CUSR0000SAG1,2002,M05,174.5,
CUSR0000SAG1,2002,M06,174.9,
CUSR0000SAG1,2002,M07,175.0,
CUSR0000SAG1,2002,M08,175.0,
CUSR0000SAG1,2002,M09,175.0,
CUSR0000SAG1,2002,M10,175.3,
CUSR0000SAG1,2002,M11,175.6,
CUSR0000SAG1,2002,M12,175.6,
CUSR0000SAG1,2003,M01,176.1,
CUSR0000SAG1,2003,M02,176.6,
CUSR0000SAG1,2003,M03,177.0,
CUSR0000SAG1,2003,M04,177.4,
CUSR0000SAG1,2003,M05,177.7,
CUSR0000SAG1,2003,M06,178.1,
CUSR0000SAG1,2003,M07,178.3,
CUSR0000SAG1,2003,M08,178.6,
CUSR0000SAG1,2003,M09,179.2,
CUSR0000SAG1,2003,M10,179.2,
CUSR0000SAG1,2003,M11,179.2,
CUSR0000SAG1,2003,M12,179.3,
CUSR0000SAG1,2004,M01,179.9,
CUSR0000SAG1,2004,M02,180.2,
CUSR0000SAG1,2004,M03,180.6,
CUSR0000SAG1,2004,M04,181.0,
CUSR0000SAG1,2004,M05,181.1,
CUSR0000SAG1,2004,M06,181.2,
CUSR0000SAG1,2004,M07,181.7,
CUSR0000SAG1,2004,M08,182.2,
CUSR0000SAG1,2004,M09,182.5,
CUSR0000SAG1,2004,M10,182.9,
CUSR0000SAG1,2004,M11,183.3,
CUSR0000SAG1,2004,M12,183.6,
CUSR0000SAG1,2005,M01,183.7,
CUSR0000SAG1,2005,M02,184.2,
CUSR0000SAG1,2005,M03,184.4,
CUSR0000SAG1,2005,M04,184.6,
CUSR0000SAG1,2005,M05,185.2,
CUSR0000SAG1,2005,M06,185.3,
CUSR0000SAG1,2005,M07,186.1,
CUSR0000SAG1,2005,M08,186.4,
CUSR0000SAG1,2005,M09,186.3,
CUSR0000SAG1,2005,M10,186.5,
CUSR0000SAG1,2005,M11,187.2,
CUSR0000SAG1,2005,M12,187.8,
CUSR0000SAG1,2006,M01,188.2,
CUSR0000SAG1,2006,M02,188.5,
CUSR0000SAG1,2006,M03,188.8,
CUSR0000SAG1,2006,M04,188.8,
CUSR0000SAG1,2006,M05,189.1,
CUSR0000SAG1,2006,M06,189.8,
CUSR0000SAG1,2006,M07,189.8,
CUSR0000SAG1,2006,M08,190.5,
CUSR0000SAG1,2006,M09,191.5,
CUSR0000SAG1,2006,M10,192.0,
CUSR0000SAG1,2006,M11,192.4,
CUSR0000SAG1,2006,M12,193.4,
CUSR0000SAG1,2007,M01,193.654,
CUSR0000SAG1,2007,M02,193.911,
CUSR0000SAG1,2007,M03,194.094,
CUSR0000SAG1,2007,M04,194.682,
CUSR0000SAG1,2007,M05,195.332,
CUSR0000SAG1,2007,M06,195.732,
CUSR0000SAG1,2007,M07,195.869,
CUSR0000SAG1,2007,M08,196.032,
CUSR0000SAG1,2007,M09,196.404,
CUSR0000SAG1,2007,M10,196.791,
CUSR0000SAG1,2007,M11,197.275,
CUSR0000SAG1,2007,M12,197.639,
CUSR0000SAG1,2008,M01,198.234,
CUSR0000SAG1,2008,M02,198.726,
CUSR0000SAG1,2008,M03,199.685,
CUSR0000SAG1,2008,M04,200.582,
CUSR0000SAG1,2008,M05,201.227,
CUSR0000SAG1,2008,M06,201.415,
CUSR0000SAG1,2008,M07,201.698,
CUSR0000SAG1,2008,M08,202.151,
CUSR0000SAG1,2008,M09,202.683,
CUSR0000SAG1,2008,M10,203.099,
CUSR0000SAG1,2008,M11,203.014,
CUSR0000SAG1,2008,M12,202.775,
CUSR0000SAG1,2009,M01,203.303,
CUSR0000SAG1,2009,M02,203.488,
CUSR0000SAG1,2009,M03,203.817,
CUSR0000SAG1,2009,M04,204.337,
CUSR0000SAG1,2009,M05,204.305,
CUSR0000SAG1,2009,M06,204.387,
CUSR0000SAG1,2009,M07,204.675,
CUSR0000SAG1,2009,M08,204.828,
CUSR0000SAG1,2009,M09,204.940,
CUSR0000SAG1,2009,M10,205.431,
CUSR0000SAG1,2009,M11,205.606,
CUSR0000SAG1,2009,M12,205.903,
CUSR0000SAG1,2010,M01,206.034,
CUSR0000SAG1,2010,M02,206.214,
CUSR0000SAG1,2010,M03,206.263,
CUSR0000SAG1,2010,M04,206.024,
CUSR0000SAG1,2010,M05,206.180,
CUSR0000SAG1,2010,M06,206.407,
CUSR0000SAG1,2010,M07,207.090,
CUSR0000SAG1,2010,M08,207.392,
CUSR0000SAG1,2010,M09,207.087,
CUSR0000SAG1,2010,M10,206.519,
CUSR0000SAG1,2010,M11,207.196,
CUSR0000SAG1,2010,M12,207.314,
CUSR0000SAG1,2011,M01,207.493,
CUSR0000SAG1,2011,M02,207.738,
CUSR0000SAG1,2011,M03,207.451,
CUSR0000SAG1,2011,M04,208.028,
CUSR0000SAG1,2011,M05,208.083,
CUSR0000SAG1,2011,M06,208.321,
CUSR0000SAG1,2011,M07,208.257,
CUSR0000SAG1,2011,M08,208.352,
CUSR0000SAG1,2011,M09,208.937,
CUSR0000SAG1,2011,M10,209.267,
CUSR0000SAG1,2011,M11,210.306,
CUSR0000SAG1,2011,M12,210.427,
CUSR0000SAG1,2012,M01,210.505,
CUSR0000SAG1,2012,M02,210.329,
CUSR0000SAG1,2012,M03,210.973,
CUSR0000SAG1,2012,M04,211.470,
CUSR0000SAG1,2012,M05,211.695,
CUSR0000SAG1,2012,M06,212.208,
CUSR0000SAG1,2012,M07,212.515,
CUSR0000SAG1,2012,M08,213.042,
CUSR0000SAG1,2012,M09,213.042,
CUSR0000SAG1,2012,M10,213.237,
CUSR0000SAG1,2012,M11,213.326,
CUSR0000SAG1,2012,M12,213.259,
CUSR0000SAG1,2013,M01,213.249,
CUSR0000SAG1,2013,M02,213.934,
CUSR0000SAG1,2013,M03,214.754,
CUSR0000SAG1,2013,M04,215.041,
CUSR0000SAG1,2013,M05,214.854,
CUSR0000SAG1,2013,M06,215.058,
CUSR0000SAG1,2013,M07,214.915,
CUSR0000SAG1,2013,M08,215.289,
CUSR0000SAG1,2013,M09,215.410,
CUSR0000SAG1,2013,M10,215.380,
CUSR0000SAG1,2013,M11,215.749,
CUSR0000SAG1,2013,M12,216.109,
CUSR0000SAG1,2014,M01,216.414,
CUSR0000SAG1,2014,M02,217.023,
CUSR0000SAG1,2014,M03,217.532,
CUSR0000SAG1,2014,M04,217.715,
CUSR0000SAG1,2014,M05,217.697,
CUSR0000SAG1,2014,M06,217.655,
CUSR0000SAG1,2014,M07,218.165,
CUSR0000SAG1,2014,M08,218.423,
CUSR0000SAG1,2014,M09,218.563,
CUSR0000SAG1,2014,M10,219.074,
CUSR0000SAG1,2014,M11,218.752,
CUSR0000SAG1,2014,M12,218.850,
CUSR0000SAG1,2015,M01,220.071,
CUSR0000SAG1,2015,M02,219.536,
CUSR0000SAG1,2015,M03,219.877,
CUSR0000SAG1,2015,M04,219.852,
CUSR0000SAG1,2015,M05,220.101,
CUSR0000SAG1,2015,M06,220.988,
CUSR0000SAG1,2015,M07,220.808,
CUSR0000SAG1,2015,M08,220.752,
CUSR0000SAG1,2015,M09,221.315,
CUSR0000SAG1,2015,M10,222.252,
CUSR0000SAG1,2015,M11,222.367,
CUSR0000SAG1,2015,M12,221.928,
CUSR0000SAG1,2016,M01,222.259,
CUSR0000SAG1,2016,M02,222.707,
CUSR0000SAG1,2016,M03,223.241,
CUSR0000SAG1,2016,M04,223.553,
CUSR0000SAG1,2016,M05,224.060,
CUSR0000SAG1,2016,M06,224.201,
CUSR0000SAG1,2016,M07,224.563,
CUSR0000SAG1,2016,M08,224.621,
CUSR0000SAG1,2016,M09,225.434,
CUSR0000SAG1,2016,M10,225.295,
CUSR0000SAG1,2016,M11,225.548,
CUSR0000SAG1,2016,M12,225.796,
CUSR0000SAG1,2017,M01,226.017,
CUSR0000SAG1,2017,M02,226.263,
CUSR0000SAG1,2017,M03,226.301,
CUSR0000SAG1,2017,M04,226.557,
CUSR0000SAG1,2017,M05,226.370,
CUSR0000SAG1,2017,M06,227.018,
CUSR0000SAG1,2017,M07,227.509,
CUSR0000SAG1,2017,M08,227.105,
CUSR0000SAG1,2017,M09,227.454,
CUSR0000SAG1,2017,M10,227.947,
CUSR0000SAG1,2017,M11,227.997,
CUSR0000SAG1,2017,M12,227.736,
CUSR0000SAG1,2018,M01,228.771,
CUSR0000SAG1,2018,M02,229.218,
CUSR0000SAG1,2018,M03,230.011,
CUSR0000SAG1,2018,M04,231.585,
CUSR0000SAG1,2018,M05,231.533,
CUSR0000SAG1,2018,M06,231.603,
CUSR0000SAG1,2018,M07,231.655,
CUSR0000SAG1,2018,M08,231.433,
CUSR0000SAG1,2018,M09,231.694,
CUSR0000SAG1,2018,M10,231.401,
CUSR0000SAG1,2018,M11,232.024,
CUSR0000SAG1,2018,M12,231.818,
CUSR0000SAG1,2019,M01,232.395,
CUSR0000SAG1,2019,M02,233.288,
CUSR0000SAG1,2019,M03,232.525,
CUSR0000SAG1,2019,M04,232.465,
CUSR0000SAG1,2019,M05,233.313,
CUSR0000SAG1,2019,M06,232.992,
CUSR0000SAG1,2019,M07,233.774,
CUSR0000SAG1,2019,M08,234.719,
CUSR0000SAG1,2019,M09,234.787,
CUSR0000SAG1,2019,M10,235.766,
CUSR0000SAG1,2019,M11,236.228,
CUSR0000SAG1,2019,M12,236.248,
CUSR0000SAG1,2020,M01,237.314,
CUSR0000SAG1,2020,M02,237.632,
CUSR0000SAG1,2020,M03,237.797,
CUSR0000SAG1,2020,M04,237.484,
CUSR0000SAG1,2020,M05,237.814,
CUSR0000SAG1,2020,M06,238.228,
CUSR0000SAG1,2020,M07,238.640,
CUSR0000SAG1,2020,M08,238.219,
CUSR0000SAG1,2020,M09,238.708,
CUSR0000SAG1,2020,M10,238.685,
CUSR0000SAG1,2020,M11,238.799,
CUSR0000SAG1,2020,M12,240.591,
CUSR0000SAG1,2021,M01,239.930,
CUSR0000SAG1,2021,M02,240.162,
CUSR0000SAG1,2021,M03,241.373,
CUSR0000SAG1,2021,M04,241.558,
CUSR0000SAG1,2021,M05,241.570,
CUSR0000SAG1,2021,M06,241.686,
CUSR0000SAG1,2021,M07,243.507,
CUSR0000SAG1,2021,M08,244.971,
CUSR0000SAG1,2021,M09,244.925,
CUSR0000SAG1,2021,M10,246.357,
CUSR0000SAG1,2021,M11,246.751,
CUSR0000SAG1,2021,M12,248.758,
CUSR0000SAG1,2022,M01,250.443,
CUSR0000SAG1,2022,M02,252.704,
CUSR0000SAG1,2022,M03,253.747,
CUSR0000SAG1,2022,M04,254.404,
CUSR0000SAG1,2022,M05,255.870,
CUSR0000SAG1,2022,M06,257.013,
CUSR0000SAG1,2022,M07,257.992,
CUSR0000SAG1,2022,M08,259.955,
CUSR0000SAG1,2022,M09,260.950,
CUSR0000SAG1,2022,M10,262.231,
CUSR0000SAG1,2022,M11,264.440,
CUSR0000SAG1,2022,M12,265.094,
CUSR0000SAG1,2023,M01,266.115,
CUSR0000SAG1,2023,M02,267.739,
CUSR0000SAG1,2023,M03,268.662,
CUSR0000SAG1,2023,M04,271.163,
CUSR0000SAG1,2023,M05,273.162,
CUSR0000SAG1,2023,M06,273.580,
CUSR0000SAG1,2023,M07,273.592,
CUSR0000SAG1,2023,M08,275.033,
CUSR0000SAG1,2023,M09,276.857,
CUSR0000SAG1,2023,M10,277.782,
CUSR0000SAG1,2023,M11,278.120,
CUSR0000SAG1,2023,M12,278.474,
CUSR0000SAG1,2024,M01,280.330,
CUSR0000SAG1,2024,M02,279.040,
CUSR0000SAG1,2024,M03,280.040,
CUSR0000SAG1,2024,M04,281.198,
CUSR0000SAG1,2024,M05,281.017,
CUSR0000SAG1,2024,M06,282.391,
CUSR0000SAG1,2024,M07,282.896,
CUSR0000SAG1,2024,M08,283.091,
CUSR0000SAG1,2024,M09,283.758,
CUSR0000SAG1,2024,M10,284.680,
CUSR0000SAG1,2024,M11,285.570,
CUSR0000SAG1,2024,M12,285.395,
CUSR0000SAG1,2025,M01,284.302,
CUSR0000SAG1,2025,M02,286.128,
CUSR0000SAG1,2025,M03,288.792,
CUSR0000SAG1,2025,M04,288.931,
CUSR0000SAG1,2025,M05,290.168,
CUSR0000SAG1,2025,M06,291.204,
CUSR0000SAG1,2025,M07,292.202,
CUSR0000SAG1,2025,M08,292.608,
CUSR0000SAG1,2025,M09,293.764,
CUSR0000SAG1,2025,M10,-,Data unavailable due to the 2025 lapse in appropriations
CUSR0000SAG1,2025,M11,295.017,
CUSR0000SAG1,2025,M12,296.038,
CUSR0000SAG1,2026,M01,299.571,
CUSR0000SAG1,2026,M02,299.090,
CUSR0000SAG1,2026,M03,297.683,
CUSR0000SAG1,2026,M04,299.855,
CUSR0000SAG1,2026,M05,302.795,
CUSR0000SAG1,2026,M06,303.469,
CUSR0000SAG1,2026,M07,303.399,
CUSR0000SAH1,1997,M01,173.8,
CUSR0000SAH1,1997,M02,174.3,
CUSR0000SAH1,1997,M03,174.6,
CUSR0000SAH1,1997,M04,175.1,
CUSR0000SAH1,1997,M05,175.6,
CUSR0000SAH1,1997,M06,176.0,
CUSR0000SAH1,1997,M07,176.5,
CUSR0000SAH1,1997,M08,177.0,
CUSR0000SAH1,1997,M09,177.4,
CUSR0000SAH1,1997,M10,177.9,
CUSR0000SAH1,1997,M11,178.4,
CUSR0000SAH1,1997,M12,178.9,
CUSR0000SAH1,1998,M01,179.4,
CUSR0000SAH1,1998,M02,179.8,
CUSR0000SAH1,1998,M03,180.3,
CUSR0000SAH1,1998,M04,180.8,
CUSR0000SAH1,1998,M05,181.4,
CUSR0000SAH1,1998,M06,181.8,
CUSR0000SAH1,1998,M07,182.1,
CUSR0000SAH1,1998,M08,182.8,
CUSR0000SAH1,1998,M09,183.4,
CUSR0000SAH1,1998,M10,184.0,
CUSR0000SAH1,1998,M11,184.5,
CUSR0000SAH1,1998,M12,185.0,
CUSR0000SAH1,1999,M01,185.1,
CUSR0000SAH1,1999,M02,185.3,
CUSR0000SAH1,1999,M03,185.7,
CUSR0000SAH1,1999,M04,186.3,
CUSR0000SAH1,1999,M05,186.6,
CUSR0000SAH1,1999,M06,187.0,
CUSR0000SAH1,1999,M07,187.5,
CUSR0000SAH1,1999,M08,187.8,
CUSR0000SAH1,1999,M09,188.4,
CUSR0000SAH1,1999,M10,188.6,
CUSR0000SAH1,1999,M11,189.2,
CUSR0000SAH1,1999,M12,189.5,
CUSR0000SAH1,2000,M01,190.6,
CUSR0000SAH1,2000,M02,190.9,
CUSR0000SAH1,2000,M03,191.6,
CUSR0000SAH1,2000,M04,191.9,
CUSR0000SAH1,2000,M05,192.4,
CUSR0000SAH1,2000,M06,193.1,
CUSR0000SAH1,2000,M07,193.6,
CUSR0000SAH1,2000,M08,194.1,
CUSR0000SAH1,2000,M09,194.7,
CUSR0000SAH1,2000,M10,195.3,
CUSR0000SAH1,2000,M11,195.8,
CUSR0000SAH1,2000,M12,196.1,
CUSR0000SAH1,2001,M01,196.8,
CUSR0000SAH1,2001,M02,197.5,
CUSR0000SAH1,2001,M03,198.3,
CUSR0000SAH1,2001,M04,198.8,
CUSR0000SAH1,2001,M05,199.6,
CUSR0000SAH1,2001,M06,200.5,
CUSR0000SAH1,2001,M07,200.9,
CUSR0000SAH1,2001,M08,201.8,
CUSR0000SAH1,2001,M09,202.0,
CUSR0000SAH1,2001,M10,202.5,
CUSR0000SAH1,2001,M11,203.5,
CUSR0000SAH1,2001,M12,204.3,
CUSR0000SAH1,2002,M01,205.1,
CUSR0000SAH1,2002,M02,206.0,
CUSR0000SAH1,2002,M03,206.3,
CUSR0000SAH1,2002,M04,207.0,
CUSR0000SAH1,2002,M05,207.4,
CUSR0000SAH1,2002,M06,207.8,
CUSR0000SAH1,2002,M07,208.2,
CUSR0000SAH1,2002,M08,208.9,
CUSR0000SAH1,2002,M09,209.4,
CUSR0000SAH1,2002,M10,209.7,
CUSR0000SAH1,2002,M11,210.4,
CUSR0000SAH1,2002,M12,210.8,
CUSR0000SAH1,2003,M01,211.5,
CUSR0000SAH1,2003,M02,211.6,
CUSR0000SAH1,2003,M03,211.5,
CUSR0000SAH1,2003,M04,211.6,
CUSR0000SAH1,2003,M05,212.6,
CUSR0000SAH1,2003,M06,212.6,
CUSR0000SAH1,2003,M07,213.2,
CUSR0000SAH1,2003,M08,213.6,
CUSR0000SAH1,2003,M09,214.0,
CUSR0000SAH1,2003,M10,214.7,
CUSR0000SAH1,2003,M11,215.1,
CUSR0000SAH1,2003,M12,215.5,
CUSR0000SAH1,2004,M01,215.9,
CUSR0000SAH1,2004,M02,215.8,
CUSR0000SAH1,2004,M03,217.0,
CUSR0000SAH1,2004,M04,217.8,
CUSR0000SAH1,2004,M05,218.5,
CUSR0000SAH1,2004,M06,218.9,
CUSR0000SAH1,2004,M07,219.3,
CUSR0000SAH1,2004,M08,219.6,
CUSR0000SAH1,2004,M09,220.4,
CUSR0000SAH1,2004,M10,220.7,
CUSR0000SAH1,2004,M11,220.9,
CUSR0000SAH1,2004,M12,221.3,
CUSR0000SAH1,2005,M01,221.7,
CUSR0000SAH1,2005,M02,222.5,
CUSR0000SAH1,2005,M03,223.7,
CUSR0000SAH1,2005,M04,223.7,
CUSR0000SAH1,2005,M05,223.8,
CUSR0000SAH1,2005,M06,224.0,
CUSR0000SAH1,2005,M07,224.6,
CUSR0000SAH1,2005,M08,224.9,
CUSR0000SAH1,2005,M09,224.6,
CUSR0000SAH1,2005,M10,225.8,
CUSR0000SAH1,2005,M11,226.5,
CUSR0000SAH1,2005,M12,227.1,
CUSR0000SAH1,2006,M01,227.5,
CUSR0000SAH1,2006,M02,228.3,
CUSR0000SAH1,2006,M03,229.3,
CUSR0000SAH1,2006,M04,230.1,
CUSR0000SAH1,2006,M05,231.0,
CUSR0000SAH1,2006,M06,231.9,
CUSR0000SAH1,2006,M07,232.7,
CUSR0000SAH1,2006,M08,233.5,
CUSR0000SAH1,2006,M09,234.0,
CUSR0000SAH1,2006,M10,235.0,
CUSR0000SAH1,2006,M11,235.8,
CUSR0000SAH1,2006,M12,236.5,
CUSR0000SAH1,2007,M01,237.255,
CUSR0000SAH1,2007,M02,238.107,
CUSR0000SAH1,2007,M03,238.538,
CUSR0000SAH1,2007,M04,239.140,
CUSR0000SAH1,2007,M05,239.637,
CUSR0000SAH1,2007,M06,240.345,
CUSR0000SAH1,2007,M07,240.843,
CUSR0000SAH1,2007,M08,241.450,
CUSR0000SAH1,2007,M09,242.037,
CUSR0000SAH1,2007,M10,242.581,
CUSR0000SAH1,2007,M11,243.305,
CUSR0000SAH1,2007,M12,243.979,
CUSR0000SAH1,2008,M01,244.564,
CUSR0000SAH1,2008,M02,244.926,
CUSR0000SAH1,2008,M03,245.659,
CUSR0000SAH1,2008,M04,245.608,
CUSR0000SAH1,2008,M05,245.902,
CUSR0000SAH1,2008,M06,246.406,
CUSR0000SAH1,2008,M07,246.863,
CUSR0000SAH1,2008,M08,247.208,
CUSR0000SAH1,2008,M09,247.723,
CUSR0000SAH1,2008,M10,247.995,
CUSR0000SAH1,2008,M11,248.486,
CUSR0000SAH1,2008,M12,248.508,
CUSR0000SAH1,2009,M01,248.963,
CUSR0000SAH1,2009,M02,249.087,
CUSR0000SAH1,2009,M03,249.360,
CUSR0000SAH1,2009,M04,249.579,
CUSR0000SAH1,2009,M05,249.643,
CUSR0000SAH1,2009,M06,249.492,
CUSR0000SAH1,2009,M07,249.149,
CUSR0000SAH1,2009,M08,249.519,
CUSR0000SAH1,2009,M09,249.415,
CUSR0000SAH1,2009,M10,249.643,
CUSR0000SAH1,2009,M11,249.211,
CUSR0000SAH1,2009,M12,249.219,
CUSR0000SAH1,2010,M01,248.034,
CUSR0000SAH1,2010,M02,247.997,
CUSR0000SAH1,2010,M03,247.914,
CUSR0000SAH1,2010,M04,247.959,
CUSR0000SAH1,2010,M05,248.128,
CUSR0000SAH1,2010,M06,248.295,
CUSR0000SAH1,2010,M07,248.430,
CUSR0000SAH1,2010,M08,248.430,
CUSR0000SAH1,2010,M09,248.568,
CUSR0000SAH1,2010,M10,248.692,
CUSR0000SAH1,2010,M11,248.993,
CUSR0000SAH1,2010,M12,249.284,
CUSR0000SAH1,2011,M01,249.621,
CUSR0000SAH1,2011,M02,249.924,
CUSR0000SAH1,2011,M03,250.158,
CUSR0000SAH1,2011,M04,250.412,
CUSR0000SAH1,2011,M05,250.660,
CUSR0000SAH1,2011,M06,251.178,
CUSR0000SAH1,2011,M07,251.834,
CUSR0000SAH1,2011,M08,252.329,
CUSR0000SAH1,2011,M09,252.668,
CUSR0000SAH1,2011,M10,253.184,
CUSR0000SAH1,2011,M11,253.619,
CUSR0000SAH1,2011,M12,254.150,
CUSR0000SAH1,2012,M01,254.512,
CUSR0000SAH1,2012,M02,254.951,
CUSR0000SAH1,2012,M03,255.474,
CUSR0000SAH1,2012,M04,256.056,
CUSR0000SAH1,2012,M05,256.451,
CUSR0000SAH1,2012,M06,256.813,
CUSR0000SAH1,2012,M07,257.153,
CUSR0000SAH1,2012,M08,257.647,
CUSR0000SAH1,2012,M09,258.233,
CUSR0000SAH1,2012,M10,258.816,
CUSR0000SAH1,2012,M11,259.216,
CUSR0000SAH1,2012,M12,259.644,
CUSR0000SAH1,2013,M01,260.142,
CUSR0000SAH1,2013,M02,260.719,
CUSR0000SAH1,2013,M03,261.176,
CUSR0000SAH1,2013,M04,261.679,
CUSR0000SAH1,2013,M05,262.263,
CUSR0000SAH1,2013,M06,262.797,
CUSR0000SAH1,2013,M07,263.239,
CUSR0000SAH1,2013,M08,263.860,
CUSR0000SAH1,2013,M09,264.321,
CUSR0000SAH1,2013,M10,264.684,
CUSR0000SAH1,2013,M11,265.496,
CUSR0000SAH1,2013,M12,266.228,
CUSR0000SAH1,2014,M01,266.892,
CUSR0000SAH1,2014,M02,267.481,
CUSR0000SAH1,2014,M03,268.287,
CUSR0000SAH1,2014,M04,268.923,
CUSR0000SAH1,2014,M05,269.715,
CUSR0000SAH1,2014,M06,270.149,
CUSR0000SAH1,2014,M07,270.891,
CUSR0000SAH1,2014,M08,271.493,
CUSR0000SAH1,2014,M09,272.118,
CUSR0000SAH1,2014,M10,272.730,
CUSR0000SAH1,2014,M11,273.436,
CUSR0000SAH1,2014,M12,273.997,
CUSR0000SAH1,2015,M01,274.762,
CUSR0000SAH1,2015,M02,275.470,
CUSR0000SAH1,2015,M03,276.258,
CUSR0000SAH1,2015,M04,277.003,
CUSR0000SAH1,2015,M05,277.524,
CUSR0000SAH1,2015,M06,278.284,
CUSR0000SAH1,2015,M07,279.329,
CUSR0000SAH1,2015,M08,279.921,
CUSR0000SAH1,2015,M09,280.737,
CUSR0000SAH1,2015,M10,281.429,
CUSR0000SAH1,2015,M11,282.129,
CUSR0000SAH1,2015,M12,282.779,
CUSR0000SAH1,2016,M01,283.714,
CUSR0000SAH1,2016,M02,284.502,
CUSR0000SAH1,2016,M03,285.122,
CUSR0000SAH1,2016,M04,285.853,
CUSR0000SAH1,2016,M05,286.855,
CUSR0000SAH1,2016,M06,287.819,
CUSR0000SAH1,2016,M07,288.524,
CUSR0000SAH1,2016,M08,289.367,
CUSR0000SAH1,2016,M09,290.369,
CUSR0000SAH1,2016,M10,291.378,
CUSR0000SAH1,2016,M11,292.227,
CUSR0000SAH1,2016,M12,293.066,
CUSR0000SAH1,2017,M01,293.769,
CUSR0000SAH1,2017,M02,294.543,
CUSR0000SAH1,2017,M03,295.012,
CUSR0000SAH1,2017,M04,295.741,
CUSR0000SAH1,2017,M05,296.461,
CUSR0000SAH1,2017,M06,297.215,
CUSR0000SAH1,2017,M07,297.676,
CUSR0000SAH1,2017,M08,298.904,
CUSR0000SAH1,2017,M09,299.711,
CUSR0000SAH1,2017,M10,300.814,
CUSR0000SAH1,2017,M11,301.430,
CUSR0000SAH1,2017,M12,302.428,
CUSR0000SAH1,2018,M01,303.213,
CUSR0000SAH1,2018,M02,303.784,
CUSR0000SAH1,2018,M03,304.812,
CUSR0000SAH1,2018,M04,305.720,
CUSR0000SAH1,2018,M05,306.808,
CUSR0000SAH1,2018,M06,307.183,
CUSR0000SAH1,2018,M07,308.050,
CUSR0000SAH1,2018,M08,309.004,
CUSR0000SAH1,2018,M09,309.522,
CUSR0000SAH1,2018,M10,310.401,
CUSR0000SAH1,2018,M11,311.247,
CUSR0000SAH1,2018,M12,312.132,
CUSR0000SAH1,2019,M01,312.998,
CUSR0000SAH1,2019,M02,314.072,
CUSR0000SAH1,2019,M03,315.051,
CUSR0000SAH1,2019,M04,316.172,
CUSR0000SAH1,2019,M05,317.030,
CUSR0000SAH1,2019,M06,317.949,
CUSR0000SAH1,2019,M07,318.777,
CUSR0000SAH1,2019,M08,319.370,
CUSR0000SAH1,2019,M09,320.436,
CUSR0000SAH1,2019,M10,320.862,
CUSR0000SAH1,2019,M11,321.611,
CUSR0000SAH1,2019,M12,322.247,
CUSR0000SAH1,2020,M01,323.487,
CUSR0000SAH1,2020,M02,324.483,
CUSR0000SAH1,2020,M03,324.540,
CUSR0000SAH1,2020,M04,324.391,
CUSR0000SAH1,2020,M05,324.973,
CUSR0000SAH1,2020,M06,325.425,
CUSR0000SAH1,2020,M07,326.249,
CUSR0000SAH1,2020,M08,326.782,
CUSR0000SAH1,2020,M09,327.043,
CUSR0000SAH1,2020,M10,327.421,
CUSR0000SAH1,2020,M11,327.801,
CUSR0000SAH1,2020,M12,328.217,
CUSR0000SAH1,2021,M01,328.535,
CUSR0000SAH1,2021,M02,329.124,
CUSR0000SAH1,2021,M03,329.947,
CUSR0000SAH1,2021,M04,331.208,
CUSR0000SAH1,2021,M05,332.111,
CUSR0000SAH1,2021,M06,333.835,
CUSR0000SAH1,2021,M07,335.446,
CUSR0000SAH1,2021,M08,336.022,
CUSR0000SAH1,2021,M09,337.357,
CUSR0000SAH1,2021,M10,338.948,
CUSR0000SAH1,2021,M11,340.544,
CUSR0000SAH1,2021,M12,341.931,
CUSR0000SAH1,2022,M01,342.858,
CUSR0000SAH1,2022,M02,344.705,
CUSR0000SAH1,2022,M03,346.396,
CUSR0000SAH1,2022,M04,348.230,
CUSR0000SAH1,2022,M05,350.204,
CUSR0000SAH1,2022,M06,352.616,
CUSR0000SAH1,2022,M07,354.680,
CUSR0000SAH1,2022,M08,357.048,
CUSR0000SAH1,2022,M09,359.601,
CUSR0000SAH1,2022,M10,362.353,
CUSR0000SAH1,2022,M11,364.695,
CUSR0000SAH1,2022,M12,367.466,
CUSR0000SAH1,2023,M01,369.911,
CUSR0000SAH1,2023,M02,372.636,
CUSR0000SAH1,2023,M03,374.678,
CUSR0000SAH1,2023,M04,376.404,
CUSR0000SAH1,2023,M05,378.304,
CUSR0000SAH1,2023,M06,380.155,
CUSR0000SAH1,2023,M07,381.895,
CUSR0000SAH1,2023,M08,382.947,
CUSR0000SAH1,2023,M09,385.285,
CUSR0000SAH1,2023,M10,386.771,
CUSR0000SAH1,2023,M11,388.525,
CUSR0000SAH1,2023,M12,390.139,
CUSR0000SAH1,2024,M01,392.322,
CUSR0000SAH1,2024,M02,394.078,
CUSR0000SAH1,2024,M03,395.827,
CUSR0000SAH1,2024,M04,397.196,
CUSR0000SAH1,2024,M05,398.689,
CUSR0000SAH1,2024,M06,399.699,
CUSR0000SAH1,2024,M07,401.139,
CUSR0000SAH1,2024,M08,402.895,
CUSR0000SAH1,2024,M09,403.956,
CUSR0000SAH1,2024,M10,405.721,
CUSR0000SAH1,2024,M11,407.114,
CUSR0000SAH1,2024,M12,408.165,
CUSR0000SAH1,2025,M01,409.579,
CUSR0000SAH1,2025,M02,410.793,
CUSR0000SAH1,2025,M03,411.639,
CUSR0000SAH1,2025,M04,413.040,
CUSR0000SAH1,2025,M05,414.109,
CUSR0000SAH1,2025,M06,414.981,
CUSR0000SAH1,2025,M07,415.931,
CUSR0000SAH1,2025,M08,417.555,
CUSR0000SAH1,2025,M09,418.422,
CUSR0000SAH1,2025,M10,-,Data unavailable due to the 2025 lapse in appropriations
CUSR0000SAH1,2025,M11,419.431,
CUSR0000SAH1,2025,M12,421.039,
CUSR0000SAH1,2026,M01,421.965,
CUSR0000SAH1,2026,M02,422.942,
CUSR0000SAH1,2026,M03,424.069,
CUSR0000SAH1,2026,M04,426.642,
CUSR0000SAH1,2026,M05,427.998,
CUSR0000SAH1,2026,M06,428.501,
CUSR0000SAH1,2026,M07,429.095,
CUSR0000SAH3,1997,M01,125.1,
CUSR0000SAH3,1997,M02,125.2,
CUSR0000SAH3,1997,M03,125.2,
CUSR0000SAH3,1997,M04,125.4,
CUSR0000SAH3,1997,M05,125.7,
CUSR0000SAH3,1997,M06,125.6,
CUSR0000SAH3,1997,M07,125.5,
CUSR0000SAH3,1997,M08,125.2,
CUSR0000SAH3,1997,M09,125.3,
CUSR0000SAH3,1997,M10,125.3,
CUSR0000SAH3,1997,M11,125.5,
CUSR0000SAH3,1997,M12,125.4,
CUSR0000SAH3,1998,M01,125.8,
CUSR0000SAH3,1998,M02,126.1,
CUSR0000SAH3,1998,M03,126.2,
CUSR0000SAH3,1998,M04,126.6,
CUSR0000SAH3,1998,M05,126.6,
CUSR0000SAH3,1998,M06,126.6,
CUSR0000SAH3,1998,M07,127.1,
CUSR0000SAH3,1998,M08,126.8,
CUSR0000SAH3,1998,M09,126.3,
CUSR0000SAH3,1998,M10,126.7,
CUSR0000SAH3,1998,M11,126.8,
CUSR0000SAH3,1998,M12,127.0,
CUSR0000SAH3,1999,M01,127.0,
CUSR0000SAH3,1999,M02,126.8,
CUSR0000SAH3,1999,M03,126.6,
CUSR0000SAH3,1999,M04,126.7,
CUSR0000SAH3,1999,M05,126.7,
CUSR0000SAH3,1999,M06,126.7,
CUSR0000SAH3,1999,M07,126.7,
CUSR0000SAH3,1999,M08,126.8,
CUSR0000SAH3,1999,M09,126.8,
CUSR0000SAH3,1999,M10,126.7,
CUSR0000SAH3,1999,M11,126.6,
CUSR0000SAH3,1999,M12,126.8,
CUSR0000SAH3,2000,M01,127.2,
CUSR0000SAH3,2000,M02,127.2,
CUSR0000SAH3,2000,M03,127.8,
CUSR0000SAH3,2000,M04,127.8,
CUSR0000SAH3,2000,M05,128.1,
CUSR0000SAH3,2000,M06,128.0,
CUSR0000SAH3,2000,M07,128.4,
CUSR0000SAH3,2000,M08,128.6,
CUSR0000SAH3,2000,M09,128.9,
CUSR0000SAH3,2000,M10,128.9,
CUSR0000SAH3,2000,M11,129.1,
CUSR0000SAH3,2000,M12,129.1,
CUSR0000SAH3,2001,M01,128.9,
CUSR0000SAH3,2001,M02,129.0,
CUSR0000SAH3,2001,M03,129.0,
CUSR0000SAH3,2001,M04,128.7,
CUSR0000SAH3,2001,M05,128.8,
CUSR0000SAH3,2001,M06,129.1,
CUSR0000SAH3,2001,M07,129.1,
CUSR0000SAH3,2001,M08,129.2,
CUSR0000SAH3,2001,M09,129.3,
CUSR0000SAH3,2001,M10,129.1,
CUSR0000SAH3,2001,M11,129.2,
CUSR0000SAH3,2001,M12,129.4,
CUSR0000SAH3,2002,M01,128.8,
CUSR0000SAH3,2002,M02,128.5,
CUSR0000SAH3,2002,M03,128.5,
CUSR0000SAH3,2002,M04,128.6,
CUSR0000SAH3,2002,M05,128.8,
CUSR0000SAH3,2002,M06,128.6,
CUSR0000SAH3,2002,M07,128.5,
CUSR0000SAH3,2002,M08,128.2,
CUSR0000SAH3,2002,M09,128.1,
CUSR0000SAH3,2002,M10,128.1,
CUSR0000SAH3,2002,M11,127.9,
CUSR0000SAH3,2002,M12,127.5,
CUSR0000SAH3,2003,M01,127.5,
CUSR0000SAH3,2003,M02,127.4,
CUSR0000SAH3,2003,M03,127.0,
CUSR0000SAH3,2003,M04,126.9,
CUSR0000SAH3,2003,M05,126.2,
CUSR0000SAH3,2003,M06,126.1,
CUSR0000SAH3,2003,M07,126.1,
CUSR0000SAH3,2003,M08,125.7,
CUSR0000SAH3,2003,M09,125.3,
CUSR0000SAH3,2003,M10,125.2,
CUSR0000SAH3,2003,M11,125.0,
CUSR0000SAH3,2003,M12,125.2,
CUSR0000SAH3,2004,M01,125.3,
CUSR0000SAH3,2004,M02,125.4,
CUSR0000SAH3,2004,M03,125.5,
CUSR0000SAH3,2004,M04,125.3,
CUSR0000SAH3,2004,M05,125.3,
CUSR0000SAH3,2004,M06,125.4,
CUSR0000SAH3,2004,M07,125.2,
CUSR0000SAH3,2004,M08,125.0,
CUSR0000SAH3,2004,M09,125.3,
CUSR0000SAH3,2004,M10,126.2,
CUSR0000SAH3,2004,M11,125.9,
CUSR0000SAH3,2004,M12,125.9,
CUSR0000SAH3,2005,M01,126.0,
CUSR0000SAH3,2005,M02,125.8,
CUSR0000SAH3,2005,M03,125.8,
CUSR0000SAH3,2005,M04,126.0,
CUSR0000SAH3,2005,M05,126.5,
CUSR0000SAH3,2005,M06,125.8,
CUSR0000SAH3,2005,M07,125.9,
CUSR0000SAH3,2005,M08,126.0,
CUSR0000SAH3,2005,M09,126.0,
CUSR0000SAH3,2005,M10,126.0,
CUSR0000SAH3,2005,M11,126.3,
CUSR0000SAH3,2005,M12,126.8,
CUSR0000SAH3,2006,M01,126.4,
CUSR0000SAH3,2006,M02,126.6,
CUSR0000SAH3,2006,M03,126.4,
CUSR0000SAH3,2006,M04,126.6,
CUSR0000SAH3,2006,M05,127.0,
CUSR0000SAH3,2006,M06,127.1,
CUSR0000SAH3,2006,M07,127.1,
CUSR0000SAH3,2006,M08,127.3,
CUSR0000SAH3,2006,M09,127.4,
CUSR0000SAH3,2006,M10,127.6,
CUSR0000SAH3,2006,M11,127.4,
CUSR0000SAH3,2006,M12,127.4,
CUSR0000SAH3,2007,M01,127.230,
CUSR0000SAH3,2007,M02,127.353,
CUSR0000SAH3,2007,M03,127.366,
CUSR0000SAH3,2007,M04,127.180,
CUSR0000SAH3,2007,M05,127.017,
CUSR0000SAH3,2007,M06,127.048,
CUSR0000SAH3,2007,M07,126.865,
CUSR0000SAH3,2007,M08,126.662,
CUSR0000SAH3,2007,M09,126.446,
CUSR0000SAH3,2007,M10,126.353,
CUSR0000SAH3,2007,M11,126.514,
CUSR0000SAH3,2007,M12,126.478,
CUSR0000SAH3,2008,M01,126.652,
CUSR0000SAH3,2008,M02,126.662,
CUSR0000SAH3,2008,M03,127.035,
CUSR0000SAH3,2008,M04,127.092,
CUSR0000SAH3,2008,M05,127.286,
CUSR0000SAH3,2008,M06,127.336,
CUSR0000SAH3,2008,M07,127.807,
CUSR0000SAH3,2008,M08,128.116,
CUSR0000SAH3,2008,M09,128.840,
CUSR0000SAH3,2008,M10,128.944,
CUSR0000SAH3,2008,M11,128.898,
CUSR0000SAH3,2008,M12,128.978,
CUSR0000SAH3,2009,M01,128.919,
CUSR0000SAH3,2009,M02,129.080,
CUSR0000SAH3,2009,M03,129.294,
CUSR0000SAH3,2009,M04,129.394,
CUSR0000SAH3,2009,M05,129.296,
CUSR0000SAH3,2009,M06,129.335,
CUSR0000SAH3,2009,M07,129.192,
CUSR0000SAH3,2009,M08,128.376,
CUSR0000SAH3,2009,M09,128.441,
CUSR0000SAH3,2009,M10,127.883,
CUSR0000SAH3,2009,M11,127.646,
CUSR0000SAH3,2009,M12,127.568,
CUSR0000SAH3,2010,M01,127.331,
CUSR0000SAH3,2010,M02,126.819,
CUSR0000SAH3,2010,M03,126.420,
CUSR0000SAH3,2010,M04,125.751,
CUSR0000SAH3,2010,M05,125.687,
CUSR0000SAH3,2010,M06,125.311,
CUSR0000SAH3,2010,M07,125.166,
CUSR0000SAH3,2010,M08,125.062,
CUSR0000SAH3,2010,M09,124.763,
CUSR0000SAH3,2010,M10,124.683,
CUSR0000SAH3,2010,M11,124.515,
CUSR0000SAH3,2010,M12,124.353,
CUSR0000SAH3,2011,M01,124.426,
CUSR0000SAH3,2011,M02,124.462,
CUSR0000SAH3,2011,M03,124.470,
CUSR0000SAH3,2011,M04,124.670,
CUSR0000SAH3,2011,M05,124.786,
CUSR0000SAH3,2011,M06,124.749,
CUSR0000SAH3,2011,M07,124.876,
CUSR0000SAH3,2011,M08,125.191,
CUSR0000SAH3,2011,M09,125.246,
CUSR0000SAH3,2011,M10,125.382,
CUSR0000SAH3,2011,M11,125.451,
CUSR0000SAH3,2011,M12,125.607,
CUSR0000SAH3,2012,M01,125.666,
CUSR0000SAH3,2012,M02,125.979,
CUSR0000SAH3,2012,M03,125.886,
CUSR0000SAH3,2012,M04,125.900,
CUSR0000SAH3,2012,M05,125.603,
CUSR0000SAH3,2012,M06,125.728,
CUSR0000SAH3,2012,M07,126.014,
CUSR0000SAH3,2012,M08,125.701,
CUSR0000SAH3,2012,M09,125.547,
CUSR0000SAH3,2012,M10,125.436,
CUSR0000SAH3,2012,M11,125.889,
CUSR0000SAH3,2012,M12,125.628,
CUSR0000SAH3,2013,M01,125.424,
CUSR0000SAH3,2013,M02,125.377,
CUSR0000SAH3,2013,M03,125.115,
CUSR0000SAH3,2013,M04,124.985,
CUSR0000SAH3,2013,M05,125.015,
CUSR0000SAH3,2013,M06,125.045,
CUSR0000SAH3,2013,M07,124.735,
CUSR0000SAH3,2013,M08,124.674,
CUSR0000SAH3,2013,M09,124.570,
CUSR0000SAH3,2013,M10,124.299,
CUSR0000SAH3,2013,M11,124.111,
CUSR0000SAH3,2013,M12,123.837,
CUSR0000SAH3,2014,M01,123.711,
CUSR0000SAH3,2014,M02,123.300,
CUSR0000SAH3,2014,M03,123.279,
CUSR0000SAH3,2014,M04,123.210,
CUSR0000SAH3,2014,M05,123.051,
CUSR0000SAH3,2014,M06,123.157,
CUSR0000SAH3,2014,M07,123.163,
CUSR0000SAH3,2014,M08,122.999,
CUSR0000SAH3,2014,M09,122.852,
CUSR0000SAH3,2014,M10,123.329,
CUSR0000SAH3,2014,M11,123.135,
CUSR0000SAH3,2014,M12,122.681,
CUSR0000SAH3,2015,M01,122.312,
CUSR0000SAH3,2015,M02,122.349,
CUSR0000SAH3,2015,M03,122.542,
CUSR0000SAH3,2015,M04,123.205,
CUSR0000SAH3,2015,M05,122.900,
CUSR0000SAH3,2015,M06,122.736,
CUSR0000SAH3,2015,M07,122.601,
CUSR0000SAH3,2015,M08,122.430,
CUSR0000SAH3,2015,M09,122.698,
CUSR0000SAH3,2015,M10,122.524,
CUSR0000SAH3,2015,M11,122.497,
CUSR0000SAH3,2015,M12,122.592,
CUSR0000SAH3,2016,M01,122.229,
CUSR0000SAH3,2016,M02,122.144,
CUSR0000SAH3,2016,M03,122.062,
CUSR0000SAH3,2016,M04,121.768,
CUSR0000SAH3,2016,M05,121.513,
CUSR0000SAH3,2016,M06,121.410,
CUSR0000SAH3,2016,M07,121.474,
CUSR0000SAH3,2016,M08,121.416,
CUSR0000SAH3,2016,M09,121.422,
CUSR0000SAH3,2016,M10,121.476,
CUSR0000SAH3,2016,M11,121.289,
CUSR0000SAH3,2016,M12,121.236,
CUSR0000SAH3,2017,M01,121.261,
CUSR0000SAH3,2017,M02,121.121,
CUSR0000SAH3,2017,M03,121.195,
CUSR0000SAH3,2017,M04,121.065,
CUSR0000SAH3,2017,M05,120.956,
CUSR0000SAH3,2017,M06,120.700,
CUSR0000SAH3,2017,M07,120.448,
CUSR0000SAH3,2017,M08,120.600,
CUSR0000SAH3,2017,M09,120.307,
CUSR0000SAH3,2017,M10,120.283,
CUSR0000SAH3,2017,M11,120.291,
CUSR0000SAH3,2017,M12,120.303,
CUSR0000SAH3,2018,M01,120.659,
CUSR0000SAH3,2018,M02,120.958,
CUSR0000SAH3,2018,M03,121.154,
CUSR0000SAH3,2018,M04,121.825,
CUSR0000SAH3,2018,M05,121.336,
CUSR0000SAH3,2018,M06,121.135,
CUSR0000SAH3,2018,M07,121.310,
CUSR0000SAH3,2018,M08,121.476,
CUSR0000SAH3,2018,M09,121.625,
CUSR0000SAH3,2018,M10,122.067,
CUSR0000SAH3,2018,M11,122.324,
CUSR0000SAH3,2018,M12,122.860,
CUSR0000SAH3,2019,M01,123.152,
CUSR0000SAH3,2019,M02,123.324,
CUSR0000SAH3,2019,M03,123.393,
CUSR0000SAH3,2019,M04,123.204,
CUSR0000SAH3,2019,M05,123.145,
CUSR0000SAH3,2019,M06,123.974,
CUSR0000SAH3,2019,M07,124.316,
CUSR0000SAH3,2019,M08,124.103,
CUSR0000SAH3,2019,M09,124.299,
CUSR0000SAH3,2019,M10,124.233,
CUSR0000SAH3,2019,M11,124.264,
CUSR0000SAH3,2019,M12,124.082,
CUSR0000SAH3,2020,M01,124.009,
CUSR0000SAH3,2020,M02,124.215,
CUSR0000SAH3,2020,M03,124.157,
CUSR0000SAH3,2020,M04,124.880,
CUSR0000SAH3,2020,M05,125.299,
CUSR0000SAH3,2020,M06,125.731,
CUSR0000SAH3,2020,M07,126.199,
CUSR0000SAH3,2020,M08,127.193,
CUSR0000SAH3,2020,M09,126.963,
CUSR0000SAH3,2020,M10,126.764,
CUSR0000SAH3,2020,M11,127.699,
CUSR0000SAH3,2020,M12,128.031,
CUSR0000SAH3,2021,M01,127.639,
CUSR0000SAH3,2021,M02,127.653,
CUSR0000SAH3,2021,M03,128.216,
CUSR0000SAH3,2021,M04,129.238,
CUSR0000SAH3,2021,M05,131.111,
CUSR0000SAH3,2021,M06,130.853,
CUSR0000SAH3,2021,M07,130.855,
CUSR0000SAH3,2021,M08,132.175,
CUSR0000SAH3,2021,M09,133.298,
CUSR0000SAH3,2021,M10,134.596,
CUSR0000SAH3,2021,M11,135.917,
CUSR0000SAH3,2021,M12,137.527,
CUSR0000SAH3,2022,M01,139.125,
CUSR0000SAH3,2022,M02,139.967,
CUSR0000SAH3,2022,M03,141.150,
CUSR0000SAH3,2022,M04,141.996,
CUSR0000SAH3,2022,M05,142.813,
CUSR0000SAH3,2022,M06,143.278,
CUSR0000SAH3,2022,M07,144.116,
CUSR0000SAH3,2022,M08,145.191,
CUSR0000SAH3,2022,M09,145.647,
CUSR0000SAH3,2022,M10,145.929,
CUSR0000SAH3,2022,M11,146.194,
CUSR0000SAH3,2022,M12,146.830,
CUSR0000SAH3,2023,M01,147.372,
CUSR0000SAH3,2023,M02,148.470,
CUSR0000SAH3,2023,M03,148.989,
CUSR0000SAH3,2023,M04,149.520,
CUSR0000SAH3,2023,M05,148.801,
CUSR0000SAH3,2023,M06,148.395,
CUSR0000SAH3,2023,M07,148.251,
CUSR0000SAH3,2023,M08,148.320,
CUSR0000SAH3,2023,M09,148.355,
CUSR0000SAH3,2023,M10,148.370,
CUSR0000SAH3,2023,M11,147.793,
CUSR0000SAH3,2023,M12,147.492,
CUSR0000SAH3,2024,M01,147.788,
CUSR0000SAH3,2024,M02,147.575,
CUSR0000SAH3,2024,M03,147.799,
CUSR0000SAH3,2024,M04,147.070,
CUSR0000SAH3,2024,M05,146.918,
CUSR0000SAH3,2024,M06,147.262,
CUSR0000SAH3,2024,M07,147.544,
CUSR0000SAH3,2024,M08,147.340,
CUSR0000SAH3,2024,M09,147.500,
CUSR0000SAH3,2024,M10,147.493,
CUSR0000SAH3,2024,M11,148.302,
CUSR0000SAH3,2024,M12,148.478,
CUSR0000SAH3,2025,M01,148.491,
CUSR0000SAH3,2025,M02,149.094,
CUSR0000SAH3,2025,M03,149.222,
CUSR0000SAH3,2025,M04,150.419,
CUSR0000SAH3,2025,M05,150.942,
CUSR0000SAH3,2025,M06,152.047,
CUSR0000SAH3,2025,M07,152.562,
CUSR0000SAH3,2025,M08,152.997,
CUSR0000SAH3,2025,M09,153.564,
CUSR0000SAH3,2025,M10,-,Data unavailable due to the 2025 lapse in appropriations
CUSR0000SAH3,2025,M11,154.989,
CUSR0000SAH3,2025,M12,154.428,
CUSR0000SAH3,2026,M01,154.328,
CUSR0000SAH3,2026,M02,154.862,
CUSR0000SAH3,2026,M03,155.176,
CUSR0000SAH3,2026,M04,156.308,
CUSR0000SAH3,2026,M05,155.434,
CUSR0000SAH3,2026,M06,155.812,
CUSR0000SAH3,2026,M07,155.912,
CUSR0000SAM,1997,M01,231.8,
CUSR0000SAM,1997,M02,232.2,
CUSR0000SAM,1997,M03,233.0,
CUSR0000SAM,1997,M04,233.5,
CUSR0000SAM,1997,M05,234.1,
CUSR0000SAM,1997,M06,234.4,
CUSR0000SAM,1997,M07,234.7,
CUSR0000SAM,1997,M08,235.1,
CUSR0000SAM,1997,M09,235.5,
CUSR0000SAM,1997,M10,236.1,
CUSR0000SAM,1997,M11,236.9,
CUSR0000SAM,1997,M12,237.8,
CUSR0000SAM,1998,M01,238.1,
CUSR0000SAM,1998,M02,238.8,
CUSR0000SAM,1998,M03,239.4,
CUSR0000SAM,1998,M04,240.3,
CUSR0000SAM,1998,M05,241.2,
CUSR0000SAM,1998,M06,241.8,
CUSR0000SAM,1998,M07,242.5,
CUSR0000SAM,1998,M08,243.3,
CUSR0000SAM,1998,M09,244.1,
CUSR0000SAM,1998,M10,244.8,
CUSR0000SAM,1998,M11,245.3,
CUSR0000SAM,1998,M12,245.9,
CUSR0000SAM,1999,M01,246.5,
CUSR0000SAM,1999,M02,247.3,
CUSR0000SAM,1999,M03,247.9,
CUSR0000SAM,1999,M04,248.7,
CUSR0000SAM,1999,M05,249.3,
CUSR0000SAM,1999,M06,250.0,
CUSR0000SAM,1999,M07,250.9,
CUSR0000SAM,1999,M08,251.7,
CUSR0000SAM,1999,M09,252.5,
CUSR0000SAM,1999,M10,253.1,
CUSR0000SAM,1999,M11,253.9,
CUSR0000SAM,1999,M12,254.9,
CUSR0000SAM,2000,M01,255.6,
CUSR0000SAM,2000,M02,256.5,
CUSR0000SAM,2000,M03,257.7,
CUSR0000SAM,2000,M04,258.4,
CUSR0000SAM,2000,M05,259.2,
CUSR0000SAM,2000,M06,260.3,
CUSR0000SAM,2000,M07,261.2,
CUSR0000SAM,2000,M08,262.4,
CUSR0000SAM,2000,M09,263.3,
CUSR0000SAM,2000,M10,264.1,
CUSR0000SAM,2000,M11,264.7,
CUSR0000SAM,2000,M12,265.6,
CUSR0000SAM,2001,M01,267.2,
CUSR0000SAM,2001,M02,268.3,
CUSR0000SAM,2001,M03,269.4,
CUSR0000SAM,2001,M04,270.4,
CUSR0000SAM,2001,M05,271.3,
CUSR0000SAM,2001,M06,272.4,
CUSR0000SAM,2001,M07,272.8,
CUSR0000SAM,2001,M08,274.3,
CUSR0000SAM,2001,M09,275.2,
CUSR0000SAM,2001,M10,276.3,
CUSR0000SAM,2001,M11,277.4,
CUSR0000SAM,2001,M12,278.2,
CUSR0000SAM,2002,M01,279.8,
CUSR0000SAM,2002,M02,280.4,
CUSR0000SAM,2002,M03,281.4,
CUSR0000SAM,2002,M04,282.7,
CUSR0000SAM,2002,M05,283.9,
CUSR0000SAM,2002,M06,284.6,
CUSR0000SAM,2002,M07,286.4,
CUSR0000SAM,2002,M08,287.2,
CUSR0000SAM,2002,M09,288.1,
CUSR0000SAM,2002,M10,289.8,
CUSR0000SAM,2002,M11,291.2,
CUSR0000SAM,2002,M12,292.1,
CUSR0000SAM,2003,M01,292.7,
CUSR0000SAM,2003,M02,293.0,
CUSR0000SAM,2003,M03,293.4,
CUSR0000SAM,2003,M04,294.0,
CUSR0000SAM,2003,M05,295.2,
CUSR0000SAM,2003,M06,296.1,
CUSR0000SAM,2003,M07,297.4,
CUSR0000SAM,2003,M08,298.3,
CUSR0000SAM,2003,M09,299.8,
CUSR0000SAM,2003,M10,300.4,
CUSR0000SAM,2003,M11,301.4,
CUSR0000SAM,2003,M12,303.0,
CUSR0000SAM,2004,M01,303.8,
CUSR0000SAM,2004,M02,305.2,
CUSR0000SAM,2004,M03,306.5,
CUSR0000SAM,2004,M04,307.8,
CUSR0000SAM,2004,M05,308.6,
CUSR0000SAM,2004,M06,309.8,
CUSR0000SAM,2004,M07,310.8,
CUSR0000SAM,2004,M08,311.8,
CUSR0000SAM,2004,M09,312.9,
CUSR0000SAM,2004,M10,314.0,
CUSR0000SAM,2004,M11,314.7,
CUSR0000SAM,2004,M12,315.8,
CUSR0000SAM,2005,M01,316.9,
CUSR0000SAM,2005,M02,318.4,
CUSR0000SAM,2005,M03,319.7,
CUSR0000SAM,2005,M04,320.7,
CUSR0000SAM,2005,M05,321.8,
CUSR0000SAM,2005,M06,322.8,
CUSR0000SAM,2005,M07,324.1,
CUSR0000SAM,2005,M08,324.2,
CUSR0000SAM,2005,M09,325.3,
CUSR0000SAM,2005,M10,326.9,
CUSR0000SAM,2005,M11,328.7,
CUSR0000SAM,2005,M12,329.2,
CUSR0000SAM,2006,M01,329.6,
CUSR0000SAM,2006,M02,331.2,
CUSR0000SAM,2006,M03,332.6,
CUSR0000SAM,2006,M04,333.8,
CUSR0000SAM,2006,M05,335.0,
CUSR0000SAM,2006,M06,336.0,
CUSR0000SAM,2006,M07,336.9,
CUSR0000SAM,2006,M08,338.1,
CUSR0000SAM,2006,M09,339.1,
CUSR0000SAM,2006,M10,340.0,
CUSR0000SAM,2006,M11,340.8,
CUSR0000SAM,2006,M12,341.2,
CUSR0000SAM,2007,M01,343.579,
CUSR0000SAM,2007,M02,345.350,
CUSR0000SAM,2007,M03,345.899,
CUSR0000SAM,2007,M04,347.320,
CUSR0000SAM,2007,M05,348.491,
CUSR0000SAM,2007,M06,349.513,
CUSR0000SAM,2007,M07,351.719,
CUSR0000SAM,2007,M08,353.376,
CUSR0000SAM,2007,M09,354.531,
CUSR0000SAM,2007,M10,356.343,
CUSR0000SAM,2007,M11,357.750,
CUSR0000SAM,2007,M12,358.908,
CUSR0000SAM,2008,M01,360.463,
CUSR0000SAM,2008,M02,360.750,
CUSR0000SAM,2008,M03,361.533,
CUSR0000SAM,2008,M04,362.072,
CUSR0000SAM,2008,M05,362.658,
CUSR0000SAM,2008,M06,363.671,
CUSR0000SAM,2008,M07,364.156,
CUSR0000SAM,2008,M08,364.977,
CUSR0000SAM,2008,M09,365.841,
CUSR0000SAM,2008,M10,366.530,
CUSR0000SAM,2008,M11,367.459,
CUSR0000SAM,2008,M12,368.748,
CUSR0000SAM,2009,M01,369.824,
CUSR0000SAM,2009,M02,370.853,
CUSR0000SAM,2009,M03,371.705,
CUSR0000SAM,2009,M04,373.077,
CUSR0000SAM,2009,M05,374.359,
CUSR0000SAM,2009,M06,375.177,
CUSR0000SAM,2009,M07,376.001,
CUSR0000SAM,2009,M08,377.091,
CUSR0000SAM,2009,M09,378.359,
CUSR0000SAM,2009,M10,379.291,
CUSR0000SAM,2009,M11,380.450,
CUSR0000SAM,2009,M12,381.111,
CUSR0000SAM,2010,M01,382.742,
CUSR0000SAM,2010,M02,384.308,
CUSR0000SAM,2010,M03,385.712,
CUSR0000SAM,2010,M04,386.589,
CUSR0000SAM,2010,M05,387.094,
CUSR0000SAM,2010,M06,388.188,
CUSR0000SAM,2010,M07,388.123,
CUSR0000SAM,2010,M08,389.059,
CUSR0000SAM,2010,M09,391.288,
CUSR0000SAM,2010,M10,391.926,
CUSR0000SAM,2010,M11,392.535,
CUSR0000SAM,2010,M12,393.514,
CUSR0000SAM,2011,M01,394.072,
CUSR0000SAM,2011,M02,395.518,
CUSR0000SAM,2011,M03,396.290,
CUSR0000SAM,2011,M04,397.701,
CUSR0000SAM,2011,M05,398.721,
CUSR0000SAM,2011,M06,399.416,
CUSR0000SAM,2011,M07,400.539,
CUSR0000SAM,2011,M08,401.387,
CUSR0000SAM,2011,M09,402.202,
CUSR0000SAM,2011,M10,404.068,
CUSR0000SAM,2011,M11,405.751,
CUSR0000SAM,2011,M12,407.230,
CUSR0000SAM,2012,M01,408.394,
CUSR0000SAM,2012,M02,408.890,
CUSR0000SAM,2012,M03,410.257,
CUSR0000SAM,2012,M04,411.475,
CUSR0000SAM,2012,M05,412.864,
CUSR0000SAM,2012,M06,415.289,
CUSR0000SAM,2012,M07,417.004,
CUSR0000SAM,2012,M08,417.555,
CUSR0000SAM,2012,M09,418.453,
CUSR0000SAM,2012,M10,419.070,
CUSR0000SAM,2012,M11,419.509,
CUSR0000SAM,2012,M12,420.321,
CUSR0000SAM,2013,M01,421.114,
CUSR0000SAM,2013,M02,421.601,
CUSR0000SAM,2013,M03,423.089,
CUSR0000SAM,2013,M04,423.025,
CUSR0000SAM,2013,M05,422.316,
CUSR0000SAM,2013,M06,424.286,
CUSR0000SAM,2013,M07,425.008,
CUSR0000SAM,2013,M08,427.168,
CUSR0000SAM,2013,M09,428.290,
CUSR0000SAM,2013,M10,428.586,
CUSR0000SAM,2013,M11,428.485,
CUSR0000SAM,2013,M12,428.622,
CUSR0000SAM,2014,M01,429.989,
CUSR0000SAM,2014,M02,431.137,
CUSR0000SAM,2014,M03,432.211,
CUSR0000SAM,2014,M04,433.260,
CUSR0000SAM,2014,M05,434.262,
CUSR0000SAM,2014,M06,435.187,
CUSR0000SAM,2014,M07,435.864,
CUSR0000SAM,2014,M08,436.041,
CUSR0000SAM,2014,M09,437.091,
CUSR0000SAM,2014,M10,437.758,
CUSR0000SAM,2014,M11,439.408,
CUSR0000SAM,2014,M12,441.464,
CUSR0000SAM,2015,M01,441.351,
CUSR0000SAM,2015,M02,441.101,
CUSR0000SAM,2015,M03,442.943,
CUSR0000SAM,2015,M04,445.822,
CUSR0000SAM,2015,M05,446.743,
CUSR0000SAM,2015,M06,446.330,
CUSR0000SAM,2015,M07,446.953,
CUSR0000SAM,2015,M08,446.612,
CUSR0000SAM,2015,M09,447.648,
CUSR0000SAM,2015,M10,450.681,
CUSR0000SAM,2015,M11,452.225,
CUSR0000SAM,2015,M12,452.732,
CUSR0000SAM,2016,M01,454.194,
CUSR0000SAM,2016,M02,456.922,
CUSR0000SAM,2016,M03,457.723,
CUSR0000SAM,2016,M04,459.245,
CUSR0000SAM,2016,M05,460.487,
CUSR0000SAM,2016,M06,462.090,
CUSR0000SAM,2016,M07,464.439,
CUSR0000SAM,2016,M08,469.020,
CUSR0000SAM,2016,M09,469.816,
CUSR0000SAM,2016,M10,469.749,
CUSR0000SAM,2016,M11,469.914,
CUSR0000SAM,2016,M12,470.539,
CUSR0000SAM,2017,M01,471.484,
CUSR0000SAM,2017,M02,473.139,
CUSR0000SAM,2017,M03,473.685,
CUSR0000SAM,2017,M04,473.007,
CUSR0000SAM,2017,M05,472.981,
CUSR0000SAM,2017,M06,474.492,
CUSR0000SAM,2017,M07,476.279,
CUSR0000SAM,2017,M08,477.199,
CUSR0000SAM,2017,M09,477.190,
CUSR0000SAM,2017,M10,477.671,
CUSR0000SAM,2017,M11,477.791,
CUSR0000SAM,2017,M12,478.891,
CUSR0000SAM,2018,M01,480.797,
CUSR0000SAM,2018,M02,481.600,
CUSR0000SAM,2018,M03,483.078,
CUSR0000SAM,2018,M04,483.577,
CUSR0000SAM,2018,M05,484.543,
CUSR0000SAM,2018,M06,486.209,
CUSR0000SAM,2018,M07,485.246,
CUSR0000SAM,2018,M08,484.273,
CUSR0000SAM,2018,M09,485.039,
CUSR0000SAM,2018,M10,485.652,
CUSR0000SAM,2018,M11,487.615,
CUSR0000SAM,2018,M12,488.820,
CUSR0000SAM,2019,M01,489.968,
CUSR0000SAM,2019,M02,490.160,
CUSR0000SAM,2019,M03,491.412,
CUSR0000SAM,2019,M04,492.970,
CUSR0000SAM,2019,M05,494.859,
CUSR0000SAM,2019,M06,495.745,
CUSR0000SAM,2019,M07,497.714,
CUSR0000SAM,2019,M08,500.662,
CUSR0000SAM,2019,M09,501.710,
CUSR0000SAM,2019,M10,506.433,
CUSR0000SAM,2019,M11,508.315,
CUSR0000SAM,2019,M12,510.875,
CUSR0000SAM,2020,M01,511.854,
CUSR0000SAM,2020,M02,512.967,
CUSR0000SAM,2020,M03,514.743,
CUSR0000SAM,2020,M04,516.770,
CUSR0000SAM,2020,M05,519.152,
CUSR0000SAM,2020,M06,520.867,
CUSR0000SAM,2020,M07,522.675,
CUSR0000SAM,2020,M08,522.922,
CUSR0000SAM,2020,M09,522.947,
CUSR0000SAM,2020,M10,520.943,
CUSR0000SAM,2020,M11,520.567,
CUSR0000SAM,2020,M12,519.866,
CUSR0000SAM,2021,M01,521.832,
CUSR0000SAM,2021,M02,523.675,
CUSR0000SAM,2021,M03,524.024,
CUSR0000SAM,2021,M04,524.465,
CUSR0000SAM,2021,M05,523.970,
CUSR0000SAM,2021,M06,523.099,
CUSR0000SAM,2021,M07,524.307,
CUSR0000SAM,2021,M08,524.693,
CUSR0000SAM,2021,M09,524.874,
CUSR0000SAM,2021,M10,527.649,
CUSR0000SAM,2021,M11,529.542,
CUSR0000SAM,2021,M12,531.045,
CUSR0000SAM,2022,M01,534.695,
CUSR0000SAM,2022,M02,536.583,
CUSR0000SAM,2022,M03,539.050,
CUSR0000SAM,2022,M04,541.376,
CUSR0000SAM,2022,M05,543.544,
CUSR0000SAM,2022,M06,546.741,
CUSR0000SAM,2022,M07,549.846,
CUSR0000SAM,2022,M08,552.902,
CUSR0000SAM,2022,M09,556.309,
CUSR0000SAM,2022,M10,554.065,
CUSR0000SAM,2022,M11,551.498,
CUSR0000SAM,2022,M12,552.002,
CUSR0000SAM,2023,M01,550.992,
CUSR0000SAM,2023,M02,549.313,
CUSR0000SAM,2023,M03,547.138,
CUSR0000SAM,2023,M04,546.990,
CUSR0000SAM,2023,M05,547.446,
CUSR0000SAM,2023,M06,547.299,
CUSR0000SAM,2023,M07,547.141,
CUSR0000SAM,2023,M08,547.687,
CUSR0000SAM,2023,M09,548.398,
CUSR0000SAM,2023,M10,549.793,
CUSR0000SAM,2023,M11,552.420,
CUSR0000SAM,2023,M12,554.406,
CUSR0000SAM,2024,M01,556.741,
CUSR0000SAM,2024,M02,557.163,
CUSR0000SAM,2024,M03,559.269,
CUSR0000SAM,2024,M04,561.275,
CUSR0000SAM,2024,M05,564.191,
CUSR0000SAM,2024,M06,564.997,
CUSR0000SAM,2024,M07,564.593,
CUSR0000SAM,2024,M08,564.183,
CUSR0000SAM,2024,M09,566.256,
CUSR0000SAM,2024,M10,567.974,
CUSR0000SAM,2024,M11,569.476,
CUSR0000SAM,2024,M12,570.110,
CUSR0000SAM,2025,M01,571.366,
CUSR0000SAM,2025,M02,573.284,
CUSR0000SAM,2025,M03,574.069,
CUSR0000SAM,2025,M04,576.548,
CUSR0000SAM,2025,M05,578.073,
CUSR0000SAM,2025,M06,580.527,
CUSR0000SAM,2025,M07,584.450,
CUSR0000SAM,2025,M08,583.809,
CUSR0000SAM,2025,M09,584.872,
CUSR0000SAM,2025,M10,-,Data unavailable due to the 2025 lapse in appropriations
CUSR0000SAM,2025,M11,585.987,
CUSR0000SAM,2025,M12,588.092,
CUSR0000SAM,2026,M01,589.610,
CUSR0000SAM,2026,M02,592.554,
CUSR0000SAM,2026,M03,591.587,
CUSR0000SAM,2026,M04,591.202,
CUSR0000SAM,2026,M05,593.057,
CUSR0000SAM,2026,M06,592.283,
CUSR0000SAM,2026,M07,594.393,
CUSR0000SAM1,1997,M01,213.0,
CUSR0000SAM1,1997,M02,213.8,
CUSR0000SAM1,1997,M03,214.5,
CUSR0000SAM1,1997,M04,214.9,
CUSR0000SAM1,1997,M05,215.5,
CUSR0000SAM1,1997,M06,215.6,
CUSR0000SAM1,1997,M07,215.6,
CUSR0000SAM1,1997,M08,215.4,
CUSR0000SAM1,1997,M09,215.5,
CUSR0000SAM1,1997,M10,215.9,
CUSR0000SAM1,1997,M11,216.3,
CUSR0000SAM1,1997,M12,217.1,
CUSR0000SAM1,1998,M01,217.9,
CUSR0000SAM1,1998,M02,218.3,
CUSR0000SAM1,1998,M03,218.3,
CUSR0000SAM1,1998,M04,219.8,
CUSR0000SAM1,1998,M05,221.2,
CUSR0000SAM1,1998,M06,221.6,
CUSR0000SAM1,1998,M07,221.8,
CUSR0000SAM1,1998,M08,223.0,
CUSR0000SAM1,1998,M09,224.2,
CUSR0000SAM1,1998,M10,224.6,
CUSR0000SAM1,1998,M11,225.1,
CUSR0000SAM1,1998,M12,226.0,
CUSR0000SAM1,1999,M01,226.2,
CUSR0000SAM1,1999,M02,226.9,
CUSR0000SAM1,1999,M03,227.6,
CUSR0000SAM1,1999,M04,229.0,
CUSR0000SAM1,1999,M05,229.2,
CUSR0000SAM1,1999,M06,230.0,
CUSR0000SAM1,1999,M07,231.2,
CUSR0000SAM1,1999,M08,232.3,
CUSR0000SAM1,1999,M09,233.1,
CUSR0000SAM1,1999,M10,233.6,
CUSR0000SAM1,1999,M11,234.4,
CUSR0000SAM1,1999,M12,234.9,
CUSR0000SAM1,2000,M01,235.5,
CUSR0000SAM1,2000,M02,235.6,
CUSR0000SAM1,2000,M03,236.2,
CUSR0000SAM1,2000,M04,236.8,
CUSR0000SAM1,2000,M05,237.4,
CUSR0000SAM1,2000,M06,237.7,
CUSR0000SAM1,2000,M07,238.1,
CUSR0000SAM1,2000,M08,238.9,
CUSR0000SAM1,2000,M09,239.4,
CUSR0000SAM1,2000,M10,239.9,
CUSR0000SAM1,2000,M11,240.6,
CUSR0000SAM1,2000,M12,241.5,
CUSR0000SAM1,2001,M01,242.6,
CUSR0000SAM1,2001,M02,243.8,
CUSR0000SAM1,2001,M03,244.8,
CUSR0000SAM1,2001,M04,245.6,
CUSR0000SAM1,2001,M05,246.5,
CUSR0000SAM1,2001,M06,247.8,
CUSR0000SAM1,2001,M07,248.0,
CUSR0000SAM1,2001,M08,248.8,
CUSR0000SAM1,2001,M09,249.6,
CUSR0000SAM1,2001,M10,250.5,
CUSR0000SAM1,2001,M11,251.1,
CUSR0000SAM1,2001,M12,252.0,
CUSR0000SAM1,2002,M01,252.9,
CUSR0000SAM1,2002,M02,253.6,
CUSR0000SAM1,2002,M03,254.0,
CUSR0000SAM1,2002,M04,254.7,
CUSR0000SAM1,2002,M05,255.3,
CUSR0000SAM1,2002,M06,256.1,
CUSR0000SAM1,2002,M07,257.0,
CUSR0000SAM1,2002,M08,257.4,
CUSR0000SAM1,2002,M09,257.8,
CUSR0000SAM1,2002,M10,258.5,
CUSR0000SAM1,2002,M11,259.6,
CUSR0000SAM1,2002,M12,260.0,
CUSR0000SAM1,2003,M01,260.6,
CUSR0000SAM1,2003,M02,260.3,
CUSR0000SAM1,2003,M03,261.3,
CUSR0000SAM1,2003,M04,261.5,
CUSR0000SAM1,2003,M05,261.7,
CUSR0000SAM1,2003,M06,261.8,
CUSR0000SAM1,2003,M07,263.2,
CUSR0000SAM1,2003,M08,263.9,
CUSR0000SAM1,2003,M09,264.8,
CUSR0000SAM1,2003,M10,264.8,
CUSR0000SAM1,2003,M11,264.3,
CUSR0000SAM1,2003,M12,265.6,
CUSR0000SAM1,2004,M01,265.8,
CUSR0000SAM1,2004,M02,266.6,
CUSR0000SAM1,2004,M03,267.2,
CUSR0000SAM1,2004,M04,268.4,
CUSR0000SAM1,2004,M05,269.0,
CUSR0000SAM1,2004,M06,269.4,
CUSR0000SAM1,2004,M07,269.6,
CUSR0000SAM1,2004,M08,269.9,
CUSR0000SAM1,2004,M09,270.8,
CUSR0000SAM1,2004,M10,271.8,
CUSR0000SAM1,2004,M11,271.4,
CUSR0000SAM1,2004,M12,271.4,
CUSR0000SAM1,2005,M01,271.6,
CUSR0000SAM1,2005,M02,272.8,
CUSR0000SAM1,2005,M03,273.2,
CUSR0000SAM1,2005,M04,273.5,
CUSR0000SAM1,2005,M05,274.6,
CUSR0000SAM1,2005,M06,275.6,
CUSR0000SAM1,2005,M07,276.3,
CUSR0000SAM1,2005,M08,276.8,
CUSR0000SAM1,2005,M09,277.7,
CUSR0000SAM1,2005,M10,278.9,
CUSR0000SAM1,2005,M11,280.3,
CUSR0000SAM1,2005,M12,280.8,
CUSR0000SAM1,2006,M01,282.0,
CUSR0000SAM1,2006,M02,283.1,
CUSR0000SAM1,2006,M03,284.3,
CUSR0000SAM1,2006,M04,285.3,
CUSR0000SAM1,2006,M05,286.3,
CUSR0000SAM1,2006,M06,286.3,
CUSR0000SAM1,2006,M07,287.1,
CUSR0000SAM1,2006,M08,287.6,
CUSR0000SAM1,2006,M09,288.1,
CUSR0000SAM1,2006,M10,288.1,
CUSR0000SAM1,2006,M11,286.6,
CUSR0000SAM1,2006,M12,285.9,
CUSR0000SAM1,2007,M01,288.088,
CUSR0000SAM1,2007,M02,287.703,
CUSR0000SAM1,2007,M03,286.940,
CUSR0000SAM1,2007,M04,288.349,
CUSR0000SAM1,2007,M05,288.661,
CUSR0000SAM1,2007,M06,288.508,
CUSR0000SAM1,2007,M07,290.257,
CUSR0000SAM1,2007,M08,291.164,
CUSR0000SAM1,2007,M09,291.340,
CUSR0000SAM1,2007,M10,292.161,
CUSR0000SAM1,2007,M11,293.201,
CUSR0000SAM1,2007,M12,293.610,
CUSR0000SAM1,2008,M01,295.472,
CUSR0000SAM1,2008,M02,295.396,
CUSR0000SAM1,2008,M03,296.363,
CUSR0000SAM1,2008,M04,295.983,
CUSR0000SAM1,2008,M05,294.247,
CUSR0000SAM1,2008,M06,295.223,
CUSR0000SAM1,2008,M07,295.091,
CUSR0000SAM1,2008,M08,295.323,
CUSR0000SAM1,2008,M09,295.811,
CUSR0000SAM1,2008,M10,296.428,
CUSR0000SAM1,2008,M11,297.997,
CUSR0000SAM1,2008,M12,299.500,
CUSR0000SAM1,2009,M01,300.050,
CUSR0000SAM1,2009,M02,301.237,
CUSR0000SAM1,2009,M03,301.662,
CUSR0000SAM1,2009,M04,302.858,
CUSR0000SAM1,2009,M05,304.028,
CUSR0000SAM1,2009,M06,304.841,
CUSR0000SAM1,2009,M07,304.686,
CUSR0000SAM1,2009,M08,306.180,
CUSR0000SAM1,2009,M09,308.017,
CUSR0000SAM1,2009,M10,308.990,
CUSR0000SAM1,2009,M11,309.306,
CUSR0000SAM1,2009,M12,309.479,
CUSR0000SAM1,2010,M01,310.591,
CUSR0000SAM1,2010,M02,311.761,
CUSR0000SAM1,2010,M03,312.658,
CUSR0000SAM1,2010,M04,313.219,
CUSR0000SAM1,2010,M05,314.192,
CUSR0000SAM1,2010,M06,314.995,
CUSR0000SAM1,2010,M07,314.622,
CUSR0000SAM1,2010,M08,315.394,
CUSR0000SAM1,2010,M09,316.177,
CUSR0000SAM1,2010,M10,316.646,
CUSR0000SAM1,2010,M11,317.612,
CUSR0000SAM1,2010,M12,318.516,
CUSR0000SAM1,2011,M01,319.314,
CUSR0000SAM1,2011,M02,320.215,
CUSR0000SAM1,2011,M03,321.400,
CUSR0000SAM1,2011,M04,322.984,
CUSR0000SAM1,2011,M05,323.766,
CUSR0000SAM1,2011,M06,324.134,
CUSR0000SAM1,2011,M07,324.442,
CUSR0000SAM1,2011,M08,324.642,
CUSR0000SAM1,2011,M09,325.278,
CUSR0000SAM1,2011,M10,326.375,
CUSR0000SAM1,2011,M11,327.387,
CUSR0000SAM1,2011,M12,328.841,
CUSR0000SAM1,2012,M01,329.815,
CUSR0000SAM1,2012,M02,330.771,
CUSR0000SAM1,2012,M03,332.040,
CUSR0000SAM1,2012,M04,331.999,
CUSR0000SAM1,2012,M05,332.691,
CUSR0000SAM1,2012,M06,333.443,
CUSR0000SAM1,2012,M07,335.101,
CUSR0000SAM1,2012,M08,335.928,
CUSR0000SAM1,2012,M09,335.625,
CUSR0000SAM1,2012,M10,336.046,
CUSR0000SAM1,2012,M11,335.042,
CUSR0000SAM1,2012,M12,334.536,
CUSR0000SAM1,2013,M01,334.758,
CUSR0000SAM1,2013,M02,333.152,
CUSR0000SAM1,2013,M03,334.216,
CUSR0000SAM1,2013,M04,334.512,
CUSR0000SAM1,2013,M05,333.238,
CUSR0000SAM1,2013,M06,334.098,
CUSR0000SAM1,2013,M07,334.553,
CUSR0000SAM1,2013,M08,335.525,
CUSR0000SAM1,2013,M09,336.195,
CUSR0000SAM1,2013,M10,337.573,
CUSR0000SAM1,2013,M11,337.635,
CUSR0000SAM1,2013,M12,335.662,
CUSR0000SAM1,2014,M01,337.509,
CUSR0000SAM1,2014,M02,338.846,
CUSR0000SAM1,2014,M03,338.579,
CUSR0000SAM1,2014,M04,340.115,
CUSR0000SAM1,2014,M05,341.480,
CUSR0000SAM1,2014,M06,343.429,
CUSR0000SAM1,2014,M07,344.584,
CUSR0000SAM1,2014,M08,344.142,
CUSR0000SAM1,2014,M09,345.900,
CUSR0000SAM1,2014,M10,346.426,
CUSR0000SAM1,2014,M11,348.385,
CUSR0000SAM1,2014,M12,351.841,
CUSR0000SAM1,2015,M01,350.879,
CUSR0000SAM1,2015,M02,352.412,
CUSR0000SAM1,2015,M03,353.232,
CUSR0000SAM1,2015,M04,353.849,
CUSR0000SAM1,2015,M05,355.061,
CUSR0000SAM1,2015,M06,354.805,
CUSR0000SAM1,2015,M07,355.071,
CUSR0000SAM1,2015,M08,354.906,
CUSR0000SAM1,2015,M09,355.558,
CUSR0000SAM1,2015,M10,355.954,
CUSR0000SAM1,2015,M11,357.033,
CUSR0000SAM1,2015,M12,356.956,
CUSR0000SAM1,2016,M01,357.414,
CUSR0000SAM1,2016,M02,361.435,
CUSR0000SAM1,2016,M03,362.386,
CUSR0000SAM1,2016,M04,363.843,
CUSR0000SAM1,2016,M05,361.866,
CUSR0000SAM1,2016,M06,364.501,
CUSR0000SAM1,2016,M07,366.784,
CUSR0000SAM1,2016,M08,372.106,
CUSR0000SAM1,2016,M09,374.142,
CUSR0000SAM1,2016,M10,373.792,
CUSR0000SAM1,2016,M11,371.540,
CUSR0000SAM1,2016,M12,371.561,
CUSR0000SAM1,2017,M01,374.150,
CUSR0000SAM1,2017,M02,376.078,
CUSR0000SAM1,2017,M03,376.440,
CUSR0000SAM1,2017,M04,373.231,
CUSR0000SAM1,2017,M05,373.631,
CUSR0000SAM1,2017,M06,376.182,
CUSR0000SAM1,2017,M07,380.302,
CUSR0000SAM1,2017,M08,381.114,
CUSR0000SAM1,2017,M09,377.869,
CUSR0000SAM1,2017,M10,377.038,
CUSR0000SAM1,2017,M11,378.328,
CUSR0000SAM1,2017,M12,380.087,
CUSR0000SAM1,2018,M01,380.846,
CUSR0000SAM1,2018,M02,381.975,
CUSR0000SAM1,2018,M03,381.804,
CUSR0000SAM1,2018,M04,380.479,
CUSR0000SAM1,2018,M05,383.734,
CUSR0000SAM1,2018,M06,385.121,
CUSR0000SAM1,2018,M07,381.954,
CUSR0000SAM1,2018,M08,382.171,
CUSR0000SAM1,2018,M09,380.535,
CUSR0000SAM1,2018,M10,379.662,
CUSR0000SAM1,2018,M11,380.658,
CUSR0000SAM1,2018,M12,378.190,
CUSR0000SAM1,2019,M01,379.777,
CUSR0000SAM1,2019,M02,377.949,
CUSR0000SAM1,2019,M03,379.568,
CUSR0000SAM1,2019,M04,381.256,
CUSR0000SAM1,2019,M05,381.066,
CUSR0000SAM1,2019,M06,379.462,
CUSR0000SAM1,2019,M07,380.278,
CUSR0000SAM1,2019,M08,382.519,
CUSR0000SAM1,2019,M09,379.530,
CUSR0000SAM1,2019,M10,383.498,
CUSR0000SAM1,2019,M11,383.025,
CUSR0000SAM1,2019,M12,387.533,
CUSR0000SAM1,2020,M01,386.331,
CUSR0000SAM1,2020,M02,384.701,
CUSR0000SAM1,2020,M03,384.498,
CUSR0000SAM1,2020,M04,383.911,
CUSR0000SAM1,2020,M05,384.304,
CUSR0000SAM1,2020,M06,384.259,
CUSR0000SAM1,2020,M07,384.377,
CUSR0000SAM1,2020,M08,385.409,
CUSR0000SAM1,2020,M09,383.031,
CUSR0000SAM1,2020,M10,380.371,
CUSR0000SAM1,2020,M11,378.810,
CUSR0000SAM1,2020,M12,377.921,
CUSR0000SAM1,2021,M01,377.546,
CUSR0000SAM1,2021,M02,374.905,
CUSR0000SAM1,2021,M03,375.111,
CUSR0000SAM1,2021,M04,377.284,
CUSR0000SAM1,2021,M05,377.191,
CUSR0000SAM1,2021,M06,375.697,
CUSR0000SAM1,2021,M07,376.323,
CUSR0000SAM1,2021,M08,375.685,
CUSR0000SAM1,2021,M09,376.842,
CUSR0000SAM1,2021,M10,379.003,
CUSR0000SAM1,2021,M11,379.483,
CUSR0000SAM1,2021,M12,379.611,
CUSR0000SAM1,2022,M01,382.984,
CUSR0000SAM1,2022,M02,384.304,
CUSR0000SAM1,2022,M03,385.084,
CUSR0000SAM1,2022,M04,385.307,
CUSR0000SAM1,2022,M05,386.273,
CUSR0000SAM1,2022,M06,387.787,
CUSR0000SAM1,2022,M07,390.077,
CUSR0000SAM1,2022,M08,391.032,
CUSR0000SAM1,2022,M09,390.677,
CUSR0000SAM1,2022,M10,390.614,
CUSR0000SAM1,2022,M11,391.360,
CUSR0000SAM1,2022,M12,391.809,
CUSR0000SAM1,2023,M01,395.981,
CUSR0000SAM1,2023,M02,396.560,
CUSR0000SAM1,2023,M03,398.917,
CUSR0000SAM1,2023,M04,400.755,
CUSR0000SAM1,2023,M05,403.358,
CUSR0000SAM1,2023,M06,404.109,
CUSR0000SAM1,2023,M07,406.169,
CUSR0000SAM1,2023,M08,408.437,
CUSR0000SAM1,2023,M09,407.250,
CUSR0000SAM1,2023,M10,408.965,
CUSR0000SAM1,2023,M11,410.847,
CUSR0000SAM1,2023,M12,410.365,
CUSR0000SAM1,2024,M01,407.879,
CUSR0000SAM1,2024,M02,408.246,
CUSR0000SAM1,2024,M03,408.919,
CUSR0000SAM1,2024,M04,410.743,
CUSR0000SAM1,2024,M05,416.001,
CUSR0000SAM1,2024,M06,416.812,
CUSR0000SAM1,2024,M07,417.465,
CUSR0000SAM1,2024,M08,416.538,
CUSR0000SAM1,2024,M09,413.708,
CUSR0000SAM1,2024,M10,412.914,
CUSR0000SAM1,2024,M11,412.424,
CUSR0000SAM1,2024,M12,412.381,
CUSR0000SAM1,2025,M01,417.214,
CUSR0000SAM1,2025,M02,417.702,
CUSR0000SAM1,2025,M03,412.995,
CUSR0000SAM1,2025,M04,414.709,
CUSR0000SAM1,2025,M05,417.149,
CUSR0000SAM1,2025,M06,417.575,
CUSR0000SAM1,2025,M07,417.800,
CUSR0000SAM1,2025,M08,416.721,
CUSR0000SAM1,2025,M09,416.471,
CUSR0000SAM1,2025,M10,-,Data unavailable due to the 2025 lapse in appropriations
CUSR0000SAM1,2025,M11,417.161,
CUSR0000SAM1,2025,M12,418.532,
CUSR0000SAM1,2026,M01,418.270,
CUSR0000SAM1,2026,M02,418.113,
CUSR0000SAM1,2026,M03,414.032,
CUSR0000SAM1,2026,M04,412.564,
CUSR0000SAM1,2026,M05,409.628,
CUSR0000SAM1,2026,M06,408.974,
CUSR0000SAM1,2026,M07,406.462,
CUSR0000SAM2,1997,M01,236.2,
CUSR0000SAM2,1997,M02,236.5,
CUSR0000SAM2,1997,M03,237.3,
CUSR0000SAM2,1997,M04,237.8,
CUSR0000SAM2,1997,M05,238.4,
CUSR0000SAM2,1997,M06,238.8,
CUSR0000SAM2,1997,M07,239.1,
CUSR0000SAM2,1997,M08,239.7,
CUSR0000SAM2,1997,M09,240.2,
CUSR0000SAM2,1997,M10,240.8,
CUSR0000SAM2,1997,M11,241.7,
CUSR0000SAM2,1997,M12,242.6,
CUSR0000SAM2,1998,M01,242.8,
CUSR0000SAM2,1998,M02,243.6,
CUSR0000SAM2,1998,M03,244.3,
CUSR0000SAM2,1998,M04,245.0,
CUSR0000SAM2,1998,M05,245.8,
CUSR0000SAM2,1998,M06,246.5,
CUSR0000SAM2,1998,M07,247.3,
CUSR0000SAM2,1998,M08,248.0,
CUSR0000SAM2,1998,M09,248.6,
CUSR0000SAM2,1998,M10,249.4,
CUSR0000SAM2,1998,M11,249.9,
CUSR0000SAM2,1998,M12,250.5,
CUSR0000SAM2,1999,M01,251.2,
CUSR0000SAM2,1999,M02,252.0,
CUSR0000SAM2,1999,M03,252.5,
CUSR0000SAM2,1999,M04,253.1,
CUSR0000SAM2,1999,M05,253.9,
CUSR0000SAM2,1999,M06,254.6,
CUSR0000SAM2,1999,M07,255.4,
CUSR0000SAM2,1999,M08,256.0,
CUSR0000SAM2,1999,M09,256.8,
CUSR0000SAM2,1999,M10,257.5,
CUSR0000SAM2,1999,M11,258.3,
CUSR0000SAM2,1999,M12,259.4,
CUSR0000SAM2,2000,M01,260.1,
CUSR0000SAM2,2000,M02,261.3,
CUSR0000SAM2,2000,M03,262.6,
CUSR0000SAM2,2000,M04,263.4,
CUSR0000SAM2,2000,M05,264.3,
CUSR0000SAM2,2000,M06,265.6,
CUSR0000SAM2,2000,M07,266.6,
CUSR0000SAM2,2000,M08,267.9,
CUSR0000SAM2,2000,M09,269.0,
CUSR0000SAM2,2000,M10,269.9,
CUSR0000SAM2,2000,M11,270.4,
CUSR0000SAM2,2000,M12,271.3,
CUSR0000SAM2,2001,M01,273.0,
CUSR0000SAM2,2001,M02,274.1,
CUSR0000SAM2,2001,M03,275.2,
CUSR0000SAM2,2001,M04,276.3,
CUSR0000SAM2,2001,M05,277.2,
CUSR0000SAM2,2001,M06,278.2,
CUSR0000SAM2,2001,M07,278.7,
CUSR0000SAM2,2001,M08,280.4,
CUSR0000SAM2,2001,M09,281.3,
CUSR0000SAM2,2001,M10,282.5,
CUSR0000SAM2,2001,M11,283.7,
CUSR0000SAM2,2001,M12,284.5,
CUSR0000SAM2,2002,M01,286.3,
CUSR0000SAM2,2002,M02,286.9,
CUSR0000SAM2,2002,M03,288.1,
CUSR0000SAM2,2002,M04,289.6,
CUSR0000SAM2,2002,M05,291.0,
CUSR0000SAM2,2002,M06,291.6,
CUSR0000SAM2,2002,M07,293.7,
CUSR0000SAM2,2002,M08,294.7,
CUSR0000SAM2,2002,M09,295.7,
CUSR0000SAM2,2002,M10,297.7,
CUSR0000SAM2,2002,M11,299.2,
CUSR0000SAM2,2002,M12,300.3,
CUSR0000SAM2,2003,M01,300.9,
CUSR0000SAM2,2003,M02,301.4,
CUSR0000SAM2,2003,M03,301.6,
CUSR0000SAM2,2003,M04,302.4,
CUSR0000SAM2,2003,M05,303.9,
CUSR0000SAM2,2003,M06,305.1,
CUSR0000SAM2,2003,M07,306.3,
CUSR0000SAM2,2003,M08,307.3,
CUSR0000SAM2,2003,M09,308.9,
CUSR0000SAM2,2003,M10,309.8,
CUSR0000SAM2,2003,M11,311.3,
CUSR0000SAM2,2003,M12,312.9,
CUSR0000SAM2,2004,M01,314.0,
CUSR0000SAM2,2004,M02,315.6,
CUSR0000SAM2,2004,M03,317.2,
CUSR0000SAM2,2004,M04,318.4,
CUSR0000SAM2,2004,M05,319.4,
CUSR0000SAM2,2004,M06,320.8,
CUSR0000SAM2,2004,M07,322.1,
CUSR0000SAM2,2004,M08,323.4,
CUSR0000SAM2,2004,M09,324.5,
CUSR0000SAM2,2004,M10,325.7,
CUSR0000SAM2,2004,M11,326.8,
CUSR0000SAM2,2004,M12,328.3,
CUSR0000SAM2,2005,M01,329.7,
CUSR0000SAM2,2005,M02,331.3,
CUSR0000SAM2,2005,M03,332.9,
CUSR0000SAM2,2005,M04,334.2,
CUSR0000SAM2,2005,M05,335.3,
CUSR0000SAM2,2005,M06,336.2,
CUSR0000SAM2,2005,M07,337.8,
CUSR0000SAM2,2005,M08,337.7,
CUSR0000SAM2,2005,M09,338.9,
CUSR0000SAM2,2005,M10,340.6,
CUSR0000SAM2,2005,M11,342.6,
CUSR0000SAM2,2005,M12,343.1,
CUSR0000SAM2,2006,M01,343.1,
CUSR0000SAM2,2006,M02,344.8,
CUSR0000SAM2,2006,M03,346.3,
CUSR0000SAM2,2006,M04,347.6,
CUSR0000SAM2,2006,M05,348.9,
CUSR0000SAM2,2006,M06,350.2,
CUSR0000SAM2,2006,M07,351.2,
CUSR0000SAM2,2006,M08,352.6,
CUSR0000SAM2,2006,M09,353.8,
CUSR0000SAM2,2006,M10,355.0,
CUSR0000SAM2,2006,M11,356.6,
CUSR0000SAM2,2006,M12,357.4,
CUSR0000SAM2,2007,M01,359.851,
CUSR0000SAM2,2007,M02,362.402,
CUSR0000SAM2,2007,M03,363.433,
CUSR0000SAM2,2007,M04,364.840,
CUSR0000SAM2,2007,M05,366.316,
CUSR0000SAM2,2007,M06,367.763,
CUSR0000SAM2,2007,M07,370.111,
CUSR0000SAM2,2007,M08,372.026,
CUSR0000SAM2,2007,M09,373.531,
CUSR0000SAM2,2007,M10,375.689,
CUSR0000SAM2,2007,M11,377.214,
CUSR0000SAM2,2007,M12,378.636,
CUSR0000SAM2,2008,M01,380.089,
CUSR0000SAM2,2008,M02,380.529,
CUSR0000SAM2,2008,M03,381.211,
CUSR0000SAM2,2008,M04,382.144,
CUSR0000SAM2,2008,M05,383.745,
CUSR0000SAM2,2008,M06,384.749,
CUSR0000SAM2,2008,M07,385.496,
CUSR0000SAM2,2008,M08,386.557,
CUSR0000SAM2,2008,M09,387.565,
CUSR0000SAM2,2008,M10,388.269,
CUSR0000SAM2,2008,M11,388.890,
CUSR0000SAM2,2008,M12,390.051,
CUSR0000SAM2,2009,M01,391.333,
CUSR0000SAM2,2009,M02,392.266,
CUSR0000SAM2,2009,M03,393.285,
CUSR0000SAM2,2009,M04,394.700,
CUSR0000SAM2,2009,M05,395.999,
CUSR0000SAM2,2009,M06,396.799,
CUSR0000SAM2,2009,M07,398.036,
CUSR0000SAM2,2009,M08,398.919,
CUSR0000SAM2,2009,M09,399.902,
CUSR0000SAM2,2009,M10,400.792,
CUSR0000SAM2,2009,M11,402.295,
CUSR0000SAM2,2009,M12,403.156,
CUSR0000SAM2,2010,M01,404.972,
CUSR0000SAM2,2010,M02,406.672,
CUSR0000SAM2,2010,M03,408.261,
CUSR0000SAM2,2010,M04,409.253,
CUSR0000SAM2,2010,M05,409.547,
CUSR0000SAM2,2010,M06,410.740,
CUSR0000SAM2,2010,M07,410.809,
CUSR0000SAM2,2010,M08,411.794,
CUSR0000SAM2,2010,M09,414.592,
CUSR0000SAM2,2010,M10,415.287,
CUSR0000SAM2,2010,M11,415.730,
CUSR0000SAM2,2010,M12,416.718,
CUSR0000SAM2,2011,M01,417.162,
CUSR0000SAM2,2011,M02,418.808,
CUSR0000SAM2,2011,M03,419.386,
CUSR0000SAM2,2011,M04,420.691,
CUSR0000SAM2,2011,M05,421.789,
CUSR0000SAM2,2011,M06,422.609,
CUSR0000SAM2,2011,M07,424.055,
CUSR0000SAM2,2011,M08,425.162,
CUSR0000SAM2,2011,M09,426.035,
CUSR0000SAM2,2011,M10,428.187,
CUSR0000SAM2,2011,M11,430.120,
CUSR0000SAM2,2011,M12,431.576,
CUSR0000SAM2,2012,M01,432.797,
CUSR0000SAM2,2012,M02,433.088,
CUSR0000SAM2,2012,M03,434.468,
CUSR0000SAM2,2012,M04,436.191,
CUSR0000SAM2,2012,M05,437.844,
CUSR0000SAM2,2012,M06,440.922,
CUSR0000SAM2,2012,M07,442.625,
CUSR0000SAM2,2012,M08,443.047,
CUSR0000SAM2,2012,M09,444.433,
CUSR0000SAM2,2012,M10,445.120,
CUSR0000SAM2,2012,M11,446.157,
CUSR0000SAM2,2012,M12,447.508,
CUSR0000SAM2,2013,M01,448.525,
CUSR0000SAM2,2013,M02,449.885,
CUSR0000SAM2,2013,M03,451.519,
CUSR0000SAM2,2013,M04,451.305,
CUSR0000SAM2,2013,M05,450.850,
CUSR0000SAM2,2013,M06,453.246,
CUSR0000SAM2,2013,M07,454.064,
CUSR0000SAM2,2013,M08,456.679,
CUSR0000SAM2,2013,M09,457.968,
CUSR0000SAM2,2013,M10,457.801,
CUSR0000SAM2,2013,M11,457.634,
CUSR0000SAM2,2013,M12,458.658,
CUSR0000SAM2,2014,M01,459.825,
CUSR0000SAM2,2014,M02,460.879,
CUSR0000SAM2,2014,M03,462.471,
CUSR0000SAM2,2014,M04,463.308,
CUSR0000SAM2,2014,M05,464.149,
CUSR0000SAM2,2014,M06,464.649,
CUSR0000SAM2,2014,M07,465.125,
CUSR0000SAM2,2014,M08,465.546,
CUSR0000SAM2,2014,M09,466.296,
CUSR0000SAM2,2014,M10,467.008,
CUSR0000SAM2,2014,M11,468.507,
CUSR0000SAM2,2014,M12,469.971,
CUSR0000SAM2,2015,M01,470.198,
CUSR0000SAM2,2015,M02,469.241,
CUSR0000SAM2,2015,M03,471.460,
CUSR0000SAM2,2015,M04,475.195,
CUSR0000SAM2,2015,M05,475.984,
CUSR0000SAM2,2015,M06,475.516,
CUSR0000SAM2,2015,M07,476.271,
CUSR0000SAM2,2015,M08,475.865,
CUSR0000SAM2,2015,M09,477.038,
CUSR0000SAM2,2015,M10,481.074,
CUSR0000SAM2,2015,M11,482.778,
CUSR0000SAM2,2015,M12,483.510,
CUSR0000SAM2,2016,M01,485.346,
CUSR0000SAM2,2016,M02,487.562,
CUSR0000SAM2,2016,M03,488.298,
CUSR0000SAM2,2016,M04,489.828,
CUSR0000SAM2,2016,M05,492.258,
CUSR0000SAM2,2016,M06,493.458,
CUSR0000SAM2,2016,M07,495.805,
CUSR0000SAM2,2016,M08,500.060,
CUSR0000SAM2,2016,M09,500.384,
CUSR0000SAM2,2016,M10,500.424,
CUSR0000SAM2,2016,M11,501.489,
CUSR0000SAM2,2016,M12,502.333,
CUSR0000SAM2,2017,M01,502.654,
CUSR0000SAM2,2017,M02,504.188,
CUSR0000SAM2,2017,M03,504.797,
CUSR0000SAM2,2017,M04,505.071,
CUSR0000SAM2,2017,M05,504.887,
CUSR0000SAM2,2017,M06,505.993,
CUSR0000SAM2,2017,M07,506.889,
CUSR0000SAM2,2017,M08,507.840,
CUSR0000SAM2,2017,M09,509.039,
CUSR0000SAM2,2017,M10,510.005,
CUSR0000SAM2,2017,M11,509.686,
CUSR0000SAM2,2017,M12,510.529,
CUSR0000SAM2,2018,M01,512.784,
CUSR0000SAM2,2018,M02,513.474,
CUSR0000SAM2,2018,M03,515.505,
CUSR0000SAM2,2018,M04,516.618,
CUSR0000SAM2,2018,M05,516.807,
CUSR0000SAM2,2018,M06,518.561,
CUSR0000SAM2,2018,M07,518.347,
CUSR0000SAM2,2018,M08,516.975,
CUSR0000SAM2,2018,M09,518.551,
CUSR0000SAM2,2018,M10,519.664,
CUSR0000SAM2,2018,M11,521.946,
CUSR0000SAM2,2018,M12,524.389,
CUSR0000SAM2,2019,M01,525.384,
CUSR0000SAM2,2019,M02,526.258,
CUSR0000SAM2,2019,M03,527.381,
CUSR0000SAM2,2019,M04,528.889,
CUSR0000SAM2,2019,M05,531.474,
CUSR0000SAM2,2019,M06,533.200,
CUSR0000SAM2,2019,M07,535.551,
CUSR0000SAM2,2019,M08,538.727,
CUSR0000SAM2,2019,M09,541.136,
CUSR0000SAM2,2019,M10,546.096,
CUSR0000SAM2,2019,M11,548.767,
CUSR0000SAM2,2019,M12,550.659,
CUSR0000SAM2,2020,M01,552.331,
CUSR0000SAM2,2020,M02,554.332,
CUSR0000SAM2,2020,M03,556.748,
CUSR0000SAM2,2020,M04,559.620,
CUSR0000SAM2,2020,M05,562.645,
CUSR0000SAM2,2020,M06,564.929,
CUSR0000SAM2,2020,M07,567.284,
CUSR0000SAM2,2020,M08,567.277,
CUSR0000SAM2,2020,M09,568.080,
CUSR0000SAM2,2020,M10,566.288,
CUSR0000SAM2,2020,M11,566.296,
CUSR0000SAM2,2020,M12,565.656,
CUSR0000SAM2,2021,M01,568.379,
CUSR0000SAM2,2021,M02,571.673,
CUSR0000SAM2,2021,M03,572.068,
CUSR0000SAM2,2021,M04,571.948,
CUSR0000SAM2,2021,M05,571.324,
CUSR0000SAM2,2021,M06,570.655,
CUSR0000SAM2,2021,M07,572.051,
CUSR0000SAM2,2021,M08,572.768,
CUSR0000SAM2,2021,M09,572.633,
CUSR0000SAM2,2021,M10,575.606,
CUSR0000SAM2,2021,M11,577.956,
CUSR0000SAM2,2021,M12,579.903,
CUSR0000SAM2,2022,M01,583.642,
CUSR0000SAM2,2022,M02,585.713,
CUSR0000SAM2,2022,M03,588.736,
CUSR0000SAM2,2022,M04,591.756,
CUSR0000SAM2,2022,M05,594.318,
CUSR0000SAM2,2022,M06,598.067,
CUSR0000SAM2,2022,M07,601.434,
CUSR0000SAM2,2022,M08,605.182,
CUSR0000SAM2,2022,M09,609.833,
CUSR0000SAM2,2022,M10,606.869,
CUSR0000SAM2,2022,M11,603.204,
CUSR0000SAM2,2022,M12,603.725,
CUSR0000SAM2,2023,M01,600.978,
CUSR0000SAM2,2023,M02,598.546,
CUSR0000SAM2,2023,M03,594.856,
CUSR0000SAM2,2023,M04,594.041,
CUSR0000SAM2,2023,M05,593.773,
CUSR0000SAM2,2023,M06,593.325,
CUSR0000SAM2,2023,M07,592.422,
CUSR0000SAM2,2023,M08,592.387,
CUSR0000SAM2,2023,M09,593.733,
CUSR0000SAM2,2023,M10,595.016,
CUSR0000SAM2,2023,M11,597.882,
CUSR0000SAM2,2023,M12,600.691,
CUSR0000SAM2,2024,M01,604.626,
CUSR0000SAM2,2024,M02,605.065,
CUSR0000SAM2,2024,M03,607.643,
CUSR0000SAM2,2024,M04,609.702,
CUSR0000SAM2,2024,M05,611.828,
CUSR0000SAM2,2024,M06,612.629,
CUSR0000SAM2,2024,M07,611.874,
CUSR0000SAM2,2024,M08,611.637,
CUSR0000SAM2,2024,M09,615.341,
CUSR0000SAM2,2024,M10,617.892,
CUSR0000SAM2,2024,M11,620.054,
CUSR0000SAM2,2024,M12,620.911,
CUSR0000SAM2,2025,M01,620.949,
CUSR0000SAM2,2025,M02,623.344,
CUSR0000SAM2,2025,M03,625.993,
CUSR0000SAM2,2025,M04,628.719,
CUSR0000SAM2,2025,M05,629.926,
CUSR0000SAM2,2025,M06,633.057,
CUSR0000SAM2,2025,M07,638.219,
CUSR0000SAM2,2025,M08,637.729,
CUSR0000SAM2,2025,M09,639.233,
CUSR0000SAM2,2025,M10,-,Data unavailable due to the 2025 lapse in appropriations
CUSR0000SAM2,2025,M11,640.487,
CUSR0000SAM2,2025,M12,642.832,
CUSR0000SAM2,2026,M01,644.926,
CUSR0000SAM2,2026,M02,648.884,
CUSR0000SAM2,2026,M03,648.945,
CUSR0000SAM2,2026,M04,648.916,
CUSR0000SAM2,2026,M05,652.345,
CUSR0000SAM2,2026,M06,651.533,
CUSR0000SAM2,2026,M07,655.160,
CUSR0000SAR,1997,M01,98.9,
CUSR0000SAR,1997,M02,99.3,
CUSR0000SAR,1997,M03,99.5,
CUSR0000SAR,1997,M04,99.4,
CUSR0000SAR,1997,M05,99.5,
CUSR0000SAR,1997,M06,99.9,
CUSR0000SAR,1997,M07,99.9,
CUSR0000SAR,1997,M08,100.1,
CUSR0000SAR,1997,M09,100.1,
CUSR0000SAR,1997,M10,100.2,
CUSR0000SAR,1997,M11,100.2,
CUSR0000SAR,1997,M12,100.2,
CUSR0000SAR,1998,M01,100.4,
CUSR0000SAR,1998,M02,100.6,
CUSR0000SAR,1998,M03,100.9,
CUSR0000SAR,1998,M04,100.9,
CUSR0000SAR,1998,M05,100.9,
CUSR0000SAR,1998,M06,101.1,
CUSR0000SAR,1998,M07,101.0,
CUSR0000SAR,1998,M08,101.2,
CUSR0000SAR,1998,M09,101.5,
CUSR0000SAR,1998,M10,101.3,
CUSR0000SAR,1998,M11,101.4,
CUSR0000SAR,1998,M12,101.4,
CUSR0000SAR,1999,M01,101.7,
CUSR0000SAR,1999,M02,101.7,
CUSR0000SAR,1999,M03,101.7,
CUSR0000SAR,1999,M04,101.8,
CUSR0000SAR,1999,M05,102.0,
CUSR0000SAR,1999,M06,102.1,
CUSR0000SAR,1999,M07,102.1,
CUSR0000SAR,1999,M08,102.1,
CUSR0000SAR,1999,M09,101.8,
CUSR0000SAR,1999,M10,101.9,
CUSR0000SAR,1999,M11,102.0,
CUSR0000SAR,1999,M12,102.3,
CUSR0000SAR,2000,M01,102.3,
CUSR0000SAR,2000,M02,102.4,
CUSR0000SAR,2000,M03,102.7,
CUSR0000SAR,2000,M04,102.6,
CUSR0000SAR,2000,M05,103.0,
CUSR0000SAR,2000,M06,103.4,
CUSR0000SAR,2000,M07,103.6,
CUSR0000SAR,2000,M08,103.8,
CUSR0000SAR,2000,M09,103.9,
CUSR0000SAR,2000,M10,103.9,
CUSR0000SAR,2000,M11,103.9,
CUSR0000SAR,2000,M12,104.0,
CUSR0000SAR,2001,M01,104.1,
CUSR0000SAR,2001,M02,104.2,
CUSR0000SAR,2001,M03,104.2,
CUSR0000SAR,2001,M04,104.8,
CUSR0000SAR,2001,M05,104.8,
CUSR0000SAR,2001,M06,104.7,
CUSR0000SAR,2001,M07,104.9,
CUSR0000SAR,2001,M08,105.1,
CUSR0000SAR,2001,M09,105.3,
CUSR0000SAR,2001,M10,105.4,
CUSR0000SAR,2001,M11,105.7,
CUSR0000SAR,2001,M12,105.6,
CUSR0000SAR,2002,M01,105.7,
CUSR0000SAR,2002,M02,105.9,
CUSR0000SAR,2002,M03,106.0,
CUSR0000SAR,2002,M04,106.3,
CUSR0000SAR,2002,M05,106.2,
CUSR0000SAR,2002,M06,106.1,
CUSR0000SAR,2002,M07,106.1,
CUSR0000SAR,2002,M08,106.3,
CUSR0000SAR,2002,M09,106.3,
CUSR0000SAR,2002,M10,106.5,
CUSR0000SAR,2002,M11,106.5,
CUSR0000SAR,2002,M12,106.8,
CUSR0000SAR,2003,M01,106.9,
CUSR0000SAR,2003,M02,107.1,
CUSR0000SAR,2003,M03,107.2,
CUSR0000SAR,2003,M04,107.1,
CUSR0000SAR,2003,M05,107.4,
CUSR0000SAR,2003,M06,107.5,
CUSR0000SAR,2003,M07,107.7,
CUSR0000SAR,2003,M08,107.7,
CUSR0000SAR,2003,M09,107.8,
CUSR0000SAR,2003,M10,107.7,
CUSR0000SAR,2003,M11,107.9,
CUSR0000SAR,2003,M12,108.0,
CUSR0000SAR,2004,M01,108.0,
CUSR0000SAR,2004,M02,108.4,
CUSR0000SAR,2004,M03,108.6,
CUSR0000SAR,2004,M04,108.7,
CUSR0000SAR,2004,M05,108.6,
CUSR0000SAR,2004,M06,108.9,
CUSR0000SAR,2004,M07,108.7,
CUSR0000SAR,2004,M08,108.6,
CUSR0000SAR,2004,M09,108.7,
CUSR0000SAR,2004,M10,108.8,
CUSR0000SAR,2004,M11,108.8,
CUSR0000SAR,2004,M12,108.8,
CUSR0000SAR,2005,M01,109.1,
CUSR0000SAR,2005,M02,109.0,
CUSR0000SAR,2005,M03,108.9,
CUSR0000SAR,2005,M04,109.0,
CUSR0000SAR,2005,M05,109.3,
CUSR0000SAR,2005,M06,109.0,
CUSR0000SAR,2005,M07,109.1,
CUSR0000SAR,2005,M08,109.3,
CUSR0000SAR,2005,M09,109.7,
CUSR0000SAR,2005,M10,110.0,
CUSR0000SAR,2005,M11,109.9,
CUSR0000SAR,2005,M12,110.0,
CUSR0000SAR,2006,M01,110.1,
CUSR0000SAR,2006,M02,110.2,
CUSR0000SAR,2006,M03,110.5,
CUSR0000SAR,2006,M04,110.9,
CUSR0000SAR,2006,M05,111.0,
CUSR0000SAR,2006,M06,111.1,
CUSR0000SAR,2006,M07,111.3,
CUSR0000SAR,2006,M08,111.2,
CUSR0000SAR,2006,M09,111.1,
CUSR0000SAR,2006,M10,111.2,
CUSR0000SAR,2006,M11,111.3,
CUSR0000SAR,2006,M12,111.1,
CUSR0000SAR,2007,M01,111.208,
CUSR0000SAR,2007,M02,111.206,
CUSR0000SAR,2007,M03,111.157,
CUSR0000SAR,2007,M04,111.315,
CUSR0000SAR,2007,M05,111.531,
CUSR0000SAR,2007,M06,111.450,
CUSR0000SAR,2007,M07,111.279,
CUSR0000SAR,2007,M08,111.056,
CUSR0000SAR,2007,M09,111.365,
CUSR0000SAR,2007,M10,111.802,
CUSR0000SAR,2007,M11,111.977,
CUSR0000SAR,2007,M12,111.962,
CUSR0000SAR,2008,M01,112.315,
CUSR0000SAR,2008,M02,112.405,
CUSR0000SAR,2008,M03,112.628,
CUSR0000SAR,2008,M04,112.675,
CUSR0000SAR,2008,M05,112.842,
CUSR0000SAR,2008,M06,112.867,
CUSR0000SAR,2008,M07,113.194,
CUSR0000SAR,2008,M08,113.720,
CUSR0000SAR,2008,M09,113.991,
CUSR0000SAR,2008,M10,114.225,
CUSR0000SAR,2008,M11,114.238,
CUSR0000SAR,2008,M12,113.945,
CUSR0000SAR,2009,M01,114.078,
CUSR0000SAR,2009,M02,114.488,
CUSR0000SAR,2009,M03,114.503,
CUSR0000SAR,2009,M04,114.064,
CUSR0000SAR,2009,M05,114.106,
CUSR0000SAR,2009,M06,114.485,
CUSR0000SAR,2009,M07,114.527,
CUSR0000SAR,2009,M08,114.669,
CUSR0000SAR,2009,M09,114.572,
CUSR0000SAR,2009,M10,114.218,
CUSR0000SAR,2009,M11,114.030,
CUSR0000SAR,2009,M12,113.545,
CUSR0000SAR,2010,M01,113.569,
CUSR0000SAR,2010,M02,113.337,
CUSR0000SAR,2010,M03,113.195,
CUSR0000SAR,2010,M04,113.540,
CUSR0000SAR,2010,M05,113.475,
CUSR0000SAR,2010,M06,113.638,
CUSR0000SAR,2010,M07,113.577,
CUSR0000SAR,2010,M08,113.468,
CUSR0000SAR,2010,M09,113.082,
CUSR0000SAR,2010,M10,113.088,
CUSR0000SAR,2010,M11,113.111,
CUSR0000SAR,2010,M12,112.724,
CUSR0000SAR,2011,M01,112.894,
CUSR0000SAR,2011,M02,113.164,
CUSR0000SAR,2011,M03,113.100,
CUSR0000SAR,2011,M04,113.120,
CUSR0000SAR,2011,M05,113.435,
CUSR0000SAR,2011,M06,113.481,
CUSR0000SAR,2011,M07,113.353,
CUSR0000SAR,2011,M08,113.546,
CUSR0000SAR,2011,M09,113.449,
CUSR0000SAR,2011,M10,113.387,
CUSR0000SAR,2011,M11,113.505,
CUSR0000SAR,2011,M12,113.896,
CUSR0000SAR,2012,M01,114.486,
CUSR0000SAR,2012,M02,114.301,
CUSR0000SAR,2012,M03,114.519,
CUSR0000SAR,2012,M04,114.404,
CUSR0000SAR,2012,M05,114.389,
CUSR0000SAR,2012,M06,114.784,
CUSR0000SAR,2012,M07,114.665,
CUSR0000SAR,2012,M08,114.828,
CUSR0000SAR,2012,M09,115.014,
CUSR0000SAR,2012,M10,114.955,
CUSR0000SAR,2012,M11,115.159,
CUSR0000SAR,2012,M12,114.974,
CUSR0000SAR,2013,M01,115.076,
CUSR0000SAR,2013,M02,115.277,
CUSR0000SAR,2013,M03,115.194,
CUSR0000SAR,2013,M04,115.063,
CUSR0000SAR,2013,M05,115.271,
CUSR0000SAR,2013,M06,115.121,
CUSR0000SAR,2013,M07,115.116,
CUSR0000SAR,2013,M08,115.268,
CUSR0000SAR,2013,M09,115.305,
CUSR0000SAR,2013,M10,115.418,
CUSR0000SAR,2013,M11,115.736,
CUSR0000SAR,2013,M12,115.389,
CUSR0000SAR,2014,M01,115.525,
CUSR0000SAR,2014,M02,115.537,
CUSR0000SAR,2014,M03,115.506,
CUSR0000SAR,2014,M04,115.708,
CUSR0000SAR,2014,M05,115.721,
CUSR0000SAR,2014,M06,115.731,
CUSR0000SAR,2014,M07,115.593,
CUSR0000SAR,2014,M08,115.270,
CUSR0000SAR,2014,M09,115.415,
CUSR0000SAR,2014,M10,115.664,
CUSR0000SAR,2014,M11,115.443,
CUSR0000SAR,2014,M12,115.426,
CUSR0000SAR,2015,M01,115.532,
CUSR0000SAR,2015,M02,115.467,
CUSR0000SAR,2015,M03,115.551,
CUSR0000SAR,2015,M04,115.665,
CUSR0000SAR,2015,M05,115.931,
CUSR0000SAR,2015,M06,116.114,
CUSR0000SAR,2015,M07,116.129,
CUSR0000SAR,2015,M08,116.066,
CUSR0000SAR,2015,M09,116.165,
CUSR0000SAR,2015,M10,116.393,
CUSR0000SAR,2015,M11,116.150,
CUSR0000SAR,2015,M12,116.163,
CUSR0000SAR,2016,M01,116.237,
CUSR0000SAR,2016,M02,116.480,
CUSR0000SAR,2016,M03,116.743,
CUSR0000SAR,2016,M04,117.211,
CUSR0000SAR,2016,M05,117.275,
CUSR0000SAR,2016,M06,117.398,
CUSR0000SAR,2016,M07,117.295,
CUSR0000SAR,2016,M08,117.192,
CUSR0000SAR,2016,M09,117.093,
CUSR0000SAR,2016,M10,116.919,
CUSR0000SAR,2016,M11,116.981,
CUSR0000SAR,2016,M12,116.955,
CUSR0000SAR,2017,M01,117.512,
CUSR0000SAR,2017,M02,118.182,
CUSR0000SAR,2017,M03,118.234,
CUSR0000SAR,2017,M04,118.386,
CUSR0000SAR,2017,M05,118.391,
CUSR0000SAR,2017,M06,118.404,
CUSR0000SAR,2017,M07,118.847,
CUSR0000SAR,2017,M08,118.929,
CUSR0000SAR,2017,M09,118.947,
CUSR0000SAR,2017,M10,118.850,
CUSR0000SAR,2017,M11,118.621,
CUSR0000SAR,2017,M12,118.669,
CUSR0000SAR,2018,M01,118.773,
CUSR0000SAR,2018,M02,118.916,
CUSR0000SAR,2018,M03,119.010,
CUSR0000SAR,2018,M04,118.771,
CUSR0000SAR,2018,M05,118.699,
CUSR0000SAR,2018,M06,119.044,
CUSR0000SAR,2018,M07,119.269,
CUSR0000SAR,2018,M08,119.006,
CUSR0000SAR,2018,M09,119.235,
CUSR0000SAR,2018,M10,118.987,
CUSR0000SAR,2018,M11,119.352,
CUSR0000SAR,2018,M12,120.013,
CUSR0000SAR,2019,M01,120.364,
CUSR0000SAR,2019,M02,120.119,
CUSR0000SAR,2019,M03,120.455,
CUSR0000SAR,2019,M04,120.644,
CUSR0000SAR,2019,M05,120.155,
CUSR0000SAR,2019,M06,120.102,
CUSR0000SAR,2019,M07,120.133,
CUSR0000SAR,2019,M08,120.453,
CUSR0000SAR,2019,M09,120.377,
CUSR0000SAR,2019,M10,121.130,
CUSR0000SAR,2019,M11,121.603,
CUSR0000SAR,2019,M12,121.856,
CUSR0000SAR,2020,M01,121.994,
CUSR0000SAR,2020,M02,121.802,
CUSR0000SAR,2020,M03,121.891,
CUSR0000SAR,2020,M04,121.672,
CUSR0000SAR,2020,M05,122.642,
CUSR0000SAR,2020,M06,122.081,
CUSR0000SAR,2020,M07,121.368,
CUSR0000SAR,2020,M08,122.118,
CUSR0000SAR,2020,M09,122.276,
CUSR0000SAR,2020,M10,122.765,
CUSR0000SAR,2020,M11,123.319,
CUSR0000SAR,2020,M12,122.996,
CUSR0000SAR,2021,M01,122.133,
CUSR0000SAR,2021,M02,122.718,
CUSR0000SAR,2021,M03,123.164,
CUSR0000SAR,2021,M04,124.266,
CUSR0000SAR,2021,M05,124.563,
CUSR0000SAR,2021,M06,124.894,
CUSR0000SAR,2021,M07,125.634,
CUSR0000SAR,2021,M08,126.313,
CUSR0000SAR,2021,M09,126.563,
CUSR0000SAR,2021,M10,127.554,
CUSR0000SAR,2021,M11,127.338,
CUSR0000SAR,2021,M12,127.045,
CUSR0000SAR,2022,M01,127.943,
CUSR0000SAR,2022,M02,128.774,
CUSR0000SAR,2022,M03,129.039,
CUSR0000SAR,2022,M04,129.611,
CUSR0000SAR,2022,M05,130.135,
CUSR0000SAR,2022,M06,130.657,
CUSR0000SAR,2022,M07,131.098,
CUSR0000SAR,2022,M08,131.491,
CUSR0000SAR,2022,M09,131.680,
CUSR0000SAR,2022,M10,132.766,
CUSR0000SAR,2022,M11,133.407,
CUSR0000SAR,2022,M12,133.593,
CUSR0000SAR,2023,M01,134.078,
CUSR0000SAR,2023,M02,135.185,
CUSR0000SAR,2023,M03,135.354,
CUSR0000SAR,2023,M04,136.128,
CUSR0000SAR,2023,M05,136.062,
CUSR0000SAR,2023,M06,136.256,
CUSR0000SAR,2023,M07,136.377,
CUSR0000SAR,2023,M08,136.136,
CUSR0000SAR,2023,M09,136.770,
CUSR0000SAR,2023,M10,136.985,
CUSR0000SAR,2023,M11,136.733,
CUSR0000SAR,2023,M12,137.236,
CUSR0000SAR,2024,M01,137.798,
CUSR0000SAR,2024,M02,138.000,
CUSR0000SAR,2024,M03,137.868,
CUSR0000SAR,2024,M04,138.193,
CUSR0000SAR,2024,M05,137.929,
CUSR0000SAR,2024,M06,138.051,
CUSR0000SAR,2024,M07,138.237,
CUSR0000SAR,2024,M08,138.225,
CUSR0000SAR,2024,M09,137.728,
CUSR0000SAR,2024,M10,138.370,
CUSR0000SAR,2024,M11,138.766,
CUSR0000SAR,2024,M12,138.753,
CUSR0000SAR,2025,M01,140.047,
CUSR0000SAR,2025,M02,140.445,
CUSR0000SAR,2025,M03,140.417,
CUSR0000SAR,2025,M04,140.393,
CUSR0000SAR,2025,M05,140.423,
CUSR0000SAR,2025,M06,140.881,
CUSR0000SAR,2025,M07,141.544,
CUSR0000SAR,2025,M08,141.409,
CUSR0000SAR,2025,M09,141.930,
CUSR0000SAR,2025,M10,-,Data unavailable due to the 2025 lapse in appropriations
CUSR0000SAR,2025,M11,141.262,
CUSR0000SAR,2025,M12,142.932,
CUSR0000SAR,2026,M01,143.616,
CUSR0000SAR,2026,M02,143.637,
CUSR0000SAR,2026,M03,143.591,
CUSR0000SAR,2026,M04,143.701,
CUSR0000SAR,2026,M05,144.114,
CUSR0000SAR,2026,M06,144.855,
CUSR0000SAR,2026,M07,145.190,
CUSR0000SAS4,1997,M01,183.7,
CUSR0000SAS4,1997,M02,182.9,
CUSR0000SAS4,1997,M03,184.1,
CUSR0000SAS4,1997,M04,184.7,
CUSR0000SAS4,1997,M05,184.9,
CUSR0000SAS4,1997,M06,184.9,
CUSR0000SAS4,1997,M07,185.5,
CUSR0000SAS4,1997,M08,184.8,
CUSR0000SAS4,1997,M09,185.6,
CUSR0000SAS4,1997,M10,186.7,
CUSR0000SAS4,1997,M11,186.0,
CUSR0000SAS4,1997,M12,186.5,
CUSR0000SAS4,1998,M01,187.4,
CUSR0000SAS4,1998,M02,187.7,
CUSR0000SAS4,1998,M03,187.9,
CUSR0000SAS4,1998,M04,187.8,
CUSR0000SAS4,1998,M05,187.6,
CUSR0000SAS4,1998,M06,187.3,
CUSR0000SAS4,1998,M07,187.6,
CUSR0000SAS4,1998,M08,188.1,
CUSR0000SAS4,1998,M09,187.9,
CUSR0000SAS4,1998,M10,188.0,
CUSR0000SAS4,1998,M11,188.3,
CUSR0000SAS4,1998,M12,188.8,
CUSR0000SAS4,1999,M01,189.2,
CUSR0000SAS4,1999,M02,189.1,
CUSR0000SAS4,1999,M03,190.0,
CUSR0000SAS4,1999,M04,190.5,
CUSR0000SAS4,1999,M05,190.2,
CUSR0000SAS4,1999,M06,189.4,
CUSR0000SAS4,1999,M07,190.8,
CUSR0000SAS4,1999,M08,190.5,
CUSR0000SAS4,1999,M09,190.5,
CUSR0000SAS4,1999,M10,191.9,
CUSR0000SAS4,1999,M11,192.8,
CUSR0000SAS4,1999,M12,193.2,
CUSR0000SAS4,2000,M01,193.4,
CUSR0000SAS4,2000,M02,193.6,
CUSR0000SAS4,2000,M03,194.4,
CUSR0000SAS4,2000,M04,194.7,
CUSR0000SAS4,2000,M05,195.5,
CUSR0000SAS4,2000,M06,196.0,
CUSR0000SAS4,2000,M07,196.1,
CUSR0000SAS4,2000,M08,197.5,
CUSR0000SAS4,2000,M09,197.8,
CUSR0000SAS4,2000,M10,197.2,
CUSR0000SAS4,2000,M11,198.2,
CUSR0000SAS4,2000,M12,198.7,
CUSR0000SAS4,2001,M01,199.7,
CUSR0000SAS4,2001,M02,200.3,
CUSR0000SAS4,2001,M03,199.7,
CUSR0000SAS4,2001,M04,199.8,
CUSR0000SAS4,2001,M05,200.1,
CUSR0000SAS4,2001,M06,201.6,
CUSR0000SAS4,2001,M07,202.0,
CUSR0000SAS4,2001,M08,202.7,
CUSR0000SAS4,2001,M09,203.3,
CUSR0000SAS4,2001,M10,203.7,
CUSR0000SAS4,2001,M11,204.5,
CUSR0000SAS4,2001,M12,204.9,
CUSR0000SAS4,2002,M01,205.9,
CUSR0000SAS4,2002,M02,206.7,
CUSR0000SAS4,2002,M03,207.3,
CUSR0000SAS4,2002,M04,208.0,
CUSR0000SAS4,2002,M05,208.7,
CUSR0000SAS4,2002,M06,208.6,
CUSR0000SAS4,2002,M07,208.8,
CUSR0000SAS4,2002,M08,210.0,
CUSR0000SAS4,2002,M09,210.3,
CUSR0000SAS4,2002,M10,210.9,
CUSR0000SAS4,2002,M11,211.8,
CUSR0000SAS4,2002,M12,212.5,
CUSR0000SAS4,2003,M01,213.1,
CUSR0000SAS4,2003,M02,213.6,
CUSR0000SAS4,2003,M03,214.4,
CUSR0000SAS4,2003,M04,215.2,
CUSR0000SAS4,2003,M05,216.0,
CUSR0000SAS4,2003,M06,216.6,
CUSR0000SAS4,2003,M07,217.1,
CUSR0000SAS4,2003,M08,217.1,
CUSR0000SAS4,2003,M09,217.2,
CUSR0000SAS4,2003,M10,218.8,
CUSR0000SAS4,2003,M11,218.5,
CUSR0000SAS4,2003,M12,218.2,
CUSR0000SAS4,2004,M01,219.5,
CUSR0000SAS4,2004,M02,219.7,
CUSR0000SAS4,2004,M03,219.9,
CUSR0000SAS4,2004,M04,220.0,
CUSR0000SAS4,2004,M05,219.7,
CUSR0000SAS4,2004,M06,219.9,
CUSR0000SAS4,2004,M07,220.5,
CUSR0000SAS4,2004,M08,220.7,
CUSR0000SAS4,2004,M09,220.4,
CUSR0000SAS4,2004,M10,221.3,
CUSR0000SAS4,2004,M11,222.6,
CUSR0000SAS4,2004,M12,222.3,
CUSR0000SAS4,2005,M01,222.5,
CUSR0000SAS4,2005,M02,222.8,
CUSR0000SAS4,2005,M03,223.6,
CUSR0000SAS4,2005,M04,224.5,
CUSR0000SAS4,2005,M05,225.0,
CUSR0000SAS4,2005,M06,225.5,
CUSR0000SAS4,2005,M07,225.9,
CUSR0000SAS4,2005,M08,226.7,
CUSR0000SAS4,2005,M09,227.4,
CUSR0000SAS4,2005,M10,227.4,
CUSR0000SAS4,2005,M11,228.1,
CUSR0000SAS4,2005,M12,228.2,
CUSR0000SAS4,2006,M01,229.0,
CUSR0000SAS4,2006,M02,229.2,
CUSR0000SAS4,2006,M03,229.3,
CUSR0000SAS4,2006,M04,229.9,
CUSR0000SAS4,2006,M05,230.8,
CUSR0000SAS4,2006,M06,231.2,
CUSR0000SAS4,2006,M07,231.4,
CUSR0000SAS4,2006,M08,231.6,
CUSR0000SAS4,2006,M09,232.0,
CUSR0000SAS4,2006,M10,232.1,
CUSR0000SAS4,2006,M11,231.3,
CUSR0000SAS4,2006,M12,231.3,
CUSR0000SAS4,2007,M01,232.078,
CUSR0000SAS4,2007,M02,232.560,
CUSR0000SAS4,2007,M03,232.712,
CUSR0000SAS4,2007,M04,232.592,
CUSR0000SAS4,2007,M05,232.026,
CUSR0000SAS4,2007,M06,232.609,
CUSR0000SAS4,2007,M07,233.398,
CUSR0000SAS4,2007,M08,233.683,
CUSR0000SAS4,2007,M09,234.566,
CUSR0000SAS4,2007,M10,235.382,
CUSR0000SAS4,2007,M11,236.226,
CUSR0000SAS4,2007,M12,236.971,
CUSR0000SAS4,2008,M01,238.170,
CUSR0000SAS4,2008,M02,238.521,
CUSR0000SAS4,2008,M03,240.136,
CUSR0000SAS4,2008,M04,240.542,
CUSR0000SAS4,2008,M05,242.568,
CUSR0000SAS4,2008,M06,244.987,
CUSR0000SAS4,2008,M07,246.460,
CUSR0000SAS4,2008,M08,247.814,
CUSR0000SAS4,2008,M09,248.058,
CUSR0000SAS4,2008,M10,247.806,
CUSR0000SAS4,2008,M11,246.832,
CUSR0000SAS4,2008,M12,246.695,
CUSR0000SAS4,2009,M01,247.831,
CUSR0000SAS4,2009,M02,248.703,
CUSR0000SAS4,2009,M03,248.454,
CUSR0000SAS4,2009,M04,249.081,
CUSR0000SAS4,2009,M05,248.895,
CUSR0000SAS4,2009,M06,248.503,
CUSR0000SAS4,2009,M07,250.113,
CUSR0000SAS4,2009,M08,251.503,
CUSR0000SAS4,2009,M09,253.010,
CUSR0000SAS4,2009,M10,254.501,
CUSR0000SAS4,2009,M11,255.701,
CUSR0000SAS4,2009,M12,256.280,
CUSR0000SAS4,2010,M01,256.323,
CUSR0000SAS4,2010,M02,257.050,
CUSR0000SAS4,2010,M03,257.804,
CUSR0000SAS4,2010,M04,258.306,
CUSR0000SAS4,2010,M05,258.969,
CUSR0000SAS4,2010,M06,259.454,
CUSR0000SAS4,2010,M07,260.122,
CUSR0000SAS4,2010,M08,260.643,
CUSR0000SAS4,2010,M09,260.968,
CUSR0000SAS4,2010,M10,261.804,
CUSR0000SAS4,2010,M11,263.061,
CUSR0000SAS4,2010,M12,263.509,
CUSR0000SAS4,2011,M01,265.218,
CUSR0000SAS4,2011,M02,266.083,
CUSR0000SAS4,2011,M03,267.278,
CUSR0000SAS4,2011,M04,266.841,
CUSR0000SAS4,2011,M05,266.384,
CUSR0000SAS4,2011,M06,267.114,
CUSR0000SAS4,2011,M07,268.279,
CUSR0000SAS4,2011,M08,270.018,
CUSR0000SAS4,2011,M09,270.277,
CUSR0000SAS4,2011,M10,269.736,
CUSR0000SAS4,2011,M11,268.838,
CUSR0000SAS4,2011,M12,270.087,
CUSR0000SAS4,2012,M01,270.785,
CUSR0000SAS4,2012,M02,270.387,
CUSR0000SAS4,2012,M03,271.216,
CUSR0000SAS4,2012,M04,271.231,
CUSR0000SAS4,2012,M05,270.678,
CUSR0000SAS4,2012,M06,270.582,
CUSR0000SAS4,2012,M07,272.538,
CUSR0000SAS4,2012,M08,274.349,
CUSR0000SAS4,2012,M09,275.080,
CUSR0000SAS4,2012,M10,275.312,
CUSR0000SAS4,2012,M11,275.043,
CUSR0000SAS4,2012,M12,277.493,
CUSR0000SAS4,2013,M01,278.810,
CUSR0000SAS4,2013,M02,278.755,
CUSR0000SAS4,2013,M03,279.821,
CUSR0000SAS4,2013,M04,278.226,
CUSR0000SAS4,2013,M05,276.980,
CUSR0000SAS4,2013,M06,277.127,
CUSR0000SAS4,2013,M07,280.653,
CUSR0000SAS4,2013,M08,281.178,
CUSR0000SAS4,2013,M09,281.835,
CUSR0000SAS4,2013,M10,282.240,
CUSR0000SAS4,2013,M11,282.360,
CUSR0000SAS4,2013,M12,282.523,
CUSR0000SAS4,2014,M01,281.981,
CUSR0000SAS4,2014,M02,282.418,
CUSR0000SAS4,2014,M03,283.316,
CUSR0000SAS4,2014,M04,284.251,
CUSR0000SAS4,2014,M05,285.256,
CUSR0000SAS4,2014,M06,285.874,
CUSR0000SAS4,2014,M07,285.695,
CUSR0000SAS4,2014,M08,285.611,
CUSR0000SAS4,2014,M09,285.777,
CUSR0000SAS4,2014,M10,287.239,
CUSR0000SAS4,2014,M11,288.224,
CUSR0000SAS4,2014,M12,287.500,
CUSR0000SAS4,2015,M01,287.871,
CUSR0000SAS4,2015,M02,288.461,
CUSR0000SAS4,2015,M03,288.812,
CUSR0000SAS4,2015,M04,288.928,
CUSR0000SAS4,2015,M05,289.960,
CUSR0000SAS4,2015,M06,290.914,
CUSR0000SAS4,2015,M07,291.671,
CUSR0000SAS4,2015,M08,291.638,
CUSR0000SAS4,2015,M09,291.907,
CUSR0000SAS4,2015,M10,292.578,
CUSR0000SAS4,2015,M11,294.481,
CUSR0000SAS4,2015,M12,295.147,
CUSR0000SAS4,2016,M01,295.589,
CUSR0000SAS4,2016,M02,295.617,
CUSR0000SAS4,2016,M03,296.485,
CUSR0000SAS4,2016,M04,298.876,
CUSR0000SAS4,2016,M05,299.736,
CUSR0000SAS4,2016,M06,300.527,
CUSR0000SAS4,2016,M07,300.422,
CUSR0000SAS4,2016,M08,300.347,
CUSR0000SAS4,2016,M09,299.937,
CUSR0000SAS4,2016,M10,300.301,
CUSR0000SAS4,2016,M11,301.747,
CUSR0000SAS4,2016,M12,303.421,
CUSR0000SAS4,2017,M01,305.057,
CUSR0000SAS4,2017,M02,306.293,
CUSR0000SAS4,2017,M03,307.092,
CUSR0000SAS4,2017,M04,307.570,
CUSR0000SAS4,2017,M05,308.569,
CUSR0000SAS4,2017,M06,309.612,
CUSR0000SAS4,2017,M07,310.184,
CUSR0000SAS4,2017,M08,311.071,
CUSR0000SAS4,2017,M09,311.749,
CUSR0000SAS4,2017,M10,312.971,
CUSR0000SAS4,2017,M11,313.678,
CUSR0000SAS4,2017,M12,314.938,
CUSR0000SAS4,2018,M01,317.514,
CUSR0000SAS4,2018,M02,320.209,
CUSR0000SAS4,2018,M03,320.599,
CUSR0000SAS4,2018,M04,319.913,
CUSR0000SAS4,2018,M05,320.440,
CUSR0000SAS4,2018,M06,321.236,
CUSR0000SAS4,2018,M07,321.994,
CUSR0000SAS4,2018,M08,322.821,
CUSR0000SAS4,2018,M09,324.030,
CUSR0000SAS4,2018,M10,324.406,
CUSR0000SAS4,2018,M11,324.079,
CUSR0000SAS4,2018,M12,324.081,
CUSR0000SAS4,2019,M01,324.545,
CUSR0000SAS4,2019,M02,324.291,
CUSR0000SAS4,2019,M03,323.443,
CUSR0000SAS4,2019,M04,323.795,
CUSR0000SAS4,2019,M05,323.026,
CUSR0000SAS4,2019,M06,323.274,
CUSR0000SAS4,2019,M07,324.049,
CUSR0000SAS4,2019,M08,325.993,
CUSR0000SAS4,2019,M09,326.935,
CUSR0000SAS4,2019,M10,327.196,
CUSR0000SAS4,2019,M11,326.715,
CUSR0000SAS4,2019,M12,326.555,
CUSR0000SAS4,2020,M01,328.113,
CUSR0000SAS4,2020,M02,328.863,
CUSR0000SAS4,2020,M03,321.192,
CUSR0000SAS4,2020,M04,305.569,
CUSR0000SAS4,2020,M05,294.297,
CUSR0000SAS4,2020,M06,300.572,
CUSR0000SAS4,2020,M07,311.944,
CUSR0000SAS4,2020,M08,312.966,
CUSR0000SAS4,2020,M09,310.192,
CUSR0000SAS4,2020,M10,310.119,
CUSR0000SAS4,2020,M11,315.497,
CUSR0000SAS4,2020,M12,315.710,
CUSR0000SAS4,2021,M01,314.584,
CUSR0000SAS4,2021,M02,314.604,
CUSR0000SAS4,2021,M03,316.088,
CUSR0000SAS4,2021,M04,323.087,
CUSR0000SAS4,2021,M05,327.033,
CUSR0000SAS4,2021,M06,331.595,
CUSR0000SAS4,2021,M07,331.279,
CUSR0000SAS4,2021,M08,327.062,
CUSR0000SAS4,2021,M09,323.580,
CUSR0000SAS4,2021,M10,324.022,
CUSR0000SAS4,2021,M11,327.587,
CUSR0000SAS4,2021,M12,328.653,
CUSR0000SAS4,2022,M01,331.128,
CUSR0000SAS4,2022,M02,334.624,
CUSR0000SAS4,2022,M03,339.998,
CUSR0000SAS4,2022,M04,350.551,
CUSR0000SAS4,2022,M05,353.867,
CUSR0000SAS4,2022,M06,362.001,
CUSR0000SAS4,2022,M07,362.387,
CUSR0000SAS4,2022,M08,363.910,
CUSR0000SAS4,2022,M09,370.590,
CUSR0000SAS4,2022,M10,373.364,
CUSR0000SAS4,2022,M11,374.555,
CUSR0000SAS4,2022,M12,376.020,
CUSR0000SAS4,2023,M01,379.324,
CUSR0000SAS4,2023,M02,383.301,
CUSR0000SAS4,2023,M03,386.973,
CUSR0000SAS4,2023,M04,389.255,
CUSR0000SAS4,2023,M05,390.610,
CUSR0000SAS4,2023,M06,392.585,
CUSR0000SAS4,2023,M07,395.366,
CUSR0000SAS4,2023,M08,401.419,
CUSR0000SAS4,2023,M09,404.034,
CUSR0000SAS4,2023,M10,407.895,
CUSR0000SAS4,2023,M11,412.515,
CUSR0000SAS4,2023,M12,412.184,
CUSR0000SAS4,2024,M01,415.761,
CUSR0000SAS4,2024,M02,421.549,
CUSR0000SAS4,2024,M03,428.464,
CUSR0000SAS4,2024,M04,432.501,
CUSR0000SAS4,2024,M05,430.721,
CUSR0000SAS4,2024,M06,428.961,
CUSR0000SAS4,2024,M07,430.228,
CUSR0000SAS4,2024,M08,433.523,
CUSR0000SAS4,2024,M09,438.988,
CUSR0000SAS4,2024,M10,441.339,
CUSR0000SAS4,2024,M11,441.797,
CUSR0000SAS4,2024,M12,442.690,
CUSR0000SAS4,2025,M01,449.760,
CUSR0000SAS4,2025,M02,446.782,
CUSR0000SAS4,2025,M03,441.655,
CUSR0000SAS4,2025,M04,442.689,
CUSR0000SAS4,2025,M05,441.615,
CUSR0000SAS4,2025,M06,442.801,
CUSR0000SAS4,2025,M07,445.555,
CUSR0000SAS4,2025,M08,449.479,
CUSR0000SAS4,2025,M09,450.732,
CUSR0000SAS4,2025,M10,-,Data unavailable due to the 2025 lapse in appropriations
CUSR0000SAS4,2025,M11,448.091,
CUSR0000SAS4,2025,M12,449.949,
CUSR0000SAS4,2026,M01,456.032,
CUSR0000SAS4,2026,M02,457.108,
CUSR0000SAS4,2026,M03,459.912,
CUSR0000SAS4,2026,M04,461.434,
CUSR0000SAS4,2026,M05,458.772,
CUSR0000SAS4,2026,M06,457.169,
CUSR0000SAS4,2026,M07,458.462,
CUSR0000SASLE,1997,M01,182.5,
CUSR0000SASLE,1997,M02,182.8,
CUSR0000SASLE,1997,M03,183.4,
CUSR0000SASLE,1997,M04,183.9,
CUSR0000SASLE,1997,M05,184.3,
CUSR0000SASLE,1997,M06,184.8,
CUSR0000SASLE,1997,M07,185.3,
CUSR0000SASLE,1997,M08,185.6,
CUSR0000SASLE,1997,M09,186.0,
CUSR0000SASLE,1997,M10,186.6,
CUSR0000SASLE,1997,M11,187.0,
CUSR0000SASLE,1997,M12,187.5,
CUSR0000SASLE,1998,M01,188.1,
CUSR0000SASLE,1998,M02,188.5,
CUSR0000SASLE,1998,M03,189.0,
CUSR0000SASLE,1998,M04,189.5,
CUSR0000SASLE,1998,M05,190.0,
CUSR0000SASLE,1998,M06,190.3,
CUSR0000SASLE,1998,M07,190.7,
CUSR0000SASLE,1998,M08,191.2,
CUSR0000SASLE,1998,M09,191.8,
CUSR0000SASLE,1998,M10,192.2,
CUSR0000SASLE,1998,M11,192.8,
CUSR0000SASLE,1998,M12,193.2,
CUSR0000SASLE,1999,M01,193.4,
CUSR0000SASLE,1999,M02,193.7,
CUSR0000SASLE,1999,M03,194.2,
CUSR0000SASLE,1999,M04,194.8,
CUSR0000SASLE,1999,M05,195.1,
CUSR0000SASLE,1999,M06,195.3,
CUSR0000SASLE,1999,M07,195.9,
CUSR0000SASLE,1999,M08,196.2,
CUSR0000SASLE,1999,M09,196.7,
CUSR0000SASLE,1999,M10,197.2,
CUSR0000SASLE,1999,M11,197.9,
CUSR0000SASLE,1999,M12,198.3,
CUSR0000SASLE,2000,M01,199.2,
CUSR0000SASLE,2000,M02,199.5,
CUSR0000SASLE,2000,M03,200.2,
CUSR0000SASLE,2000,M04,200.6,
CUSR0000SASLE,2000,M05,201.2,
CUSR0000SASLE,2000,M06,201.9,
CUSR0000SASLE,2000,M07,202.5,
CUSR0000SASLE,2000,M08,203.2,
CUSR0000SASLE,2000,M09,203.6,
CUSR0000SASLE,2000,M10,204.1,
CUSR0000SASLE,2000,M11,204.7,
CUSR0000SASLE,2000,M12,205.1,
CUSR0000SASLE,2001,M01,206.0,
CUSR0000SASLE,2001,M02,206.6,
CUSR0000SASLE,2001,M03,207.3,
CUSR0000SASLE,2001,M04,207.8,
CUSR0000SASLE,2001,M05,208.4,
CUSR0000SASLE,2001,M06,209.4,
CUSR0000SASLE,2001,M07,209.9,
CUSR0000SASLE,2001,M08,210.8,
CUSR0000SASLE,2001,M09,211.2,
CUSR0000SASLE,2001,M10,211.7,
CUSR0000SASLE,2001,M11,212.7,
CUSR0000SASLE,2001,M12,213.3,
CUSR0000SASLE,2002,M01,214.2,
CUSR0000SASLE,2002,M02,215.0,
CUSR0000SASLE,2002,M03,215.4,
CUSR0000SASLE,2002,M04,216.0,
CUSR0000SASLE,2002,M05,216.6,
CUSR0000SASLE,2002,M06,217.0,
CUSR0000SASLE,2002,M07,217.7,
CUSR0000SASLE,2002,M08,218.5,
CUSR0000SASLE,2002,M09,219.0,
CUSR0000SASLE,2002,M10,219.5,
CUSR0000SASLE,2002,M11,220.2,
CUSR0000SASLE,2002,M12,220.7,
CUSR0000SASLE,2003,M01,221.5,
CUSR0000SASLE,2003,M02,221.8,
CUSR0000SASLE,2003,M03,222.0,
CUSR0000SASLE,2003,M04,222.2,
CUSR0000SASLE,2003,M05,223.1,
CUSR0000SASLE,2003,M06,223.3,
CUSR0000SASLE,2003,M07,224.0,
CUSR0000SASLE,2003,M08,224.4,
CUSR0000SASLE,2003,M09,224.9,
CUSR0000SASLE,2003,M10,225.7,
CUSR0000SASLE,2003,M11,226.0,
CUSR0000SASLE,2003,M12,226.5,
CUSR0000SASLE,2004,M01,227.1,
CUSR0000SASLE,2004,M02,227.4,
CUSR0000SASLE,2004,M03,228.3,
CUSR0000SASLE,2004,M04,229.0,
CUSR0000SASLE,2004,M05,229.5,
CUSR0000SASLE,2004,M06,230.0,
CUSR0000SASLE,2004,M07,230.5,
CUSR0000SASLE,2004,M08,230.9,
CUSR0000SASLE,2004,M09,231.6,
CUSR0000SASLE,2004,M10,232.0,
CUSR0000SASLE,2004,M11,232.5,
CUSR0000SASLE,2004,M12,232.9,
CUSR0000SASLE,2005,M01,233.5,
CUSR0000SASLE,2005,M02,234.2,
CUSR0000SASLE,2005,M03,235.3,
CUSR0000SASLE,2005,M04,235.6,
CUSR0000SASLE,2005,M05,235.9,
CUSR0000SASLE,2005,M06,236.2,
CUSR0000SASLE,2005,M07,236.8,
CUSR0000SASLE,2005,M08,237.1,
CUSR0000SASLE,2005,M09,237.4,
CUSR0000SASLE,2005,M10,238.3,
CUSR0000SASLE,2005,M11,239.2,
CUSR0000SASLE,2005,M12,239.8,
CUSR0000SASLE,2006,M01,240.3,
CUSR0000SASLE,2006,M02,241.1,
CUSR0000SASLE,2006,M03,242.0,
CUSR0000SASLE,2006,M04,242.8,
CUSR0000SASLE,2006,M05,243.7,
CUSR0000SASLE,2006,M06,244.5,
CUSR0000SASLE,2006,M07,245.2,
CUSR0000SASLE,2006,M08,246.0,
CUSR0000SASLE,2006,M09,246.6,
CUSR0000SASLE,2006,M10,247.4,
CUSR0000SASLE,2006,M11,248.0,
CUSR0000SASLE,2006,M12,248.6,
CUSR0000SASLE,2007,M01,249.382,
CUSR0000SASLE,2007,M02,250.242,
CUSR0000SASLE,2007,M03,250.742,
CUSR0000SASLE,2007,M04,251.385,
CUSR0000SASLE,2007,M05,251.991,
CUSR0000SASLE,2007,M06,252.647,
CUSR0000SASLE,2007,M07,253.271,
CUSR0000SASLE,2007,M08,253.874,
CUSR0000SASLE,2007,M09,254.616,
CUSR0000SASLE,2007,M10,255.379,
CUSR0000SASLE,2007,M11,256.164,
CUSR0000SASLE,2007,M12,256.933,
CUSR0000SASLE,2008,M01,257.748,
CUSR0000SASLE,2008,M02,258.158,
CUSR0000SASLE,2008,M03,259.048,
CUSR0000SASLE,2008,M04,259.298,
CUSR0000SASLE,2008,M05,260.029,
CUSR0000SASLE,2008,M06,260.860,
CUSR0000SASLE,2008,M07,261.565,
CUSR0000SASLE,2008,M08,262.226,
CUSR0000SASLE,2008,M09,262.815,
CUSR0000SASLE,2008,M10,263.141,
CUSR0000SASLE,2008,M11,263.492,
CUSR0000SASLE,2008,M12,263.685,
CUSR0000SASLE,2009,M01,264.282,
CUSR0000SASLE,2009,M02,264.654,
CUSR0000SASLE,2009,M03,265.014,
CUSR0000SASLE,2009,M04,265.275,
CUSR0000SASLE,2009,M05,265.477,
CUSR0000SASLE,2009,M06,265.596,
CUSR0000SASLE,2009,M07,265.788,
CUSR0000SASLE,2009,M08,266.401,
CUSR0000SASLE,2009,M09,266.670,
CUSR0000SASLE,2009,M10,267.081,
CUSR0000SASLE,2009,M11,267.076,
CUSR0000SASLE,2009,M12,267.236,
CUSR0000SASLE,2010,M01,266.739,
CUSR0000SASLE,2010,M02,266.943,
CUSR0000SASLE,2010,M03,267.153,
CUSR0000SASLE,2010,M04,267.514,
CUSR0000SASLE,2010,M05,267.853,
CUSR0000SASLE,2010,M06,268.213,
CUSR0000SASLE,2010,M07,268.499,
CUSR0000SASLE,2010,M08,268.689,
CUSR0000SASLE,2010,M09,268.957,
CUSR0000SASLE,2010,M10,269.182,
CUSR0000SASLE,2010,M11,269.669,
CUSR0000SASLE,2010,M12,269.946,
CUSR0000SASLE,2011,M01,270.487,
CUSR0000SASLE,2011,M02,270.989,
CUSR0000SASLE,2011,M03,271.355,
CUSR0000SASLE,2011,M04,271.642,
CUSR0000SASLE,2011,M05,271.984,
CUSR0000SASLE,2011,M06,272.514,
CUSR0000SASLE,2011,M07,273.175,
CUSR0000SASLE,2011,M08,273.952,
CUSR0000SASLE,2011,M09,274.356,
CUSR0000SASLE,2011,M10,274.865,
CUSR0000SASLE,2011,M11,275.296,
CUSR0000SASLE,2011,M12,276.089,
CUSR0000SASLE,2012,M01,276.734,
CUSR0000SASLE,2012,M02,277.010,
CUSR0000SASLE,2012,M03,277.667,
CUSR0000SASLE,2012,M04,278.311,
CUSR0000SASLE,2012,M05,278.721,
CUSR0000SASLE,2012,M06,279.335,
CUSR0000SASLE,2012,M07,279.901,
CUSR0000SASLE,2012,M08,280.521,
CUSR0000SASLE,2012,M09,281.181,
CUSR0000SASLE,2012,M10,281.715,
CUSR0000SASLE,2012,M11,282.143,
CUSR0000SASLE,2012,M12,282.847,
CUSR0000SASLE,2013,M01,283.564,
CUSR0000SASLE,2013,M02,284.195,
CUSR0000SASLE,2013,M03,284.738,
CUSR0000SASLE,2013,M04,284.827,
CUSR0000SASLE,2013,M05,285.137,
CUSR0000SASLE,2013,M06,285.699,
CUSR0000SASLE,2013,M07,286.501,
CUSR0000SASLE,2013,M08,287.271,
CUSR0000SASLE,2013,M09,287.873,
CUSR0000SASLE,2013,M10,288.261,
CUSR0000SASLE,2013,M11,288.894,
CUSR0000SASLE,2013,M12,289.490,
CUSR0000SASLE,2014,M01,290.063,
CUSR0000SASLE,2014,M02,290.590,
CUSR0000SASLE,2014,M03,291.366,
CUSR0000SASLE,2014,M04,292.062,
CUSR0000SASLE,2014,M05,292.806,
CUSR0000SASLE,2014,M06,293.271,
CUSR0000SASLE,2014,M07,293.920,
CUSR0000SASLE,2014,M08,294.350,
CUSR0000SASLE,2014,M09,294.853,
CUSR0000SASLE,2014,M10,295.479,
CUSR0000SASLE,2014,M11,296.127,
CUSR0000SASLE,2014,M12,296.555,
CUSR0000SASLE,2015,M01,297.270,
CUSR0000SASLE,2015,M02,297.702,
CUSR0000SASLE,2015,M03,298.466,
CUSR0000SASLE,2015,M04,299.347,
CUSR0000SASLE,2015,M05,299.910,
CUSR0000SASLE,2015,M06,300.662,
CUSR0000SASLE,2015,M07,301.553,
CUSR0000SASLE,2015,M08,302.054,
CUSR0000SASLE,2015,M09,302.814,
CUSR0000SASLE,2015,M10,303.738,
CUSR0000SASLE,2015,M11,304.599,
CUSR0000SASLE,2015,M12,305.219,
CUSR0000SASLE,2016,M01,306.082,
CUSR0000SASLE,2016,M02,306.819,
CUSR0000SASLE,2016,M03,307.538,
CUSR0000SASLE,2016,M04,308.451,
CUSR0000SASLE,2016,M05,309.421,
CUSR0000SASLE,2016,M06,310.354,
CUSR0000SASLE,2016,M07,310.990,
CUSR0000SASLE,2016,M08,311.824,
CUSR0000SASLE,2016,M09,312.348,
CUSR0000SASLE,2016,M10,312.980,
CUSR0000SASLE,2016,M11,313.848,
CUSR0000SASLE,2016,M12,314.701,
CUSR0000SASLE,2017,M01,315.557,
CUSR0000SASLE,2017,M02,316.398,
CUSR0000SASLE,2017,M03,316.298,
CUSR0000SASLE,2017,M04,316.804,
CUSR0000SASLE,2017,M05,317.379,
CUSR0000SASLE,2017,M06,318.046,
CUSR0000SASLE,2017,M07,318.581,
CUSR0000SASLE,2017,M08,319.594,
CUSR0000SASLE,2017,M09,320.320,
CUSR0000SASLE,2017,M10,321.304,
CUSR0000SASLE,2017,M11,321.847,
CUSR0000SASLE,2017,M12,322.767,
CUSR0000SASLE,2018,M01,323.842,
CUSR0000SASLE,2018,M02,324.616,
CUSR0000SASLE,2018,M03,325.461,
CUSR0000SASLE,2018,M04,326.070,
CUSR0000SASLE,2018,M05,326.999,
CUSR0000SASLE,2018,M06,327.704,
CUSR0000SASLE,2018,M07,328.432,
CUSR0000SASLE,2018,M08,329.054,
CUSR0000SASLE,2018,M09,329.794,
CUSR0000SASLE,2018,M10,330.488,
CUSR0000SASLE,2018,M11,331.189,
CUSR0000SASLE,2018,M12,332.093,
CUSR0000SASLE,2019,M01,332.853,
CUSR0000SASLE,2019,M02,333.622,
CUSR0000SASLE,2019,M03,334.296,
CUSR0000SASLE,2019,M04,335.264,
CUSR0000SASLE,2019,M05,335.821,
CUSR0000SASLE,2019,M06,336.728,
CUSR0000SASLE,2019,M07,337.621,
CUSR0000SASLE,2019,M08,338.548,
CUSR0000SASLE,2019,M09,339.461,
CUSR0000SASLE,2019,M10,340.409,
CUSR0000SASLE,2019,M11,341.296,
CUSR0000SASLE,2019,M12,342.021,
CUSR0000SASLE,2020,M01,343.272,
CUSR0000SASLE,2020,M02,344.125,
CUSR0000SASLE,2020,M03,343.768,
CUSR0000SASLE,2020,M04,342.508,
CUSR0000SASLE,2020,M05,342.329,
CUSR0000SASLE,2020,M06,343.259,
CUSR0000SASLE,2020,M07,345.280,
CUSR0000SASLE,2020,M08,345.913,
CUSR0000SASLE,2020,M09,346.004,
CUSR0000SASLE,2020,M10,346.302,
CUSR0000SASLE,2020,M11,347.166,
CUSR0000SASLE,2020,M12,347.508,
CUSR0000SASLE,2021,M01,347.622,
CUSR0000SASLE,2021,M02,348.449,
CUSR0000SASLE,2021,M03,349.342,
CUSR0000SASLE,2021,M04,351.017,
CUSR0000SASLE,2021,M05,352.150,
CUSR0000SASLE,2021,M06,353.720,
CUSR0000SASLE,2021,M07,355.085,
CUSR0000SASLE,2021,M08,355.355,
CUSR0000SASLE,2021,M09,356.039,
CUSR0000SASLE,2021,M10,357.631,
CUSR0000SASLE,2021,M11,359.116,
CUSR0000SASLE,2021,M12,360.353,
CUSR0000SASLE,2022,M01,361.776,
CUSR0000SASLE,2022,M02,363.705,
CUSR0000SASLE,2022,M03,365.600,
CUSR0000SASLE,2022,M04,368.292,
CUSR0000SASLE,2022,M05,370.356,
CUSR0000SASLE,2022,M06,373.179,
CUSR0000SASLE,2022,M07,374.896,
CUSR0000SASLE,2022,M08,376.951,
CUSR0000SASLE,2022,M09,379.719,
CUSR0000SASLE,2022,M10,381.747,
CUSR0000SASLE,2022,M11,383.604,
CUSR0000SASLE,2022,M12,385.666,
CUSR0000SASLE,2023,M01,387.676,
CUSR0000SASLE,2023,M02,390.116,
CUSR0000SASLE,2023,M03,391.613,
CUSR0000SASLE,2023,M04,393.434,
CUSR0000SASLE,2023,M05,394.692,
CUSR0000SASLE,2023,M06,396.150,
CUSR0000SASLE,2023,M07,397.813,
CUSR0000SASLE,2023,M08,399.157,
CUSR0000SASLE,2023,M09,401.294,
CUSR0000SASLE,2023,M10,402.788,
CUSR0000SASLE,2023,M11,404.695,
CUSR0000SASLE,2023,M12,406.159,
CUSR0000SASLE,2024,M01,408.579,
CUSR0000SASLE,2024,M02,410.539,
CUSR0000SASLE,2024,M03,412.733,
CUSR0000SASLE,2024,M04,414.371,
CUSR0000SASLE,2024,M05,415.245,
CUSR0000SASLE,2024,M06,416.080,
CUSR0000SASLE,2024,M07,417.361,
CUSR0000SASLE,2024,M08,418.852,
CUSR0000SASLE,2024,M09,420.377,
CUSR0000SASLE,2024,M10,422.040,
CUSR0000SASLE,2024,M11,423.277,
CUSR0000SASLE,2024,M12,424.227,
CUSR0000SASLE,2025,M01,426.204,
CUSR0000SASLE,2025,M02,427.422,
CUSR0000SASLE,2025,M03,427.911,
CUSR0000SASLE,2025,M04,429.192,
CUSR0000SASLE,2025,M05,429.914,
CUSR0000SASLE,2025,M06,431.105,
CUSR0000SASLE,2025,M07,432.617,
CUSR0000SASLE,2025,M08,433.984,
CUSR0000SASLE,2025,M09,434.996,
CUSR0000SASLE,2025,M10,-,Data unavailable due to the 2025 lapse in appropriations
CUSR0000SASLE,2025,M11,435.903,
CUSR0000SASLE,2025,M12,437.090,
CUSR0000SASLE,2026,M01,438.784,
CUSR0000SASLE,2026,M02,439.959,
CUSR0000SASLE,2026,M03,440.951,
CUSR0000SASLE,2026,M04,443.154,
CUSR0000SASLE,2026,M05,444.460,
CUSR0000SASLE,2026,M06,444.602,
CUSR0000SASLE,2026,M07,445.616,
CUSR0000SEEE,2006,M01,193.4,
CUSR0000SEEE,2006,M02,191.9,
CUSR0000SEEE,2006,M03,191.9,
CUSR0000SEEE,2006,M04,190.4,
CUSR0000SEEE,2006,M05,189.0,
CUSR0000SEEE,2006,M06,189.0,
CUSR0000SEEE,2006,M07,189.0,
CUSR0000SEEE,2006,M08,186.0,
CUSR0000SEEE,2006,M09,183.0,
CUSR0000SEEE,2006,M10,177.1,
CUSR0000SEEE,2006,M11,171.1,
CUSR0000SEEE,2006,M12,166.6,
CUSR0000SEEE,2007,M01,161.846,
CUSR0000SEEE,2007,M02,161.221,
CUSR0000SEEE,2007,M03,160.924,
CUSR0000SEEE,2007,M04,160.968,
CUSR0000SEEE,2007,M05,160.224,
CUSR0000SEEE,2007,M06,157.888,
CUSR0000SEEE,2007,M07,156.802,
CUSR0000SEEE,2007,M08,156.252,
CUSR0000SEEE,2007,M09,156.252,
CUSR0000SEEE,2007,M10,154.779,
CUSR0000SEEE,2007,M11,152.235,
CUSR0000SEEE,2007,M12,152.458,
CUSR0000SEEE,2008,M01,151.982,
CUSR0000SEEE,2008,M02,152.190,
CUSR0000SEEE,2008,M03,151.818,
CUSR0000SEEE,2008,M04,150.539,
CUSR0000SEEE,2008,M05,150.271,
CUSR0000SEEE,2008,M06,150.048,
CUSR0000SEEE,2008,M07,150.182,
CUSR0000SEEE,2008,M08,149.259,
CUSR0000SEEE,2008,M09,147.741,
CUSR0000SEEE,2008,M10,147.176,
CUSR0000SEEE,2008,M11,147.102,
CUSR0000SEEE,2008,M12,147.816,
CUSR0000SEEE,2009,M01,147.503,
CUSR0000SEEE,2009,M02,147.325,
CUSR0000SEEE,2009,M03,146.283,
CUSR0000SEEE,2009,M04,146.298,
CUSR0000SEEE,2009,M05,145.123,
CUSR0000SEEE,2009,M06,144.870,
CUSR0000SEEE,2009,M07,142.951,
CUSR0000SEEE,2009,M08,141.597,
CUSR0000SEEE,2009,M09,141.329,
CUSR0000SEEE,2009,M10,141.716,
CUSR0000SEEE,2009,M11,141.195,
CUSR0000SEEE,2009,M12,140.525,
CUSR0000SEEE,2010,M01,140.615,
CUSR0000SEEE,2010,M02,141.656,
CUSR0000SEEE,2010,M03,141.716,
CUSR0000SEEE,2010,M04,141.210,
CUSR0000SEEE,2010,M05,140.674,
CUSR0000SEEE,2010,M06,140.168,
CUSR0000SEEE,2010,M07,139.841,
CUSR0000SEEE,2010,M08,139.856,
CUSR0000SEEE,2010,M09,139.439,
CUSR0000SEEE,2010,M10,138.993,
CUSR0000SEEE,2010,M11,138.710,
CUSR0000SEEE,2010,M12,137.654,
CUSR0000SEEE,2011,M01,136.965,
CUSR0000SEEE,2011,M02,136.480,
CUSR0000SEEE,2011,M03,135.877,
CUSR0000SEEE,2011,M04,135.424,
CUSR0000SEEE,2011,M05,134.789,
CUSR0000SEEE,2011,M06,134.029,
CUSR0000SEEE,2011,M07,134.159,
CUSR0000SEEE,2011,M08,133.652,
CUSR0000SEEE,2011,M09,133.198,
CUSR0000SEEE,2011,M10,132.773,
CUSR0000SEEE,2011,M11,132.649,
CUSR0000SEEE,2011,M12,132.053,
CUSR0000SEEE,2012,M01,132.354,
CUSR0000SEEE,2012,M02,131.769,
CUSR0000SEEE,2012,M03,131.026,
CUSR0000SEEE,2012,M04,130.798,
CUSR0000SEEE,2012,M05,131.525,
CUSR0000SEEE,2012,M06,130.914,
CUSR0000SEEE,2012,M07,130.367,
CUSR0000SEEE,2012,M08,129.168,
CUSR0000SEEE,2012,M09,128.588,
CUSR0000SEEE,2012,M10,128.138,
CUSR0000SEEE,2012,M11,127.724,
CUSR0000SEEE,2012,M12,127.688,
CUSR0000SEEE,2013,M01,127.769,
CUSR0000SEEE,2013,M02,128.212,
CUSR0000SEEE,2013,M03,128.371,
CUSR0000SEEE,2013,M04,127.366,
CUSR0000SEEE,2013,M05,127.085,
CUSR0000SEEE,2013,M06,126.531,
CUSR0000SEEE,2013,M07,125.703,
CUSR0000SEEE,2013,M08,126.136,
CUSR0000SEEE,2013,M09,126.371,
CUSR0000SEEE,2013,M10,125.732,
CUSR0000SEEE,2013,M11,125.517,
CUSR0000SEEE,2013,M12,125.585,
CUSR0000SEEE,2014,M01,125.127,
CUSR0000SEEE,2014,M02,124.735,
CUSR0000SEEE,2014,M03,124.702,
CUSR0000SEEE,2014,M04,124.599,
CUSR0000SEEE,2014,M05,124.559,
CUSR0000SEEE,2014,M06,124.525,
CUSR0000SEEE,2014,M07,124.861,
CUSR0000SEEE,2014,M08,124.670,
CUSR0000SEEE,2014,M09,123.893,
CUSR0000SEEE,2014,M10,123.829,
CUSR0000SEEE,2014,M11,123.037,
CUSR0000SEEE,2014,M12,122.313,
CUSR0000SEEE,2015,M01,121.914,
CUSR0000SEEE,2015,M02,121.655,
CUSR0000SEEE,2015,M03,121.556,
CUSR0000SEEE,2015,M04,121.332,
CUSR0000SEEE,2015,M05,120.602,
CUSR0000SEEE,2015,M06,120.005,
CUSR0000SEEE,2015,M07,119.277,
CUSR0000SEEE,2015,M08,118.118,
CUSR0000SEEE,2015,M09,118.392,
CUSR0000SEEE,2015,M10,118.681,
CUSR0000SEEE,2015,M11,118.229,
CUSR0000SEEE,2015,M12,117.829,
CUSR0000SEEE,2016,M01,117.501,
CUSR0000SEEE,2016,M02,117.361,
CUSR0000SEEE,2016,M03,117.666,
CUSR0000SEEE,2016,M04,117.286,
CUSR0000SEEE,2016,M05,116.626,
CUSR0000SEEE,2016,M06,116.019,
CUSR0000SEEE,2016,M07,115.819,
CUSR0000SEEE,2016,M08,115.520,
CUSR0000SEEE,2016,M09,115.553,
CUSR0000SEEE,2016,M10,114.619,
CUSR0000SEEE,2016,M11,115.049,
CUSR0000SEEE,2016,M12,114.547,
CUSR0000SEEE,2017,M01,114.851,
CUSR0000SEEE,2017,M02,114.422,
CUSR0000SEEE,2017,M03,114.078,
CUSR0000SEEE,2017,M04,114.466,
CUSR0000SEEE,2017,M05,113.991,
CUSR0000SEEE,2017,M06,114.081,
CUSR0000SEEE,2017,M07,113.196,
CUSR0000SEEE,2017,M08,112.614,
CUSR0000SEEE,2017,M09,112.207,
CUSR0000SEEE,2017,M10,112.303,
CUSR0000SEEE,2017,M11,112.141,
CUSR0000SEEE,2017,M12,111.806,
CUSR0000SEEE,2018,M01,112.064,
CUSR0000SEEE,2018,M02,111.201,
CUSR0000SEEE,2018,M03,110.670,
CUSR0000SEEE,2018,M04,110.391,
CUSR0000SEEE,2018,M05,110.931,
CUSR0000SEEE,2018,M06,111.422,
CUSR0000SEEE,2018,M07,111.303,
CUSR0000SEEE,2018,M08,111.301,
CUSR0000SEEE,2018,M09,111.618,
CUSR0000SEEE,2018,M10,110.983,
CUSR0000SEEE,2018,M11,110.608,
CUSR0000SEEE,2018,M12,110.731,
CUSR0000SEEE,2019,M01,110.943,
CUSR0000SEEE,2019,M02,110.635,
CUSR0000SEEE,2019,M03,109.948,
CUSR0000SEEE,2019,M04,110.011,
CUSR0000SEEE,2019,M05,109.662,
CUSR0000SEEE,2019,M06,109.476,
CUSR0000SEEE,2019,M07,110.051,
CUSR0000SEEE,2019,M08,110.398,
CUSR0000SEEE,2019,M09,109.548,
CUSR0000SEEE,2019,M10,108.990,
CUSR0000SEEE,2019,M11,109.741,
CUSR0000SEEE,2019,M12,109.304,
CUSR0000SEEE,2020,M01,109.737,
CUSR0000SEEE,2020,M02,109.710,
CUSR0000SEEE,2020,M03,109.461,
CUSR0000SEEE,2020,M04,109.582,
CUSR0000SEEE,2020,M05,109.388,
CUSR0000SEEE,2020,M06,109.052,
CUSR0000SEEE,2020,M07,108.853,
CUSR0000SEEE,2020,M08,108.815,
CUSR0000SEEE,2020,M09,108.021,
CUSR0000SEEE,2020,M10,107.807,
CUSR0000SEEE,2020,M11,108.377,
CUSR0000SEEE,2020,M12,108.444,
CUSR0000SEEE,2021,M01,108.345,
CUSR0000SEEE,2021,M02,108.056,
CUSR0000SEEE,2021,M03,107.806,
CUSR0000SEEE,2021,M04,109.550,
CUSR0000SEEE,2021,M05,109.487,
CUSR0000SEEE,2021,M06,109.196,
CUSR0000SEEE,2021,M07,109.520,
CUSR0000SEEE,2021,M08,110.351,
CUSR0000SEEE,2021,M09,111.056,
CUSR0000SEEE,2021,M10,110.747,
CUSR0000SEEE,2021,M11,110.427,
CUSR0000SEEE,2021,M12,110.523,
CUSR0000SEEE,2022,M01,110.554,
CUSR0000SEEE,2022,M02,110.266,
CUSR0000SEEE,2022,M03,109.877,
CUSR0000SEEE,2022,M04,108.677,
CUSR0000SEEE,2022,M05,107.954,
CUSR0000SEEE,2022,M06,107.953,
CUSR0000SEEE,2022,M07,106.988,
CUSR0000SEEE,2022,M08,106.548,
CUSR0000SEEE,2022,M09,106.295,
CUSR0000SEEE,2022,M10,106.041,
CUSR0000SEEE,2022,M11,105.914,
CUSR0000SEEE,2022,M12,105.435,
CUSR0000SEEE,2023,M01,106.004,
CUSR0000SEEE,2023,M02,106.103,
CUSR0000SEEE,2023,M03,106.541,
CUSR0000SEEE,2023,M04,106.183,
CUSR0000SEEE,2023,M05,106.045,
CUSR0000SEEE,2023,M06,106.238,
CUSR0000SEEE,2023,M07,105.625,
CUSR0000SEEE,2023,M08,105.329,
CUSR0000SEEE,2023,M09,105.423,
CUSR0000SEEE,2023,M10,104.919,
CUSR0000SEEE,2023,M11,104.025,
CUSR0000SEEE,2023,M12,103.810,
CUSR0000SEEE,2024,M01,104.857,
CUSR0000SEEE,2024,M02,105.753,
CUSR0000SEEE,2024,M03,105.759,
CUSR0000SEEE,2024,M04,105.804,
CUSR0000SEEE,2024,M05,105.021,
CUSR0000SEEE,2024,M06,104.563,
CUSR0000SEEE,2024,M07,104.631,
CUSR0000SEEE,2024,M08,103.973,
CUSR0000SEEE,2024,M09,102.837,
CUSR0000SEEE,2024,M10,101.873,
CUSR0000SEEE,2024,M11,100.370,
CUSR0000SEEE,2024,M12,100.109,
CUSR0000SEEE,2025,M01,100.723,
CUSR0000SEEE,2025,M02,101.334,
CUSR0000SEEE,2025,M03,101.671,
CUSR0000SEEE,2025,M04,100.901,
CUSR0000SEEE,2025,M05,100.824,
CUSR0000SEEE,2025,M06,101.072,
CUSR0000SEEE,2025,M07,100.561,
CUSR0000SEEE,2025,M08,101.116,
CUSR0000SEEE,2025,M09,100.824,
CUSR0000SEEE,2025,M10,-,Data unavailable due to the 2025 lapse in appropriations
CUSR0000SEEE,2025,M11,101.091,
CUSR0000SEEE,2025,M12,99.930,
CUSR0000SEEE,2026,M01,101.033,
CUSR0000SEEE,2026,M02,100.146,
CUSR0000SEEE,2026,M03,99.898,
CUSR0000SEEE,2026,M04,99.391,
CUSR0000SEEE,2026,M05,100.007,
CUSR0000SEEE,2026,M06,99.706,
CUSR0000SEEE,2026,M07,100.356,
CUSR0000SEFV,1997,M01,155.3,
CUSR0000SEFV,1997,M02,155.6,
CUSR0000SEFV,1997,M03,156.0,
CUSR0000SEFV,1997,M04,156.2,
CUSR0000SEFV,1997,M05,156.3,
CUSR0000SEFV,1997,M06,156.6,
CUSR0000SEFV,1997,M07,157.1,
CUSR0000SEFV,1997,M08,157.4,
CUSR0000SEFV,1997,M09,157.8,
CUSR0000SEFV,1997,M10,158.2,
CUSR0000SEFV,1997,M11,158.6,
CUSR0000SEFV,1997,M12,159.0,
CUSR0000SEFV,1998,M01,159.2,
CUSR0000SEFV,1998,M02,159.6,
CUSR0000SEFV,1998,M03,159.9,
CUSR0000SEFV,1998,M04,160.2,
CUSR0000SEFV,1998,M05,160.6,
CUSR0000SEFV,1998,M06,160.7,
CUSR0000SEFV,1998,M07,161.1,
CUSR0000SEFV,1998,M08,161.5,
CUSR0000SEFV,1998,M09,162.1,
CUSR0000SEFV,1998,M10,162.3,
CUSR0000SEFV,1998,M11,162.6,
CUSR0000SEFV,1998,M12,163.0,
CUSR0000SEFV,1999,M01,163.5,
CUSR0000SEFV,1999,M02,163.8,
CUSR0000SEFV,1999,M03,164.2,
CUSR0000SEFV,1999,M04,164.5,
CUSR0000SEFV,1999,M05,164.6,
CUSR0000SEFV,1999,M06,164.6,
CUSR0000SEFV,1999,M07,165.1,
CUSR0000SEFV,1999,M08,165.6,
CUSR0000SEFV,1999,M09,165.8,
CUSR0000SEFV,1999,M10,166.2,
CUSR0000SEFV,1999,M11,166.5,
CUSR0000SEFV,1999,M12,166.8,
CUSR0000SEFV,2000,M01,167.2,
CUSR0000SEFV,2000,M02,167.6,
CUSR0000SEFV,2000,M03,167.9,
CUSR0000SEFV,2000,M04,168.1,
CUSR0000SEFV,2000,M05,168.3,
CUSR0000SEFV,2000,M06,168.6,
CUSR0000SEFV,2000,M07,169.1,
CUSR0000SEFV,2000,M08,169.5,
CUSR0000SEFV,2000,M09,170.0,
CUSR0000SEFV,2000,M10,170.3,
CUSR0000SEFV,2000,M11,170.4,
CUSR0000SEFV,2000,M12,170.8,
CUSR0000SEFV,2001,M01,171.4,
CUSR0000SEFV,2001,M02,171.8,
CUSR0000SEFV,2001,M03,172.3,
CUSR0000SEFV,2001,M04,172.7,
CUSR0000SEFV,2001,M05,173.1,
CUSR0000SEFV,2001,M06,173.6,
CUSR0000SEFV,2001,M07,174.1,
CUSR0000SEFV,2001,M08,174.7,
CUSR0000SEFV,2001,M09,175.1,
CUSR0000SEFV,2001,M10,175.6,
CUSR0000SEFV,2001,M11,175.8,
CUSR0000SEFV,2001,M12,176.0,
CUSR0000SEFV,2002,M01,176.4,
CUSR0000SEFV,2002,M02,177.0,
CUSR0000SEFV,2002,M03,177.1,
CUSR0000SEFV,2002,M04,177.2,
CUSR0000SEFV,2002,M05,177.6,
CUSR0000SEFV,2002,M06,178.2,
CUSR0000SEFV,2002,M07,178.5,
CUSR0000SEFV,2002,M08,178.8,
CUSR0000SEFV,2002,M09,179.2,
CUSR0000SEFV,2002,M10,179.6,
CUSR0000SEFV,2002,M11,179.8,
CUSR0000SEFV,2002,M12,180.1,
CUSR0000SEFV,2003,M01,179.9,
CUSR0000SEFV,2003,M02,180.7,
CUSR0000SEFV,2003,M03,181.0,
CUSR0000SEFV,2003,M04,181.1,
CUSR0000SEFV,2003,M05,181.5,
CUSR0000SEFV,2003,M06,181.9,
CUSR0000SEFV,2003,M07,182.3,
CUSR0000SEFV,2003,M08,182.6,
CUSR0000SEFV,2003,M09,182.8,
CUSR0000SEFV,2003,M10,183.3,
CUSR0000SEFV,2003,M11,183.8,
CUSR0000SEFV,2003,M12,184.3,
CUSR0000SEFV,2004,M01,184.9,
CUSR0000SEFV,2004,M02,185.5,
CUSR0000SEFV,2004,M03,185.8,
CUSR0000SEFV,2004,M04,186.2,
CUSR0000SEFV,2004,M05,186.7,
CUSR0000SEFV,2004,M06,187.0,
CUSR0000SEFV,2004,M07,187.8,
CUSR0000SEFV,2004,M08,188.4,
CUSR0000SEFV,2004,M09,188.9,
CUSR0000SEFV,2004,M10,189.4,
CUSR0000SEFV,2004,M11,189.6,
CUSR0000SEFV,2004,M12,189.9,
CUSR0000SEFV,2005,M01,190.8,
CUSR0000SEFV,2005,M02,191.4,
CUSR0000SEFV,2005,M03,191.7,
CUSR0000SEFV,2005,M04,192.1,
CUSR0000SEFV,2005,M05,192.6,
CUSR0000SEFV,2005,M06,193.2,
CUSR0000SEFV,2005,M07,193.6,
CUSR0000SEFV,2005,M08,194.2,
CUSR0000SEFV,2005,M09,194.6,
CUSR0000SEFV,2005,M10,195.2,
CUSR0000SEFV,2005,M11,195.6,
CUSR0000SEFV,2005,M12,196.0,
CUSR0000SEFV,2006,M01,196.6,
CUSR0000SEFV,2006,M02,197.2,
CUSR0000SEFV,2006,M03,197.6,
CUSR0000SEFV,2006,M04,198.0,
CUSR0000SEFV,2006,M05,198.7,
CUSR0000SEFV,2006,M06,199.2,
CUSR0000SEFV,2006,M07,199.7,
CUSR0000SEFV,2006,M08,200.2,
CUSR0000SEFV,2006,M09,200.5,
CUSR0000SEFV,2006,M10,201.1,
CUSR0000SEFV,2006,M11,201.6,
CUSR0000SEFV,2006,M12,202.2,
CUSR0000SEFV,2007,M01,203.171,
CUSR0000SEFV,2007,M02,203.909,
CUSR0000SEFV,2007,M03,204.082,
CUSR0000SEFV,2007,M04,204.725,
CUSR0000SEFV,2007,M05,205.233,
CUSR0000SEFV,2007,M06,205.934,
CUSR0000SEFV,2007,M07,206.931,
CUSR0000SEFV,2007,M08,207.756,
CUSR0000SEFV,2007,M09,208.805,
CUSR0000SEFV,2007,M10,209.275,
CUSR0000SEFV,2007,M11,209.854,
CUSR0000SEFV,2007,M12,210.233,
CUSR0000SEFV,2008,M01,211.070,
CUSR0000SEFV,2008,M02,211.878,
CUSR0000SEFV,2008,M03,212.537,
CUSR0000SEFV,2008,M04,213.083,
CUSR0000SEFV,2008,M05,213.967,
CUSR0000SEFV,2008,M06,215.015,
CUSR0000SEFV,2008,M07,216.376,
CUSR0000SEFV,2008,M08,217.063,
CUSR0000SEFV,2008,M09,218.225,
CUSR0000SEFV,2008,M10,219.290,
CUSR0000SEFV,2008,M11,220.043,
CUSR0000SEFV,2008,M12,220.684,
CUSR0000SEFV,2009,M01,221.319,
CUSR0000SEFV,2009,M02,221.968,
CUSR0000SEFV,2009,M03,222.216,
CUSR0000SEFV,2009,M04,222.905,
CUSR0000SEFV,2009,M05,223.023,
CUSR0000SEFV,2009,M06,223.163,
CUSR0000SEFV,2009,M07,223.345,
CUSR0000SEFV,2009,M08,223.675,
CUSR0000SEFV,2009,M09,224.003,
CUSR0000SEFV,2009,M10,224.224,
CUSR0000SEFV,2009,M11,224.633,
CUSR0000SEFV,2009,M12,224.789,
CUSR0000SEFV,2010,M01,224.916,
CUSR0000SEFV,2010,M02,225.081,
CUSR0000SEFV,2010,M03,224.991,
CUSR0000SEFV,2010,M04,225.276,
CUSR0000SEFV,2010,M05,225.573,
CUSR0000SEFV,2010,M06,225.797,
CUSR0000SEFV,2010,M07,225.710,
CUSR0000SEFV,2010,M08,226.422,
CUSR0000SEFV,2010,M09,227.075,
CUSR0000SEFV,2010,M10,227.287,
CUSR0000SEFV,2010,M11,227.512,
CUSR0000SEFV,2010,M12,227.722,
CUSR0000SEFV,2011,M01,228.181,
CUSR0000SEFV,2011,M02,228.606,
CUSR0000SEFV,2011,M03,229.282,
CUSR0000SEFV,2011,M04,230.082,
CUSR0000SEFV,2011,M05,230.501,
CUSR0000SEFV,2011,M06,231.097,
CUSR0000SEFV,2011,M07,231.580,
CUSR0000SEFV,2011,M08,232.513,
CUSR0000SEFV,2011,M09,233.032,
CUSR0000SEFV,2011,M10,233.459,
CUSR0000SEFV,2011,M11,234.046,
CUSR0000SEFV,2011,M12,234.435,
CUSR0000SEFV,2012,M01,235.268,
CUSR0000SEFV,2012,M02,235.603,
CUSR0000SEFV,2012,M03,236.073,
CUSR0000SEFV,2012,M04,236.695,
CUSR0000SEFV,2012,M05,237.262,
CUSR0000SEFV,2012,M06,237.839,
CUSR0000SEFV,2012,M07,238.337,
CUSR0000SEFV,2012,M08,239.057,
CUSR0000SEFV,2012,M09,239.565,
CUSR0000SEFV,2012,M10,239.742,
CUSR0000SEFV,2012,M11,240.038,
CUSR0000SEFV,2012,M12,240.359,
CUSR0000SEFV,2013,M01,240.713,
CUSR0000SEFV,2013,M02,240.930,
CUSR0000SEFV,2013,M03,241.409,
CUSR0000SEFV,2013,M04,242.236,
CUSR0000SEFV,2013,M05,242.642,
CUSR0000SEFV,2013,M06,243.016,
CUSR0000SEFV,2013,M07,243.409,
CUSR0000SEFV,2013,M08,243.811,
CUSR0000SEFV,2013,M09,244.036,
CUSR0000SEFV,2013,M10,244.350,
CUSR0000SEFV,2013,M11,244.970,
CUSR0000SEFV,2013,M12,245.300,
CUSR0000SEFV,2014,M01,245.481,
CUSR0000SEFV,2014,M02,246.187,
CUSR0000SEFV,2014,M03,246.878,
CUSR0000SEFV,2014,M04,247.534,
CUSR0000SEFV,2014,M05,247.952,
CUSR0000SEFV,2014,M06,248.445,
CUSR0000SEFV,2014,M07,249.210,
CUSR0000SEFV,2014,M08,249.801,
CUSR0000SEFV,2014,M09,250.570,
CUSR0000SEFV,2014,M10,251.100,
CUSR0000SEFV,2014,M11,251.987,
CUSR0000SEFV,2014,M12,252.628,
CUSR0000SEFV,2015,M01,253.037,
CUSR0000SEFV,2015,M02,253.719,
CUSR0000SEFV,2015,M03,254.108,
CUSR0000SEFV,2015,M04,254.727,
CUSR0000SEFV,2015,M05,255.322,
CUSR0000SEFV,2015,M06,255.846,
CUSR0000SEFV,2015,M07,255.905,
CUSR0000SEFV,2015,M08,256.449,
CUSR0000SEFV,2015,M09,257.830,
CUSR0000SEFV,2015,M10,258.363,
CUSR0000SEFV,2015,M11,258.805,
CUSR0000SEFV,2015,M12,259.097,
CUSR0000SEFV,2016,M01,259.958,
CUSR0000SEFV,2016,M02,260.319,
CUSR0000SEFV,2016,M03,260.883,
CUSR0000SEFV,2016,M04,261.517,
CUSR0000SEFV,2016,M05,262.074,
CUSR0000SEFV,2016,M06,262.529,
CUSR0000SEFV,2016,M07,263.051,
CUSR0000SEFV,2016,M08,263.649,
CUSR0000SEFV,2016,M09,264.102,
CUSR0000SEFV,2016,M10,264.459,
CUSR0000SEFV,2016,M11,264.699,
CUSR0000SEFV,2016,M12,265.104,
CUSR0000SEFV,2017,M01,266.079,
CUSR0000SEFV,2017,M02,266.626,
CUSR0000SEFV,2017,M03,267.055,
CUSR0000SEFV,2017,M04,267.652,
CUSR0000SEFV,2017,M05,268.128,
CUSR0000SEFV,2017,M06,268.225,
CUSR0000SEFV,2017,M07,268.649,
CUSR0000SEFV,2017,M08,269.522,
CUSR0000SEFV,2017,M09,270.353,
CUSR0000SEFV,2017,M10,270.658,
CUSR0000SEFV,2017,M11,271.152,
CUSR0000SEFV,2017,M12,271.811,
CUSR0000SEFV,2018,M01,272.772,
CUSR0000SEFV,2018,M02,273.435,
CUSR0000SEFV,2018,M03,273.733,
CUSR0000SEFV,2018,M04,274.393,
CUSR0000SEFV,2018,M05,275.307,
CUSR0000SEFV,2018,M06,275.808,
CUSR0000SEFV,2018,M07,276.125,
CUSR0000SEFV,2018,M08,276.648,
CUSR0000SEFV,2018,M09,277.258,
CUSR0000SEFV,2018,M10,277.513,
CUSR0000SEFV,2018,M11,278.306,
CUSR0000SEFV,2018,M12,279.419,
CUSR0000SEFV,2019,M01,280.380,
CUSR0000SEFV,2019,M02,281.373,
CUSR0000SEFV,2019,M03,281.887,
CUSR0000SEFV,2019,M04,282.798,
CUSR0000SEFV,2019,M05,283.394,
CUSR0000SEFV,2019,M06,284.316,
CUSR0000SEFV,2019,M07,284.891,
CUSR0000SEFV,2019,M08,285.507,
CUSR0000SEFV,2019,M09,286.246,
CUSR0000SEFV,2019,M10,286.791,
CUSR0000SEFV,2019,M11,287.255,
CUSR0000SEFV,2019,M12,288.078,
CUSR0000SEFV,2020,M01,289.137,
CUSR0000SEFV,2020,M02,289.781,
CUSR0000SEFV,2020,M03,290.216,
CUSR0000SEFV,2020,M04,290.639,
CUSR0000SEFV,2020,M05,291.709,
CUSR0000SEFV,2020,M06,293.219,
CUSR0000SEFV,2020,M07,294.599,
CUSR0000SEFV,2020,M08,295.437,
CUSR0000SEFV,2020,M09,297.080,
CUSR0000SEFV,2020,M10,297.893,
CUSR0000SEFV,2020,M11,298.253,
CUSR0000SEFV,2020,M12,299.369,
CUSR0000SEFV,2021,M01,300.382,
CUSR0000SEFV,2021,M02,300.540,
CUSR0000SEFV,2021,M03,300.897,
CUSR0000SEFV,2021,M04,301.819,
CUSR0000SEFV,2021,M05,303.481,
CUSR0000SEFV,2021,M06,305.634,
CUSR0000SEFV,2021,M07,308.023,
CUSR0000SEFV,2021,M08,309.336,
CUSR0000SEFV,2021,M09,310.996,
CUSR0000SEFV,2021,M10,313.592,
CUSR0000SEFV,2021,M11,315.481,
CUSR0000SEFV,2021,M12,317.372,
CUSR0000SEFV,2022,M01,319.471,
CUSR0000SEFV,2022,M02,320.880,
CUSR0000SEFV,2022,M03,321.689,
CUSR0000SEFV,2022,M04,323.559,
CUSR0000SEFV,2022,M05,325.952,
CUSR0000SEFV,2022,M06,329.033,
CUSR0000SEFV,2022,M07,331.342,
CUSR0000SEFV,2022,M08,334.212,
CUSR0000SEFV,2022,M09,337.369,
CUSR0000SEFV,2022,M10,340.532,
CUSR0000SEFV,2022,M11,342.266,
CUSR0000SEFV,2022,M12,343.559,
CUSR0000SEFV,2023,M01,345.677,
CUSR0000SEFV,2023,M02,347.869,
CUSR0000SEFV,2023,M03,349.944,
CUSR0000SEFV,2023,M04,351.237,
CUSR0000SEFV,2023,M05,352.892,
CUSR0000SEFV,2023,M06,354.245,
CUSR0000SEFV,2023,M07,354.862,
CUSR0000SEFV,2023,M08,356.083,
CUSR0000SEFV,2023,M09,357.488,
CUSR0000SEFV,2023,M10,358.824,
CUSR0000SEFV,2023,M11,360.383,
CUSR0000SEFV,2023,M12,361.564,
CUSR0000SEFV,2024,M01,363.249,
CUSR0000SEFV,2024,M02,363.596,
CUSR0000SEFV,2024,M03,364.546,
CUSR0000SEFV,2024,M04,365.813,
CUSR0000SEFV,2024,M05,367.099,
CUSR0000SEFV,2024,M06,368.616,
CUSR0000SEFV,2024,M07,369.383,
CUSR0000SEFV,2024,M08,370.348,
CUSR0000SEFV,2024,M09,371.604,
CUSR0000SEFV,2024,M10,372.486,
CUSR0000SEFV,2024,M11,373.530,
CUSR0000SEFV,2024,M12,374.644,
CUSR0000SEFV,2025,M01,375.532,
CUSR0000SEFV,2025,M02,376.991,
CUSR0000SEFV,2025,M03,378.363,
CUSR0000SEFV,2025,M04,380.039,
CUSR0000SEFV,2025,M05,381.228,
CUSR0000SEFV,2025,M06,382.750,
CUSR0000SEFV,2025,M07,383.808,
CUSR0000SEFV,2025,M08,384.909,
CUSR0000SEFV,2025,M09,385.451,
CUSR0000SEFV,2025,M10,-,Data unavailable due to the 2025 lapse in appropriations
CUSR0000SEFV,2025,M11,387.202,
CUSR0000SEFV,2025,M12,389.889,
CUSR0000SEFV,2026,M01,390.471,
CUSR0000SEFV,2026,M02,391.706,
CUSR0000SEFV,2026,M03,392.652,
CUSR0000SEFV,2026,M04,393.546,
CUSR0000SEFV,2026,M05,394.728,
CUSR0000SEFV,2026,M06,395.633,
CUSR0000SEFV,2026,M07,396.859,
CUSR0000SEGA,1997,M01,14.9,
CUSR0000SEGA,1997,M02,15.0,
CUSR0000SEGA,1997,M03,15.0,
CUSR0000SEGA,1997,M04,15.3,
CUSR0000SEGA,1997,M05,15.4,
CUSR0000SEGA,1997,M06,15.2,
CUSR0000SEGA,1997,M07,15.3,
CUSR0000SEGA,1997,M08,15.4,
CUSR0000SEGA,1997,M09,15.5,
CUSR0000SEGA,1997,M10,15.8,
CUSR0000SEGA,1997,M11,15.8,
CUSR0000SEGA,1997,M12,15.8,
CUSR0000SEGA,1998,M01,16.0,
CUSR0000SEGA,1998,M02,16.5,
CUSR0000SEGA,1998,M03,16.0,
CUSR0000SEGA,1998,M04,16.6,
CUSR0000SEGA,1998,M05,17.0,
CUSR0000SEGA,1998,M06,16.8,
CUSR0000SEGA,1998,M07,17.2,
CUSR0000SEGA,1998,M08,17.3,
CUSR0000SEGA,1998,M09,17.9,
CUSR0000SEGA,1998,M10,18.0,
CUSR0000SEGA,1998,M11,17.7,
CUSR0000SEGA,1998,M12,20.9,
CUSR0000SEGA,1999,M01,22.3,
CUSR0000SEGA,1999,M02,22.0,
CUSR0000SEGA,1999,M03,21.2,
CUSR0000SEGA,1999,M04,22.1,
CUSR0000SEGA,1999,M05,21.8,
CUSR0000SEGA,1999,M06,21.6,
CUSR0000SEGA,1999,M07,22.4,
CUSR0000SEGA,1999,M08,22.1,
CUSR0000SEGA,1999,M09,23.6,
CUSR0000SEGA,1999,M10,23.5,
CUSR0000SEGA,1999,M11,23.3,
CUSR0000SEGA,1999,M12,23.3,
CUSR0000SEGA,2000,M01,23.7,
CUSR0000SEGA,2000,M02,24.2,
CUSR0000SEGA,2000,M03,24.4,
CUSR0000SEGA,2000,M04,25.5,
CUSR0000SEGA,2000,M05,24.8,
CUSR0000SEGA,2000,M06,24.5,
CUSR0000SEGA,2000,M07,25.3,
CUSR0000SEGA,2000,M08,24.9,
CUSR0000SEGA,2000,M09,25.7,
CUSR0000SEGA,2000,M10,25.0,
CUSR0000SEGA,2000,M11,25.9,
CUSR0000SEGA,2000,M12,25.0,
CUSR0000SEGA,2001,M01,25.5,
CUSR0000SEGA,2001,M02,25.8,
CUSR0000SEGA,2001,M03,25.7,
CUSR0000SEGA,2001,M04,26.7,
CUSR0000SEGA,2001,M05,26.4,
CUSR0000SEGA,2001,M06,26.5,
CUSR0000SEGA,2001,M07,27.8,
CUSR0000SEGA,2001,M08,26.8,
CUSR0000SEGA,2001,M09,28.0,
CUSR0000SEGA,2001,M10,27.1,
CUSR0000SEGA,2001,M11,28.2,
CUSR0000SEGA,2001,M12,27.2,
CUSR0000SEGA,2002,M01,27.3,
CUSR0000SEGA,2002,M02,28.3,
CUSR0000SEGA,2002,M03,27.3,
CUSR0000SEGA,2002,M04,29.1,
CUSR0000SEGA,2002,M05,28.3,
CUSR0000SEGA,2002,M06,29.5,
CUSR0000SEGA,2002,M07,29.5,
CUSR0000SEGA,2002,M08,30.2,
CUSR0000SEGA,2002,M09,30.6,
CUSR0000SEGA,2002,M10,29.7,
CUSR0000SEGA,2002,M11,29.7,
CUSR0000SEGA,2002,M12,29.8,
CUSR0000SEGA,2003,M01,29.8,
CUSR0000SEGA,2003,M02,29.8,
CUSR0000SEGA,2003,M03,29.5,
CUSR0000SEGA,2003,M04,29.5,
CUSR0000SEGA,2003,M05,29.4,
CUSR0000SEGA,2003,M06,29.2,
CUSR0000SEGA,2003,M07,29.6,
CUSR0000SEGA,2003,M08,29.7,
CUSR0000SEGA,2003,M09,29.6,
CUSR0000SEGA,2003,M10,29.6,
CUSR0000SEGA,2003,M11,29.6,
CUSR0000SEGA,2003,M12,29.7,
CUSR0000SEGA,2004,M01,29.8,
CUSR0000SEGA,2004,M02,29.8,
CUSR0000SEGA,2004,M03,29.9,
CUSR0000SEGA,2004,M04,29.8,
CUSR0000SEGA,2004,M05,29.9,
CUSR0000SEGA,2004,M06,30.0,
CUSR0000SEGA,2004,M07,30.3,
CUSR0000SEGA,2004,M08,30.4,
CUSR0000SEGA,2004,M09,30.4,
CUSR0000SEGA,2004,M10,30.4,
CUSR0000SEGA,2004,M11,30.4,
CUSR0000SEGA,2004,M12,30.6,
CUSR0000SEGA,2005,M01,31.1,
CUSR0000SEGA,2005,M02,31.3,
CUSR0000SEGA,2005,M03,31.3,
CUSR0000SEGA,2005,M04,31.3,
CUSR0000SEGA,2005,M05,31.4,
CUSR0000SEGA,2005,M06,31.4,
CUSR0000SEGA,2005,M07,31.7,
CUSR0000SEGA,2005,M08,31.9,
CUSR0000SEGA,2005,M09,32.2,
CUSR0000SEGA,2005,M10,32.1,
CUSR0000SEGA,2005,M11,32.2,
CUSR0000SEGA,2005,M12,32.4,
CUSR0000SEGA,2006,M01,32.5,
CUSR0000SEGA,2006,M02,32.5,
CUSR0000SEGA,2006,M03,32.7,
CUSR0000SEGA,2006,M04,32.7,
CUSR0000SEGA,2006,M05,32.6,
CUSR0000SEGA,2006,M06,32.9,
CUSR0000SEGA,2006,M07,32.9,
CUSR0000SEGA,2006,M08,32.9,
CUSR0000SEGA,2006,M09,32.8,
CUSR0000SEGA,2006,M10,32.9,
CUSR0000SEGA,2006,M11,32.8,
CUSR0000SEGA,2006,M12,33.2,
CUSR0000SEGA,2007,M01,34.269,
CUSR0000SEGA,2007,M02,34.611,
CUSR0000SEGA,2007,M03,34.682,
CUSR0000SEGA,2007,M04,34.533,
CUSR0000SEGA,2007,M05,34.662,
CUSR0000SEGA,2007,M06,34.827,
CUSR0000SEGA,2007,M07,34.932,
CUSR0000SEGA,2007,M08,35.010,
CUSR0000SEGA,2007,M09,35.288,
CUSR0000SEGA,2007,M10,35.351,
CUSR0000SEGA,2007,M11,35.435,
CUSR0000SEGA,2007,M12,35.733,
CUSR0000SEGA,2008,M01,36.111,
CUSR0000SEGA,2008,M02,36.271,
CUSR0000SEGA,2008,M03,36.250,
CUSR0000SEGA,2008,M04,36.343,
CUSR0000SEGA,2008,M05,36.647,
CUSR0000SEGA,2008,M06,37.197,
CUSR0000SEGA,2008,M07,37.630,
CUSR0000SEGA,2008,M08,37.667,
CUSR0000SEGA,2008,M09,37.681,
CUSR0000SEGA,2008,M10,37.817,
CUSR0000SEGA,2008,M11,37.822,
CUSR0000SEGA,2008,M12,38.000,
CUSR0000SEGA,2009,M01,38.300,
CUSR0000SEGA,2009,M02,38.562,
CUSR0000SEGA,2009,M03,42.820,
CUSR0000SEGA,2009,M04,46.815,
CUSR0000SEGA,2009,M05,46.681,
CUSR0000SEGA,2009,M06,47.057,
CUSR0000SEGA,2009,M07,48.106,
CUSR0000SEGA,2009,M08,48.151,
CUSR0000SEGA,2009,M09,48.621,
CUSR0000SEGA,2009,M10,48.790,
CUSR0000SEGA,2009,M11,49.280,
CUSR0000SEGA,2009,M12,49.423,
CUSR0000SEGA,2010,M01,49.479,
CUSR0000SEGA,2010,M02,49.507,
CUSR0000SEGA,2010,M03,49.778,
CUSR0000SEGA,2010,M04,50.026,
CUSR0000SEGA,2010,M05,50.664,
CUSR0000SEGA,2010,M06,50.977,
CUSR0000SEGA,2010,M07,51.391,
CUSR0000SEGA,2010,M08,51.683,
CUSR0000SEGA,2010,M09,51.715,
CUSR0000SEGA,2010,M10,51.733,
CUSR0000SEGA,2010,M11,51.823,
CUSR0000SEGA,2010,M12,52.092,
CUSR0000SEGA,2011,M01,52.058,
CUSR0000SEGA,2011,M02,52.313,
CUSR0000SEGA,2011,M03,52.553,
CUSR0000SEGA,2011,M04,52.494,
CUSR0000SEGA,2011,M05,52.402,
CUSR0000SEGA,2011,M06,52.450,
CUSR0000SEGA,2011,M07,52.257,
CUSR0000SEGA,2011,M08,52.599,
CUSR0000SEGA,2011,M09,52.937,
CUSR0000SEGA,2011,M10,53.067,
CUSR0000SEGA,2011,M11,53.254,
CUSR0000SEGA,2011,M12,53.303,
CUSR0000SEGA,2012,M01,53.447,
CUSR0000SEGA,2012,M02,53.456,
CUSR0000SEGA,2012,M03,53.441,
CUSR0000SEGA,2012,M04,53.651,
CUSR0000SEGA,2012,M05,53.687,
CUSR0000SEGA,2012,M06,53.734,
CUSR0000SEGA,2012,M07,53.911,
CUSR0000SEGA,2012,M08,53.898,
CUSR0000SEGA,2012,M09,53.994,
CUSR0000SEGA,2012,M10,54.045,
CUSR0000SEGA,2012,M11,54.200,
CUSR0000SEGA,2012,M12,54.317,
CUSR0000SEGA,2013,M01,54.506,
CUSR0000SEGA,2013,M02,54.581,
CUSR0000SEGA,2013,M03,54.583,
CUSR0000SEGA,2013,M04,55.040,
CUSR0000SEGA,2013,M05,55.151,
CUSR0000SEGA,2013,M06,54.980,
CUSR0000SEGA,2013,M07,55.369,
CUSR0000SEGA,2013,M08,55.660,
CUSR0000SEGA,2013,M09,55.773,
CUSR0000SEGA,2013,M10,55.874,
CUSR0000SEGA,2013,M11,55.912,
CUSR0000SEGA,2013,M12,56.036,
CUSR0000SEGA,2014,M01,56.326,
CUSR0000SEGA,2014,M02,56.471,
CUSR0000SEGA,2014,M03,56.612,
CUSR0000SEGA,2014,M04,56.766,
CUSR0000SEGA,2014,M05,56.975,
CUSR0000SEGA,2014,M06,57.247,
CUSR0000SEGA,2014,M07,56.815,
CUSR0000SEGA,2014,M08,56.879,
CUSR0000SEGA,2014,M09,56.994,
CUSR0000SEGA,2014,M10,57.306,
CUSR0000SEGA,2014,M11,57.433,
CUSR0000SEGA,2014,M12,57.671,
CUSR0000SEGA,2015,M01,57.715,
CUSR0000SEGA,2015,M02,57.948,
CUSR0000SEGA,2015,M03,58.055,
CUSR0000SEGA,2015,M04,58.087,
CUSR0000SEGA,2015,M05,58.333,
CUSR0000SEGA,2015,M06,58.597,
CUSR0000SEGA,2015,M07,58.836,
CUSR0000SEGA,2015,M08,59.073,
CUSR0000SEGA,2015,M09,59.167,
CUSR0000SEGA,2015,M10,59.282,
CUSR0000SEGA,2015,M11,59.519,
CUSR0000SEGA,2015,M12,59.737,
CUSR0000SEGA,2016,M01,60.063,
CUSR0000SEGA,2016,M02,59.981,
CUSR0000SEGA,2016,M03,60.124,
CUSR0000SEGA,2016,M04,60.041,
CUSR0000SEGA,2016,M05,60.140,
CUSR0000SEGA,2016,M06,60.712,
CUSR0000SEGA,2016,M07,60.699,
CUSR0000SEGA,2016,M08,61.101,
CUSR0000SEGA,2016,M09,61.222,
CUSR0000SEGA,2016,M10,61.387,
CUSR0000SEGA,2016,M11,61.486,
CUSR0000SEGA,2016,M12,62.001,
CUSR0000SEGA,2017,M01,62.092,
CUSR0000SEGA,2017,M02,62.094,
CUSR0000SEGA,2017,M03,62.293,
CUSR0000SEGA,2017,M04,64.693,
CUSR0000SEGA,2017,M05,64.703,
CUSR0000SEGA,2017,M06,64.870,
CUSR0000SEGA,2017,M07,64.993,
CUSR0000SEGA,2017,M08,64.923,
CUSR0000SEGA,2017,M09,65.067,
CUSR0000SEGA,2017,M10,66.078,
CUSR0000SEGA,2017,M11,66.096,
CUSR0000SEGA,2017,M12,66.006,
CUSR0000SEGA,2018,M01,66.213,
CUSR0000SEGA,2018,M02,66.167,
CUSR0000SEGA,2018,M03,65.985,
CUSR0000SEGA,2018,M04,66.642,
CUSR0000SEGA,2018,M05,66.818,
CUSR0000SEGA,2018,M06,66.843,
CUSR0000SEGA,2018,M07,67.022,
CUSR0000SEGA,2018,M08,67.097,
CUSR0000SEGA,2018,M09,67.155,
CUSR0000SEGA,2018,M10,68.175,
CUSR0000SEGA,2018,M11,68.322,
CUSR0000SEGA,2018,M12,68.242,
CUSR0000SEGA,2019,M01,68.478,
CUSR0000SEGA,2019,M02,68.617,
CUSR0000SEGA,2019,M03,69.565,
CUSR0000SEGA,2019,M04,69.689,
CUSR0000SEGA,2019,M05,69.884,
CUSR0000SEGA,2019,M06,69.935,
CUSR0000SEGA,2019,M07,70.626,
CUSR0000SEGA,2019,M08,70.880,
CUSR0000SEGA,2019,M09,71.134,
CUSR0000SEGA,2019,M10,71.540,
CUSR0000SEGA,2019,M11,72.064,
CUSR0000SEGA,2019,M12,71.984,
CUSR0000SEGA,2020,M01,72.176,
CUSR0000SEGA,2020,M02,72.435,
CUSR0000SEGA,2020,M03,73.312,
CUSR0000SEGA,2020,M04,73.135,
CUSR0000SEGA,2020,M05,72.904,
CUSR0000SEGA,2020,M06,73.508,
CUSR0000SEGA,2020,M07,74.283,
CUSR0000SEGA,2020,M08,74.440,
CUSR0000SEGA,2020,M09,74.656,
CUSR0000SEGA,2020,M10,74.792,
CUSR0000SEGA,2020,M11,75.201,
CUSR0000SEGA,2020,M12,75.636,
CUSR0000SEGA,2021,M01,76.987,
CUSR0000SEGA,2021,M02,77.480,
CUSR0000SEGA,2021,M03,77.959,
CUSR0000SEGA,2021,M04,78.085,
CUSR0000SEGA,2021,M05,78.194,
CUSR0000SEGA,2021,M06,78.667,
CUSR0000SEGA,2021,M07,79.026,
CUSR0000SEGA,2021,M08,79.103,
CUSR0000SEGA,2021,M09,79.673,
CUSR0000SEGA,2021,M10,81.157,
CUSR0000SEGA,2021,M11,81.893,
CUSR0000SEGA,2021,M12,82.478,
CUSR0000SEGA,2022,M01,82.408,
CUSR0000SEGA,2022,M02,82.908,
CUSR0000SEGA,2022,M03,83.354,
CUSR0000SEGA,2022,M04,83.692,
CUSR0000SEGA,2022,M05,84.404,
CUSR0000SEGA,2022,M06,84.876,
CUSR0000SEGA,2022,M07,85.102,
CUSR0000SEGA,2022,M08,86.056,
CUSR0000SEGA,2022,M09,86.226,
CUSR0000SEGA,2022,M10,86.504,
CUSR0000SEGA,2022,M11,87.077,
CUSR0000SEGA,2022,M12,86.991,
CUSR0000SEGA,2023,M01,87.571,
CUSR0000SEGA,2023,M02,88.457,
CUSR0000SEGA,2023,M03,89.122,
CUSR0000SEGA,2023,M04,89.219,
CUSR0000SEGA,2023,M05,89.734,
CUSR0000SEGA,2023,M06,89.809,
CUSR0000SEGA,2023,M07,90.252,
CUSR0000SEGA,2023,M08,90.836,
CUSR0000SEGA,2023,M09,91.034,
CUSR0000SEGA,2023,M10,92.756,
CUSR0000SEGA,2023,M11,93.814,
CUSR0000SEGA,2023,M12,93.757,
CUSR0000SEGA,2024,M01,94.050,
CUSR0000SEGA,2024,M02,94.771,
CUSR0000SEGA,2024,M03,95.161,
CUSR0000SEGA,2024,M04,95.207,
CUSR0000SEGA,2024,M05,96.731,
CUSR0000SEGA,2024,M06,97.198,
CUSR0000SEGA,2024,M07,97.347,
CUSR0000SEGA,2024,M08,98.496,
CUSR0000SEGA,2024,M09,98.515,
CUSR0000SEGA,2024,M10,99.068,
CUSR0000SEGA,2024,M11,100.022,
CUSR0000SEGA,2024,M12,100.000,
CUSR0000SEGA,2025,M01,100.411,
CUSR0000SEGA,2025,M02,101.010,
CUSR0000SEGA,2025,M03,101.661,
CUSR0000SEGA,2025,M04,101.947,
CUSR0000SEGA,2025,M05,102.789,
CUSR0000SEGA,2025,M06,103.335,
CUSR0000SEGA,2025,M07,103.643,
CUSR0000SEGA,2025,M08,104.707,
CUSR0000SEGA,2025,M09,105.331,
CUSR0000SEGA,2025,M10,-,Data unavailable due to the 2025 lapse in appropriations
CUSR0000SEGA,2025,M11,106.948,
CUSR0000SEGA,2025,M12,106.754,
CUSR0000SEGA,2026,M01,108.944,
CUSR0000SEGA,2026,M02,109.106,
CUSR0000SEGA,2026,M03,109.176,
CUSR0000SEGA,2026,M04,109.696,
CUSR0000SEGA,2026,M05,110.801,
CUSR0000SEGA,2026,M06,110.045,
CUSR0000SEGA,2026,M07,110.593,
CUSR0000SEHA,1997,M01,164.3,
CUSR0000SEHA,1997,M02,164.7,
CUSR0000SEHA,1997,M03,165.1,
CUSR0000SEHA,1997,M04,165.6,
CUSR0000SEHA,1997,M05,166.0,
CUSR0000SEHA,1997,M06,166.5,
CUSR0000SEHA,1997,M07,166.9,
CUSR0000SEHA,1997,M08,167.3,
CUSR0000SEHA,1997,M09,167.8,
CUSR0000SEHA,1997,M10,168.2,
CUSR0000SEHA,1997,M11,168.6,
CUSR0000SEHA,1997,M12,169.0,
CUSR0000SEHA,1998,M01,169.4,
CUSR0000SEHA,1998,M02,169.8,
CUSR0000SEHA,1998,M03,170.3,
CUSR0000SEHA,1998,M04,170.8,
CUSR0000SEHA,1998,M05,171.3,
CUSR0000SEHA,1998,M06,171.8,
CUSR0000SEHA,1998,M07,172.3,
CUSR0000SEHA,1998,M08,172.9,
CUSR0000SEHA,1998,M09,173.4,
CUSR0000SEHA,1998,M10,173.9,
CUSR0000SEHA,1998,M11,174.4,
CUSR0000SEHA,1998,M12,174.8,
CUSR0000SEHA,1999,M01,175.2,
CUSR0000SEHA,1999,M02,175.5,
CUSR0000SEHA,1999,M03,175.9,
CUSR0000SEHA,1999,M04,176.4,
CUSR0000SEHA,1999,M05,176.8,
CUSR0000SEHA,1999,M06,177.2,
CUSR0000SEHA,1999,M07,177.6,
CUSR0000SEHA,1999,M08,178.0,
CUSR0000SEHA,1999,M09,178.5,
CUSR0000SEHA,1999,M10,178.8,
CUSR0000SEHA,1999,M11,179.7,
CUSR0000SEHA,1999,M12,180.1,
CUSR0000SEHA,2000,M01,180.9,
CUSR0000SEHA,2000,M02,181.3,
CUSR0000SEHA,2000,M03,181.9,
CUSR0000SEHA,2000,M04,182.3,
CUSR0000SEHA,2000,M05,182.8,
CUSR0000SEHA,2000,M06,183.4,
CUSR0000SEHA,2000,M07,184.1,
CUSR0000SEHA,2000,M08,184.8,
CUSR0000SEHA,2000,M09,185.4,
CUSR0000SEHA,2000,M10,186.1,
CUSR0000SEHA,2000,M11,186.7,
CUSR0000SEHA,2000,M12,187.4,
CUSR0000SEHA,2001,M01,188.0,
CUSR0000SEHA,2001,M02,188.7,
CUSR0000SEHA,2001,M03,189.5,
CUSR0000SEHA,2001,M04,190.2,
CUSR0000SEHA,2001,M05,191.1,
CUSR0000SEHA,2001,M06,191.8,
CUSR0000SEHA,2001,M07,192.5,
CUSR0000SEHA,2001,M08,193.2,
CUSR0000SEHA,2001,M09,194.0,
CUSR0000SEHA,2001,M10,194.7,
CUSR0000SEHA,2001,M11,195.4,
CUSR0000SEHA,2001,M12,196.2,
CUSR0000SEHA,2002,M01,196.8,
CUSR0000SEHA,2002,M02,197.5,
CUSR0000SEHA,2002,M03,198.1,
CUSR0000SEHA,2002,M04,198.5,
CUSR0000SEHA,2002,M05,198.9,
CUSR0000SEHA,2002,M06,199.5,
CUSR0000SEHA,2002,M07,200.0,
CUSR0000SEHA,2002,M08,200.3,
CUSR0000SEHA,2002,M09,200.8,
CUSR0000SEHA,2002,M10,201.3,
CUSR0000SEHA,2002,M11,201.9,
CUSR0000SEHA,2002,M12,202.4,
CUSR0000SEHA,2003,M01,203.2,
CUSR0000SEHA,2003,M02,203.5,
CUSR0000SEHA,2003,M03,204.0,
CUSR0000SEHA,2003,M04,204.5,
CUSR0000SEHA,2003,M05,205.0,
CUSR0000SEHA,2003,M06,205.3,
CUSR0000SEHA,2003,M07,205.8,
CUSR0000SEHA,2003,M08,206.2,
CUSR0000SEHA,2003,M09,206.7,
CUSR0000SEHA,2003,M10,206.9,
CUSR0000SEHA,2003,M11,207.4,
CUSR0000SEHA,2003,M12,207.7,
CUSR0000SEHA,2004,M01,208.1,
CUSR0000SEHA,2004,M02,208.6,
CUSR0000SEHA,2004,M03,209.1,
CUSR0000SEHA,2004,M04,209.7,
CUSR0000SEHA,2004,M05,210.3,
CUSR0000SEHA,2004,M06,210.9,
CUSR0000SEHA,2004,M07,211.4,
CUSR0000SEHA,2004,M08,212.0,
CUSR0000SEHA,2004,M09,212.5,
CUSR0000SEHA,2004,M10,212.8,
CUSR0000SEHA,2004,M11,213.1,
CUSR0000SEHA,2004,M12,213.7,
CUSR0000SEHA,2005,M01,214.3,
CUSR0000SEHA,2005,M02,214.9,
CUSR0000SEHA,2005,M03,215.4,
CUSR0000SEHA,2005,M04,216.0,
CUSR0000SEHA,2005,M05,216.5,
CUSR0000SEHA,2005,M06,217.0,
CUSR0000SEHA,2005,M07,217.7,
CUSR0000SEHA,2005,M08,218.1,
CUSR0000SEHA,2005,M09,218.7,
CUSR0000SEHA,2005,M10,219.3,
CUSR0000SEHA,2005,M11,219.9,
CUSR0000SEHA,2005,M12,220.3,
CUSR0000SEHA,2006,M01,220.8,
CUSR0000SEHA,2006,M02,221.5,
CUSR0000SEHA,2006,M03,222.2,
CUSR0000SEHA,2006,M04,222.9,
CUSR0000SEHA,2006,M05,223.7,
CUSR0000SEHA,2006,M06,224.6,
CUSR0000SEHA,2006,M07,225.4,
CUSR0000SEHA,2006,M08,226.3,
CUSR0000SEHA,2006,M09,227.2,
CUSR0000SEHA,2006,M10,228.0,
CUSR0000SEHA,2006,M11,228.8,
CUSR0000SEHA,2006,M12,229.8,
CUSR0000SEHA,2007,M01,230.547,
CUSR0000SEHA,2007,M02,231.546,
CUSR0000SEHA,2007,M03,232.349,
CUSR0000SEHA,2007,M04,232.960,
CUSR0000SEHA,2007,M05,233.656,
CUSR0000SEHA,2007,M06,234.283,
CUSR0000SEHA,2007,M07,234.996,
CUSR0000SEHA,2007,M08,235.524,
CUSR0000SEHA,2007,M09,236.239,
CUSR0000SEHA,2007,M10,237.180,
CUSR0000SEHA,2007,M11,238.063,
CUSR0000SEHA,2007,M12,238.873,
CUSR0000SEHA,2008,M01,239.517,
CUSR0000SEHA,2008,M02,240.080,
CUSR0000SEHA,2008,M03,240.680,
CUSR0000SEHA,2008,M04,241.437,
CUSR0000SEHA,2008,M05,241.927,
CUSR0000SEHA,2008,M06,242.882,
CUSR0000SEHA,2008,M07,243.675,
CUSR0000SEHA,2008,M08,244.475,
CUSR0000SEHA,2008,M09,245.175,
CUSR0000SEHA,2008,M10,245.914,
CUSR0000SEHA,2008,M11,246.556,
CUSR0000SEHA,2008,M12,246.992,
CUSR0000SEHA,2009,M01,247.563,
CUSR0000SEHA,2009,M02,247.994,
CUSR0000SEHA,2009,M03,248.396,
CUSR0000SEHA,2009,M04,248.837,
CUSR0000SEHA,2009,M05,249.204,
CUSR0000SEHA,2009,M06,249.381,
CUSR0000SEHA,2009,M07,249.343,
CUSR0000SEHA,2009,M08,249.359,
CUSR0000SEHA,2009,M09,249.261,
CUSR0000SEHA,2009,M10,248.959,
CUSR0000SEHA,2009,M11,248.778,
CUSR0000SEHA,2009,M12,248.667,
CUSR0000SEHA,2010,M01,248.721,
CUSR0000SEHA,2010,M02,248.717,
CUSR0000SEHA,2010,M03,248.854,
CUSR0000SEHA,2010,M04,248.962,
CUSR0000SEHA,2010,M05,249.066,
CUSR0000SEHA,2010,M06,249.327,
CUSR0000SEHA,2010,M07,249.458,
CUSR0000SEHA,2010,M08,249.346,
CUSR0000SEHA,2010,M09,249.663,
CUSR0000SEHA,2010,M10,249.660,
CUSR0000SEHA,2010,M11,250.182,
CUSR0000SEHA,2010,M12,250.641,
CUSR0000SEHA,2011,M01,251.142,
CUSR0000SEHA,2011,M02,251.516,
CUSR0000SEHA,2011,M03,251.905,
CUSR0000SEHA,2011,M04,252.203,
CUSR0000SEHA,2011,M05,252.584,
CUSR0000SEHA,2011,M06,252.986,
CUSR0000SEHA,2011,M07,253.423,
CUSR0000SEHA,2011,M08,254.295,
CUSR0000SEHA,2011,M09,254.895,
CUSR0000SEHA,2011,M10,255.651,
CUSR0000SEHA,2011,M11,256.207,
CUSR0000SEHA,2011,M12,256.800,
CUSR0000SEHA,2012,M01,257.267,
CUSR0000SEHA,2012,M02,257.842,
CUSR0000SEHA,2012,M03,258.335,
CUSR0000SEHA,2012,M04,258.977,
CUSR0000SEHA,2012,M05,259.481,
CUSR0000SEHA,2012,M06,259.893,
CUSR0000SEHA,2012,M07,260.476,
CUSR0000SEHA,2012,M08,260.999,
CUSR0000SEHA,2012,M09,261.620,
CUSR0000SEHA,2012,M10,262.631,
CUSR0000SEHA,2012,M11,263.137,
CUSR0000SEHA,2012,M12,263.669,
CUSR0000SEHA,2013,M01,264.245,
CUSR0000SEHA,2013,M02,264.904,
CUSR0000SEHA,2013,M03,265.603,
CUSR0000SEHA,2013,M04,266.094,
CUSR0000SEHA,2013,M05,266.841,
CUSR0000SEHA,2013,M06,267.451,
CUSR0000SEHA,2013,M07,267.870,
CUSR0000SEHA,2013,M08,268.837,
CUSR0000SEHA,2013,M09,269.315,
CUSR0000SEHA,2013,M10,269.822,
CUSR0000SEHA,2013,M11,270.387,
CUSR0000SEHA,2013,M12,271.220,
CUSR0000SEHA,2014,M01,271.918,
CUSR0000SEHA,2014,M02,272.461,
CUSR0000SEHA,2014,M03,273.341,
CUSR0000SEHA,2014,M04,274.255,
CUSR0000SEHA,2014,M05,275.013,
CUSR0000SEHA,2014,M06,275.819,
CUSR0000SEHA,2014,M07,276.663,
CUSR0000SEHA,2014,M08,277.319,
CUSR0000SEHA,2014,M09,278.149,
CUSR0000SEHA,2014,M10,278.797,
CUSR0000SEHA,2014,M11,279.758,
CUSR0000SEHA,2014,M12,280.383,
CUSR0000SEHA,2015,M01,281.223,
CUSR0000SEHA,2015,M02,282.171,
CUSR0000SEHA,2015,M03,283.056,
CUSR0000SEHA,2015,M04,283.786,
CUSR0000SEHA,2015,M05,284.559,
CUSR0000SEHA,2015,M06,285.477,
CUSR0000SEHA,2015,M07,286.435,
CUSR0000SEHA,2015,M08,287.320,
CUSR0000SEHA,2015,M09,288.385,
CUSR0000SEHA,2015,M10,289.236,
CUSR0000SEHA,2015,M11,289.953,
CUSR0000SEHA,2015,M12,290.723,
CUSR0000SEHA,2016,M01,291.700,
CUSR0000SEHA,2016,M02,292.617,
CUSR0000SEHA,2016,M03,293.471,
CUSR0000SEHA,2016,M04,294.397,
CUSR0000SEHA,2016,M05,295.371,
CUSR0000SEHA,2016,M06,296.306,
CUSR0000SEHA,2016,M07,297.192,
CUSR0000SEHA,2016,M08,298.029,
CUSR0000SEHA,2016,M09,299.035,
CUSR0000SEHA,2016,M10,300.215,
CUSR0000SEHA,2016,M11,301.223,
CUSR0000SEHA,2016,M12,302.271,
CUSR0000SEHA,2017,M01,303.156,
CUSR0000SEHA,2017,M02,304.060,
CUSR0000SEHA,2017,M03,304.888,
CUSR0000SEHA,2017,M04,305.692,
CUSR0000SEHA,2017,M05,306.720,
CUSR0000SEHA,2017,M06,307.681,
CUSR0000SEHA,2017,M07,308.490,
CUSR0000SEHA,2017,M08,309.608,
CUSR0000SEHA,2017,M09,310.346,
CUSR0000SEHA,2017,M10,311.330,
CUSR0000SEHA,2017,M11,312.295,
CUSR0000SEHA,2017,M12,313.462,
CUSR0000SEHA,2018,M01,314.531,
CUSR0000SEHA,2018,M02,315.162,
CUSR0000SEHA,2018,M03,315.885,
CUSR0000SEHA,2018,M04,316.960,
CUSR0000SEHA,2018,M05,317.766,
CUSR0000SEHA,2018,M06,318.607,
CUSR0000SEHA,2018,M07,319.642,
CUSR0000SEHA,2018,M08,320.860,
CUSR0000SEHA,2018,M09,321.563,
CUSR0000SEHA,2018,M10,322.447,
CUSR0000SEHA,2018,M11,323.633,
CUSR0000SEHA,2018,M12,324.408,
CUSR0000SEHA,2019,M01,325.314,
CUSR0000SEHA,2019,M02,326.220,
CUSR0000SEHA,2019,M03,327.539,
CUSR0000SEHA,2019,M04,328.816,
CUSR0000SEHA,2019,M05,329.617,
CUSR0000SEHA,2019,M06,330.919,
CUSR0000SEHA,2019,M07,331.935,
CUSR0000SEHA,2019,M08,332.781,
CUSR0000SEHA,2019,M09,333.920,
CUSR0000SEHA,2019,M10,334.558,
CUSR0000SEHA,2019,M11,335.484,
CUSR0000SEHA,2019,M12,336.418,
CUSR0000SEHA,2020,M01,337.591,
CUSR0000SEHA,2020,M02,338.489,
CUSR0000SEHA,2020,M03,339.502,
CUSR0000SEHA,2020,M04,340.225,
CUSR0000SEHA,2020,M05,341.007,
CUSR0000SEHA,2020,M06,341.524,
CUSR0000SEHA,2020,M07,342.312,
CUSR0000SEHA,2020,M08,342.650,
CUSR0000SEHA,2020,M09,342.986,
CUSR0000SEHA,2020,M10,343.502,
CUSR0000SEHA,2020,M11,343.731,
CUSR0000SEHA,2020,M12,344.125,
CUSR0000SEHA,2021,M01,344.489,
CUSR0000SEHA,2021,M02,345.099,
CUSR0000SEHA,2021,M03,345.658,
CUSR0000SEHA,2021,M04,346.357,
CUSR0000SEHA,2021,M05,347.242,
CUSR0000SEHA,2021,M06,348.070,
CUSR0000SEHA,2021,M07,348.853,
CUSR0000SEHA,2021,M08,349.983,
CUSR0000SEHA,2021,M09,351.306,
CUSR0000SEHA,2021,M10,352.771,
CUSR0000SEHA,2021,M11,354.215,
CUSR0000SEHA,2021,M12,355.588,
CUSR0000SEHA,2022,M01,357.411,
CUSR0000SEHA,2022,M02,359.438,
CUSR0000SEHA,2022,M03,360.989,
CUSR0000SEHA,2022,M04,363.062,
CUSR0000SEHA,2022,M05,365.376,
CUSR0000SEHA,2022,M06,368.216,
CUSR0000SEHA,2022,M07,370.916,
CUSR0000SEHA,2022,M08,373.597,
CUSR0000SEHA,2022,M09,376.628,
CUSR0000SEHA,2022,M10,379.291,
CUSR0000SEHA,2022,M11,382.228,
CUSR0000SEHA,2022,M12,385.247,
CUSR0000SEHA,2023,M01,387.984,
CUSR0000SEHA,2023,M02,390.904,
CUSR0000SEHA,2023,M03,392.787,
CUSR0000SEHA,2023,M04,395.024,
CUSR0000SEHA,2023,M05,397.025,
CUSR0000SEHA,2023,M06,398.949,
CUSR0000SEHA,2023,M07,400.741,
CUSR0000SEHA,2023,M08,402.580,
CUSR0000SEHA,2023,M09,404.538,
CUSR0000SEHA,2023,M10,406.532,
CUSR0000SEHA,2023,M11,408.511,
CUSR0000SEHA,2023,M12,410.156,
CUSR0000SEHA,2024,M01,411.600,
CUSR0000SEHA,2024,M02,413.427,
CUSR0000SEHA,2024,M03,415.080,
CUSR0000SEHA,2024,M04,416.490,
CUSR0000SEHA,2024,M05,418.100,
CUSR0000SEHA,2024,M06,419.223,
CUSR0000SEHA,2024,M07,421.138,
CUSR0000SEHA,2024,M08,422.556,
CUSR0000SEHA,2024,M09,423.858,
CUSR0000SEHA,2024,M10,425.235,
CUSR0000SEHA,2024,M11,426.342,
CUSR0000SEHA,2024,M12,427.680,
CUSR0000SEHA,2025,M01,429.087,
CUSR0000SEHA,2025,M02,430.318,
CUSR0000SEHA,2025,M03,431.645,
CUSR0000SEHA,2025,M04,433.043,
CUSR0000SEHA,2025,M05,434.038,
CUSR0000SEHA,2025,M06,435.033,
CUSR0000SEHA,2025,M07,436.050,
CUSR0000SEHA,2025,M08,437.294,
CUSR0000SEHA,2025,M09,438.237,
CUSR0000SEHA,2025,M10,-,Data unavailable due to the 2025 lapse in appropriations
CUSR0000SEHA,2025,M11,439.002,
CUSR0000SEHA,2025,M12,440.189,
CUSR0000SEHA,2026,M01,441.285,
CUSR0000SEHA,2026,M02,441.865,
CUSR0000SEHA,2026,M03,442.705,
CUSR0000SEHA,2026,M04,445.118,
CUSR0000SEHA,2026,M05,446.729,
CUSR0000SEHA,2026,M06,447.397,
CUSR0000SEHA,2026,M07,448.542,
CUSR0000SEHB,1997,M12,108.0,
CUSR0000SEHB,1998,M01,107.7,
CUSR0000SEHB,1998,M02,107.8,
CUSR0000SEHB,1998,M03,107.3,
CUSR0000SEHB,1998,M04,107.9,
CUSR0000SEHB,1998,M05,108.8,
CUSR0000SEHB,1998,M06,108.3,
CUSR0000SEHB,1998,M07,107.6,
CUSR0000SEHB,1998,M08,108.7,
CUSR0000SEHB,1998,M09,110.3,
CUSR0000SEHB,1998,M10,110.3,
CUSR0000SEHB,1998,M11,111.7,
CUSR0000SEHB,1998,M12,112.3,
CUSR0000SEHB,1999,M01,110.2,
CUSR0000SEHB,1999,M02,109.8,
CUSR0000SEHB,1999,M03,110.5,
CUSR0000SEHB,1999,M04,112.0,
CUSR0000SEHB,1999,M05,111.6,
CUSR0000SEHB,1999,M06,111.9,
CUSR0000SEHB,1999,M07,112.8,
CUSR0000SEHB,1999,M08,112.7,
CUSR0000SEHB,1999,M09,114.2,
CUSR0000SEHB,1999,M10,113.8,
CUSR0000SEHB,1999,M11,113.7,
CUSR0000SEHB,1999,M12,114.3,
CUSR0000SEHB,2000,M01,115.4,
CUSR0000SEHB,2000,M02,115.0,
CUSR0000SEHB,2000,M03,116.9,
CUSR0000SEHB,2000,M04,116.7,
CUSR0000SEHB,2000,M05,116.9,
CUSR0000SEHB,2000,M06,118.0,
CUSR0000SEHB,2000,M07,118.3,
CUSR0000SEHB,2000,M08,118.2,
CUSR0000SEHB,2000,M09,118.5,
CUSR0000SEHB,2000,M10,119.1,
CUSR0000SEHB,2000,M11,119.4,
CUSR0000SEHB,2000,M12,117.3,
CUSR0000SEHB,2001,M01,118.6,
CUSR0000SEHB,2001,M02,119.4,
CUSR0000SEHB,2001,M03,120.1,
CUSR0000SEHB,2001,M04,118.7,
CUSR0000SEHB,2001,M05,118.9,
CUSR0000SEHB,2001,M06,120.7,
CUSR0000SEHB,2001,M07,119.3,
CUSR0000SEHB,2001,M08,120.2,
CUSR0000SEHB,2001,M09,117.4,
CUSR0000SEHB,2001,M10,115.1,
CUSR0000SEHB,2001,M11,117.1,
CUSR0000SEHB,2001,M12,117.7,
CUSR0000SEHB,2002,M01,117.8,
CUSR0000SEHB,2002,M02,119.6,
CUSR0000SEHB,2002,M03,117.8,
CUSR0000SEHB,2002,M04,118.5,
CUSR0000SEHB,2002,M05,118.5,
CUSR0000SEHB,2002,M06,117.7,
CUSR0000SEHB,2002,M07,116.9,
CUSR0000SEHB,2002,M08,118.9,
CUSR0000SEHB,2002,M09,118.7,
CUSR0000SEHB,2002,M10,117.8,
CUSR0000SEHB,2002,M11,119.1,
CUSR0000SEHB,2002,M12,118.6,
CUSR0000SEHB,2003,M01,119.4,
CUSR0000SEHB,2003,M02,117.9,
CUSR0000SEHB,2003,M03,115.8,
CUSR0000SEHB,2003,M04,115.1,
CUSR0000SEHB,2003,M05,119.6,
CUSR0000SEHB,2003,M06,119.2,
CUSR0000SEHB,2003,M07,119.8,
CUSR0000SEHB,2003,M08,120.2,
CUSR0000SEHB,2003,M09,119.7,
CUSR0000SEHB,2003,M10,121.7,
CUSR0000SEHB,2003,M11,121.1,
CUSR0000SEHB,2003,M12,122.4,
CUSR0000SEHB,2004,M01,122.3,
CUSR0000SEHB,2004,M02,119.7,
CUSR0000SEHB,2004,M03,123.9,
CUSR0000SEHB,2004,M04,125.2,
CUSR0000SEHB,2004,M05,126.6,
CUSR0000SEHB,2004,M06,126.4,
CUSR0000SEHB,2004,M07,126.7,
CUSR0000SEHB,2004,M08,125.7,
CUSR0000SEHB,2004,M09,128.5,
CUSR0000SEHB,2004,M10,128.9,
CUSR0000SEHB,2004,M11,128.4,
CUSR0000SEHB,2004,M12,128.4,
CUSR0000SEHB,2005,M01,127.7,
CUSR0000SEHB,2005,M02,128.9,
CUSR0000SEHB,2005,M03,134.2,
CUSR0000SEHB,2005,M04,132.2,
CUSR0000SEHB,2005,M05,130.1,
CUSR0000SEHB,2005,M06,129.9,
CUSR0000SEHB,2005,M07,130.3,
CUSR0000SEHB,2005,M08,129.7,
CUSR0000SEHB,2005,M09,125.6,
CUSR0000SEHB,2005,M10,130.5,
CUSR0000SEHB,2005,M11,131.7,
CUSR0000SEHB,2005,M12,132.6,
CUSR0000SEHB,2006,M01,132.9,
CUSR0000SEHB,2006,M02,133.8,
CUSR0000SEHB,2006,M03,136.3,
CUSR0000SEHB,2006,M04,136.1,
CUSR0000SEHB,2006,M05,136.3,
CUSR0000SEHB,2006,M06,135.5,
CUSR0000SEHB,2006,M07,135.7,
CUSR0000SEHB,2006,M08,136.3,
CUSR0000SEHB,2006,M09,135.7,
CUSR0000SEHB,2006,M10,136.7,
CUSR0000SEHB,2006,M11,137.9,
CUSR0000SEHB,2006,M12,138.2,
CUSR0000SEHB,2007,M01,139.003,
CUSR0000SEHB,2007,M02,140.309,
CUSR0000SEHB,2007,M03,139.454,
CUSR0000SEHB,2007,M04,140.859,
CUSR0000SEHB,2007,M05,142.364,
CUSR0000SEHB,2007,M06,144.083,
CUSR0000SEHB,2007,M07,144.457,
CUSR0000SEHB,2007,M08,144.676,
CUSR0000SEHB,2007,M09,144.575,
CUSR0000SEHB,2007,M10,144.299,
CUSR0000SEHB,2007,M11,144.221,
CUSR0000SEHB,2007,M12,144.645,
CUSR0000SEHB,2008,M01,145.914,
CUSR0000SEHB,2008,M02,145.687,
CUSR0000SEHB,2008,M03,147.658,
CUSR0000SEHB,2008,M04,143.703,
CUSR0000SEHB,2008,M05,143.801,
CUSR0000SEHB,2008,M06,143.277,
CUSR0000SEHB,2008,M07,143.579,
CUSR0000SEHB,2008,M08,143.156,
CUSR0000SEHB,2008,M09,142.788,
CUSR0000SEHB,2008,M10,141.951,
CUSR0000SEHB,2008,M11,141.222,
CUSR0000SEHB,2008,M12,140.000,
CUSR0000SEHB,2009,M01,139.624,
CUSR0000SEHB,2009,M02,138.275,
CUSR0000SEHB,2009,M03,136.814,
CUSR0000SEHB,2009,M04,135.940,
CUSR0000SEHB,2009,M05,133.785,
CUSR0000SEHB,2009,M06,132.235,
CUSR0000SEHB,2009,M07,129.990,
CUSR0000SEHB,2009,M08,131.469,
CUSR0000SEHB,2009,M09,132.268,
CUSR0000SEHB,2009,M10,134.433,
CUSR0000SEHB,2009,M11,133.144,
CUSR0000SEHB,2009,M12,133.202,
CUSR0000SEHB,2010,M01,131.746,
CUSR0000SEHB,2010,M02,131.761,
CUSR0000SEHB,2010,M03,132.483,
CUSR0000SEHB,2010,M04,133.312,
CUSR0000SEHB,2010,M05,134.012,
CUSR0000SEHB,2010,M06,134.095,
CUSR0000SEHB,2010,M07,134.500,
CUSR0000SEHB,2010,M08,134.310,
CUSR0000SEHB,2010,M09,134.144,
CUSR0000SEHB,2010,M10,134.202,
CUSR0000SEHB,2010,M11,133.952,
CUSR0000SEHB,2010,M12,135.329,
CUSR0000SEHB,2011,M01,135.937,
CUSR0000SEHB,2011,M02,134.925,
CUSR0000SEHB,2011,M03,135.132,
CUSR0000SEHB,2011,M04,135.354,
CUSR0000SEHB,2011,M05,134.358,
CUSR0000SEHB,2011,M06,137.184,
CUSR0000SEHB,2011,M07,139.958,
CUSR0000SEHB,2011,M08,138.946,
CUSR0000SEHB,2011,M09,138.705,
CUSR0000SEHB,2011,M10,138.726,
CUSR0000SEHB,2011,M11,139.503,
CUSR0000SEHB,2011,M12,140.324,
CUSR0000SEHB,2012,M01,138.511,
CUSR0000SEHB,2012,M02,140.152,
CUSR0000SEHB,2012,M03,139.932,
CUSR0000SEHB,2012,M04,139.988,
CUSR0000SEHB,2012,M05,140.906,
CUSR0000SEHB,2012,M06,142.488,
CUSR0000SEHB,2012,M07,140.433,
CUSR0000SEHB,2012,M08,140.142,
CUSR0000SEHB,2012,M09,140.822,
CUSR0000SEHB,2012,M10,141.429,
CUSR0000SEHB,2012,M11,140.793,
CUSR0000SEHB,2012,M12,140.528,
CUSR0000SEHB,2013,M01,141.473,
CUSR0000SEHB,2013,M02,141.784,
CUSR0000SEHB,2013,M03,141.723,
CUSR0000SEHB,2013,M04,142.263,
CUSR0000SEHB,2013,M05,143.247,
CUSR0000SEHB,2013,M06,143.329,
CUSR0000SEHB,2013,M07,144.382,
CUSR0000SEHB,2013,M08,143.431,
CUSR0000SEHB,2013,M09,142.999,
CUSR0000SEHB,2013,M10,139.053,
CUSR0000SEHB,2013,M11,142.786,
CUSR0000SEHB,2013,M12,142.732,
CUSR0000SEHB,2014,M01,143.484,
CUSR0000SEHB,2014,M02,144.063,
CUSR0000SEHB,2014,M03,146.129,
CUSR0000SEHB,2014,M04,146.567,
CUSR0000SEHB,2014,M05,150.077,
CUSR0000SEHB,2014,M06,147.727,
CUSR0000SEHB,2014,M07,149.185,
CUSR0000SEHB,2014,M08,150.035,
CUSR0000SEHB,2014,M09,150.364,
CUSR0000SEHB,2014,M10,150.829,
CUSR0000SEHB,2014,M11,151.213,
CUSR0000SEHB,2014,M12,151.990,
CUSR0000SEHB,2015,M01,152.941,
CUSR0000SEHB,2015,M02,152.108,
CUSR0000SEHB,2015,M03,153.494,
CUSR0000SEHB,2015,M04,153.599,
CUSR0000SEHB,2015,M05,151.316,
CUSR0000SEHB,2015,M06,148.963,
CUSR0000SEHB,2015,M07,154.047,
CUSR0000SEHB,2015,M08,152.824,
CUSR0000SEHB,2015,M09,153.279,
CUSR0000SEHB,2015,M10,153.968,
CUSR0000SEHB,2015,M11,155.576,
CUSR0000SEHB,2015,M12,154.639,
CUSR0000SEHB,2016,M01,157.308,
CUSR0000SEHB,2016,M02,158.028,
CUSR0000SEHB,2016,M03,156.829,
CUSR0000SEHB,2016,M04,155.194,
CUSR0000SEHB,2016,M05,156.465,
CUSR0000SEHB,2016,M06,158.643,
CUSR0000SEHB,2016,M07,156.779,
CUSR0000SEHB,2016,M08,158.256,
CUSR0000SEHB,2016,M09,158.760,
CUSR0000SEHB,2016,M10,161.261,
CUSR0000SEHB,2016,M11,159.879,
CUSR0000SEHB,2016,M12,160.245,
CUSR0000SEHB,2017,M01,160.225,
CUSR0000SEHB,2017,M02,160.683,
CUSR0000SEHB,2017,M03,157.517,
CUSR0000SEHB,2017,M04,159.503,
CUSR0000SEHB,2017,M05,159.957,
CUSR0000SEHB,2017,M06,158.952,
CUSR0000SEHB,2017,M07,153.378,
CUSR0000SEHB,2017,M08,158.478,
CUSR0000SEHB,2017,M09,159.453,
CUSR0000SEHB,2017,M10,163.832,
CUSR0000SEHB,2017,M11,160.688,
CUSR0000SEHB,2017,M12,160.654,
CUSR0000SEHB,2018,M01,158.539,
CUSR0000SEHB,2018,M02,158.830,
CUSR0000SEHB,2018,M03,161.714,
CUSR0000SEHB,2018,M04,161.391,
CUSR0000SEHB,2018,M05,166.940,
CUSR0000SEHB,2018,M06,161.277,
CUSR0000SEHB,2018,M07,160.772,
CUSR0000SEHB,2018,M08,161.913,
CUSR0000SEHB,2018,M09,159.817,
CUSR0000SEHB,2018,M10,160.665,
CUSR0000SEHB,2018,M11,158.368,
CUSR0000SEHB,2018,M12,161.437,
CUSR0000SEHB,2019,M01,163.144,
CUSR0000SEHB,2019,M02,166.128,
CUSR0000SEHB,2019,M03,166.013,
CUSR0000SEHB,2019,M04,167.262,
CUSR0000SEHB,2019,M05,168.780,
CUSR0000SEHB,2019,M06,167.434,
CUSR0000SEHB,2019,M07,167.986,
CUSR0000SEHB,2019,M08,164.913,
CUSR0000SEHB,2019,M09,167.824,
CUSR0000SEHB,2019,M10,164.892,
CUSR0000SEHB,2019,M11,163.699,
CUSR0000SEHB,2019,M12,161.083,
CUSR0000SEHB,2020,M01,163.816,
CUSR0000SEHB,2020,M02,168.221,
CUSR0000SEHB,2020,M03,156.238,
CUSR0000SEHB,2020,M04,143.351,
CUSR0000SEHB,2020,M05,141.462,
CUSR0000SEHB,2020,M06,143.221,
CUSR0000SEHB,2020,M07,145.373,
CUSR0000SEHB,2020,M08,146.431,
CUSR0000SEHB,2020,M09,146.741,
CUSR0000SEHB,2020,M10,142.605,
CUSR0000SEHB,2020,M11,146.204,
CUSR0000SEHB,2020,M12,146.014,
CUSR0000SEHB,2021,M01,143.846,
CUSR0000SEHB,2021,M02,142.382,
CUSR0000SEHB,2021,M03,144.887,
CUSR0000SEHB,2021,M04,153.572,
CUSR0000SEHB,2021,M05,153.956,
CUSR0000SEHB,2021,M06,165.942,
CUSR0000SEHB,2021,M07,177.521,
CUSR0000SEHB,2021,M08,172.597,
CUSR0000SEHB,2021,M09,172.822,
CUSR0000SEHB,2021,M10,175.355,
CUSR0000SEHB,2021,M11,179.130,
CUSR0000SEHB,2021,M12,180.743,
CUSR0000SEHB,2022,M01,173.159,
CUSR0000SEHB,2022,M02,177.692,
CUSR0000SEHB,2022,M03,181.170,
CUSR0000SEHB,2022,M04,183.740,
CUSR0000SEHB,2022,M05,183.701,
CUSR0000SEHB,2022,M06,182.803,
CUSR0000SEHB,2022,M07,179.781,
CUSR0000SEHB,2022,M08,179.845,
CUSR0000SEHB,2022,M09,177.970,
CUSR0000SEHB,2022,M10,185.562,
CUSR0000SEHB,2022,M11,184.657,
CUSR0000SEHB,2022,M12,185.954,
CUSR0000SEHB,2023,M01,186.204,
CUSR0000SEHB,2023,M02,189.436,
CUSR0000SEHB,2023,M03,194.212,
CUSR0000SEHB,2023,M04,189.646,
CUSR0000SEHB,2023,M05,190.233,
CUSR0000SEHB,2023,M06,191.236,
CUSR0000SEHB,2023,M07,190.851,
CUSR0000SEHB,2023,M08,185.434,
CUSR0000SEHB,2023,M09,191.208,
CUSR0000SEHB,2023,M10,187.943,
CUSR0000SEHB,2023,M11,185.820,
CUSR0000SEHB,2023,M12,185.814,
CUSR0000SEHB,2024,M01,187.565,
CUSR0000SEHB,2024,M02,188.326,
CUSR0000SEHB,2024,M03,190.545,
CUSR0000SEHB,2024,M04,189.240,
CUSR0000SEHB,2024,M05,188.025,
CUSR0000SEHB,2024,M06,187.167,
CUSR0000SEHB,2024,M07,187.093,
CUSR0000SEHB,2024,M08,189.024,
CUSR0000SEHB,2024,M09,186.037,
CUSR0000SEHB,2024,M10,187.546,
CUSR0000SEHB,2024,M11,192.160,
CUSR0000SEHB,2024,M12,189.951,
CUSR0000SEHB,2025,M01,191.639,
CUSR0000SEHB,2025,M02,191.868,
CUSR0000SEHB,2025,M03,185.628,
CUSR0000SEHB,2025,M04,186.657,
CUSR0000SEHB,2025,M05,186.380,
CUSR0000SEHB,2025,M06,182.607,
CUSR0000SEHB,2025,M07,180.824,
CUSR0000SEHB,2025,M08,184.457,
CUSR0000SEHB,2025,M09,186.039,
CUSR0000SEHB,2025,M10,-,Data unavailable due to the 2025 lapse in appropriations
CUSR0000SEHB,2025,M11,184.180,
CUSR0000SEHB,2025,M12,188.203,
CUSR0000SEHB,2026,M01,188.018,
CUSR0000SEHB,2026,M02,189.826,
CUSR0000SEHB,2026,M03,190.287,
CUSR0000SEHB,2026,M04,194.934,
CUSR0000SEHB,2026,M05,195.749,
CUSR0000SEHB,2026,M06,191.201,
CUSR0000SEHB,2026,M07,185.934,
CUSR0000SEHC,1997,M01,179.4,
CUSR0000SEHC,1997,M02,179.9,
CUSR0000SEHC,1997,M03,180.2,
CUSR0000SEHC,1997,M04,180.7,
CUSR0000SEHC,1997,M05,181.2,
CUSR0000SEHC,1997,M06,181.6,
CUSR0000SEHC,1997,M07,182.2,
CUSR0000SEHC,1997,M08,182.7,
CUSR0000SEHC,1997,M09,183.1,
CUSR0000SEHC,1997,M10,183.4,
CUSR0000SEHC,1997,M11,184.0,
CUSR0000SEHC,1997,M12,184.5,
CUSR0000SEHC,1998,M01,185.0,
CUSR0000SEHC,1998,M02,185.4,
CUSR0000SEHC,1998,M03,186.0,
CUSR0000SEHC,1998,M04,186.5,
CUSR0000SEHC,1998,M05,187.0,
CUSR0000SEHC,1998,M06,187.6,
CUSR0000SEHC,1998,M07,188.1,
CUSR0000SEHC,1998,M08,188.6,
CUSR0000SEHC,1998,M09,189.1,
CUSR0000SEHC,1998,M10,189.7,
CUSR0000SEHC,1998,M11,190.1,
CUSR0000SEHC,1998,M12,190.5,
CUSR0000SEHC,1999,M01,190.9,
CUSR0000SEHC,1999,M02,191.2,
CUSR0000SEHC,1999,M03,191.6,
CUSR0000SEHC,1999,M04,192.0,
CUSR0000SEHC,1999,M05,192.4,
CUSR0000SEHC,1999,M06,192.7,
CUSR0000SEHC,1999,M07,193.1,
CUSR0000SEHC,1999,M08,193.5,
CUSR0000SEHC,1999,M09,193.9,
CUSR0000SEHC,1999,M10,194.2,
CUSR0000SEHC,1999,M11,194.7,
CUSR0000SEHC,1999,M12,195.0,
CUSR0000SEHC,2000,M01,196.0,
CUSR0000SEHC,2000,M02,196.5,
CUSR0000SEHC,2000,M03,196.9,
CUSR0000SEHC,2000,M04,197.3,
CUSR0000SEHC,2000,M05,197.8,
CUSR0000SEHC,2000,M06,198.4,
CUSR0000SEHC,2000,M07,198.8,
CUSR0000SEHC,2000,M08,199.3,
CUSR0000SEHC,2000,M09,199.9,
CUSR0000SEHC,2000,M10,200.5,
CUSR0000SEHC,2000,M11,201.0,
CUSR0000SEHC,2000,M12,201.6,
CUSR0000SEHC,2001,M01,202.2,
CUSR0000SEHC,2001,M02,202.8,
CUSR0000SEHC,2001,M03,203.6,
CUSR0000SEHC,2001,M04,204.3,
CUSR0000SEHC,2001,M05,205.1,
CUSR0000SEHC,2001,M06,205.9,
CUSR0000SEHC,2001,M07,206.5,
CUSR0000SEHC,2001,M08,207.4,
CUSR0000SEHC,2001,M09,208.1,
CUSR0000SEHC,2001,M10,209.0,
CUSR0000SEHC,2001,M11,209.9,
CUSR0000SEHC,2001,M12,210.7,
CUSR0000SEHC,2002,M01,211.4,
CUSR0000SEHC,2002,M02,212.0,
CUSR0000SEHC,2002,M03,212.7,
CUSR0000SEHC,2002,M04,213.4,
CUSR0000SEHC,2002,M05,213.9,
CUSR0000SEHC,2002,M06,214.5,
CUSR0000SEHC,2002,M07,215.1,
CUSR0000SEHC,2002,M08,215.5,
CUSR0000SEHC,2002,M09,216.2,
CUSR0000SEHC,2002,M10,216.7,
CUSR0000SEHC,2002,M11,217.2,
CUSR0000SEHC,2002,M12,217.7,
CUSR0000SEHC,2003,M01,218.3,
CUSR0000SEHC,2003,M02,218.6,
CUSR0000SEHC,2003,M03,218.9,
CUSR0000SEHC,2003,M04,219.0,
CUSR0000SEHC,2003,M05,219.3,
CUSR0000SEHC,2003,M06,219.3,
CUSR0000SEHC,2003,M07,219.8,
CUSR0000SEHC,2003,M08,220.2,
CUSR0000SEHC,2003,M09,220.7,
CUSR0000SEHC,2003,M10,221.3,
CUSR0000SEHC,2003,M11,221.8,
CUSR0000SEHC,2003,M12,222.0,
CUSR0000SEHC,2004,M01,222.4,
CUSR0000SEHC,2004,M02,222.8,
CUSR0000SEHC,2004,M03,223.3,
CUSR0000SEHC,2004,M04,224.0,
CUSR0000SEHC,2004,M05,224.4,
CUSR0000SEHC,2004,M06,224.9,
CUSR0000SEHC,2004,M07,225.3,
CUSR0000SEHC,2004,M08,225.8,
CUSR0000SEHC,2004,M09,226.1,
CUSR0000SEHC,2004,M10,226.4,
CUSR0000SEHC,2004,M11,226.7,
CUSR0000SEHC,2004,M12,227.1,
CUSR0000SEHC,2005,M01,227.7,
CUSR0000SEHC,2005,M02,228.3,
CUSR0000SEHC,2005,M03,228.7,
CUSR0000SEHC,2005,M04,229.0,
CUSR0000SEHC,2005,M05,229.5,
CUSR0000SEHC,2005,M06,229.8,
CUSR0000SEHC,2005,M07,230.3,
CUSR0000SEHC,2005,M08,230.7,
CUSR0000SEHC,2005,M09,231.2,
CUSR0000SEHC,2005,M10,231.6,
CUSR0000SEHC,2005,M11,232.2,
CUSR0000SEHC,2005,M12,232.7,
CUSR0000SEHC,2006,M01,233.4,
CUSR0000SEHC,2006,M02,234.1,
CUSR0000SEHC,2006,M03,234.9,
CUSR0000SEHC,2006,M04,235.8,
CUSR0000SEHC,2006,M05,236.9,
CUSR0000SEHC,2006,M06,238.0,
CUSR0000SEHC,2006,M07,238.9,
CUSR0000SEHC,2006,M08,239.7,
CUSR0000SEHC,2006,M09,240.4,
CUSR0000SEHC,2006,M10,241.3,
CUSR0000SEHC,2006,M11,242.0,
CUSR0000SEHC,2006,M12,242.7,
CUSR0000SEHC,2007,M01,243.345,
CUSR0000SEHC,2007,M02,244.020,
CUSR0000SEHC,2007,M03,244.602,
CUSR0000SEHC,2007,M04,244.993,
CUSR0000SEHC,2007,M05,245.236,
CUSR0000SEHC,2007,M06,245.690,
CUSR0000SEHC,2007,M07,246.149,
CUSR0000SEHC,2007,M08,246.815,
CUSR0000SEHC,2007,M09,247.487,
CUSR0000SEHC,2007,M10,248.075,
CUSR0000SEHC,2007,M11,248.876,
CUSR0000SEHC,2007,M12,249.532,
CUSR0000SEHC,2008,M01,250.013,
CUSR0000SEHC,2008,M02,250.419,
CUSR0000SEHC,2008,M03,250.899,
CUSR0000SEHC,2008,M04,251.408,
CUSR0000SEHC,2008,M05,251.677,
CUSR0000SEHC,2008,M06,252.229,
CUSR0000SEHC,2008,M07,252.620,
CUSR0000SEHC,2008,M08,252.992,
CUSR0000SEHC,2008,M09,253.572,
CUSR0000SEHC,2008,M10,253.936,
CUSR0000SEHC,2008,M11,254.600,
CUSR0000SEHC,2008,M12,254.772,
CUSR0000SEHC,2009,M01,255.330,
CUSR0000SEHC,2009,M02,255.657,
CUSR0000SEHC,2009,M03,256.229,
CUSR0000SEHC,2009,M04,256.603,
CUSR0000SEHC,2009,M05,257.030,
CUSR0000SEHC,2009,M06,257.073,
CUSR0000SEHC,2009,M07,257.045,
CUSR0000SEHC,2009,M08,257.248,
CUSR0000SEHC,2009,M09,256.958,
CUSR0000SEHC,2009,M10,256.920,
CUSR0000SEHC,2009,M11,256.616,
CUSR0000SEHC,2009,M12,256.598,
CUSR0000SEHC,2010,M01,256.425,
CUSR0000SEHC,2010,M02,256.373,
CUSR0000SEHC,2010,M03,256.185,
CUSR0000SEHC,2010,M04,256.152,
CUSR0000SEHC,2010,M05,256.302,
CUSR0000SEHC,2010,M06,256.447,
CUSR0000SEHC,2010,M07,256.552,
CUSR0000SEHC,2010,M08,256.574,
CUSR0000SEHC,2010,M09,256.686,
CUSR0000SEHC,2010,M10,256.833,
CUSR0000SEHC,2010,M11,257.110,
CUSR0000SEHC,2010,M12,257.334,
CUSR0000SEHC,2011,M01,257.620,
CUSR0000SEHC,2011,M02,257.985,
CUSR0000SEHC,2011,M03,258.207,
CUSR0000SEHC,2011,M04,258.436,
CUSR0000SEHC,2011,M05,258.730,
CUSR0000SEHC,2011,M06,259.128,
CUSR0000SEHC,2011,M07,259.712,
CUSR0000SEHC,2011,M08,260.211,
CUSR0000SEHC,2011,M09,260.520,
CUSR0000SEHC,2011,M10,261.005,
CUSR0000SEHC,2011,M11,261.386,
CUSR0000SEHC,2011,M12,261.874,
CUSR0000SEHC,2012,M01,262.366,
CUSR0000SEHC,2012,M02,262.722,
CUSR0000SEHC,2012,M03,263.286,
CUSR0000SEHC,2012,M04,263.871,
CUSR0000SEHC,2012,M05,264.202,
CUSR0000SEHC,2012,M06,264.477,
CUSR0000SEHC,2012,M07,264.900,
CUSR0000SEHC,2012,M08,265.440,
CUSR0000SEHC,2012,M09,266.029,
CUSR0000SEHC,2012,M10,266.495,
CUSR0000SEHC,2012,M11,266.921,
CUSR0000SEHC,2012,M12,267.333,
CUSR0000SEHC,2013,M01,267.787,
CUSR0000SEHC,2013,M02,268.325,
CUSR0000SEHC,2013,M03,268.758,
CUSR0000SEHC,2013,M04,269.314,
CUSR0000SEHC,2013,M05,269.825,
CUSR0000SEHC,2013,M06,270.366,
CUSR0000SEHC,2013,M07,270.758,
CUSR0000SEHC,2013,M08,271.415,
CUSR0000SEHC,2013,M09,271.927,
CUSR0000SEHC,2013,M10,272.520,
CUSR0000SEHC,2013,M11,273.211,
CUSR0000SEHC,2013,M12,273.957,
CUSR0000SEHC,2014,M01,274.535,
CUSR0000SEHC,2014,M02,275.131,
CUSR0000SEHC,2014,M03,275.799,
CUSR0000SEHC,2014,M04,276.381,
CUSR0000SEHC,2014,M05,276.957,
CUSR0000SEHC,2014,M06,277.490,
CUSR0000SEHC,2014,M07,278.129,
CUSR0000SEHC,2014,M08,278.694,
CUSR0000SEHC,2014,M09,279.278,
CUSR0000SEHC,2014,M10,279.905,
CUSR0000SEHC,2014,M11,280.565,
CUSR0000SEHC,2014,M12,281.063,
CUSR0000SEHC,2015,M01,281.777,
CUSR0000SEHC,2015,M02,282.535,
CUSR0000SEHC,2015,M03,283.270,
CUSR0000SEHC,2015,M04,284.061,
CUSR0000SEHC,2015,M05,284.712,
CUSR0000SEHC,2015,M06,285.668,
CUSR0000SEHC,2015,M07,286.463,
CUSR0000SEHC,2015,M08,287.106,
CUSR0000SEHC,2015,M09,287.882,
CUSR0000SEHC,2015,M10,288.538,
CUSR0000SEHC,2015,M11,289.169,
CUSR0000SEHC,2015,M12,289.883,
CUSR0000SEHC,2016,M01,290.694,
CUSR0000SEHC,2016,M02,291.450,
CUSR0000SEHC,2016,M03,292.144,
CUSR0000SEHC,2016,M04,293.006,
CUSR0000SEHC,2016,M05,294.009,
CUSR0000SEHC,2016,M06,294.913,
CUSR0000SEHC,2016,M07,295.753,
CUSR0000SEHC,2016,M08,296.567,
CUSR0000SEHC,2016,M09,297.625,
CUSR0000SEHC,2016,M10,298.494,
CUSR0000SEHC,2016,M11,299.459,
CUSR0000SEHC,2016,M12,300.275,
CUSR0000SEHC,2017,M01,300.984,
CUSR0000SEHC,2017,M02,301.751,
CUSR0000SEHC,2017,M03,302.365,
CUSR0000SEHC,2017,M04,302.962,
CUSR0000SEHC,2017,M05,303.615,
CUSR0000SEHC,2017,M06,304.437,
CUSR0000SEHC,2017,M07,305.221,
CUSR0000SEHC,2017,M08,306.229,
CUSR0000SEHC,2017,M09,307.061,
CUSR0000SEHC,2017,M10,308.001,
CUSR0000SEHC,2017,M11,308.790,
CUSR0000SEHC,2017,M12,309.822,
CUSR0000SEHC,2018,M01,310.637,
CUSR0000SEHC,2018,M02,311.213,
CUSR0000SEHC,2018,M03,312.207,
CUSR0000SEHC,2018,M04,313.169,
CUSR0000SEHC,2018,M05,313.968,
CUSR0000SEHC,2018,M06,314.670,
CUSR0000SEHC,2018,M07,315.576,
CUSR0000SEHC,2018,M08,316.436,
CUSR0000SEHC,2018,M09,317.115,
CUSR0000SEHC,2018,M10,318.018,
CUSR0000SEHC,2018,M11,319.011,
CUSR0000SEHC,2018,M12,319.777,
CUSR0000SEHC,2019,M01,320.571,
CUSR0000SEHC,2019,M02,321.560,
CUSR0000SEHC,2019,M03,322.538,
CUSR0000SEHC,2019,M04,323.616,
CUSR0000SEHC,2019,M05,324.449,
CUSR0000SEHC,2019,M06,325.418,
CUSR0000SEHC,2019,M07,326.218,
CUSR0000SEHC,2019,M08,327.043,
CUSR0000SEHC,2019,M09,327.953,
CUSR0000SEHC,2019,M10,328.581,
CUSR0000SEHC,2019,M11,329.440,
CUSR0000SEHC,2019,M12,330.255,
CUSR0000SEHC,2020,M01,331.327,
CUSR0000SEHC,2020,M02,332.056,
CUSR0000SEHC,2020,M03,332.877,
CUSR0000SEHC,2020,M04,333.532,
CUSR0000SEHC,2020,M05,334.293,
CUSR0000SEHC,2020,M06,334.617,
CUSR0000SEHC,2020,M07,335.334,
CUSR0000SEHC,2020,M08,335.891,
CUSR0000SEHC,2020,M09,336.126,
CUSR0000SEHC,2020,M10,336.841,
CUSR0000SEHC,2020,M11,336.982,
CUSR0000SEHC,2020,M12,337.456,
CUSR0000SEHC,2021,M01,337.954,
CUSR0000SEHC,2021,M02,338.780,
CUSR0000SEHC,2021,M03,339.559,
CUSR0000SEHC,2021,M04,340.371,
CUSR0000SEHC,2021,M05,341.339,
CUSR0000SEHC,2021,M06,342.479,
CUSR0000SEHC,2021,M07,343.510,
CUSR0000SEHC,2021,M08,344.400,
CUSR0000SEHC,2021,M09,345.833,
CUSR0000SEHC,2021,M10,347.414,
CUSR0000SEHC,2021,M11,348.902,
CUSR0000SEHC,2021,M12,350.281,
CUSR0000SEHC,2022,M01,351.723,
CUSR0000SEHC,2022,M02,353.327,
CUSR0000SEHC,2022,M03,354.948,
CUSR0000SEHC,2022,M04,356.680,
CUSR0000SEHC,2022,M05,358.746,
CUSR0000SEHC,2022,M06,361.281,
CUSR0000SEHC,2022,M07,363.586,
CUSR0000SEHC,2022,M08,366.085,
CUSR0000SEHC,2022,M09,368.911,
CUSR0000SEHC,2022,M10,371.331,
CUSR0000SEHC,2022,M11,373.785,
CUSR0000SEHC,2022,M12,376.638,
CUSR0000SEHC,2023,M01,378.987,
CUSR0000SEHC,2023,M02,381.630,
CUSR0000SEHC,2023,M03,383.473,
CUSR0000SEHC,2023,M04,385.629,
CUSR0000SEHC,2023,M05,387.629,
CUSR0000SEHC,2023,M06,389.533,
CUSR0000SEHC,2023,M07,391.463,
CUSR0000SEHC,2023,M08,392.889,
CUSR0000SEHC,2023,M09,394.979,
CUSR0000SEHC,2023,M10,396.753,
CUSR0000SEHC,2023,M11,398.791,
CUSR0000SEHC,2023,M12,400.545,
CUSR0000SEHC,2024,M01,402.591,
CUSR0000SEHC,2024,M02,404.441,
CUSR0000SEHC,2024,M03,406.121,
CUSR0000SEHC,2024,M04,407.788,
CUSR0000SEHC,2024,M05,409.530,
CUSR0000SEHC,2024,M06,410.765,
CUSR0000SEHC,2024,M07,412.240,
CUSR0000SEHC,2024,M08,414.013,
CUSR0000SEHC,2024,M09,415.507,
CUSR0000SEHC,2024,M10,417.356,
CUSR0000SEHC,2024,M11,418.447,
CUSR0000SEHC,2024,M12,419.793,
CUSR0000SEHC,2025,M01,421.094,
CUSR0000SEHC,2025,M02,422.360,
CUSR0000SEHC,2025,M03,423.921,
CUSR0000SEHC,2025,M04,425.341,
CUSR0000SEHC,2025,M05,426.530,
CUSR0000SEHC,2025,M06,427.833,
CUSR0000SEHC,2025,M07,429.015,
CUSR0000SEHC,2025,M08,430.456,
CUSR0000SEHC,2025,M09,431.132,
CUSR0000SEHC,2025,M10,-,Data unavailable due to the 2025 lapse in appropriations
CUSR0000SEHC,2025,M11,432.524,
CUSR0000SEHC,2025,M12,433.884,
CUSR0000SEHC,2026,M01,434.837,
CUSR0000SEHC,2026,M02,435.813,
CUSR0000SEHC,2026,M03,437.051,
CUSR0000SEHC,2026,M04,439.379,
CUSR0000SEHC,2026,M05,440.683,
CUSR0000SEHC,2026,M06,441.741,
CUSR0000SEHC,2026,M07,442.888,
CUSR0000SEHE01,1997,M01,104.4,
CUSR0000SEHE01,1997,M02,102.8,
CUSR0000SEHE01,1997,M03,99.6,
CUSR0000SEHE01,1997,M04,97.6,
CUSR0000SEHE01,1997,M05,97.3,
CUSR0000SEHE01,1997,M06,97.0,
CUSR0000SEHE01,1997,M07,95.3,
CUSR0000SEHE01,1997,M08,94.4,
CUSR0000SEHE01,1997,M09,93.5,
CUSR0000SEHE01,1997,M10,93.4,
CUSR0000SEHE01,1997,M11,93.0,
CUSR0000SEHE01,1997,M12,92.8,
CUSR0000SEHE01,1998,M01,89.5,
CUSR0000SEHE01,1998,M02,87.4,
CUSR0000SEHE01,1998,M03,87.1,
CUSR0000SEHE01,1998,M04,86.1,
CUSR0000SEHE01,1998,M05,86.6,
CUSR0000SEHE01,1998,M06,86.0,
CUSR0000SEHE01,1998,M07,86.1,
CUSR0000SEHE01,1998,M08,85.4,
CUSR0000SEHE01,1998,M09,82.9,
CUSR0000SEHE01,1998,M10,81.7,
CUSR0000SEHE01,1998,M11,80.6,
CUSR0000SEHE01,1998,M12,78.4,
CUSR0000SEHE01,1999,M01,77.2,
CUSR0000SEHE01,1999,M02,76.4,
CUSR0000SEHE01,1999,M03,77.3,
CUSR0000SEHE01,1999,M04,79.8,
CUSR0000SEHE01,1999,M05,81.7,
CUSR0000SEHE01,1999,M06,83.4,
CUSR0000SEHE01,1999,M07,86.6,
CUSR0000SEHE01,1999,M08,89.3,
CUSR0000SEHE01,1999,M09,93.9,
CUSR0000SEHE01,1999,M10,95.4,
CUSR0000SEHE01,1999,M11,97.7,
CUSR0000SEHE01,1999,M12,102.6,
CUSR0000SEHE01,2000,M01,110.1,
CUSR0000SEHE01,2000,M02,146.6,
CUSR0000SEHE01,2000,M03,125.0,
CUSR0000SEHE01,2000,M04,119.5,
CUSR0000SEHE01,2000,M05,119.5,
CUSR0000SEHE01,2000,M06,121.8,
CUSR0000SEHE01,2000,M07,124.9,
CUSR0000SEHE01,2000,M08,125.6,
CUSR0000SEHE01,2000,M09,140.2,
CUSR0000SEHE01,2000,M10,142.4,
CUSR0000SEHE01,2000,M11,143.5,
CUSR0000SEHE01,2000,M12,145.9,
CUSR0000SEHE01,2001,M01,140.2,
CUSR0000SEHE01,2001,M02,133.9,
CUSR0000SEHE01,2001,M03,128.0,
CUSR0000SEHE01,2001,M04,127.1,
CUSR0000SEHE01,2001,M05,127.0,
CUSR0000SEHE01,2001,M06,129.0,
CUSR0000SEHE01,2001,M07,126.0,
CUSR0000SEHE01,2001,M08,125.3,
CUSR0000SEHE01,2001,M09,127.9,
CUSR0000SEHE01,2001,M10,120.7,
CUSR0000SEHE01,2001,M11,115.6,
CUSR0000SEHE01,2001,M12,107.6,
CUSR0000SEHE01,2002,M01,104.2,
CUSR0000SEHE01,2002,M02,102.1,
CUSR0000SEHE01,2002,M03,104.4,
CUSR0000SEHE01,2002,M04,108.4,
CUSR0000SEHE01,2002,M05,109.7,
CUSR0000SEHE01,2002,M06,110.3,
CUSR0000SEHE01,2002,M07,111.8,
CUSR0000SEHE01,2002,M08,113.2,
CUSR0000SEHE01,2002,M09,114.4,
CUSR0000SEHE01,2002,M10,117.7,
CUSR0000SEHE01,2002,M11,120.0,
CUSR0000SEHE01,2002,M12,123.1,
CUSR0000SEHE01,2003,M01,133.9,
CUSR0000SEHE01,2003,M02,152.3,
CUSR0000SEHE01,2003,M03,166.4,
CUSR0000SEHE01,2003,M04,141.9,
CUSR0000SEHE01,2003,M05,134.5,
CUSR0000SEHE01,2003,M06,130.8,
CUSR0000SEHE01,2003,M07,129.8,
CUSR0000SEHE01,2003,M08,130.0,
CUSR0000SEHE01,2003,M09,127.0,
CUSR0000SEHE01,2003,M10,125.3,
CUSR0000SEHE01,2003,M11,130.1,
CUSR0000SEHE01,2003,M12,133.6,
CUSR0000SEHE01,2004,M01,146.1,
CUSR0000SEHE01,2004,M02,144.6,
CUSR0000SEHE01,2004,M03,143.9,
CUSR0000SEHE01,2004,M04,143.3,
CUSR0000SEHE01,2004,M05,149.9,
CUSR0000SEHE01,2004,M06,154.2,
CUSR0000SEHE01,2004,M07,155.5,
CUSR0000SEHE01,2004,M08,160.2,
CUSR0000SEHE01,2004,M09,164.4,
CUSR0000SEHE01,2004,M10,178.0,
CUSR0000SEHE01,2004,M11,190.9,
CUSR0000SEHE01,2004,M12,185.5,
CUSR0000SEHE01,2005,M01,181.6,
CUSR0000SEHE01,2005,M02,191.8,
CUSR0000SEHE01,2005,M03,201.2,
CUSR0000SEHE01,2005,M04,206.0,
CUSR0000SEHE01,2005,M05,198.6,
CUSR0000SEHE01,2005,M06,200.8,
CUSR0000SEHE01,2005,M07,212.4,
CUSR0000SEHE01,2005,M08,221.4,
CUSR0000SEHE01,2005,M09,252.0,
CUSR0000SEHE01,2005,M10,254.6,
CUSR0000SEHE01,2005,M11,240.4,
CUSR0000SEHE01,2005,M12,235.5,
CUSR0000SEHE01,2006,M01,237.2,
CUSR0000SEHE01,2006,M02,238.3,
CUSR0000SEHE01,2006,M03,238.5,
CUSR0000SEHE01,2006,M04,247.7,
CUSR0000SEHE01,2006,M05,252.5,
CUSR0000SEHE01,2006,M06,251.5,
CUSR0000SEHE01,2006,M07,254.3,
CUSR0000SEHE01,2006,M08,258.5,
CUSR0000SEHE01,2006,M09,247.1,
CUSR0000SEHE01,2006,M10,235.2,
CUSR0000SEHE01,2006,M11,233.3,
CUSR0000SEHE01,2006,M12,240.9,
CUSR0000SEHE01,2007,M01,232.476,
CUSR0000SEHE01,2007,M02,238.651,
CUSR0000SEHE01,2007,M03,245.141,
CUSR0000SEHE01,2007,M04,249.477,
CUSR0000SEHE01,2007,M05,250.627,
CUSR0000SEHE01,2007,M06,251.241,
CUSR0000SEHE01,2007,M07,257.111,
CUSR0000SEHE01,2007,M08,257.371,
CUSR0000SEHE01,2007,M09,265.137,
CUSR0000SEHE01,2007,M10,274.111,
CUSR0000SEHE01,2007,M11,310.618,
CUSR0000SEHE01,2007,M12,319.208,
CUSR0000SEHE01,2008,M01,326.483,
CUSR0000SEHE01,2008,M02,328.985,
CUSR0000SEHE01,2008,M03,363.868,
CUSR0000SEHE01,2008,M04,380.632,
CUSR0000SEHE01,2008,M05,411.126,
CUSR0000SEHE01,2008,M06,447.302,
CUSR0000SEHE01,2008,M07,451.625,
CUSR0000SEHE01,2008,M08,408.493,
CUSR0000SEHE01,2008,M09,381.707,
CUSR0000SEHE01,2008,M10,339.343,
CUSR0000SEHE01,2008,M11,288.406,
CUSR0000SEHE01,2008,M12,252.024,
CUSR0000SEHE01,2009,M01,238.731,
CUSR0000SEHE01,2009,M02,233.018,
CUSR0000SEHE01,2009,M03,220.067,
CUSR0000SEHE01,2009,M04,223.648,
CUSR0000SEHE01,2009,M05,222.165,
CUSR0000SEHE01,2009,M06,234.500,
CUSR0000SEHE01,2009,M07,233.688,
CUSR0000SEHE01,2009,M08,245.314,
CUSR0000SEHE01,2009,M09,244.478,
CUSR0000SEHE01,2009,M10,249.977,
CUSR0000SEHE01,2009,M11,268.379,
CUSR0000SEHE01,2009,M12,268.396,
CUSR0000SEHE01,2010,M01,284.786,
CUSR0000SEHE01,2010,M02,277.928,
CUSR0000SEHE01,2010,M03,279.826,
CUSR0000SEHE01,2010,M04,286.351,
CUSR0000SEHE01,2010,M05,282.293,
CUSR0000SEHE01,2010,M06,273.349,
CUSR0000SEHE01,2010,M07,268.947,
CUSR0000SEHE01,2010,M08,271.261,
CUSR0000SEHE01,2010,M09,273.386,
CUSR0000SEHE01,2010,M10,286.119,
CUSR0000SEHE01,2010,M11,298.220,
CUSR0000SEHE01,2010,M12,312.718,
CUSR0000SEHE01,2011,M01,333.993,
CUSR0000SEHE01,2011,M02,353.223,
CUSR0000SEHE01,2011,M03,375.042,
CUSR0000SEHE01,2011,M04,386.950,
CUSR0000SEHE01,2011,M05,383.814,
CUSR0000SEHE01,2011,M06,375.363,
CUSR0000SEHE01,2011,M07,368.867,
CUSR0000SEHE01,2011,M08,367.286,
CUSR0000SEHE01,2011,M09,364.563,
CUSR0000SEHE01,2011,M10,362.809,
CUSR0000SEHE01,2011,M11,372.654,
CUSR0000SEHE01,2011,M12,369.085,
CUSR0000SEHE01,2012,M01,374.377,
CUSR0000SEHE01,2012,M02,384.747,
CUSR0000SEHE01,2012,M03,395.016,
CUSR0000SEHE01,2012,M04,390.483,
CUSR0000SEHE01,2012,M05,379.681,
CUSR0000SEHE01,2012,M06,349.807,
CUSR0000SEHE01,2012,M07,348.104,
CUSR0000SEHE01,2012,M08,364.165,
CUSR0000SEHE01,2012,M09,379.131,
CUSR0000SEHE01,2012,M10,383.117,
CUSR0000SEHE01,2012,M11,382.355,
CUSR0000SEHE01,2012,M12,382.532,
CUSR0000SEHE01,2013,M01,378.530,
CUSR0000SEHE01,2013,M02,381.930,
CUSR0000SEHE01,2013,M03,373.601,
CUSR0000SEHE01,2013,M04,359.767,
CUSR0000SEHE01,2013,M05,351.540,
CUSR0000SEHE01,2013,M06,359.111,
CUSR0000SEHE01,2013,M07,365.609,
CUSR0000SEHE01,2013,M08,375.406,
CUSR0000SEHE01,2013,M09,375.870,
CUSR0000SEHE01,2013,M10,371.164,
CUSR0000SEHE01,2013,M11,372.947,
CUSR0000SEHE01,2013,M12,376.377,
CUSR0000SEHE01,2014,M01,388.078,
CUSR0000SEHE01,2014,M02,392.576,
CUSR0000SEHE01,2014,M03,384.551,
CUSR0000SEHE01,2014,M04,378.960,
CUSR0000SEHE01,2014,M05,373.898,
CUSR0000SEHE01,2014,M06,373.977,
CUSR0000SEHE01,2014,M07,370.147,
CUSR0000SEHE01,2014,M08,371.557,
CUSR0000SEHE01,2014,M09,359.223,
CUSR0000SEHE01,2014,M10,343.398,
CUSR0000SEHE01,2014,M11,335.217,
CUSR0000SEHE01,2014,M12,304.445,
CUSR0000SEHE01,2015,M01,272.344,
CUSR0000SEHE01,2015,M02,270.583,
CUSR0000SEHE01,2015,M03,290.929,
CUSR0000SEHE01,2015,M04,269.136,
CUSR0000SEHE01,2015,M05,270.434,
CUSR0000SEHE01,2015,M06,269.368,
CUSR0000SEHE01,2015,M07,259.166,
CUSR0000SEHE01,2015,M08,243.564,
CUSR0000SEHE01,2015,M09,234.226,
CUSR0000SEHE01,2015,M10,229.925,
CUSR0000SEHE01,2015,M11,230.349,
CUSR0000SEHE01,2015,M12,208.619,
CUSR0000SEHE01,2016,M01,195.029,
CUSR0000SEHE01,2016,M02,189.373,
CUSR0000SEHE01,2016,M03,192.617,
CUSR0000SEHE01,2016,M04,196.349,
CUSR0000SEHE01,2016,M05,208.488,
CUSR0000SEHE01,2016,M06,215.295,
CUSR0000SEHE01,2016,M07,212.482,
CUSR0000SEHE01,2016,M08,207.143,
CUSR0000SEHE01,2016,M09,212.019,
CUSR0000SEHE01,2016,M10,224.453,
CUSR0000SEHE01,2016,M11,221.808,
CUSR0000SEHE01,2016,M12,235.127,
CUSR0000SEHE01,2017,M01,243.347,
CUSR0000SEHE01,2017,M02,242.467,
CUSR0000SEHE01,2017,M03,240.619,
CUSR0000SEHE01,2017,M04,239.822,
CUSR0000SEHE01,2017,M05,233.216,
CUSR0000SEHE01,2017,M06,224.542,
CUSR0000SEHE01,2017,M07,220.152,
CUSR0000SEHE01,2017,M08,226.590,
CUSR0000SEHE01,2017,M09,245.085,
CUSR0000SEHE01,2017,M10,250.640,
CUSR0000SEHE01,2017,M11,263.132,
CUSR0000SEHE01,2017,M12,270.955,
CUSR0000SEHE01,2018,M01,298.173,
CUSR0000SEHE01,2018,M02,292.718,
CUSR0000SEHE01,2018,M03,288.737,
CUSR0000SEHE01,2018,M04,293.991,
CUSR0000SEHE01,2018,M05,292.165,
CUSR0000SEHE01,2018,M06,293.685,
CUSR0000SEHE01,2018,M07,296.602,
CUSR0000SEHE01,2018,M08,296.617,
CUSR0000SEHE01,2018,M09,302.419,
CUSR0000SEHE01,2018,M10,316.185,
CUSR0000SEHE01,2018,M11,305.370,
CUSR0000SEHE01,2018,M12,276.103,
CUSR0000SEHE01,2019,M01,261.243,
CUSR0000SEHE01,2019,M02,274.685,
CUSR0000SEHE01,2019,M03,280.725,
CUSR0000SEHE01,2019,M04,290.192,
CUSR0000SEHE01,2019,M05,295.438,
CUSR0000SEHE01,2019,M06,286.329,
CUSR0000SEHE01,2019,M07,287.659,
CUSR0000SEHE01,2019,M08,285.082,
CUSR0000SEHE01,2019,M09,282.977,
CUSR0000SEHE01,2019,M10,276.338,
CUSR0000SEHE01,2019,M11,281.435,
CUSR0000SEHE01,2019,M12,288.724,
CUSR0000SEHE01,2020,M01,282.016,
CUSR0000SEHE01,2020,M02,258.285,
CUSR0000SEHE01,2020,M03,223.851,
CUSR0000SEHE01,2020,M04,193.349,
CUSR0000SEHE01,2020,M05,185.005,
CUSR0000SEHE01,2020,M06,200.516,
CUSR0000SEHE01,2020,M07,207.536,
CUSR0000SEHE01,2020,M08,214.196,
CUSR0000SEHE01,2020,M09,206.337,
CUSR0000SEHE01,2020,M10,201.927,
CUSR0000SEHE01,2020,M11,207.539,
CUSR0000SEHE01,2020,M12,229.738,
CUSR0000SEHE01,2021,M01,236.493,
CUSR0000SEHE01,2021,M02,257.028,
CUSR0000SEHE01,2021,M03,269.625,
CUSR0000SEHE01,2021,M04,265.874,
CUSR0000SEHE01,2021,M05,279.510,
CUSR0000SEHE01,2021,M06,289.714,
CUSR0000SEHE01,2021,M07,285.011,
CUSR0000SEHE01,2021,M08,285.677,
CUSR0000SEHE01,2021,M09,295.032,
CUSR0000SEHE01,2021,M10,319.774,
CUSR0000SEHE01,2021,M11,330.800,
CUSR0000SEHE01,2021,M12,325.270,
CUSR0000SEHE01,2022,M01,346.827,
CUSR0000SEHE01,2022,M02,368.671,
CUSR0000SEHE01,2022,M03,458.206,
CUSR0000SEHE01,2022,M04,480.408,
CUSR0000SEHE01,2022,M05,578.321,
CUSR0000SEHE01,2022,M06,574.956,
CUSR0000SEHE01,2022,M07,500.051,
CUSR0000SEHE01,2022,M08,481.400,
CUSR0000SEHE01,2022,M09,466.462,
CUSR0000SEHE01,2022,M10,539.605,
CUSR0000SEHE01,2022,M11,547.970,
CUSR0000SEHE01,2022,M12,460.208,
CUSR0000SEHE01,2023,M01,443.340,
CUSR0000SEHE01,2023,M02,402.393,
CUSR0000SEHE01,2023,M03,392.440,
CUSR0000SEHE01,2023,M04,383.584,
CUSR0000SEHE01,2023,M05,364.923,
CUSR0000SEHE01,2023,M06,364.835,
CUSR0000SEHE01,2023,M07,366.485,
CUSR0000SEHE01,2023,M08,409.228,
CUSR0000SEHE01,2023,M09,443.136,
CUSR0000SEHE01,2023,M10,424.935,
CUSR0000SEHE01,2023,M11,412.780,
CUSR0000SEHE01,2023,M12,391.886,
CUSR0000SEHE01,2024,M01,380.763,
CUSR0000SEHE01,2024,M02,380.544,
CUSR0000SEHE01,2024,M03,377.046,
CUSR0000SEHE01,2024,M04,380.868,
CUSR0000SEHE01,2024,M05,378.954,
CUSR0000SEHE01,2024,M06,367.802,
CUSR0000SEHE01,2024,M07,364.926,
CUSR0000SEHE01,2024,M08,359.243,
CUSR0000SEHE01,2024,M09,344.600,
CUSR0000SEHE01,2024,M10,336.416,
CUSR0000SEHE01,2024,M11,332.161,
CUSR0000SEHE01,2024,M12,340.929,
CUSR0000SEHE01,2025,M01,360.827,
CUSR0000SEHE01,2025,M02,361.617,
CUSR0000SEHE01,2025,M03,347.856,
CUSR0000SEHE01,2025,M04,344.072,
CUSR0000SEHE01,2025,M05,346.904,
CUSR0000SEHE01,2025,M06,350.518,
CUSR0000SEHE01,2025,M07,354.116,
CUSR0000SEHE01,2025,M08,356.746,
CUSR0000SEHE01,2025,M09,359.146,
CUSR0000SEHE01,2025,M10,-,Data unavailable due to the 2025 lapse in appropriations
CUSR0000SEHE01,2025,M11,369.432,
CUSR0000SEHE01,2025,M12,366.599,
CUSR0000SEHE01,2026,M01,345.628,
CUSR0000SEHE01,2026,M02,383.897,
CUSR0000SEHE01,2026,M03,501.632,
CUSR0000SEHE01,2026,M04,530.977,
CUSR0000SEHE01,2026,M05,551.262,
CUSR0000SEHE01,2026,M06,500.744,
CUSR0000SEHE01,2026,M07,492.422,
CUSR0000SEHF01,1997,M01,132.4,
CUSR0000SEHF01,1997,M02,132.8,
CUSR0000SEHF01,1997,M03,133.0,
CUSR0000SEHF01,1997,M04,133.3,
CUSR0000SEHF01,1997,M05,132.9,
CUSR0000SEHF01,1997,M06,133.0,
CUSR0000SEHF01,1997,M07,132.4,
CUSR0000SEHF01,1997,M08,131.9,
CUSR0000SEHF01,1997,M09,132.4,
CUSR0000SEHF01,1997,M10,131.9,
CUSR0000SEHF01,1997,M11,133.1,
CUSR0000SEHF01,1997,M12,130.5,
CUSR0000SEHF01,1998,M01,129.9,
CUSR0000SEHF01,1998,M02,128.2,
CUSR0000SEHF01,1998,M03,127.5,
CUSR0000SEHF01,1998,M04,127.8,
CUSR0000SEHF01,1998,M05,128.1,
CUSR0000SEHF01,1998,M06,127.9,
CUSR0000SEHF01,1998,M07,127.5,
CUSR0000SEHF01,1998,M08,127.0,
CUSR0000SEHF01,1998,M09,126.0,
CUSR0000SEHF01,1998,M10,125.7,
CUSR0000SEHF01,1998,M11,126.5,
CUSR0000SEHF01,1998,M12,126.2,
CUSR0000SEHF01,1999,M01,126.3,
CUSR0000SEHF01,1999,M02,126.5,
CUSR0000SEHF01,1999,M03,126.7,
CUSR0000SEHF01,1999,M04,126.7,
CUSR0000SEHF01,1999,M05,126.5,
CUSR0000SEHF01,1999,M06,125.8,
CUSR0000SEHF01,1999,M07,125.9,
CUSR0000SEHF01,1999,M08,125.8,
CUSR0000SEHF01,1999,M09,126.1,
CUSR0000SEHF01,1999,M10,127.0,
CUSR0000SEHF01,1999,M11,127.1,
CUSR0000SEHF01,1999,M12,127.1,
CUSR0000SEHF01,2000,M01,126.9,
CUSR0000SEHF01,2000,M02,127.6,
CUSR0000SEHF01,2000,M03,127.4,
CUSR0000SEHF01,2000,M04,127.6,
CUSR0000SEHF01,2000,M05,127.2,
CUSR0000SEHF01,2000,M06,127.9,
CUSR0000SEHF01,2000,M07,128.8,
CUSR0000SEHF01,2000,M08,128.8,
CUSR0000SEHF01,2000,M09,129.3,
CUSR0000SEHF01,2000,M10,129.4,
CUSR0000SEHF01,2000,M11,130.2,
CUSR0000SEHF01,2000,M12,130.5,
CUSR0000SEHF01,2001,M01,133.9,
CUSR0000SEHF01,2001,M02,133.3,
CUSR0000SEHF01,2001,M03,133.9,
CUSR0000SEHF01,2001,M04,134.5,
CUSR0000SEHF01,2001,M05,136.1,
CUSR0000SEHF01,2001,M06,140.6,
CUSR0000SEHF01,2001,M07,141.3,
CUSR0000SEHF01,2001,M08,140.7,
CUSR0000SEHF01,2001,M09,140.1,
CUSR0000SEHF01,2001,M10,139.9,
CUSR0000SEHF01,2001,M11,139.4,
CUSR0000SEHF01,2001,M12,138.6,
CUSR0000SEHF01,2002,M01,137.8,
CUSR0000SEHF01,2002,M02,137.0,
CUSR0000SEHF01,2002,M03,137.3,
CUSR0000SEHF01,2002,M04,136.2,
CUSR0000SEHF01,2002,M05,136.1,
CUSR0000SEHF01,2002,M06,135.5,
CUSR0000SEHF01,2002,M07,135.4,
CUSR0000SEHF01,2002,M08,135.6,
CUSR0000SEHF01,2002,M09,135.8,
CUSR0000SEHF01,2002,M10,136.0,
CUSR0000SEHF01,2002,M11,136.1,
CUSR0000SEHF01,2002,M12,136.6,
CUSR0000SEHF01,2003,M01,136.4,
CUSR0000SEHF01,2003,M02,136.8,
CUSR0000SEHF01,2003,M03,138.2,
CUSR0000SEHF01,2003,M04,139.8,
CUSR0000SEHF01,2003,M05,140.6,
CUSR0000SEHF01,2003,M06,139.6,
CUSR0000SEHF01,2003,M07,139.6,
CUSR0000SEHF01,2003,M08,140.2,
CUSR0000SEHF01,2003,M09,141.2,
CUSR0000SEHF01,2003,M10,140.8,
CUSR0000SEHF01,2003,M11,140.3,
CUSR0000SEHF01,2003,M12,140.5,
CUSR0000SEHF01,2004,M01,140.5,
CUSR0000SEHF01,2004,M02,141.1,
CUSR0000SEHF01,2004,M03,140.4,
CUSR0000SEHF01,2004,M04,141.0,
CUSR0000SEHF01,2004,M05,141.3,
CUSR0000SEHF01,2004,M06,142.1,
CUSR0000SEHF01,2004,M07,142.7,
CUSR0000SEHF01,2004,M08,143.4,
CUSR0000SEHF01,2004,M09,143.4,
CUSR0000SEHF01,2004,M10,142.1,
CUSR0000SEHF01,2004,M11,143.5,
CUSR0000SEHF01,2004,M12,143.5,
CUSR0000SEHF01,2005,M01,144.9,
CUSR0000SEHF01,2005,M02,145.3,
CUSR0000SEHF01,2005,M03,146.1,
CUSR0000SEHF01,2005,M04,146.7,
CUSR0000SEHF01,2005,M05,148.6,
CUSR0000SEHF01,2005,M06,150.2,
CUSR0000SEHF01,2005,M07,150.7,
CUSR0000SEHF01,2005,M08,152.0,
CUSR0000SEHF01,2005,M09,152.9,
CUSR0000SEHF01,2005,M10,154.2,
CUSR0000SEHF01,2005,M11,159.7,
CUSR0000SEHF01,2005,M12,158.6,
CUSR0000SEHF01,2006,M01,166.3,
CUSR0000SEHF01,2006,M02,167.3,
CUSR0000SEHF01,2006,M03,167.8,
CUSR0000SEHF01,2006,M04,167.9,
CUSR0000SEHF01,2006,M05,167.6,
CUSR0000SEHF01,2006,M06,169.9,
CUSR0000SEHF01,2006,M07,170.3,
CUSR0000SEHF01,2006,M08,170.5,
CUSR0000SEHF01,2006,M09,171.1,
CUSR0000SEHF01,2006,M10,170.6,
CUSR0000SEHF01,2006,M11,170.0,
CUSR0000SEHF01,2006,M12,170.4,
CUSR0000SEHF01,2007,M01,172.885,
CUSR0000SEHF01,2007,M02,173.218,
CUSR0000SEHF01,2007,M03,173.827,
CUSR0000SEHF01,2007,M04,174.075,
CUSR0000SEHF01,2007,M05,174.317,
CUSR0000SEHF01,2007,M06,176.073,
CUSR0000SEHF01,2007,M07,175.816,
CUSR0000SEHF01,2007,M08,176.017,
CUSR0000SEHF01,2007,M09,176.980,
CUSR0000SEHF01,2007,M10,178.648,
CUSR0000SEHF01,2007,M11,178.845,
CUSR0000SEHF01,2007,M12,179.029,
CUSR0000SEHF01,2008,M01,178.944,
CUSR0000SEHF01,2008,M02,179.047,
CUSR0000SEHF01,2008,M03,180.178,
CUSR0000SEHF01,2008,M04,182.577,
CUSR0000SEHF01,2008,M05,184.512,
CUSR0000SEHF01,2008,M06,186.139,
CUSR0000SEHF01,2008,M07,189.917,
CUSR0000SEHF01,2008,M08,192.476,
CUSR0000SEHF01,2008,M09,191.300,
CUSR0000SEHF01,2008,M10,192.676,
CUSR0000SEHF01,2008,M11,193.117,
CUSR0000SEHF01,2008,M12,193.965,
CUSR0000SEHF01,2009,M01,194.538,
CUSR0000SEHF01,2009,M02,195.160,
CUSR0000SEHF01,2009,M03,194.917,
CUSR0000SEHF01,2009,M04,193.972,
CUSR0000SEHF01,2009,M05,192.860,
CUSR0000SEHF01,2009,M06,192.218,
CUSR0000SEHF01,2009,M07,190.553,
CUSR0000SEHF01,2009,M08,190.533,
CUSR0000SEHF01,2009,M09,190.915,
CUSR0000SEHF01,2009,M10,191.728,
CUSR0000SEHF01,2009,M11,192.834,
CUSR0000SEHF01,2009,M12,192.778,
CUSR0000SEHF01,2010,M01,191.083,
CUSR0000SEHF01,2010,M02,190.035,
CUSR0000SEHF01,2010,M03,193.547,
CUSR0000SEHF01,2010,M04,194.839,
CUSR0000SEHF01,2010,M05,193.610,
CUSR0000SEHF01,2010,M06,192.905,
CUSR0000SEHF01,2010,M07,193.589,
CUSR0000SEHF01,2010,M08,194.073,
CUSR0000SEHF01,2010,M09,193.348,
CUSR0000SEHF01,2010,M10,192.971,
CUSR0000SEHF01,2010,M11,193.354,
CUSR0000SEHF01,2010,M12,194.078,
CUSR0000SEHF01,2011,M01,193.374,
CUSR0000SEHF01,2011,M02,193.756,
CUSR0000SEHF01,2011,M03,195.272,
CUSR0000SEHF01,2011,M04,195.768,
CUSR0000SEHF01,2011,M05,196.595,
CUSR0000SEHF01,2011,M06,195.901,
CUSR0000SEHF01,2011,M07,197.761,
CUSR0000SEHF01,2011,M08,197.959,
CUSR0000SEHF01,2011,M09,198.932,
CUSR0000SEHF01,2011,M10,198.892,
CUSR0000SEHF01,2011,M11,198.600,
CUSR0000SEHF01,2011,M12,198.213,
CUSR0000SEHF01,2012,M01,197.833,
CUSR0000SEHF01,2012,M02,197.289,
CUSR0000SEHF01,2012,M03,196.514,
CUSR0000SEHF01,2012,M04,196.761,
CUSR0000SEHF01,2012,M05,196.748,
CUSR0000SEHF01,2012,M06,196.602,
CUSR0000SEHF01,2012,M07,195.257,
CUSR0000SEHF01,2012,M08,195.876,
CUSR0000SEHF01,2012,M09,196.087,
CUSR0000SEHF01,2012,M10,196.589,
CUSR0000SEHF01,2012,M11,197.273,
CUSR0000SEHF01,2012,M12,197.322,
CUSR0000SEHF01,2013,M01,198.349,
CUSR0000SEHF01,2013,M02,198.641,
CUSR0000SEHF01,2013,M03,198.289,
CUSR0000SEHF01,2013,M04,198.831,
CUSR0000SEHF01,2013,M05,200.164,
CUSR0000SEHF01,2013,M06,200.462,
CUSR0000SEHF01,2013,M07,201.333,
CUSR0000SEHF01,2013,M08,201.220,
CUSR0000SEHF01,2013,M09,202.581,
CUSR0000SEHF01,2013,M10,202.603,
CUSR0000SEHF01,2013,M11,203.072,
CUSR0000SEHF01,2013,M12,203.729,
CUSR0000SEHF01,2014,M01,206.278,
CUSR0000SEHF01,2014,M02,205.716,
CUSR0000SEHF01,2014,M03,208.713,
CUSR0000SEHF01,2014,M04,202.920,
CUSR0000SEHF01,2014,M05,207.422,
CUSR0000SEHF01,2014,M06,208.955,
CUSR0000SEHF01,2014,M07,209.720,
CUSR0000SEHF01,2014,M08,209.764,
CUSR0000SEHF01,2014,M09,208.835,
CUSR0000SEHF01,2014,M10,209.188,
CUSR0000SEHF01,2014,M11,208.605,
CUSR0000SEHF01,2014,M12,210.158,
CUSR0000SEHF01,2015,M01,210.956,
CUSR0000SEHF01,2015,M02,211.775,
CUSR0000SEHF01,2015,M03,210.178,
CUSR0000SEHF01,2015,M04,210.345,
CUSR0000SEHF01,2015,M05,208.447,
CUSR0000SEHF01,2015,M06,209.410,
CUSR0000SEHF01,2015,M07,208.761,
CUSR0000SEHF01,2015,M08,208.619,
CUSR0000SEHF01,2015,M09,208.449,
CUSR0000SEHF01,2015,M10,208.015,
CUSR0000SEHF01,2015,M11,207.902,
CUSR0000SEHF01,2015,M12,207.269,
CUSR0000SEHF01,2016,M01,206.088,
CUSR0000SEHF01,2016,M02,205.294,
CUSR0000SEHF01,2016,M03,205.707,
CUSR0000SEHF01,2016,M04,205.655,
CUSR0000SEHF01,2016,M05,206.053,
CUSR0000SEHF01,2016,M06,206.255,
CUSR0000SEHF01,2016,M07,207.015,
CUSR0000SEHF01,2016,M08,207.546,
CUSR0000SEHF01,2016,M09,209.026,
CUSR0000SEHF01,2016,M10,208.519,
CUSR0000SEHF01,2016,M11,208.136,
CUSR0000SEHF01,2016,M12,208.253,
CUSR0000SEHF01,2017,M01,208.295,
CUSR0000SEHF01,2017,M02,209.049,
CUSR0000SEHF01,2017,M03,208.767,
CUSR0000SEHF01,2017,M04,210.370,
CUSR0000SEHF01,2017,M05,211.342,
CUSR0000SEHF01,2017,M06,212.198,
CUSR0000SEHF01,2017,M07,212.955,
CUSR0000SEHF01,2017,M08,212.935,
CUSR0000SEHF01,2017,M09,213.083,
CUSR0000SEHF01,2017,M10,212.221,
CUSR0000SEHF01,2017,M11,212.790,
CUSR0000SEHF01,2017,M12,213.172,
CUSR0000SEHF01,2018,M01,213.085,
CUSR0000SEHF01,2018,M02,213.217,
CUSR0000SEHF01,2018,M03,213.155,
CUSR0000SEHF01,2018,M04,212.516,
CUSR0000SEHF01,2018,M05,213.255,
CUSR0000SEHF01,2018,M06,212.666,
CUSR0000SEHF01,2018,M07,211.849,
CUSR0000SEHF01,2018,M08,212.475,
CUSR0000SEHF01,2018,M09,211.321,
CUSR0000SEHF01,2018,M10,213.229,
CUSR0000SEHF01,2018,M11,213.474,
CUSR0000SEHF01,2018,M12,215.382,
CUSR0000SEHF01,2019,M01,213.260,
CUSR0000SEHF01,2019,M02,212.819,
CUSR0000SEHF01,2019,M03,213.384,
CUSR0000SEHF01,2019,M04,213.250,
CUSR0000SEHF01,2019,M05,213.023,
CUSR0000SEHF01,2019,M06,212.802,
CUSR0000SEHF01,2019,M07,213.643,
CUSR0000SEHF01,2019,M08,213.247,
CUSR0000SEHF01,2019,M09,213.783,
CUSR0000SEHF01,2019,M10,213.744,
CUSR0000SEHF01,2019,M11,213.952,
CUSR0000SEHF01,2019,M12,213.571,
CUSR0000SEHF01,2020,M01,213.531,
CUSR0000SEHF01,2020,M02,213.846,
CUSR0000SEHF01,2020,M03,213.452,
CUSR0000SEHF01,2020,M04,213.621,
CUSR0000SEHF01,2020,M05,213.017,
CUSR0000SEHF01,2020,M06,213.670,
CUSR0000SEHF01,2020,M07,214.058,
CUSR0000SEHF01,2020,M08,213.671,
CUSR0000SEHF01,2020,M09,215.381,
CUSR0000SEHF01,2020,M10,216.297,
CUSR0000SEHF01,2020,M11,217.463,
CUSR0000SEHF01,2020,M12,217.938,
CUSR0000SEHF01,2021,M01,216.013,
CUSR0000SEHF01,2021,M02,218.043,
CUSR0000SEHF01,2021,M03,218.128,
CUSR0000SEHF01,2021,M04,220.871,
CUSR0000SEHF01,2021,M05,222.201,
CUSR0000SEHF01,2021,M06,222.152,
CUSR0000SEHF01,2021,M07,223.296,
CUSR0000SEHF01,2021,M08,225.360,
CUSR0000SEHF01,2021,M09,226.923,
CUSR0000SEHF01,2021,M10,230.586,
CUSR0000SEHF01,2021,M11,231.427,
CUSR0000SEHF01,2021,M12,231.993,
CUSR0000SEHF01,2022,M01,238.942,
CUSR0000SEHF01,2022,M02,237.572,
CUSR0000SEHF01,2022,M03,242.188,
CUSR0000SEHF01,2022,M04,245.225,
CUSR0000SEHF01,2022,M05,248.849,
CUSR0000SEHF01,2022,M06,252.516,
CUSR0000SEHF01,2022,M07,257.380,
CUSR0000SEHF01,2022,M08,260.993,
CUSR0000SEHF01,2022,M09,262.214,
CUSR0000SEHF01,2022,M10,263.216,
CUSR0000SEHF01,2022,M11,263.253,
CUSR0000SEHF01,2022,M12,265.191,
CUSR0000SEHF01,2023,M01,267.247,
CUSR0000SEHF01,2023,M02,268.124,
CUSR0000SEHF01,2023,M03,266.662,
CUSR0000SEHF01,2023,M04,265.803,
CUSR0000SEHF01,2023,M05,263.597,
CUSR0000SEHF01,2023,M06,266.068,
CUSR0000SEHF01,2023,M07,265.228,
CUSR0000SEHF01,2023,M08,266.601,
CUSR0000SEHF01,2023,M09,269.078,
CUSR0000SEHF01,2023,M10,269.512,
CUSR0000SEHF01,2023,M11,272.151,
CUSR0000SEHF01,2023,M12,274.016,
CUSR0000SEHF01,2024,M01,277.305,
CUSR0000SEHF01,2024,M02,277.638,
CUSR0000SEHF01,2024,M03,279.797,
CUSR0000SEHF01,2024,M04,279.303,
CUSR0000SEHF01,2024,M05,279.103,
CUSR0000SEHF01,2024,M06,277.715,
CUSR0000SEHF01,2024,M07,278.242,
CUSR0000SEHF01,2024,M08,277.101,
CUSR0000SEHF01,2024,M09,279.137,
CUSR0000SEHF01,2024,M10,281.719,
CUSR0000SEHF01,2024,M11,280.608,
CUSR0000SEHF01,2024,M12,281.742,
CUSR0000SEHF01,2025,M01,282.369,
CUSR0000SEHF01,2025,M02,284.448,
CUSR0000SEHF01,2025,M03,287.436,
CUSR0000SEHF01,2025,M04,289.368,
CUSR0000SEHF01,2025,M05,291.637,
CUSR0000SEHF01,2025,M06,293.838,
CUSR0000SEHF01,2025,M07,293.754,
CUSR0000SEHF01,2025,M08,294.295,
CUSR0000SEHF01,2025,M09,293.388,
CUSR0000SEHF01,2025,M10,-,Data unavailable due to the 2025 lapse in appropriations
CUSR0000SEHF01,2025,M11,300.112,
CUSR0000SEHF01,2025,M12,300.563,
CUSR0000SEHF01,2026,M01,300.241,
CUSR0000SEHF01,2026,M02,298.113,
CUSR0000SEHF01,2026,M03,300.545,
CUSR0000SEHF01,2026,M04,306.977,
CUSR0000SEHF01,2026,M05,308.903,
CUSR0000SEHF01,2026,M06,305.692,
CUSR0000SEHF01,2026,M07,306.095,
CUSR0000SEHF02,1997,M01,118.5,
CUSR0000SEHF02,1997,M02,118.7,
CUSR0000SEHF02,1997,M03,114.6,
CUSR0000SEHF02,1997,M04,111.9,
CUSR0000SEHF02,1997,M05,109.4,
CUSR0000SEHF02,1997,M06,112.5,
CUSR0000SEHF02,1997,M07,113.2,
CUSR0000SEHF02,1997,M08,112.0,
CUSR0000SEHF02,1997,M09,114.5,
CUSR0000SEHF02,1997,M10,116.1,
CUSR0000SEHF02,1997,M11,117.7,
CUSR0000SEHF02,1997,M12,115.4,
CUSR0000SEHF02,1998,M01,113.3,
CUSR0000SEHF02,1998,M02,111.6,
CUSR0000SEHF02,1998,M03,114.0,
CUSR0000SEHF02,1998,M04,114.6,
CUSR0000SEHF02,1998,M05,114.0,
CUSR0000SEHF02,1998,M06,112.6,
CUSR0000SEHF02,1998,M07,112.2,
CUSR0000SEHF02,1998,M08,112.1,
CUSR0000SEHF02,1998,M09,111.3,
CUSR0000SEHF02,1998,M10,111.0,
CUSR0000SEHF02,1998,M11,110.1,
CUSR0000SEHF02,1998,M12,111.0,
CUSR0000SEHF02,1999,M01,110.5,
CUSR0000SEHF02,1999,M02,111.6,
CUSR0000SEHF02,1999,M03,111.1,
CUSR0000SEHF02,1999,M04,110.3,
CUSR0000SEHF02,1999,M05,110.1,
CUSR0000SEHF02,1999,M06,111.6,
CUSR0000SEHF02,1999,M07,112.5,
CUSR0000SEHF02,1999,M08,114.5,
CUSR0000SEHF02,1999,M09,117.5,
CUSR0000SEHF02,1999,M10,116.1,
CUSR0000SEHF02,1999,M11,116.4,
CUSR0000SEHF02,1999,M12,113.3,
CUSR0000SEHF02,2000,M01,114.4,
CUSR0000SEHF02,2000,M02,117.9,
CUSR0000SEHF02,2000,M03,118.9,
CUSR0000SEHF02,2000,M04,120.0,
CUSR0000SEHF02,2000,M05,121.1,
CUSR0000SEHF02,2000,M06,130.0,
CUSR0000SEHF02,2000,M07,135.1,
CUSR0000SEHF02,2000,M08,134.3,
CUSR0000SEHF02,2000,M09,141.4,
CUSR0000SEHF02,2000,M10,148.9,
CUSR0000SEHF02,2000,M11,146.1,
CUSR0000SEHF02,2000,M12,155.5,
CUSR0000SEHF02,2001,M01,181.3,
CUSR0000SEHF02,2001,M02,182.7,
CUSR0000SEHF02,2001,M03,177.6,
CUSR0000SEHF02,2001,M04,173.2,
CUSR0000SEHF02,2001,M05,173.7,
CUSR0000SEHF02,2001,M06,163.3,
CUSR0000SEHF02,2001,M07,155.7,
CUSR0000SEHF02,2001,M08,149.9,
CUSR0000SEHF02,2001,M09,142.6,
CUSR0000SEHF02,2001,M10,133.1,
CUSR0000SEHF02,2001,M11,134.0,
CUSR0000SEHF02,2001,M12,133.0,
CUSR0000SEHF02,2002,M01,131.1,
CUSR0000SEHF02,2002,M02,131.9,
CUSR0000SEHF02,2002,M03,132.5,
CUSR0000SEHF02,2002,M04,135.3,
CUSR0000SEHF02,2002,M05,135.5,
CUSR0000SEHF02,2002,M06,133.8,
CUSR0000SEHF02,2002,M07,133.9,
CUSR0000SEHF02,2002,M08,133.7,
CUSR0000SEHF02,2002,M09,135.0,
CUSR0000SEHF02,2002,M10,138.2,
CUSR0000SEHF02,2002,M11,139.5,
CUSR0000SEHF02,2002,M12,142.2,
CUSR0000SEHF02,2003,M01,144.6,
CUSR0000SEHF02,2003,M02,154.0,
CUSR0000SEHF02,2003,M03,176.5,
CUSR0000SEHF02,2003,M04,170.5,
CUSR0000SEHF02,2003,M05,168.4,
CUSR0000SEHF02,2003,M06,171.4,
CUSR0000SEHF02,2003,M07,170.8,
CUSR0000SEHF02,2003,M08,169.9,
CUSR0000SEHF02,2003,M09,171.4,
CUSR0000SEHF02,2003,M10,168.2,
CUSR0000SEHF02,2003,M11,164.9,
CUSR0000SEHF02,2003,M12,166.3,
CUSR0000SEHF02,2004,M01,170.8,
CUSR0000SEHF02,2004,M02,174.7,
CUSR0000SEHF02,2004,M03,170.7,
CUSR0000SEHF02,2004,M04,171.2,
CUSR0000SEHF02,2004,M05,173.1,
CUSR0000SEHF02,2004,M06,180.1,
CUSR0000SEHF02,2004,M07,181.9,
CUSR0000SEHF02,2004,M08,184.7,
CUSR0000SEHF02,2004,M09,181.8,
CUSR0000SEHF02,2004,M10,183.1,
CUSR0000SEHF02,2004,M11,194.2,
CUSR0000SEHF02,2004,M12,194.9,
CUSR0000SEHF02,2005,M01,187.9,
CUSR0000SEHF02,2005,M02,191.0,
CUSR0000SEHF02,2005,M03,190.4,
CUSR0000SEHF02,2005,M04,199.9,
CUSR0000SEHF02,2005,M05,199.9,
CUSR0000SEHF02,2005,M06,194.8,
CUSR0000SEHF02,2005,M07,201.2,
CUSR0000SEHF02,2005,M08,207.2,
CUSR0000SEHF02,2005,M09,233.4,
CUSR0000SEHF02,2005,M10,264.7,
CUSR0000SEHF02,2005,M11,262.4,
CUSR0000SEHF02,2005,M12,251.9,
CUSR0000SEHF02,2006,M01,254.3,
CUSR0000SEHF02,2006,M02,241.8,
CUSR0000SEHF02,2006,M03,230.2,
CUSR0000SEHF02,2006,M04,222.0,
CUSR0000SEHF02,2006,M05,219.6,
CUSR0000SEHF02,2006,M06,209.9,
CUSR0000SEHF02,2006,M07,208.9,
CUSR0000SEHF02,2006,M08,212.6,
CUSR0000SEHF02,2006,M09,219.5,
CUSR0000SEHF02,2006,M10,201.7,
CUSR0000SEHF02,2006,M11,211.3,
CUSR0000SEHF02,2006,M12,216.9,
CUSR0000SEHF02,2007,M01,213.557,
CUSR0000SEHF02,2007,M02,216.694,
CUSR0000SEHF02,2007,M03,223.399,
CUSR0000SEHF02,2007,M04,222.194,
CUSR0000SEHF02,2007,M05,222.760,
CUSR0000SEHF02,2007,M06,224.278,
CUSR0000SEHF02,2007,M07,218.714,
CUSR0000SEHF02,2007,M08,213.518,
CUSR0000SEHF02,2007,M09,213.698,
CUSR0000SEHF02,2007,M10,213.702,
CUSR0000SEHF02,2007,M11,215.290,
CUSR0000SEHF02,2007,M12,216.025,
CUSR0000SEHF02,2008,M01,214.073,
CUSR0000SEHF02,2008,M02,223.153,
CUSR0000SEHF02,2008,M03,232.879,
CUSR0000SEHF02,2008,M04,246.210,
CUSR0000SEHF02,2008,M05,259.948,
CUSR0000SEHF02,2008,M06,273.919,
CUSR0000SEHF02,2008,M07,289.890,
CUSR0000SEHF02,2008,M08,276.231,
CUSR0000SEHF02,2008,M09,255.664,
CUSR0000SEHF02,2008,M10,243.365,
CUSR0000SEHF02,2008,M11,232.007,
CUSR0000SEHF02,2008,M12,228.846,
CUSR0000SEHF02,2009,M01,223.325,
CUSR0000SEHF02,2009,M02,214.905,
CUSR0000SEHF02,2009,M03,204.324,
CUSR0000SEHF02,2009,M04,193.955,
CUSR0000SEHF02,2009,M05,183.394,
CUSR0000SEHF02,2009,M06,185.149,
CUSR0000SEHF02,2009,M07,185.124,
CUSR0000SEHF02,2009,M08,184.219,
CUSR0000SEHF02,2009,M09,182.685,
CUSR0000SEHF02,2009,M10,185.475,
CUSR0000SEHF02,2009,M11,191.664,
CUSR0000SEHF02,2009,M12,188.411,
CUSR0000SEHF02,2010,M01,194.326,
CUSR0000SEHF02,2010,M02,195.254,
CUSR0000SEHF02,2010,M03,192.898,
CUSR0000SEHF02,2010,M04,188.815,
CUSR0000SEHF02,2010,M05,190.306,
CUSR0000SEHF02,2010,M06,189.032,
CUSR0000SEHF02,2010,M07,190.506,
CUSR0000SEHF02,2010,M08,190.169,
CUSR0000SEHF02,2010,M09,188.451,
CUSR0000SEHF02,2010,M10,188.961,
CUSR0000SEHF02,2010,M11,182.383,
CUSR0000SEHF02,2010,M12,183.528,
CUSR0000SEHF02,2011,M01,182.484,
CUSR0000SEHF02,2011,M02,185.328,
CUSR0000SEHF02,2011,M03,184.366,
CUSR0000SEHF02,2011,M04,187.126,
CUSR0000SEHF02,2011,M05,188.553,
CUSR0000SEHF02,2011,M06,187.835,
CUSR0000SEHF02,2011,M07,185.552,
CUSR0000SEHF02,2011,M08,185.898,
CUSR0000SEHF02,2011,M09,185.902,
CUSR0000SEHF02,2011,M10,182.731,
CUSR0000SEHF02,2011,M11,179.561,
CUSR0000SEHF02,2011,M12,176.464,
CUSR0000SEHF02,2012,M01,172.835,
CUSR0000SEHF02,2012,M02,167.814,
CUSR0000SEHF02,2012,M03,167.159,
CUSR0000SEHF02,2012,M04,164.663,
CUSR0000SEHF02,2012,M05,159.982,
CUSR0000SEHF02,2012,M06,161.853,
CUSR0000SEHF02,2012,M07,162.360,
CUSR0000SEHF02,2012,M08,165.442,
CUSR0000SEHF02,2012,M09,165.675,
CUSR0000SEHF02,2012,M10,166.982,
CUSR0000SEHF02,2012,M11,171.420,
CUSR0000SEHF02,2012,M12,171.879,
CUSR0000SEHF02,2013,M01,170.334,
CUSR0000SEHF02,2013,M02,172.098,
CUSR0000SEHF02,2013,M03,171.313,
CUSR0000SEHF02,2013,M04,177.476,
CUSR0000SEHF02,2013,M05,182.106,
CUSR0000SEHF02,2013,M06,180.210,
CUSR0000SEHF02,2013,M07,176.617,
CUSR0000SEHF02,2013,M08,172.834,
CUSR0000SEHF02,2013,M09,173.461,
CUSR0000SEHF02,2013,M10,173.705,
CUSR0000SEHF02,2013,M11,172.428,
CUSR0000SEHF02,2013,M12,171.285,
CUSR0000SEHF02,2014,M01,177.970,
CUSR0000SEHF02,2014,M02,185.094,
CUSR0000SEHF02,2014,M03,199.036,
CUSR0000SEHF02,2014,M04,198.403,
CUSR0000SEHF02,2014,M05,194.968,
CUSR0000SEHF02,2014,M06,190.723,
CUSR0000SEHF02,2014,M07,189.901,
CUSR0000SEHF02,2014,M08,183.410,
CUSR0000SEHF02,2014,M09,183.770,
CUSR0000SEHF02,2014,M10,179.805,
CUSR0000SEHF02,2014,M11,177.935,
CUSR0000SEHF02,2014,M12,180.719,
CUSR0000SEHF02,2015,M01,177.216,
CUSR0000SEHF02,2015,M02,173.445,
CUSR0000SEHF02,2015,M03,170.331,
CUSR0000SEHF02,2015,M04,165.830,
CUSR0000SEHF02,2015,M05,164.630,
CUSR0000SEHF02,2015,M06,165.693,
CUSR0000SEHF02,2015,M07,162.954,
CUSR0000SEHF02,2015,M08,163.107,
CUSR0000SEHF02,2015,M09,161.840,
CUSR0000SEHF02,2015,M10,160.055,
CUSR0000SEHF02,2015,M11,157.639,
CUSR0000SEHF02,2015,M12,152.630,
CUSR0000SEHF02,2016,M01,153.802,
CUSR0000SEHF02,2016,M02,154.119,
CUSR0000SEHF02,2016,M03,154.292,
CUSR0000SEHF02,2016,M04,155.063,
CUSR0000SEHF02,2016,M05,156.609,
CUSR0000SEHF02,2016,M06,156.775,
CUSR0000SEHF02,2016,M07,163.007,
CUSR0000SEHF02,2016,M08,165.701,
CUSR0000SEHF02,2016,M09,166.820,
CUSR0000SEHF02,2016,M10,168.215,
CUSR0000SEHF02,2016,M11,167.549,
CUSR0000SEHF02,2016,M12,165.921,
CUSR0000SEHF02,2017,M01,168.669,
CUSR0000SEHF02,2017,M02,171.058,
CUSR0000SEHF02,2017,M03,170.545,
CUSR0000SEHF02,2017,M04,173.836,
CUSR0000SEHF02,2017,M05,176.577,
CUSR0000SEHF02,2017,M06,176.970,
CUSR0000SEHF02,2017,M07,175.428,
CUSR0000SEHF02,2017,M08,174.435,
CUSR0000SEHF02,2017,M09,173.191,
CUSR0000SEHF02,2017,M10,173.310,
CUSR0000SEHF02,2017,M11,172.872,
CUSR0000SEHF02,2017,M12,174.413,
CUSR0000SEHF02,2018,M01,170.458,
CUSR0000SEHF02,2018,M02,179.673,
CUSR0000SEHF02,2018,M03,178.008,
CUSR0000SEHF02,2018,M04,176.687,
CUSR0000SEHF02,2018,M05,175.261,
CUSR0000SEHF02,2018,M06,172.608,
CUSR0000SEHF02,2018,M07,172.600,
CUSR0000SEHF02,2018,M08,173.776,
CUSR0000SEHF02,2018,M09,169.603,
CUSR0000SEHF02,2018,M10,168.435,
CUSR0000SEHF02,2018,M11,167.955,
CUSR0000SEHF02,2018,M12,178.218,
CUSR0000SEHF02,2019,M01,176.156,
CUSR0000SEHF02,2019,M02,173.748,
CUSR0000SEHF02,2019,M03,175.904,
CUSR0000SEHF02,2019,M04,174.122,
CUSR0000SEHF02,2019,M05,170.986,
CUSR0000SEHF02,2019,M06,170.569,
CUSR0000SEHF02,2019,M07,168.868,
CUSR0000SEHF02,2019,M08,168.727,
CUSR0000SEHF02,2019,M09,166.699,
CUSR0000SEHF02,2019,M10,169.405,
CUSR0000SEHF02,2019,M11,168.148,
CUSR0000SEHF02,2019,M12,168.905,
CUSR0000SEHF02,2020,M01,169.867,
CUSR0000SEHF02,2020,M02,169.369,
CUSR0000SEHF02,2020,M03,170.647,
CUSR0000SEHF02,2020,M04,171.753,
CUSR0000SEHF02,2020,M05,171.495,
CUSR0000SEHF02,2020,M06,170.370,
CUSR0000SEHF02,2020,M07,168.556,
CUSR0000SEHF02,2020,M08,168.043,
CUSR0000SEHF02,2020,M09,173.206,
CUSR0000SEHF02,2020,M10,172.848,
CUSR0000SEHF02,2020,M11,174.694,
CUSR0000SEHF02,2020,M12,175.514,
CUSR0000SEHF02,2021,M01,177.478,
CUSR0000SEHF02,2021,M02,180.407,
CUSR0000SEHF02,2021,M03,186.709,
CUSR0000SEHF02,2021,M04,191.779,
CUSR0000SEHF02,2021,M05,194.368,
CUSR0000SEHF02,2021,M06,196.525,
CUSR0000SEHF02,2021,M07,200.485,
CUSR0000SEHF02,2021,M08,203.489,
CUSR0000SEHF02,2021,M09,209.675,
CUSR0000SEHF02,2021,M10,222.106,
CUSR0000SEHF02,2021,M11,219.371,
CUSR0000SEHF02,2021,M12,218.484,
CUSR0000SEHF02,2022,M01,219.921,
CUSR0000SEHF02,2022,M02,223.254,
CUSR0000SEHF02,2022,M03,226.988,
CUSR0000SEHF02,2022,M04,235.384,
CUSR0000SEHF02,2022,M05,253.127,
CUSR0000SEHF02,2022,M06,271.997,
CUSR0000SEHF02,2022,M07,261.638,
CUSR0000SEHF02,2022,M08,270.677,
CUSR0000SEHF02,2022,M09,279.103,
CUSR0000SEHF02,2022,M10,266.525,
CUSR0000SEHF02,2022,M11,253.283,
CUSR0000SEHF02,2022,M12,260.691,
CUSR0000SEHF02,2023,M01,278.814,
CUSR0000SEHF02,2023,M02,254.907,
CUSR0000SEHF02,2023,M03,239.615,
CUSR0000SEHF02,2023,M04,230.616,
CUSR0000SEHF02,2023,M05,225.374,
CUSR0000SEHF02,2023,M06,221.236,
CUSR0000SEHF02,2023,M07,225.688,
CUSR0000SEHF02,2023,M08,226.316,
CUSR0000SEHF02,2023,M09,223.639,
CUSR0000SEHF02,2023,M10,224.304,
CUSR0000SEHF02,2023,M11,227.007,
CUSR0000SEHF02,2023,M12,225.076,
CUSR0000SEHF02,2024,M01,229.221,
CUSR0000SEHF02,2024,M02,232.159,
CUSR0000SEHF02,2024,M03,232.001,
CUSR0000SEHF02,2024,M04,226.302,
CUSR0000SEHF02,2024,M05,225.956,
CUSR0000SEHF02,2024,M06,229.374,
CUSR0000SEHF02,2024,M07,228.884,
CUSR0000SEHF02,2024,M08,226.077,
CUSR0000SEHF02,2024,M09,228.096,
CUSR0000SEHF02,2024,M10,228.874,
CUSR0000SEHF02,2024,M11,231.141,
CUSR0000SEHF02,2024,M12,236.265,
CUSR0000SEHF02,2025,M01,240.678,
CUSR0000SEHF02,2025,M02,245.739,
CUSR0000SEHF02,2025,M03,253.773,
CUSR0000SEHF02,2025,M04,261.940,
CUSR0000SEHF02,2025,M05,260.617,
CUSR0000SEHF02,2025,M06,261.785,
CUSR0000SEHF02,2025,M07,260.315,
CUSR0000SEHF02,2025,M08,257.172,
CUSR0000SEHF02,2025,M09,254.906,
CUSR0000SEHF02,2025,M10,-,Data unavailable due to the 2025 lapse in appropriations
CUSR0000SEHF02,2025,M11,252.399,
CUSR0000SEHF02,2025,M12,261.790,
CUSR0000SEHF02,2026,M01,264.328,
CUSR0000SEHF02,2026,M02,272.497,
CUSR0000SEHF02,2026,M03,270.121,
CUSR0000SEHF02,2026,M04,269.920,
CUSR0000SEHF02,2026,M05,268.458,
CUSR0000SEHF02,2026,M06,269.721,
CUSR0000SEHF02,2026,M07,271.552,
CUSR0000SEHG,1997,M12,100.1,
CUSR0000SEHG,1998,M01,100.2,
CUSR0000SEHG,1998,M02,100.7,
CUSR0000SEHG,1998,M03,100.9,
CUSR0000SEHG,1998,M04,101.1,
CUSR0000SEHG,1998,M05,101.3,
CUSR0000SEHG,1998,M06,101.5,
CUSR0000SEHG,1998,M07,101.9,
CUSR0000SEHG,1998,M08,102.0,
CUSR0000SEHG,1998,M09,102.3,
CUSR0000SEHG,1998,M10,102.4,
CUSR0000SEHG,1998,M11,102.6,
CUSR0000SEHG,1998,M12,102.9,
CUSR0000SEHG,1999,M01,103.1,
CUSR0000SEHG,1999,M02,103.2,
CUSR0000SEHG,1999,M03,103.3,
CUSR0000SEHG,1999,M04,103.6,
CUSR0000SEHG,1999,M05,103.7,
CUSR0000SEHG,1999,M06,103.9,
CUSR0000SEHG,1999,M07,104.1,
CUSR0000SEHG,1999,M08,104.2,
CUSR0000SEHG,1999,M09,104.4,
CUSR0000SEHG,1999,M10,104.7,
CUSR0000SEHG,1999,M11,104.8,
CUSR0000SEHG,1999,M12,104.9,
CUSR0000SEHG,2000,M01,105.2,
CUSR0000SEHG,2000,M02,105.5,
CUSR0000SEHG,2000,M03,105.7,
CUSR0000SEHG,2000,M04,105.9,
CUSR0000SEHG,2000,M05,106.1,
CUSR0000SEHG,2000,M06,106.4,
CUSR0000SEHG,2000,M07,106.7,
CUSR0000SEHG,2000,M08,106.8,
CUSR0000SEHG,2000,M09,107.1,
CUSR0000SEHG,2000,M10,107.2,
CUSR0000SEHG,2000,M11,107.7,
CUSR0000SEHG,2000,M12,108.0,
CUSR0000SEHG,2001,M01,108.1,
CUSR0000SEHG,2001,M02,108.4,
CUSR0000SEHG,2001,M03,108.6,
CUSR0000SEHG,2001,M04,108.8,
CUSR0000SEHG,2001,M05,109.0,
CUSR0000SEHG,2001,M06,109.2,
CUSR0000SEHG,2001,M07,109.6,
CUSR0000SEHG,2001,M08,110.0,
CUSR0000SEHG,2001,M09,110.3,
CUSR0000SEHG,2001,M10,110.6,
CUSR0000SEHG,2001,M11,110.8,
CUSR0000SEHG,2001,M12,111.1,
CUSR0000SEHG,2002,M01,111.6,
CUSR0000SEHG,2002,M02,111.8,
CUSR0000SEHG,2002,M03,112.3,
CUSR0000SEHG,2002,M04,112.6,
CUSR0000SEHG,2002,M05,112.7,
CUSR0000SEHG,2002,M06,112.6,
CUSR0000SEHG,2002,M07,113.0,
CUSR0000SEHG,2002,M08,113.5,
CUSR0000SEHG,2002,M09,113.6,
CUSR0000SEHG,2002,M10,113.9,
CUSR0000SEHG,2002,M11,114.3,
CUSR0000SEHG,2002,M12,114.6,
CUSR0000SEHG,2003,M01,114.8,
CUSR0000SEHG,2003,M02,114.9,
CUSR0000SEHG,2003,M03,115.7,
CUSR0000SEHG,2003,M04,116.1,
CUSR0000SEHG,2003,M05,116.4,
CUSR0000SEHG,2003,M06,116.6,
CUSR0000SEHG,2003,M07,117.1,
CUSR0000SEHG,2003,M08,117.8,
CUSR0000SEHG,2003,M09,118.3,
CUSR0000SEHG,2003,M10,118.9,
CUSR0000SEHG,2003,M11,119.6,
CUSR0000SEHG,2003,M12,120.0,
CUSR0000SEHG,2004,M01,120.6,
CUSR0000SEHG,2004,M02,121.5,
CUSR0000SEHG,2004,M03,121.9,
CUSR0000SEHG,2004,M04,122.3,
CUSR0000SEHG,2004,M05,123.4,
CUSR0000SEHG,2004,M06,123.8,
CUSR0000SEHG,2004,M07,124.4,
CUSR0000SEHG,2004,M08,125.1,
CUSR0000SEHG,2004,M09,125.7,
CUSR0000SEHG,2004,M10,126.1,
CUSR0000SEHG,2004,M11,126.4,
CUSR0000SEHG,2004,M12,126.6,
CUSR0000SEHG,2005,M01,127.5,
CUSR0000SEHG,2005,M02,128.1,
CUSR0000SEHG,2005,M03,128.6,
CUSR0000SEHG,2005,M04,129.1,
CUSR0000SEHG,2005,M05,129.6,
CUSR0000SEHG,2005,M06,130.1,
CUSR0000SEHG,2005,M07,130.7,
CUSR0000SEHG,2005,M08,131.0,
CUSR0000SEHG,2005,M09,131.4,
CUSR0000SEHG,2005,M10,132.0,
CUSR0000SEHG,2005,M11,132.7,
CUSR0000SEHG,2005,M12,133.2,
CUSR0000SEHG,2006,M01,133.8,
CUSR0000SEHG,2006,M02,134.5,
CUSR0000SEHG,2006,M03,134.9,
CUSR0000SEHG,2006,M04,135.5,
CUSR0000SEHG,2006,M05,135.9,
CUSR0000SEHG,2006,M06,136.6,
CUSR0000SEHG,2006,M07,137.0,
CUSR0000SEHG,2006,M08,137.6,
CUSR0000SEHG,2006,M09,138.2,
CUSR0000SEHG,2006,M10,138.7,
CUSR0000SEHG,2006,M11,139.1,
CUSR0000SEHG,2006,M12,139.6,
CUSR0000SEHG,2007,M01,140.397,
CUSR0000SEHG,2007,M02,140.911,
CUSR0000SEHG,2007,M03,141.621,
CUSR0000SEHG,2007,M04,142.293,
CUSR0000SEHG,2007,M05,142.818,
CUSR0000SEHG,2007,M06,143.337,
CUSR0000SEHG,2007,M07,144.188,
CUSR0000SEHG,2007,M08,144.615,
CUSR0000SEHG,2007,M09,145.177,
CUSR0000SEHG,2007,M10,145.539,
CUSR0000SEHG,2007,M11,146.365,
CUSR0000SEHG,2007,M12,147.094,
CUSR0000SEHG,2008,M01,148.039,
CUSR0000SEHG,2008,M02,148.677,
CUSR0000SEHG,2008,M03,149.199,
CUSR0000SEHG,2008,M04,149.695,
CUSR0000SEHG,2008,M05,150.338,
CUSR0000SEHG,2008,M06,151.238,
CUSR0000SEHG,2008,M07,152.061,
CUSR0000SEHG,2008,M08,153.664,
CUSR0000SEHG,2008,M09,154.139,
CUSR0000SEHG,2008,M10,155.485,
CUSR0000SEHG,2008,M11,156.173,
CUSR0000SEHG,2008,M12,156.673,
CUSR0000SEHG,2009,M01,157.073,
CUSR0000SEHG,2009,M02,157.293,
CUSR0000SEHG,2009,M03,157.985,
CUSR0000SEHG,2009,M04,158.904,
CUSR0000SEHG,2009,M05,159.809,
CUSR0000SEHG,2009,M06,160.548,
CUSR0000SEHG,2009,M07,161.473,
CUSR0000SEHG,2009,M08,162.562,
CUSR0000SEHG,2009,M09,163.238,
CUSR0000SEHG,2009,M10,164.414,
CUSR0000SEHG,2009,M11,164.950,
CUSR0000SEHG,2009,M12,165.532,
CUSR0000SEHG,2010,M01,166.687,
CUSR0000SEHG,2010,M02,167.734,
CUSR0000SEHG,2010,M03,168.470,
CUSR0000SEHG,2010,M04,169.311,
CUSR0000SEHG,2010,M05,170.048,
CUSR0000SEHG,2010,M06,170.505,
CUSR0000SEHG,2010,M07,171.222,
CUSR0000SEHG,2010,M08,171.834,
CUSR0000SEHG,2010,M09,172.675,
CUSR0000SEHG,2010,M10,173.168,
CUSR0000SEHG,2010,M11,174.147,
CUSR0000SEHG,2010,M12,174.973,
CUSR0000SEHG,2011,M01,175.680,
CUSR0000SEHG,2011,M02,176.822,
CUSR0000SEHG,2011,M03,177.543,
CUSR0000SEHG,2011,M04,178.119,
CUSR0000SEHG,2011,M05,178.706,
CUSR0000SEHG,2011,M06,179.304,
CUSR0000SEHG,2011,M07,179.862,
CUSR0000SEHG,2011,M08,180.111,
CUSR0000SEHG,2011,M09,181.475,
CUSR0000SEHG,2011,M10,181.794,
CUSR0000SEHG,2011,M11,182.370,
CUSR0000SEHG,2011,M12,183.219,
CUSR0000SEHG,2012,M01,183.960,
CUSR0000SEHG,2012,M02,185.051,
CUSR0000SEHG,2012,M03,185.999,
CUSR0000SEHG,2012,M04,187.400,
CUSR0000SEHG,2012,M05,187.921,
CUSR0000SEHG,2012,M06,189.068,
CUSR0000SEHG,2012,M07,189.776,
CUSR0000SEHG,2012,M08,191.422,
CUSR0000SEHG,2012,M09,191.777,
CUSR0000SEHG,2012,M10,192.337,
CUSR0000SEHG,2012,M11,193.119,
CUSR0000SEHG,2012,M12,193.706,
CUSR0000SEHG,2013,M01,194.548,
CUSR0000SEHG,2013,M02,195.060,
CUSR0000SEHG,2013,M03,195.671,
CUSR0000SEHG,2013,M04,196.180,
CUSR0000SEHG,2013,M05,196.872,
CUSR0000SEHG,2013,M06,197.503,
CUSR0000SEHG,2013,M07,198.145,
CUSR0000SEHG,2013,M08,198.366,
CUSR0000SEHG,2013,M09,198.742,
CUSR0000SEHG,2013,M10,199.822,
CUSR0000SEHG,2013,M11,200.186,
CUSR0000SEHG,2013,M12,200.661,
CUSR0000SEHG,2014,M01,201.127,
CUSR0000SEHG,2014,M02,201.736,
CUSR0000SEHG,2014,M03,202.363,
CUSR0000SEHG,2014,M04,202.930,
CUSR0000SEHG,2014,M05,203.260,
CUSR0000SEHG,2014,M06,203.791,
CUSR0000SEHG,2014,M07,205.073,
CUSR0000SEHG,2014,M08,205.900,
CUSR0000SEHG,2014,M09,206.330,
CUSR0000SEHG,2014,M10,207.704,
CUSR0000SEHG,2014,M11,208.734,
CUSR0000SEHG,2014,M12,209.853,
CUSR0000SEHG,2015,M01,210.090,
CUSR0000SEHG,2015,M02,210.981,
CUSR0000SEHG,2015,M03,211.468,
CUSR0000SEHG,2015,M04,211.987,
CUSR0000SEHG,2015,M05,212.729,
CUSR0000SEHG,2015,M06,213.299,
CUSR0000SEHG,2015,M07,213.986,
CUSR0000SEHG,2015,M08,215.560,
CUSR0000SEHG,2015,M09,216.143,
CUSR0000SEHG,2015,M10,216.550,
CUSR0000SEHG,2015,M11,217.124,
CUSR0000SEHG,2015,M12,217.742,
CUSR0000SEHG,2016,M01,218.191,
CUSR0000SEHG,2016,M02,218.681,
CUSR0000SEHG,2016,M03,219.417,
CUSR0000SEHG,2016,M04,220.319,
CUSR0000SEHG,2016,M05,221.497,
CUSR0000SEHG,2016,M06,221.680,
CUSR0000SEHG,2016,M07,221.530,
CUSR0000SEHG,2016,M08,222.383,
CUSR0000SEHG,2016,M09,223.102,
CUSR0000SEHG,2016,M10,223.631,
CUSR0000SEHG,2016,M11,224.493,
CUSR0000SEHG,2016,M12,225.013,
CUSR0000SEHG,2017,M01,226.235,
CUSR0000SEHG,2017,M02,227.001,
CUSR0000SEHG,2017,M03,227.360,
CUSR0000SEHG,2017,M04,227.883,
CUSR0000SEHG,2017,M05,228.445,
CUSR0000SEHG,2017,M06,228.803,
CUSR0000SEHG,2017,M07,229.186,
CUSR0000SEHG,2017,M08,229.664,
CUSR0000SEHG,2017,M09,230.179,
CUSR0000SEHG,2017,M10,230.838,
CUSR0000SEHG,2017,M11,231.604,
CUSR0000SEHG,2017,M12,232.042,
CUSR0000SEHG,2018,M01,232.771,
CUSR0000SEHG,2018,M02,233.609,
CUSR0000SEHG,2018,M03,234.041,
CUSR0000SEHG,2018,M04,234.873,
CUSR0000SEHG,2018,M05,235.894,
CUSR0000SEHG,2018,M06,236.642,
CUSR0000SEHG,2018,M07,237.301,
CUSR0000SEHG,2018,M08,238.261,
CUSR0000SEHG,2018,M09,238.605,
CUSR0000SEHG,2018,M10,239.276,
CUSR0000SEHG,2018,M11,241.862,
CUSR0000SEHG,2018,M12,242.436,
CUSR0000SEHG,2019,M01,241.276,
CUSR0000SEHG,2019,M02,241.538,
CUSR0000SEHG,2019,M03,242.397,
CUSR0000SEHG,2019,M04,243.288,
CUSR0000SEHG,2019,M05,243.924,
CUSR0000SEHG,2019,M06,244.538,
CUSR0000SEHG,2019,M07,245.073,
CUSR0000SEHG,2019,M08,245.294,
CUSR0000SEHG,2019,M09,245.965,
CUSR0000SEHG,2019,M10,247.032,
CUSR0000SEHG,2019,M11,247.582,
CUSR0000SEHG,2019,M12,248.024,
CUSR0000SEHG,2020,M01,248.846,
CUSR0000SEHG,2020,M02,249.751,
CUSR0000SEHG,2020,M03,250.359,
CUSR0000SEHG,2020,M04,250.673,
CUSR0000SEHG,2020,M05,250.921,
CUSR0000SEHG,2020,M06,251.435,
CUSR0000SEHG,2020,M07,252.401,
CUSR0000SEHG,2020,M08,253.974,
CUSR0000SEHG,2020,M09,254.266,
CUSR0000SEHG,2020,M10,254.781,
CUSR0000SEHG,2020,M11,255.650,
CUSR0000SEHG,2020,M12,256.456,
CUSR0000SEHG,2021,M01,257.722,
CUSR0000SEHG,2021,M02,258.763,
CUSR0000SEHG,2021,M03,259.204,
CUSR0000SEHG,2021,M04,259.581,
CUSR0000SEHG,2021,M05,259.542,
CUSR0000SEHG,2021,M06,260.400,
CUSR0000SEHG,2021,M07,261.706,
CUSR0000SEHG,2021,M08,262.810,
CUSR0000SEHG,2021,M09,263.747,
CUSR0000SEHG,2021,M10,264.278,
CUSR0000SEHG,2021,M11,264.580,
CUSR0000SEHG,2021,M12,265.365,
CUSR0000SEHG,2022,M01,268.128,
CUSR0000SEHG,2022,M02,269.521,
CUSR0000SEHG,2022,M03,269.621,
CUSR0000SEHG,2022,M04,270.419,
CUSR0000SEHG,2022,M05,270.844,
CUSR0000SEHG,2022,M06,271.925,
CUSR0000SEHG,2022,M07,273.097,
CUSR0000SEHG,2022,M08,274.984,
CUSR0000SEHG,2022,M09,276.759,
CUSR0000SEHG,2022,M10,276.892,
CUSR0000SEHG,2022,M11,277.824,
CUSR0000SEHG,2022,M12,278.464,
CUSR0000SEHG,2023,M01,281.461,
CUSR0000SEHG,2023,M02,283.663,
CUSR0000SEHG,2023,M03,284.166,
CUSR0000SEHG,2023,M04,285.052,
CUSR0000SEHG,2023,M05,286.322,
CUSR0000SEHG,2023,M06,287.457,
CUSR0000SEHG,2023,M07,289.005,
CUSR0000SEHG,2023,M08,290.975,
CUSR0000SEHG,2023,M09,291.279,
CUSR0000SEHG,2023,M10,291.683,
CUSR0000SEHG,2023,M11,292.694,
CUSR0000SEHG,2023,M12,292.915,
CUSR0000SEHG,2024,M01,297.079,
CUSR0000SEHG,2024,M02,298.751,
CUSR0000SEHG,2024,M03,299.183,
CUSR0000SEHG,2024,M04,300.178,
CUSR0000SEHG,2024,M05,299.987,
CUSR0000SEHG,2024,M06,300.652,
CUSR0000SEHG,2024,M07,302.106,
CUSR0000SEHG,2024,M08,303.311,
CUSR0000SEHG,2024,M09,305.117,
CUSR0000SEHG,2024,M10,306.336,
CUSR0000SEHG,2024,M11,308.015,
CUSR0000SEHG,2024,M12,308.234,
CUSR0000SEHG,2025,M01,310.239,
CUSR0000SEHG,2025,M02,313.344,
CUSR0000SEHG,2025,M03,313.925,
CUSR0000SEHG,2025,M04,314.820,
CUSR0000SEHG,2025,M05,315.585,
CUSR0000SEHG,2025,M06,316.851,
CUSR0000SEHG,2025,M07,318.244,
CUSR0000SEHG,2025,M08,319.403,
CUSR0000SEHG,2025,M09,319.867,
CUSR0000SEHG,2025,M10,-,Data unavailable due to the 2025 lapse in appropriations
CUSR0000SEHG,2025,M11,321.363,
CUSR0000SEHG,2025,M12,322.728,
CUSR0000SEHG,2026,M01,324.919,
CUSR0000SEHG,2026,M02,327.181,
CUSR0000SEHG,2026,M03,328.792,
CUSR0000SEHG,2026,M04,329.651,
CUSR0000SEHG,2026,M05,330.420,
CUSR0000SEHG,2026,M06,331.474,
CUSR0000SEHG,2026,M07,332.956,
CUSR0000SERA,1997,M01,98.2,
CUSR0000SERA,1997,M02,98.6,
CUSR0000SERA,1997,M03,98.7,
CUSR0000SERA,1997,M04,98.1,
CUSR0000SERA,1997,M05,98.8,
CUSR0000SERA,1997,M06,99.5,
CUSR0000SERA,1997,M07,99.8,
CUSR0000SERA,1997,M08,99.9,
CUSR0000SERA,1997,M09,100.2,
CUSR0000SERA,1997,M10,100.2,
CUSR0000SERA,1997,M11,100.6,
CUSR0000SERA,1997,M12,100.5,
CUSR0000SERA,1998,M01,100.8,
CUSR0000SERA,1998,M02,100.8,
CUSR0000SERA,1998,M03,101.1,
CUSR0000SERA,1998,M04,101.1,
CUSR0000SERA,1998,M05,101.1,
CUSR0000SERA,1998,M06,101.1,
CUSR0000SERA,1998,M07,101.0,
CUSR0000SERA,1998,M08,101.0,
CUSR0000SERA,1998,M09,101.7,
CUSR0000SERA,1998,M10,101.4,
CUSR0000SERA,1998,M11,101.1,
CUSR0000SERA,1998,M12,101.2,
CUSR0000SERA,1999,M01,101.4,
CUSR0000SERA,1999,M02,101.2,
CUSR0000SERA,1999,M03,100.9,
CUSR0000SERA,1999,M04,100.7,
CUSR0000SERA,1999,M05,100.8,
CUSR0000SERA,1999,M06,100.6,
CUSR0000SERA,1999,M07,100.5,
CUSR0000SERA,1999,M08,100.8,
CUSR0000SERA,1999,M09,100.4,
CUSR0000SERA,1999,M10,100.4,
CUSR0000SERA,1999,M11,100.5,
CUSR0000SERA,1999,M12,100.6,
CUSR0000SERA,2000,M01,100.5,
CUSR0000SERA,2000,M02,100.4,
CUSR0000SERA,2000,M03,100.6,
CUSR0000SERA,2000,M04,100.0,
CUSR0000SERA,2000,M05,101.1,
CUSR0000SERA,2000,M06,101.4,
CUSR0000SERA,2000,M07,101.2,
CUSR0000SERA,2000,M08,101.5,
CUSR0000SERA,2000,M09,101.8,
CUSR0000SERA,2000,M10,101.3,
CUSR0000SERA,2000,M11,101.3,
CUSR0000SERA,2000,M12,101.2,
CUSR0000SERA,2001,M01,101.2,
CUSR0000SERA,2001,M02,101.2,
CUSR0000SERA,2001,M03,101.3,
CUSR0000SERA,2001,M04,101.4,
CUSR0000SERA,2001,M05,101.3,
CUSR0000SERA,2001,M06,101.2,
CUSR0000SERA,2001,M07,101.7,
CUSR0000SERA,2001,M08,101.6,
CUSR0000SERA,2001,M09,101.5,
CUSR0000SERA,2001,M10,101.6,
CUSR0000SERA,2001,M11,101.7,
CUSR0000SERA,2001,M12,101.8,
CUSR0000SERA,2002,M01,102.2,
CUSR0000SERA,2002,M02,102.6,
CUSR0000SERA,2002,M03,102.6,
CUSR0000SERA,2002,M04,102.5,
CUSR0000SERA,2002,M05,102.7,
CUSR0000SERA,2002,M06,102.9,
CUSR0000SERA,2002,M07,102.5,
CUSR0000SERA,2002,M08,102.4,
CUSR0000SERA,2002,M09,102.6,
CUSR0000SERA,2002,M10,102.9,
CUSR0000SERA,2002,M11,103.3,
CUSR0000SERA,2002,M12,103.8,
CUSR0000SERA,2003,M01,103.5,
CUSR0000SERA,2003,M02,103.5,
CUSR0000SERA,2003,M03,103.4,
CUSR0000SERA,2003,M04,103.3,
CUSR0000SERA,2003,M05,103.4,
CUSR0000SERA,2003,M06,103.6,
CUSR0000SERA,2003,M07,103.7,
CUSR0000SERA,2003,M08,103.8,
CUSR0000SERA,2003,M09,103.8,
CUSR0000SERA,2003,M10,103.7,
CUSR0000SERA,2003,M11,104.0,
CUSR0000SERA,2003,M12,103.9,
CUSR0000SERA,2004,M01,103.8,
CUSR0000SERA,2004,M02,103.9,
CUSR0000SERA,2004,M03,104.0,
CUSR0000SERA,2004,M04,104.2,
CUSR0000SERA,2004,M05,104.2,
CUSR0000SERA,2004,M06,104.4,
CUSR0000SERA,2004,M07,104.4,
CUSR0000SERA,2004,M08,104.3,
CUSR0000SERA,2004,M09,104.3,
CUSR0000SERA,2004,M10,104.3,
CUSR0000SERA,2004,M11,104.2,
CUSR0000SERA,2004,M12,104.4,
CUSR0000SERA,2005,M01,104.6,
CUSR0000SERA,2005,M02,104.2,
CUSR0000SERA,2005,M03,104.3,
CUSR0000SERA,2005,M04,104.3,
CUSR0000SERA,2005,M05,104.2,
CUSR0000SERA,2005,M06,102.9,
CUSR0000SERA,2005,M07,103.1,
CUSR0000SERA,2005,M08,104.3,
CUSR0000SERA,2005,M09,104.5,
CUSR0000SERA,2005,M10,104.5,
CUSR0000SERA,2005,M11,104.4,
CUSR0000SERA,2005,M12,104.5,
CUSR0000SERA,2006,M01,104.5,
CUSR0000SERA,2006,M02,104.3,
CUSR0000SERA,2006,M03,104.9,
CUSR0000SERA,2006,M04,105.2,
CUSR0000SERA,2006,M05,105.0,
CUSR0000SERA,2006,M06,104.8,
CUSR0000SERA,2006,M07,104.8,
CUSR0000SERA,2006,M08,104.7,
CUSR0000SERA,2006,M09,104.5,
CUSR0000SERA,2006,M10,104.3,
CUSR0000SERA,2006,M11,104.1,
CUSR0000SERA,2006,M12,103.5,
CUSR0000SERA,2007,M01,103.269,
CUSR0000SERA,2007,M02,103.225,
CUSR0000SERA,2007,M03,102.585,
CUSR0000SERA,2007,M04,102.645,
CUSR0000SERA,2007,M05,103.178,
CUSR0000SERA,2007,M06,103.079,
CUSR0000SERA,2007,M07,102.639,
CUSR0000SERA,2007,M08,102.188,
CUSR0000SERA,2007,M09,102.765,
CUSR0000SERA,2007,M10,103.339,
CUSR0000SERA,2007,M11,103.106,
CUSR0000SERA,2007,M12,103.335,
CUSR0000SERA,2008,M01,103.556,
CUSR0000SERA,2008,M02,103.256,
CUSR0000SERA,2008,M03,103.220,
CUSR0000SERA,2008,M04,102.905,
CUSR0000SERA,2008,M05,102.588,
CUSR0000SERA,2008,M06,101.974,
CUSR0000SERA,2008,M07,102.014,
CUSR0000SERA,2008,M08,102.446,
CUSR0000SERA,2008,M09,102.706,
CUSR0000SERA,2008,M10,102.389,
CUSR0000SERA,2008,M11,102.256,
CUSR0000SERA,2008,M12,102.263,
CUSR0000SERA,2009,M01,101.904,
CUSR0000SERA,2009,M02,101.758,
CUSR0000SERA,2009,M03,101.691,
CUSR0000SERA,2009,M04,101.836,
CUSR0000SERA,2009,M05,101.618,
CUSR0000SERA,2009,M06,101.536,
CUSR0000SERA,2009,M07,101.437,
CUSR0000SERA,2009,M08,101.325,
CUSR0000SERA,2009,M09,100.789,
CUSR0000SERA,2009,M10,100.384,
CUSR0000SERA,2009,M11,100.602,
CUSR0000SERA,2009,M12,100.463,
CUSR0000SERA,2010,M01,100.483,
CUSR0000SERA,2010,M02,99.515,
CUSR0000SERA,2010,M03,99.560,
CUSR0000SERA,2010,M04,99.533,
CUSR0000SERA,2010,M05,99.159,
CUSR0000SERA,2010,M06,99.513,
CUSR0000SERA,2010,M07,99.063,
CUSR0000SERA,2010,M08,98.805,
CUSR0000SERA,2010,M09,98.642,
CUSR0000SERA,2010,M10,98.786,
CUSR0000SERA,2010,M11,98.671,
CUSR0000SERA,2010,M12,97.816,
CUSR0000SERA,2011,M01,97.883,
CUSR0000SERA,2011,M02,98.224,
CUSR0000SERA,2011,M03,98.314,
CUSR0000SERA,2011,M04,98.377,
CUSR0000SERA,2011,M05,98.257,
CUSR0000SERA,2011,M06,98.068,
CUSR0000SERA,2011,M07,98.439,
CUSR0000SERA,2011,M08,98.206,
CUSR0000SERA,2011,M09,98.578,
CUSR0000SERA,2011,M10,98.848,
CUSR0000SERA,2011,M11,98.796,
CUSR0000SERA,2011,M12,98.934,
CUSR0000SERA,2012,M01,99.258,
CUSR0000SERA,2012,M02,99.278,
CUSR0000SERA,2012,M03,99.362,
CUSR0000SERA,2012,M04,99.289,
CUSR0000SERA,2012,M05,99.400,
CUSR0000SERA,2012,M06,99.346,
CUSR0000SERA,2012,M07,99.412,
CUSR0000SERA,2012,M08,99.793,
CUSR0000SERA,2012,M09,99.893,
CUSR0000SERA,2012,M10,99.412,
CUSR0000SERA,2012,M11,99.350,
CUSR0000SERA,2012,M12,99.274,
CUSR0000SERA,2013,M01,99.499,
CUSR0000SERA,2013,M02,99.699,
CUSR0000SERA,2013,M03,99.675,
CUSR0000SERA,2013,M04,99.417,
CUSR0000SERA,2013,M05,99.508,
CUSR0000SERA,2013,M06,99.467,
CUSR0000SERA,2013,M07,99.557,
CUSR0000SERA,2013,M08,99.743,
CUSR0000SERA,2013,M09,99.823,
CUSR0000SERA,2013,M10,99.834,
CUSR0000SERA,2013,M11,100.116,
CUSR0000SERA,2013,M12,99.824,
CUSR0000SERA,2014,M01,99.954,
CUSR0000SERA,2014,M02,99.873,
CUSR0000SERA,2014,M03,99.986,
CUSR0000SERA,2014,M04,100.177,
CUSR0000SERA,2014,M05,100.140,
CUSR0000SERA,2014,M06,100.103,
CUSR0000SERA,2014,M07,99.781,
CUSR0000SERA,2014,M08,99.417,
CUSR0000SERA,2014,M09,99.589,
CUSR0000SERA,2014,M10,99.998,
CUSR0000SERA,2014,M11,99.506,
CUSR0000SERA,2014,M12,99.558,
CUSR0000SERA,2015,M01,99.657,
CUSR0000SERA,2015,M02,99.662,
CUSR0000SERA,2015,M03,99.381,
CUSR0000SERA,2015,M04,99.564,
CUSR0000SERA,2015,M05,99.454,
CUSR0000SERA,2015,M06,99.407,
CUSR0000SERA,2015,M07,99.478,
CUSR0000SERA,2015,M08,99.420,
CUSR0000SERA,2015,M09,99.657,
CUSR0000SERA,2015,M10,99.977,
CUSR0000SERA,2015,M11,99.940,
CUSR0000SERA,2015,M12,100.017,
CUSR0000SERA,2016,M01,99.879,
CUSR0000SERA,2016,M02,100.298,
CUSR0000SERA,2016,M03,100.757,
CUSR0000SERA,2016,M04,101.021,
CUSR0000SERA,2016,M05,101.191,
CUSR0000SERA,2016,M06,101.538,
CUSR0000SERA,2016,M07,101.537,
CUSR0000SERA,2016,M08,101.119,
CUSR0000SERA,2016,M09,100.588,
CUSR0000SERA,2016,M10,100.691,
CUSR0000SERA,2016,M11,101.215,
CUSR0000SERA,2016,M12,101.464,
CUSR0000SERA,2017,M01,102.211,
CUSR0000SERA,2017,M02,102.822,
CUSR0000SERA,2017,M03,103.234,
CUSR0000SERA,2017,M04,103.805,
CUSR0000SERA,2017,M05,104.199,
CUSR0000SERA,2017,M06,104.437,
CUSR0000SERA,2017,M07,104.670,
CUSR0000SERA,2017,M08,104.969,
CUSR0000SERA,2017,M09,105.176,
CUSR0000SERA,2017,M10,105.093,
CUSR0000SERA,2017,M11,104.745,
CUSR0000SERA,2017,M12,104.469,
CUSR0000SERA,2018,M01,104.453,
CUSR0000SERA,2018,M02,104.409,
CUSR0000SERA,2018,M03,104.342,
CUSR0000SERA,2018,M04,104.003,
CUSR0000SERA,2018,M05,103.949,
CUSR0000SERA,2018,M06,103.840,
CUSR0000SERA,2018,M07,103.847,
CUSR0000SERA,2018,M08,104.001,
CUSR0000SERA,2018,M09,104.476,
CUSR0000SERA,2018,M10,104.301,
CUSR0000SERA,2018,M11,104.358,
CUSR0000SERA,2018,M12,104.395,
CUSR0000SERA,2019,M01,104.868,
CUSR0000SERA,2019,M02,104.711,
CUSR0000SERA,2019,M03,104.487,
CUSR0000SERA,2019,M04,104.356,
CUSR0000SERA,2019,M05,104.138,
CUSR0000SERA,2019,M06,103.985,
CUSR0000SERA,2019,M07,103.782,
CUSR0000SERA,2019,M08,104.300,
CUSR0000SERA,2019,M09,104.600,
CUSR0000SERA,2019,M10,105.155,
CUSR0000SERA,2019,M11,105.450,
CUSR0000SERA,2019,M12,106.110,
CUSR0000SERA,2020,M01,106.039,
CUSR0000SERA,2020,M02,105.744,
CUSR0000SERA,2020,M03,105.860,
CUSR0000SERA,2020,M04,106.142,
CUSR0000SERA,2020,M05,106.328,
CUSR0000SERA,2020,M06,106.253,
CUSR0000SERA,2020,M07,107.158,
CUSR0000SERA,2020,M08,107.729,
CUSR0000SERA,2020,M09,107.992,
CUSR0000SERA,2020,M10,108.453,
CUSR0000SERA,2020,M11,108.434,
CUSR0000SERA,2020,M12,108.893,
CUSR0000SERA,2021,M01,108.149,
CUSR0000SERA,2021,M02,108.509,
CUSR0000SERA,2021,M03,108.689,
CUSR0000SERA,2021,M04,109.171,
CUSR0000SERA,2021,M05,109.396,
CUSR0000SERA,2021,M06,110.396,
CUSR0000SERA,2021,M07,111.083,
CUSR0000SERA,2021,M08,111.653,
CUSR0000SERA,2021,M09,111.894,
CUSR0000SERA,2021,M10,112.099,
CUSR0000SERA,2021,M11,112.143,
CUSR0000SERA,2021,M12,111.403,
CUSR0000SERA,2022,M01,111.645,
CUSR0000SERA,2022,M02,111.827,
CUSR0000SERA,2022,M03,111.562,
CUSR0000SERA,2022,M04,112.186,
CUSR0000SERA,2022,M05,113.170,
CUSR0000SERA,2022,M06,113.399,
CUSR0000SERA,2022,M07,112.870,
CUSR0000SERA,2022,M08,112.440,
CUSR0000SERA,2022,M09,112.245,
CUSR0000SERA,2022,M10,113.255,
CUSR0000SERA,2022,M11,113.974,
CUSR0000SERA,2022,M12,113.386,
CUSR0000SERA,2023,M01,113.609,
CUSR0000SERA,2023,M02,114.664,
CUSR0000SERA,2023,M03,115.369,
CUSR0000SERA,2023,M04,116.209,
CUSR0000SERA,2023,M05,116.231,
CUSR0000SERA,2023,M06,116.160,
CUSR0000SERA,2023,M07,116.202,
CUSR0000SERA,2023,M08,116.541,
CUSR0000SERA,2023,M09,116.705,
CUSR0000SERA,2023,M10,116.690,
CUSR0000SERA,2023,M11,116.258,
CUSR0000SERA,2023,M12,116.397,
CUSR0000SERA,2024,M01,116.840,
CUSR0000SERA,2024,M02,117.621,
CUSR0000SERA,2024,M03,118.307,
CUSR0000SERA,2024,M04,118.936,
CUSR0000SERA,2024,M05,117.674,
CUSR0000SERA,2024,M06,117.218,
CUSR0000SERA,2024,M07,117.790,
CUSR0000SERA,2024,M08,117.743,
CUSR0000SERA,2024,M09,117.666,
CUSR0000SERA,2024,M10,117.685,
CUSR0000SERA,2024,M11,117.408,
CUSR0000SERA,2024,M12,117.756,
CUSR0000SERA,2025,M01,119.106,
CUSR0000SERA,2025,M02,119.885,
CUSR0000SERA,2025,M03,119.182,
CUSR0000SERA,2025,M04,119.051,
CUSR0000SERA,2025,M05,119.420,
CUSR0000SERA,2025,M06,119.840,
CUSR0000SERA,2025,M07,119.928,
CUSR0000SERA,2025,M08,119.571,
CUSR0000SERA,2025,M09,119.821,
CUSR0000SERA,2025,M10,-,Data unavailable due to the 2025 lapse in appropriations
CUSR0000SERA,2025,M11,120.368,
CUSR0000SERA,2025,M12,122.406,
CUSR0000SERA,2026,M01,123.757,
CUSR0000SERA,2026,M02,121.796,
CUSR0000SERA,2026,M03,121.643,
CUSR0000SERA,2026,M04,122.649,
CUSR0000SERA,2026,M05,122.383,
CUSR0000SERA,2026,M06,123.019,
CUSR0000SERA,2026,M07,124.080,
CUSR0000SETA01,1997,M01,144.6,
CUSR0000SETA01,1997,M02,144.6,
CUSR0000SETA01,1997,M03,144.7,
CUSR0000SETA01,1997,M04,144.6,
CUSR0000SETA01,1997,M05,144.4,
CUSR0000SETA01,1997,M06,144.3,
CUSR0000SETA01,1997,M07,144.3,
CUSR0000SETA01,1997,M08,144.2,
CUSR0000SETA01,1997,M09,144.0,
CUSR0000SETA01,1997,M10,144.1,
CUSR0000SETA01,1997,M11,143.8,
CUSR0000SETA01,1997,M12,143.3,
CUSR0000SETA01,1998,M01,143.4,
CUSR0000SETA01,1998,M02,143.6,
CUSR0000SETA01,1998,M03,143.8,
CUSR0000SETA01,1998,M04,143.8,
CUSR0000SETA01,1998,M05,143.1,
CUSR0000SETA01,1998,M06,142.8,
CUSR0000SETA01,1998,M07,143.4,
CUSR0000SETA01,1998,M08,144.1,
CUSR0000SETA01,1998,M09,143.6,
CUSR0000SETA01,1998,M10,143.2,
CUSR0000SETA01,1998,M11,143.2,
CUSR0000SETA01,1998,M12,143.3,
CUSR0000SETA01,1999,M01,143.5,
CUSR0000SETA01,1999,M02,143.0,
CUSR0000SETA01,1999,M03,142.8,
CUSR0000SETA01,1999,M04,142.8,
CUSR0000SETA01,1999,M05,142.8,
CUSR0000SETA01,1999,M06,142.8,
CUSR0000SETA01,1999,M07,142.7,
CUSR0000SETA01,1999,M08,142.7,
CUSR0000SETA01,1999,M09,142.8,
CUSR0000SETA01,1999,M10,143.0,
CUSR0000SETA01,1999,M11,142.8,
CUSR0000SETA01,1999,M12,142.6,
CUSR0000SETA01,2000,M01,142.4,
CUSR0000SETA01,2000,M02,142.2,
CUSR0000SETA01,2000,M03,142.7,
CUSR0000SETA01,2000,M04,143.0,
CUSR0000SETA01,2000,M05,143.2,
CUSR0000SETA01,2000,M06,143.2,
CUSR0000SETA01,2000,M07,143.3,
CUSR0000SETA01,2000,M08,143.2,
CUSR0000SETA01,2000,M09,142.7,
CUSR0000SETA01,2000,M10,142.2,
CUSR0000SETA01,2000,M11,142.3,
CUSR0000SETA01,2000,M12,142.6,
CUSR0000SETA01,2001,M01,142.5,
CUSR0000SETA01,2001,M02,142.4,
CUSR0000SETA01,2001,M03,142.3,
CUSR0000SETA01,2001,M04,142.3,
CUSR0000SETA01,2001,M05,142.2,
CUSR0000SETA01,2001,M06,142.1,
CUSR0000SETA01,2001,M07,142.1,
CUSR0000SETA01,2001,M08,141.6,
CUSR0000SETA01,2001,M09,141.4,
CUSR0000SETA01,2001,M10,141.6,
CUSR0000SETA01,2001,M11,142.2,
CUSR0000SETA01,2001,M12,142.5,
CUSR0000SETA01,2002,M01,141.5,
CUSR0000SETA01,2002,M02,140.2,
CUSR0000SETA01,2002,M03,140.1,
CUSR0000SETA01,2002,M04,140.0,
CUSR0000SETA01,2002,M05,139.8,
CUSR0000SETA01,2002,M06,139.6,
CUSR0000SETA01,2002,M07,139.6,
CUSR0000SETA01,2002,M08,139.4,
CUSR0000SETA01,2002,M09,139.9,
CUSR0000SETA01,2002,M10,140.0,
CUSR0000SETA01,2002,M11,140.1,
CUSR0000SETA01,2002,M12,139.8,
CUSR0000SETA01,2003,M01,138.5,
CUSR0000SETA01,2003,M02,138.2,
CUSR0000SETA01,2003,M03,138.7,
CUSR0000SETA01,2003,M04,138.3,
CUSR0000SETA01,2003,M05,138.1,
CUSR0000SETA01,2003,M06,137.8,
CUSR0000SETA01,2003,M07,137.6,
CUSR0000SETA01,2003,M08,138.0,
CUSR0000SETA01,2003,M09,137.6,
CUSR0000SETA01,2003,M10,137.1,
CUSR0000SETA01,2003,M11,137.2,
CUSR0000SETA01,2003,M12,137.2,
CUSR0000SETA01,2004,M01,136.8,
CUSR0000SETA01,2004,M02,137.3,
CUSR0000SETA01,2004,M03,137.3,
CUSR0000SETA01,2004,M04,137.3,
CUSR0000SETA01,2004,M05,137.5,
CUSR0000SETA01,2004,M06,137.7,
CUSR0000SETA01,2004,M07,136.8,
CUSR0000SETA01,2004,M08,135.9,
CUSR0000SETA01,2004,M09,136.0,
CUSR0000SETA01,2004,M10,136.4,
CUSR0000SETA01,2004,M11,137.6,
CUSR0000SETA01,2004,M12,138.1,
CUSR0000SETA01,2005,M01,138.5,
CUSR0000SETA01,2005,M02,138.6,
CUSR0000SETA01,2005,M03,138.3,
CUSR0000SETA01,2005,M04,138.3,
CUSR0000SETA01,2005,M05,138.7,
CUSR0000SETA01,2005,M06,138.6,
CUSR0000SETA01,2005,M07,137.3,
CUSR0000SETA01,2005,M08,136.5,
CUSR0000SETA01,2005,M09,137.1,
CUSR0000SETA01,2005,M10,137.7,
CUSR0000SETA01,2005,M11,137.7,
CUSR0000SETA01,2005,M12,137.5,
CUSR0000SETA01,2006,M01,138.0,
CUSR0000SETA01,2006,M02,138.1,
CUSR0000SETA01,2006,M03,137.9,
CUSR0000SETA01,2006,M04,137.9,
CUSR0000SETA01,2006,M05,137.7,
CUSR0000SETA01,2006,M06,137.7,
CUSR0000SETA01,2006,M07,137.8,
CUSR0000SETA01,2006,M08,137.6,
CUSR0000SETA01,2006,M09,137.6,
CUSR0000SETA01,2006,M10,137.4,
CUSR0000SETA01,2006,M11,136.6,
CUSR0000SETA01,2006,M12,136.4,
CUSR0000SETA01,2007,M01,136.437,
CUSR0000SETA01,2007,M02,136.201,
CUSR0000SETA01,2007,M03,136.481,
CUSR0000SETA01,2007,M04,136.578,
CUSR0000SETA01,2007,M05,136.323,
CUSR0000SETA01,2007,M06,136.171,
CUSR0000SETA01,2007,M07,136.236,
CUSR0000SETA01,2007,M08,136.438,
CUSR0000SETA01,2007,M09,136.051,
CUSR0000SETA01,2007,M10,135.831,
CUSR0000SETA01,2007,M11,136.154,
CUSR0000SETA01,2007,M12,136.098,
CUSR0000SETA01,2008,M01,135.926,
CUSR0000SETA01,2008,M02,135.405,
CUSR0000SETA01,2008,M03,134.953,
CUSR0000SETA01,2008,M04,134.726,
CUSR0000SETA01,2008,M05,134.646,
CUSR0000SETA01,2008,M06,134.660,
CUSR0000SETA01,2008,M07,134.821,
CUSR0000SETA01,2008,M08,134.162,
CUSR0000SETA01,2008,M09,133.496,
CUSR0000SETA01,2008,M10,132.925,
CUSR0000SETA01,2008,M11,132.497,
CUSR0000SETA01,2008,M12,132.069,
CUSR0000SETA01,2009,M01,132.669,
CUSR0000SETA01,2009,M02,133.415,
CUSR0000SETA01,2009,M03,133.866,
CUSR0000SETA01,2009,M04,134.367,
CUSR0000SETA01,2009,M05,134.987,
CUSR0000SETA01,2009,M06,135.729,
CUSR0000SETA01,2009,M07,136.298,
CUSR0000SETA01,2009,M08,134.771,
CUSR0000SETA01,2009,M09,135.524,
CUSR0000SETA01,2009,M10,137.891,
CUSR0000SETA01,2009,M11,139.067,
CUSR0000SETA01,2009,M12,138.928,
CUSR0000SETA01,2010,M01,138.321,
CUSR0000SETA01,2010,M02,138.117,
CUSR0000SETA01,2010,M03,137.879,
CUSR0000SETA01,2010,M04,137.639,
CUSR0000SETA01,2010,M05,137.482,
CUSR0000SETA01,2010,M06,137.409,
CUSR0000SETA01,2010,M07,137.484,
CUSR0000SETA01,2010,M08,137.782,
CUSR0000SETA01,2010,M09,138.264,
CUSR0000SETA01,2010,M10,138.442,
CUSR0000SETA01,2010,M11,138.469,
CUSR0000SETA01,2010,M12,138.678,
CUSR0000SETA01,2011,M01,138.938,
CUSR0000SETA01,2011,M02,139.725,
CUSR0000SETA01,2011,M03,140.420,
CUSR0000SETA01,2011,M04,140.878,
CUSR0000SETA01,2011,M05,142.014,
CUSR0000SETA01,2011,M06,142.706,
CUSR0000SETA01,2011,M07,142.856,
CUSR0000SETA01,2011,M08,142.848,
CUSR0000SETA01,2011,M09,142.940,
CUSR0000SETA01,2011,M10,143.095,
CUSR0000SETA01,2011,M11,143.035,
CUSR0000SETA01,2011,M12,143.163,
CUSR0000SETA01,2012,M01,143.466,
CUSR0000SETA01,2012,M02,143.838,
CUSR0000SETA01,2012,M03,143.901,
CUSR0000SETA01,2012,M04,143.898,
CUSR0000SETA01,2012,M05,143.942,
CUSR0000SETA01,2012,M06,144.073,
CUSR0000SETA01,2012,M07,144.130,
CUSR0000SETA01,2012,M08,144.311,
CUSR0000SETA01,2012,M09,144.359,
CUSR0000SETA01,2012,M10,144.547,
CUSR0000SETA01,2012,M11,145.024,
CUSR0000SETA01,2012,M12,145.318,
CUSR0000SETA01,2013,M01,145.533,
CUSR0000SETA01,2013,M02,145.121,
CUSR0000SETA01,2013,M03,145.260,
CUSR0000SETA01,2013,M04,145.378,
CUSR0000SETA01,2013,M05,145.379,
CUSR0000SETA01,2013,M06,145.854,
CUSR0000SETA01,2013,M07,146.024,
CUSR0000SETA01,2013,M08,146.066,
CUSR0000SETA01,2013,M09,146.381,
CUSR0000SETA01,2013,M10,146.233,
CUSR0000SETA01,2013,M11,146.171,
CUSR0000SETA01,2013,M12,146.042,
CUSR0000SETA01,2014,M01,145.624,
CUSR0000SETA01,2014,M02,145.625,
CUSR0000SETA01,2014,M03,145.646,
CUSR0000SETA01,2014,M04,145.986,
CUSR0000SETA01,2014,M05,146.140,
CUSR0000SETA01,2014,M06,146.099,
CUSR0000SETA01,2014,M07,146.255,
CUSR0000SETA01,2014,M08,146.464,
CUSR0000SETA01,2014,M09,146.717,
CUSR0000SETA01,2014,M10,146.928,
CUSR0000SETA01,2014,M11,146.959,
CUSR0000SETA01,2014,M12,146.886,
CUSR0000SETA01,2015,M01,146.104,
CUSR0000SETA01,2015,M02,146.316,
CUSR0000SETA01,2015,M03,146.672,
CUSR0000SETA01,2015,M04,147.024,
CUSR0000SETA01,2015,M05,147.327,
CUSR0000SETA01,2015,M06,147.489,
CUSR0000SETA01,2015,M07,147.462,
CUSR0000SETA01,2015,M08,147.410,
CUSR0000SETA01,2015,M09,147.611,
CUSR0000SETA01,2015,M10,147.481,
CUSR0000SETA01,2015,M11,147.466,
CUSR0000SETA01,2015,M12,147.272,
CUSR0000SETA01,2016,M01,146.706,
CUSR0000SETA01,2016,M02,147.374,
CUSR0000SETA01,2016,M03,147.443,
CUSR0000SETA01,2016,M04,147.213,
CUSR0000SETA01,2016,M05,147.175,
CUSR0000SETA01,2016,M06,147.046,
CUSR0000SETA01,2016,M07,147.303,
CUSR0000SETA01,2016,M08,147.335,
CUSR0000SETA01,2016,M09,147.482,
CUSR0000SETA01,2016,M10,147.784,
CUSR0000SETA01,2016,M11,147.737,
CUSR0000SETA01,2016,M12,147.686,
CUSR0000SETA01,2017,M01,148.166,
CUSR0000SETA01,2017,M02,148.284,
CUSR0000SETA01,2017,M03,148.053,
CUSR0000SETA01,2017,M04,148.147,
CUSR0000SETA01,2017,M05,147.786,
CUSR0000SETA01,2017,M06,147.097,
CUSR0000SETA01,2017,M07,146.198,
CUSR0000SETA01,2017,M08,146.097,
CUSR0000SETA01,2017,M09,145.747,
CUSR0000SETA01,2017,M10,145.474,
CUSR0000SETA01,2017,M11,145.901,
CUSR0000SETA01,2017,M12,146.790,
CUSR0000SETA01,2018,M01,147.787,
CUSR0000SETA01,2018,M02,147.386,
CUSR0000SETA01,2018,M03,147.475,
CUSR0000SETA01,2018,M04,145.964,
CUSR0000SETA01,2018,M05,145.786,
CUSR0000SETA01,2018,M06,145.769,
CUSR0000SETA01,2018,M07,145.466,
CUSR0000SETA01,2018,M08,145.491,
CUSR0000SETA01,2018,M09,145.434,
CUSR0000SETA01,2018,M10,145.457,
CUSR0000SETA01,2018,M11,146.183,
CUSR0000SETA01,2018,M12,147.281,
CUSR0000SETA01,2019,M01,147.792,
CUSR0000SETA01,2019,M02,147.755,
CUSR0000SETA01,2019,M03,148.452,
CUSR0000SETA01,2019,M04,147.686,
CUSR0000SETA01,2019,M05,147.143,
CUSR0000SETA01,2019,M06,146.697,
CUSR0000SETA01,2019,M07,146.081,
CUSR0000SETA01,2019,M08,145.841,
CUSR0000SETA01,2019,M09,145.559,
CUSR0000SETA01,2019,M10,145.596,
CUSR0000SETA01,2019,M11,146.098,
CUSR0000SETA01,2019,M12,147.316,
CUSR0000SETA01,2020,M01,147.877,
CUSR0000SETA01,2020,M02,148.230,
CUSR0000SETA01,2020,M03,147.670,
CUSR0000SETA01,2020,M04,146.838,
CUSR0000SETA01,2020,M05,146.749,
CUSR0000SETA01,2020,M06,146.449,
CUSR0000SETA01,2020,M07,146.961,
CUSR0000SETA01,2020,M08,146.898,
CUSR0000SETA01,2020,M09,147.137,
CUSR0000SETA01,2020,M10,147.907,
CUSR0000SETA01,2020,M11,148.443,
CUSR0000SETA01,2020,M12,150.089,
CUSR0000SETA01,2021,M01,149.944,
CUSR0000SETA01,2021,M02,149.920,
CUSR0000SETA01,2021,M03,149.838,
CUSR0000SETA01,2021,M04,149.753,
CUSR0000SETA01,2021,M05,151.706,
CUSR0000SETA01,2021,M06,154.225,
CUSR0000SETA01,2021,M07,156.407,
CUSR0000SETA01,2021,M08,158.160,
CUSR0000SETA01,2021,M09,160.010,
CUSR0000SETA01,2021,M10,162.423,
CUSR0000SETA01,2021,M11,164.865,
CUSR0000SETA01,2021,M12,167.676,
CUSR0000SETA01,2022,M01,168.179,
CUSR0000SETA01,2022,M02,168.467,
CUSR0000SETA01,2022,M03,168.602,
CUSR0000SETA01,2022,M04,169.574,
CUSR0000SETA01,2022,M05,170.877,
CUSR0000SETA01,2022,M06,171.871,
CUSR0000SETA01,2022,M07,172.782,
CUSR0000SETA01,2022,M08,174.086,
CUSR0000SETA01,2022,M09,175.065,
CUSR0000SETA01,2022,M10,176.044,
CUSR0000SETA01,2022,M11,176.718,
CUSR0000SETA01,2022,M12,177.501,
CUSR0000SETA01,2023,M01,177.861,
CUSR0000SETA01,2023,M02,178.281,
CUSR0000SETA01,2023,M03,178.884,
CUSR0000SETA01,2023,M04,178.795,
CUSR0000SETA01,2023,M05,178.855,
CUSR0000SETA01,2023,M06,178.872,
CUSR0000SETA01,2023,M07,178.873,
CUSR0000SETA01,2023,M08,179.195,
CUSR0000SETA01,2023,M09,179.508,
CUSR0000SETA01,2023,M10,179.328,
CUSR0000SETA01,2023,M11,179.074,
CUSR0000SETA01,2023,M12,179.259,
CUSR0000SETA01,2024,M01,179.147,
CUSR0000SETA01,2024,M02,179.045,
CUSR0000SETA01,2024,M03,178.756,
CUSR0000SETA01,2024,M04,178.188,
CUSR0000SETA01,2024,M05,177.504,
CUSR0000SETA01,2024,M06,177.313,
CUSR0000SETA01,2024,M07,177.066,
CUSR0000SETA01,2024,M08,177.068,
CUSR0000SETA01,2024,M09,177.203,
CUSR0000SETA01,2024,M10,177.045,
CUSR0000SETA01,2024,M11,177.837,
CUSR0000SETA01,2024,M12,178.489,
CUSR0000SETA01,2025,M01,178.538,
CUSR0000SETA01,2025,M02,178.473,
CUSR0000SETA01,2025,M03,178.631,
CUSR0000SETA01,2025,M04,178.763,
CUSR0000SETA01,2025,M05,178.286,
CUSR0000SETA01,2025,M06,177.778,
CUSR0000SETA01,2025,M07,177.842,
CUSR0000SETA01,2025,M08,178.245,
CUSR0000SETA01,2025,M09,178.527,
CUSR0000SETA01,2025,M10,178.609,
CUSR0000SETA01,2025,M11,178.929,
CUSR0000SETA01,2025,M12,178.938,
CUSR0000SETA01,2026,M01,179.200,
CUSR0000SETA01,2026,M02,179.278,
CUSR0000SETA01,2026,M03,179.465,
CUSR0000SETA01,2026,M04,179.174,
CUSR0000SETA01,2026,M05,178.712,
CUSR0000SETA01,2026,M06,178.670,
CUSR0000SETA01,2026,M07,178.810,
CUSR0000SETA02,1997,M01,154.8,
CUSR0000SETA02,1997,M02,154.7,
CUSR0000SETA02,1997,M03,155.0,
CUSR0000SETA02,1997,M04,154.3,
CUSR0000SETA02,1997,M05,153.5,
CUSR0000SETA02,1997,M06,151.6,
CUSR0000SETA02,1997,M07,150.1,
CUSR0000SETA02,1997,M08,149.0,
CUSR0000SETA02,1997,M09,148.2,
CUSR0000SETA02,1997,M10,147.3,
CUSR0000SETA02,1997,M11,147.0,
CUSR0000SETA02,1997,M12,147.4,
CUSR0000SETA02,1998,M01,148.1,
CUSR0000SETA02,1998,M02,148.7,
CUSR0000SETA02,1998,M03,148.4,
CUSR0000SETA02,1998,M04,148.9,
CUSR0000SETA02,1998,M05,149.9,
CUSR0000SETA02,1998,M06,150.8,
CUSR0000SETA02,1998,M07,151.4,
CUSR0000SETA02,1998,M08,151.4,
CUSR0000SETA02,1998,M09,151.6,
CUSR0000SETA02,1998,M10,152.0,
CUSR0000SETA02,1998,M11,153.0,
CUSR0000SETA02,1998,M12,152.4,
CUSR0000SETA02,1999,M01,150.6,
CUSR0000SETA02,1999,M02,148.3,
CUSR0000SETA02,1999,M03,147.4,
CUSR0000SETA02,1999,M04,148.3,
CUSR0000SETA02,1999,M05,149.6,
CUSR0000SETA02,1999,M06,150.9,
CUSR0000SETA02,1999,M07,152.3,
CUSR0000SETA02,1999,M08,153.8,
CUSR0000SETA02,1999,M09,155.7,
CUSR0000SETA02,1999,M10,156.4,
CUSR0000SETA02,1999,M11,156.1,
CUSR0000SETA02,1999,M12,155.0,
CUSR0000SETA02,2000,M01,153.9,
CUSR0000SETA02,2000,M02,153.0,
CUSR0000SETA02,2000,M03,153.0,
CUSR0000SETA02,2000,M04,154.0,
CUSR0000SETA02,2000,M05,155.4,
CUSR0000SETA02,2000,M06,155.7,
CUSR0000SETA02,2000,M07,155.3,
CUSR0000SETA02,2000,M08,155.2,
CUSR0000SETA02,2000,M09,156.2,
CUSR0000SETA02,2000,M10,157.9,
CUSR0000SETA02,2000,M11,159.3,
CUSR0000SETA02,2000,M12,160.2,
CUSR0000SETA02,2001,M01,160.4,
CUSR0000SETA02,2001,M02,160.4,
CUSR0000SETA02,2001,M03,159.9,
CUSR0000SETA02,2001,M04,159.7,
CUSR0000SETA02,2001,M05,159.1,
CUSR0000SETA02,2001,M06,158.9,
CUSR0000SETA02,2001,M07,158.3,
CUSR0000SETA02,2001,M08,158.0,
CUSR0000SETA02,2001,M09,157.3,
CUSR0000SETA02,2001,M10,157.8,
CUSR0000SETA02,2001,M11,157.4,
CUSR0000SETA02,2001,M12,157.2,
CUSR0000SETA02,2002,M01,155.6,
CUSR0000SETA02,2002,M02,153.9,
CUSR0000SETA02,2002,M03,152.1,
CUSR0000SETA02,2002,M04,151.8,
CUSR0000SETA02,2002,M05,151.8,
CUSR0000SETA02,2002,M06,152.2,
CUSR0000SETA02,2002,M07,152.7,
CUSR0000SETA02,2002,M08,153.4,
CUSR0000SETA02,2002,M09,152.2,
CUSR0000SETA02,2002,M10,150.7,
CUSR0000SETA02,2002,M11,148.8,
CUSR0000SETA02,2002,M12,148.5,
CUSR0000SETA02,2003,M01,148.3,
CUSR0000SETA02,2003,M02,148.4,
CUSR0000SETA02,2003,M03,148.5,
CUSR0000SETA02,2003,M04,148.4,
CUSR0000SETA02,2003,M05,147.9,
CUSR0000SETA02,2003,M06,147.4,
CUSR0000SETA02,2003,M07,145.7,
CUSR0000SETA02,2003,M08,143.3,
CUSR0000SETA02,2003,M09,139.0,
CUSR0000SETA02,2003,M10,135.1,
CUSR0000SETA02,2003,M11,132.0,
CUSR0000SETA02,2003,M12,131.0,
CUSR0000SETA02,2004,M01,131.8,
CUSR0000SETA02,2004,M02,131.8,
CUSR0000SETA02,2004,M03,131.8,
CUSR0000SETA02,2004,M04,131.6,
CUSR0000SETA02,2004,M05,131.8,
CUSR0000SETA02,2004,M06,129.9,
CUSR0000SETA02,2004,M07,130.9,
CUSR0000SETA02,2004,M08,132.0,
CUSR0000SETA02,2004,M09,135.5,
CUSR0000SETA02,2004,M10,136.7,
CUSR0000SETA02,2004,M11,137.7,
CUSR0000SETA02,2004,M12,138.4,
CUSR0000SETA02,2005,M01,138.6,
CUSR0000SETA02,2005,M02,138.4,
CUSR0000SETA02,2005,M03,138.3,
CUSR0000SETA02,2005,M04,138.4,
CUSR0000SETA02,2005,M05,138.8,
CUSR0000SETA02,2005,M06,139.3,
CUSR0000SETA02,2005,M07,139.9,
CUSR0000SETA02,2005,M08,140.1,
CUSR0000SETA02,2005,M09,140.3,
CUSR0000SETA02,2005,M10,140.2,
CUSR0000SETA02,2005,M11,140.3,
CUSR0000SETA02,2005,M12,140.2,
CUSR0000SETA02,2006,M01,140.3,
CUSR0000SETA02,2006,M02,140.4,
CUSR0000SETA02,2006,M03,140.8,
CUSR0000SETA02,2006,M04,141.0,
CUSR0000SETA02,2006,M05,141.1,
CUSR0000SETA02,2006,M06,141.0,
CUSR0000SETA02,2006,M07,140.7,
CUSR0000SETA02,2006,M08,140.4,
CUSR0000SETA02,2006,M09,139.9,
CUSR0000SETA02,2006,M10,139.0,
CUSR0000SETA02,2006,M11,138.3,
CUSR0000SETA02,2006,M12,137.2,
CUSR0000SETA02,2007,M01,136.169,
CUSR0000SETA02,2007,M02,135.533,
CUSR0000SETA02,2007,M03,135.201,
CUSR0000SETA02,2007,M04,134.995,
CUSR0000SETA02,2007,M05,134.653,
CUSR0000SETA02,2007,M06,134.570,
CUSR0000SETA02,2007,M07,134.748,
CUSR0000SETA02,2007,M08,135.255,
CUSR0000SETA02,2007,M09,136.022,
CUSR0000SETA02,2007,M10,136.707,
CUSR0000SETA02,2007,M11,137.559,
CUSR0000SETA02,2007,M12,137.855,
CUSR0000SETA02,2008,M01,138.938,
CUSR0000SETA02,2008,M02,138.818,
CUSR0000SETA02,2008,M03,138.541,
CUSR0000SETA02,2008,M04,137.659,
CUSR0000SETA02,2008,M05,136.393,
CUSR0000SETA02,2008,M06,135.020,
CUSR0000SETA02,2008,M07,133.709,
CUSR0000SETA02,2008,M08,132.535,
CUSR0000SETA02,2008,M09,131.176,
CUSR0000SETA02,2008,M10,129.407,
CUSR0000SETA02,2008,M11,128.048,
CUSR0000SETA02,2008,M12,127.323,
CUSR0000SETA02,2009,M01,126.668,
CUSR0000SETA02,2009,M02,124.405,
CUSR0000SETA02,2009,M03,122.210,
CUSR0000SETA02,2009,M04,121.887,
CUSR0000SETA02,2009,M05,122.533,
CUSR0000SETA02,2009,M06,123.236,
CUSR0000SETA02,2009,M07,122.844,
CUSR0000SETA02,2009,M08,125.011,
CUSR0000SETA02,2009,M09,127.631,
CUSR0000SETA02,2009,M10,132.475,
CUSR0000SETA02,2009,M11,135.730,
CUSR0000SETA02,2009,M12,139.376,
CUSR0000SETA02,2010,M01,142.829,
CUSR0000SETA02,2010,M02,143.173,
CUSR0000SETA02,2010,M03,142.377,
CUSR0000SETA02,2010,M04,141.680,
CUSR0000SETA02,2010,M05,140.952,
CUSR0000SETA02,2010,M06,141.951,
CUSR0000SETA02,2010,M07,142.512,
CUSR0000SETA02,2010,M08,143.420,
CUSR0000SETA02,2010,M09,144.032,
CUSR0000SETA02,2010,M10,144.313,
CUSR0000SETA02,2010,M11,144.751,
CUSR0000SETA02,2010,M12,145.669,
CUSR0000SETA02,2011,M01,146.478,
CUSR0000SETA02,2011,M02,146.182,
CUSR0000SETA02,2011,M03,145.646,
CUSR0000SETA02,2011,M04,145.542,
CUSR0000SETA02,2011,M05,146.476,
CUSR0000SETA02,2011,M06,148.518,
CUSR0000SETA02,2011,M07,149.971,
CUSR0000SETA02,2011,M08,151.312,
CUSR0000SETA02,2011,M09,151.677,
CUSR0000SETA02,2011,M10,151.986,
CUSR0000SETA02,2011,M11,152.187,
CUSR0000SETA02,2011,M12,152.083,
CUSR0000SETA02,2012,M01,151.106,
CUSR0000SETA02,2012,M02,149.893,
CUSR0000SETA02,2012,M03,149.265,
CUSR0000SETA02,2012,M04,150.053,
CUSR0000SETA02,2012,M05,151.587,
CUSR0000SETA02,2012,M06,152.263,
CUSR0000SETA02,2012,M07,151.970,
CUSR0000SETA02,2012,M08,150.871,
CUSR0000SETA02,2012,M09,149.647,
CUSR0000SETA02,2012,M10,148.986,
CUSR0000SETA02,2012,M11,148.932,
CUSR0000SETA02,2012,M12,149.243,
CUSR0000SETA02,2013,M01,149.741,
CUSR0000SETA02,2013,M02,149.789,
CUSR0000SETA02,2013,M03,148.912,
CUSR0000SETA02,2013,M04,148.577,
CUSR0000SETA02,2013,M05,148.501,
CUSR0000SETA02,2013,M06,148.742,
CUSR0000SETA02,2013,M07,149.058,
CUSR0000SETA02,2013,M08,149.539,
CUSR0000SETA02,2013,M09,150.458,
CUSR0000SETA02,2013,M10,151.248,
CUSR0000SETA02,2013,M11,151.993,
CUSR0000SETA02,2013,M12,152.457,
CUSR0000SETA02,2014,M01,151.535,
CUSR0000SETA02,2014,M02,150.718,
CUSR0000SETA02,2014,M03,149.641,
CUSR0000SETA02,2014,M04,149.217,
CUSR0000SETA02,2014,M05,149.006,
CUSR0000SETA02,2014,M06,148.921,
CUSR0000SETA02,2014,M07,149.216,
CUSR0000SETA02,2014,M08,149.472,
CUSR0000SETA02,2014,M09,149.859,
CUSR0000SETA02,2014,M10,148.954,
CUSR0000SETA02,2014,M11,147.488,
CUSR0000SETA02,2014,M12,145.830,
CUSR0000SETA02,2015,M01,144.875,
CUSR0000SETA02,2015,M02,147.264,
CUSR0000SETA02,2015,M03,147.694,
CUSR0000SETA02,2015,M04,148.404,
CUSR0000SETA02,2015,M05,149.290,
CUSR0000SETA02,2015,M06,149.480,
CUSR0000SETA02,2015,M07,149.078,
CUSR0000SETA02,2015,M08,148.295,
CUSR0000SETA02,2015,M09,147.554,
CUSR0000SETA02,2015,M10,146.397,
CUSR0000SETA02,2015,M11,144.850,
CUSR0000SETA02,2015,M12,143.955,
CUSR0000SETA02,2016,M01,144.638,
CUSR0000SETA02,2016,M02,143.979,
CUSR0000SETA02,2016,M03,143.659,
CUSR0000SETA02,2016,M04,145.475,
CUSR0000SETA02,2016,M05,146.416,
CUSR0000SETA02,2016,M06,144.887,
CUSR0000SETA02,2016,M07,143.270,
CUSR0000SETA02,2016,M08,142.803,
CUSR0000SETA02,2016,M09,144.851,
CUSR0000SETA02,2016,M10,142.217,
CUSR0000SETA02,2016,M11,139.975,
CUSR0000SETA02,2016,M12,139.457,
CUSR0000SETA02,2017,M01,138.761,
CUSR0000SETA02,2017,M02,138.713,
CUSR0000SETA02,2017,M03,139.232,
CUSR0000SETA02,2017,M04,138.596,
CUSR0000SETA02,2017,M05,138.601,
CUSR0000SETA02,2017,M06,137.691,
CUSR0000SETA02,2017,M07,136.872,
CUSR0000SETA02,2017,M08,136.875,
CUSR0000SETA02,2017,M09,135.033,
CUSR0000SETA02,2017,M10,137.803,
CUSR0000SETA02,2017,M11,138.261,
CUSR0000SETA02,2017,M12,138.123,
CUSR0000SETA02,2018,M01,138.559,
CUSR0000SETA02,2018,M02,138.643,
CUSR0000SETA02,2018,M03,138.212,
CUSR0000SETA02,2018,M04,137.876,
CUSR0000SETA02,2018,M05,138.533,
CUSR0000SETA02,2018,M06,137.952,
CUSR0000SETA02,2018,M07,137.608,
CUSR0000SETA02,2018,M08,138.093,
CUSR0000SETA02,2018,M09,136.920,
CUSR0000SETA02,2018,M10,138.247,
CUSR0000SETA02,2018,M11,139.763,
CUSR0000SETA02,2018,M12,140.180,
CUSR0000SETA02,2019,M01,142.214,
CUSR0000SETA02,2019,M02,142.272,
CUSR0000SETA02,2019,M03,141.218,
CUSR0000SETA02,2019,M04,139.895,
CUSR0000SETA02,2019,M05,138.573,
CUSR0000SETA02,2019,M06,138.241,
CUSR0000SETA02,2019,M07,138.132,
CUSR0000SETA02,2019,M08,138.686,
CUSR0000SETA02,2019,M09,138.694,
CUSR0000SETA02,2019,M10,139.701,
CUSR0000SETA02,2019,M11,139.579,
CUSR0000SETA02,2019,M12,140.088,
CUSR0000SETA02,2020,M01,139.424,
CUSR0000SETA02,2020,M02,140.593,
CUSR0000SETA02,2020,M03,141.667,
CUSR0000SETA02,2020,M04,138.890,
CUSR0000SETA02,2020,M05,137.922,
CUSR0000SETA02,2020,M06,134.156,
CUSR0000SETA02,2020,M07,136.770,
CUSR0000SETA02,2020,M08,144.102,
CUSR0000SETA02,2020,M09,152.968,
CUSR0000SETA02,2020,M10,155.964,
CUSR0000SETA02,2020,M11,154.817,
CUSR0000SETA02,2020,M12,154.216,
CUSR0000SETA02,2021,M01,153.361,
CUSR0000SETA02,2021,M02,153.647,
CUSR0000SETA02,2021,M03,154.930,
CUSR0000SETA02,2021,M04,168.006,
CUSR0000SETA02,2021,M05,178.929,
CUSR0000SETA02,2021,M06,194.846,
CUSR0000SETA02,2021,M07,193.734,
CUSR0000SETA02,2021,M08,190.066,
CUSR0000SETA02,2021,M09,190.308,
CUSR0000SETA02,2021,M10,197.214,
CUSR0000SETA02,2021,M11,203.485,
CUSR0000SETA02,2021,M12,211.728,
CUSR0000SETA02,2022,M01,215.494,
CUSR0000SETA02,2022,M02,216.876,
CUSR0000SETA02,2022,M03,209.646,
CUSR0000SETA02,2022,M04,206.194,
CUSR0000SETA02,2022,M05,207.673,
CUSR0000SETA02,2022,M06,208.687,
CUSR0000SETA02,2022,M07,206.552,
CUSR0000SETA02,2022,M08,204.837,
CUSR0000SETA02,2022,M09,203.940,
CUSR0000SETA02,2022,M10,201.171,
CUSR0000SETA02,2022,M11,196.659,
CUSR0000SETA02,2022,M12,193.008,
CUSR0000SETA02,2023,M01,190.423,
CUSR0000SETA02,2023,M02,187.711,
CUSR0000SETA02,2023,M03,186.619,
CUSR0000SETA02,2023,M04,192.647,
CUSR0000SETA02,2023,M05,198.793,
CUSR0000SETA02,2023,M06,197.601,
CUSR0000SETA02,2023,M07,194.701,
CUSR0000SETA02,2023,M08,191.078,
CUSR0000SETA02,2023,M09,187.650,
CUSR0000SETA02,2023,M10,186.879,
CUSR0000SETA02,2023,M11,189.444,
CUSR0000SETA02,2023,M12,190.570,
CUSR0000SETA02,2024,M01,183.189,
CUSR0000SETA02,2024,M02,185.254,
CUSR0000SETA02,2024,M03,184.600,
CUSR0000SETA02,2024,M04,181.983,
CUSR0000SETA02,2024,M05,180.577,
CUSR0000SETA02,2024,M06,177.965,
CUSR0000SETA02,2024,M07,175.308,
CUSR0000SETA02,2024,M08,174.703,
CUSR0000SETA02,2024,M09,175.834,
CUSR0000SETA02,2024,M10,177.734,
CUSR0000SETA02,2024,M11,179.904,
CUSR0000SETA02,2024,M12,181.705,
CUSR0000SETA02,2025,M01,184.891,
CUSR0000SETA02,2025,M02,186.557,
CUSR0000SETA02,2025,M03,185.728,
CUSR0000SETA02,2025,M04,184.800,
CUSR0000SETA02,2025,M05,183.664,
CUSR0000SETA02,2025,M06,182.833,
CUSR0000SETA02,2025,M07,183.746,
CUSR0000SETA02,2025,M08,185.259,
CUSR0000SETA02,2025,M09,184.869,
CUSR0000SETA02,2025,M10,186.111,
CUSR0000SETA02,2025,M11,186.298,
CUSR0000SETA02,2025,M12,184.668,
CUSR0000SETA02,2026,M01,181.269,
CUSR0000SETA02,2026,M02,180.589,
CUSR0000SETA02,2026,M03,179.830,
CUSR0000SETA02,2026,M04,179.822,
CUSR0000SETA02,2026,M05,180.005,
CUSR0000SETA02,2026,M06,179.591,
CUSR0000SETA02,2026,M07,180.306,
CUSR0000SETB01,1997,M01,110.6,
CUSR0000SETB01,1997,M02,110.8,
CUSR0000SETB01,1997,M03,108.6,
CUSR0000SETB01,1997,M04,105.1,
CUSR0000SETB01,1997,M05,101.4,
CUSR0000SETB01,1997,M06,102.9,
CUSR0000SETB01,1997,M07,101.2,
CUSR0000SETB01,1997,M08,106.1,
CUSR0000SETB01,1997,M09,108.7,
CUSR0000SETB01,1997,M10,106.6,
CUSR0000SETB01,1997,M11,104.4,
CUSR0000SETB01,1997,M12,103.2,
CUSR0000SETB01,1998,M01,99.4,
CUSR0000SETB01,1998,M02,96.0,
CUSR0000SETB01,1998,M03,91.7,
CUSR0000SETB01,1998,M04,89.4,
CUSR0000SETB01,1998,M05,91.2,
CUSR0000SETB01,1998,M06,92.6,
CUSR0000SETB01,1998,M07,92.3,
CUSR0000SETB01,1998,M08,90.3,
CUSR0000SETB01,1998,M09,89.7,
CUSR0000SETB01,1998,M10,90.5,
CUSR0000SETB01,1998,M11,89.4,
CUSR0000SETB01,1998,M12,87.4,
CUSR0000SETB01,1999,M01,86.7,
CUSR0000SETB01,1999,M02,85.1,
CUSR0000SETB01,1999,M03,87.7,
CUSR0000SETB01,1999,M04,98.9,
CUSR0000SETB01,1999,M05,97.5,
CUSR0000SETB01,1999,M06,96.6,
CUSR0000SETB01,1999,M07,100.7,
CUSR0000SETB01,1999,M08,106.1,
CUSR0000SETB01,1999,M09,109.9,
CUSR0000SETB01,1999,M10,109.8,
CUSR0000SETB01,1999,M11,108.5,
CUSR0000SETB01,1999,M12,114.1,
CUSR0000SETB01,2000,M01,115.9,
CUSR0000SETB01,2000,M02,119.8,
CUSR0000SETB01,2000,M03,133.2,
CUSR0000SETB01,2000,M04,125.6,
CUSR0000SETB01,2000,M05,123.6,
CUSR0000SETB01,2000,M06,135.2,
CUSR0000SETB01,2000,M07,133.7,
CUSR0000SETB01,2000,M08,126.3,
CUSR0000SETB01,2000,M09,134.2,
CUSR0000SETB01,2000,M10,132.6,
CUSR0000SETB01,2000,M11,131.8,
CUSR0000SETB01,2000,M12,130.5,
CUSR0000SETB01,2001,M01,130.6,
CUSR0000SETB01,2001,M02,129.2,
CUSR0000SETB01,2001,M03,125.6,
CUSR0000SETB01,2001,M04,128.1,
CUSR0000SETB01,2001,M05,140.1,
CUSR0000SETB01,2001,M06,137.1,
CUSR0000SETB01,2001,M07,123.0,
CUSR0000SETB01,2001,M08,120.3,
CUSR0000SETB01,2001,M09,130.9,
CUSR0000SETB01,2001,M10,117.0,
CUSR0000SETB01,2001,M11,104.1,
CUSR0000SETB01,2001,M12,99.2,
CUSR0000SETB01,2002,M01,100.5,
CUSR0000SETB01,2002,M02,99.7,
CUSR0000SETB01,2002,M03,107.8,
CUSR0000SETB01,2002,M04,115.8,
CUSR0000SETB01,2002,M05,116.5,
CUSR0000SETB01,2002,M06,116.8,
CUSR0000SETB01,2002,M07,118.5,
CUSR0000SETB01,2002,M08,119.7,
CUSR0000SETB01,2002,M09,120.6,
CUSR0000SETB01,2002,M10,125.9,
CUSR0000SETB01,2002,M11,125.1,
CUSR0000SETB01,2002,M12,124.7,
CUSR0000SETB01,2003,M01,137.1,
CUSR0000SETB01,2003,M02,148.6,
CUSR0000SETB01,2003,M03,147.3,
CUSR0000SETB01,2003,M04,133.6,
CUSR0000SETB01,2003,M05,119.0,
CUSR0000SETB01,2003,M06,119.8,
CUSR0000SETB01,2003,M07,125.1,
CUSR0000SETB01,2003,M08,136.7,
CUSR0000SETB01,2003,M09,146.5,
CUSR0000SETB01,2003,M10,136.9,
CUSR0000SETB01,2003,M11,136.2,
CUSR0000SETB01,2003,M12,139.5,
CUSR0000SETB01,2004,M01,148.3,
CUSR0000SETB01,2004,M02,151.0,
CUSR0000SETB01,2004,M03,151.2,
CUSR0000SETB01,2004,M04,147.2,
CUSR0000SETB01,2004,M05,154.6,
CUSR0000SETB01,2004,M06,160.3,
CUSR0000SETB01,2004,M07,158.2,
CUSR0000SETB01,2004,M08,157.6,
CUSR0000SETB01,2004,M09,161.3,
CUSR0000SETB01,2004,M10,172.7,
CUSR0000SETB01,2004,M11,179.2,
CUSR0000SETB01,2004,M12,176.0,
CUSR0000SETB01,2005,M01,166.9,
CUSR0000SETB01,2005,M02,173.4,
CUSR0000SETB01,2005,M03,177.5,
CUSR0000SETB01,2005,M04,180.8,
CUSR0000SETB01,2005,M05,171.9,
CUSR0000SETB01,2005,M06,173.0,
CUSR0000SETB01,2005,M07,190.6,
CUSR0000SETB01,2005,M08,211.3,
CUSR0000SETB01,2005,M09,251.0,
CUSR0000SETB01,2005,M10,239.1,
CUSR0000SETB01,2005,M11,202.0,
CUSR0000SETB01,2005,M12,200.4,
CUSR0000SETB01,2006,M01,213.2,
CUSR0000SETB01,2006,M02,210.2,
CUSR0000SETB01,2006,M03,208.3,
CUSR0000SETB01,2006,M04,224.0,
CUSR0000SETB01,2006,M05,227.5,
CUSR0000SETB01,2006,M06,228.1,
CUSR0000SETB01,2006,M07,245.3,
CUSR0000SETB01,2006,M08,252.7,
CUSR0000SETB01,2006,M09,221.3,
CUSR0000SETB01,2006,M10,197.0,
CUSR0000SETB01,2006,M11,195.0,
CUSR0000SETB01,2006,M12,211.3,
CUSR0000SETB01,2007,M01,205.361,
CUSR0000SETB01,2007,M02,208.351,
CUSR0000SETB01,2007,M03,222.804,
CUSR0000SETB01,2007,M04,229.338,
CUSR0000SETB01,2007,M05,240.407,
CUSR0000SETB01,2007,M06,241.015,
CUSR0000SETB01,2007,M07,242.158,
CUSR0000SETB01,2007,M08,236.401,
CUSR0000SETB01,2007,M09,244.482,
CUSR0000SETB01,2007,M10,246.233,
CUSR0000SETB01,2007,M11,268.067,
CUSR0000SETB01,2007,M12,271.805,
CUSR0000SETB01,2008,M01,273.485,
CUSR0000SETB01,2008,M02,277.120,
CUSR0000SETB01,2008,M03,279.234,
CUSR0000SETB01,2008,M04,276.563,
CUSR0000SETB01,2008,M05,289.883,
CUSR0000SETB01,2008,M06,321.643,
CUSR0000SETB01,2008,M07,334.055,
CUSR0000SETB01,2008,M08,319.114,
CUSR0000SETB01,2008,M09,321.466,
CUSR0000SETB01,2008,M10,278.393,
CUSR0000SETB01,2008,M11,191.822,
CUSR0000SETB01,2008,M12,154.377,
CUSR0000SETB01,2009,M01,160.815,
CUSR0000SETB01,2009,M02,174.067,
CUSR0000SETB01,2009,M03,166.814,
CUSR0000SETB01,2009,M04,168.312,
CUSR0000SETB01,2009,M05,177.057,
CUSR0000SETB01,2009,M06,213.086,
CUSR0000SETB01,2009,M07,211.649,
CUSR0000SETB01,2009,M08,223.781,
CUSR0000SETB01,2009,M09,226.214,
CUSR0000SETB01,2009,M10,228.651,
CUSR0000SETB01,2009,M11,238.246,
CUSR0000SETB01,2009,M12,237.235,
CUSR0000SETB01,2010,M01,242.036,
CUSR0000SETB01,2010,M02,235.748,
CUSR0000SETB01,2010,M03,233.103,
CUSR0000SETB01,2010,M04,232.594,
CUSR0000SETB01,2010,M05,227.765,
CUSR0000SETB01,2010,M06,222.745,
CUSR0000SETB01,2010,M07,229.026,
CUSR0000SETB01,2010,M08,232.674,
CUSR0000SETB01,2010,M09,235.661,
CUSR0000SETB01,2010,M10,249.885,
CUSR0000SETB01,2010,M11,256.596,
CUSR0000SETB01,2010,M12,271.509,
CUSR0000SETB01,2011,M01,275.816,
CUSR0000SETB01,2011,M02,280.015,
CUSR0000SETB01,2011,M03,294.915,
CUSR0000SETB01,2011,M04,310.115,
CUSR0000SETB01,2011,M05,314.859,
CUSR0000SETB01,2011,M06,304.321,
CUSR0000SETB01,2011,M07,304.901,
CUSR0000SETB01,2011,M08,306.276,
CUSR0000SETB01,2011,M09,309.168,
CUSR0000SETB01,2011,M10,305.963,
CUSR0000SETB01,2011,M11,308.587,
CUSR0000SETB01,2011,M12,300.662,
CUSR0000SETB01,2012,M01,306.170,
CUSR0000SETB01,2012,M02,316.625,
CUSR0000SETB01,2012,M03,319.198,
CUSR0000SETB01,2012,M04,319.414,
CUSR0000SETB01,2012,M05,303.692,
CUSR0000SETB01,2012,M06,291.490,
CUSR0000SETB01,2012,M07,287.505,
CUSR0000SETB01,2012,M08,310.365,
CUSR0000SETB01,2012,M09,326.789,
CUSR0000SETB01,2012,M10,332.699,
CUSR0000SETB01,2012,M11,315.264,
CUSR0000SETB01,2012,M12,306.338,
CUSR0000SETB01,2013,M01,306.734,
CUSR0000SETB01,2013,M02,329.253,
CUSR0000SETB01,2013,M03,310.442,
CUSR0000SETB01,2013,M04,295.206,
CUSR0000SETB01,2013,M05,293.131,
CUSR0000SETB01,2013,M06,298.112,
CUSR0000SETB01,2013,M07,298.754,
CUSR0000SETB01,2013,M08,303.409,
CUSR0000SETB01,2013,M09,297.390,
CUSR0000SETB01,2013,M10,295.640,
CUSR0000SETB01,2013,M11,297.183,
CUSR0000SETB01,2013,M12,303.304,
CUSR0000SETB01,2014,M01,308.400,
CUSR0000SETB01,2014,M02,305.007,
CUSR0000SETB01,2014,M03,300.141,
CUSR0000SETB01,2014,M04,305.367,
CUSR0000SETB01,2014,M05,301.296,
CUSR0000SETB01,2014,M06,302.293,
CUSR0000SETB01,2014,M07,299.785,
CUSR0000SETB01,2014,M08,294.803,
CUSR0000SETB01,2014,M09,287.003,
CUSR0000SETB01,2014,M10,278.463,
CUSR0000SETB01,2014,M11,262.282,
CUSR0000SETB01,2014,M12,238.491,
CUSR0000SETB01,2015,M01,199.553,
CUSR0000SETB01,2015,M02,206.901,
CUSR0000SETB01,2015,M03,214.684,
CUSR0000SETB01,2015,M04,211.577,
CUSR0000SETB01,2015,M05,225.281,
CUSR0000SETB01,2015,M06,230.871,
CUSR0000SETB01,2015,M07,231.775,
CUSR0000SETB01,2015,M08,225.725,
CUSR0000SETB01,2015,M09,201.935,
CUSR0000SETB01,2015,M10,199.315,
CUSR0000SETB01,2015,M11,198.984,
CUSR0000SETB01,2015,M12,190.765,
CUSR0000SETB01,2016,M01,181.445,
CUSR0000SETB01,2016,M02,162.727,
CUSR0000SETB01,2016,M03,175.164,
CUSR0000SETB01,2016,M04,184.762,
CUSR0000SETB01,2016,M05,187.627,
CUSR0000SETB01,2016,M06,196.440,
CUSR0000SETB01,2016,M07,185.486,
CUSR0000SETB01,2016,M08,183.715,
CUSR0000SETB01,2016,M09,189.766,
CUSR0000SETB01,2016,M10,197.788,
CUSR0000SETB01,2016,M11,199.220,
CUSR0000SETB01,2016,M12,206.244,
CUSR0000SETB01,2017,M01,217.892,
CUSR0000SETB01,2017,M02,213.626,
CUSR0000SETB01,2017,M03,210.690,
CUSR0000SETB01,2017,M04,209.074,
CUSR0000SETB01,2017,M05,197.848,
CUSR0000SETB01,2017,M06,195.797,
CUSR0000SETB01,2017,M07,191.889,
CUSR0000SETB01,2017,M08,203.585,
CUSR0000SETB01,2017,M09,228.252,
CUSR0000SETB01,2017,M10,218.990,
CUSR0000SETB01,2017,M11,228.908,
CUSR0000SETB01,2017,M12,228.888,
CUSR0000SETB01,2018,M01,235.325,
CUSR0000SETB01,2018,M02,239.767,
CUSR0000SETB01,2018,M03,231.325,
CUSR0000SETB01,2018,M04,238.803,
CUSR0000SETB01,2018,M05,242.344,
CUSR0000SETB01,2018,M06,243.105,
CUSR0000SETB01,2018,M07,241.377,
CUSR0000SETB01,2018,M08,246.229,
CUSR0000SETB01,2018,M09,250.369,
CUSR0000SETB01,2018,M10,253.471,
CUSR0000SETB01,2018,M11,238.309,
CUSR0000SETB01,2018,M12,225.063,
CUSR0000SETB01,2019,M01,208.730,
CUSR0000SETB01,2019,M02,217.237,
CUSR0000SETB01,2019,M03,230.013,
CUSR0000SETB01,2019,M04,245.651,
CUSR0000SETB01,2019,M05,242.557,
CUSR0000SETB01,2019,M06,231.691,
CUSR0000SETB01,2019,M07,235.098,
CUSR0000SETB01,2019,M08,229.734,
CUSR0000SETB01,2019,M09,228.230,
CUSR0000SETB01,2019,M10,232.348,
CUSR0000SETB01,2019,M11,236.924,
CUSR0000SETB01,2019,M12,244.197,
CUSR0000SETB01,2020,M01,242.397,
CUSR0000SETB01,2020,M02,230.646,
CUSR0000SETB01,2020,M03,204.901,
CUSR0000SETB01,2020,M04,164.836,
CUSR0000SETB01,2020,M05,160.261,
CUSR0000SETB01,2020,M06,178.169,
CUSR0000SETB01,2020,M07,185.072,
CUSR0000SETB01,2020,M08,188.325,
CUSR0000SETB01,2020,M09,193.069,
CUSR0000SETB01,2020,M10,191.525,
CUSR0000SETB01,2020,M11,191.823,
CUSR0000SETB01,2020,M12,208.753,
CUSR0000SETB01,2021,M01,223.567,
CUSR0000SETB01,2021,M02,234.713,
CUSR0000SETB01,2021,M03,254.403,
CUSR0000SETB01,2021,M04,246.052,
CUSR0000SETB01,2021,M05,249.382,
CUSR0000SETB01,2021,M06,256.305,
CUSR0000SETB01,2021,M07,260.515,
CUSR0000SETB01,2021,M08,266.871,
CUSR0000SETB01,2021,M09,273.260,
CUSR0000SETB01,2021,M10,286.527,
CUSR0000SETB01,2021,M11,305.127,
CUSR0000SETB01,2021,M12,313.591,
CUSR0000SETB01,2022,M01,312.894,
CUSR0000SETB01,2022,M02,323.330,
CUSR0000SETB01,2022,M03,375.953,
CUSR0000SETB01,2022,M04,352.960,
CUSR0000SETB01,2022,M05,371.340,
CUSR0000SETB01,2022,M06,409.671,
CUSR0000SETB01,2022,M07,375.422,
CUSR0000SETB01,2022,M08,335.333,
CUSR0000SETB01,2022,M09,322.853,
CUSR0000SETB01,2022,M10,337.263,
CUSR0000SETB01,2022,M11,336.273,
CUSR0000SETB01,2022,M12,309.091,
CUSR0000SETB01,2023,M01,317.380,
CUSR0000SETB01,2023,M02,316.327,
CUSR0000SETB01,2023,M03,309.776,
CUSR0000SETB01,2023,M04,309.412,
CUSR0000SETB01,2023,M05,298.832,
CUSR0000SETB01,2023,M06,301.426,
CUSR0000SETB01,2023,M07,300.625,
CUSR0000SETB01,2023,M08,323.701,
CUSR0000SETB01,2023,M09,332.732,
CUSR0000SETB01,2023,M10,320.296,
CUSR0000SETB01,2023,M11,306.714,
CUSR0000SETB01,2023,M12,303.319,
CUSR0000SETB01,2024,M01,297.154,
CUSR0000SETB01,2024,M02,303.183,
CUSR0000SETB01,2024,M03,313.054,
CUSR0000SETB01,2024,M04,312.728,
CUSR0000SETB01,2024,M05,305.909,
CUSR0000SETB01,2024,M06,294.143,
CUSR0000SETB01,2024,M07,294.025,
CUSR0000SETB01,2024,M08,290.263,
CUSR0000SETB01,2024,M09,282.057,
CUSR0000SETB01,2024,M10,281.588,
CUSR0000SETB01,2024,M11,281.939,
CUSR0000SETB01,2024,M12,293.155,
CUSR0000SETB01,2025,M01,296.780,
CUSR0000SETB01,2025,M02,293.232,
CUSR0000SETB01,2025,M03,282.129,
CUSR0000SETB01,2025,M04,275.454,
CUSR0000SETB01,2025,M05,269.584,
CUSR0000SETB01,2025,M06,269.865,
CUSR0000SETB01,2025,M07,266.542,
CUSR0000SETB01,2025,M08,270.922,
CUSR0000SETB01,2025,M09,280.658,
CUSR0000SETB01,2025,M10,276.991,
CUSR0000SETB01,2025,M11,284.560,
CUSR0000SETB01,2025,M12,283.599,
CUSR0000SETB01,2026,M01,274.547,
CUSR0000SETB01,2026,M02,276.754,
CUSR0000SETB01,2026,M03,335.500,
CUSR0000SETB01,2026,M04,353.740,
CUSR0000SETB01,2026,M05,378.660,
CUSR0000SETB01,2026,M06,341.980,
CUSR0000SETB01,2026,M07,332.215,
CUSR0000SETC,1997,M01,102.4,
CUSR0000SETC,1997,M02,102.6,
CUSR0000SETC,1997,M03,102.2,
CUSR0000SETC,1997,M04,101.8,
CUSR0000SETC,1997,M05,101.7,
CUSR0000SETC,1997,M06,101.7,
CUSR0000SETC,1997,M07,102.3,
CUSR0000SETC,1997,M08,101.8,
CUSR0000SETC,1997,M09,101.7,
CUSR0000SETC,1997,M10,101.4,
CUSR0000SETC,1997,M11,101.6,
CUSR0000SETC,1997,M12,101.4,
CUSR0000SETC,1998,M01,101.3,
CUSR0000SETC,1998,M02,101.4,
CUSR0000SETC,1998,M03,101.2,
CUSR0000SETC,1998,M04,100.5,
CUSR0000SETC,1998,M05,100.6,
CUSR0000SETC,1998,M06,101.0,
CUSR0000SETC,1998,M07,101.1,
CUSR0000SETC,1998,M08,101.2,
CUSR0000SETC,1998,M09,101.2,
CUSR0000SETC,1998,M10,101.4,
CUSR0000SETC,1998,M11,101.4,
CUSR0000SETC,1998,M12,101.2,
CUSR0000SETC,1999,M01,101.2,
CUSR0000SETC,1999,M02,100.9,
CUSR0000SETC,1999,M03,100.1,
CUSR0000SETC,1999,M04,100.3,
CUSR0000SETC,1999,M05,100.2,
CUSR0000SETC,1999,M06,100.1,
CUSR0000SETC,1999,M07,100.0,
CUSR0000SETC,1999,M08,100.1,
CUSR0000SETC,1999,M09,100.6,
CUSR0000SETC,1999,M10,100.5,
CUSR0000SETC,1999,M11,101.2,
CUSR0000SETC,1999,M12,100.8,
CUSR0000SETC,2000,M01,100.8,
CUSR0000SETC,2000,M02,100.9,
CUSR0000SETC,2000,M03,101.4,
CUSR0000SETC,2000,M04,101.0,
CUSR0000SETC,2000,M05,101.1,
CUSR0000SETC,2000,M06,101.2,
CUSR0000SETC,2000,M07,101.5,
CUSR0000SETC,2000,M08,101.5,
CUSR0000SETC,2000,M09,101.7,
CUSR0000SETC,2000,M10,101.7,
CUSR0000SETC,2000,M11,102.5,
CUSR0000SETC,2000,M12,103.1,
CUSR0000SETC,2001,M01,103.6,
CUSR0000SETC,2001,M02,104.0,
CUSR0000SETC,2001,M03,104.7,
CUSR0000SETC,2001,M04,104.2,
CUSR0000SETC,2001,M05,104.4,
CUSR0000SETC,2001,M06,104.4,
CUSR0000SETC,2001,M07,105.1,
CUSR0000SETC,2001,M08,104.9,
CUSR0000SETC,2001,M09,105.2,
CUSR0000SETC,2001,M10,105.5,
CUSR0000SETC,2001,M11,105.8,
CUSR0000SETC,2001,M12,105.8,
CUSR0000SETC,2002,M01,106.2,
CUSR0000SETC,2002,M02,106.1,
CUSR0000SETC,2002,M03,106.5,
CUSR0000SETC,2002,M04,106.8,
CUSR0000SETC,2002,M05,106.8,
CUSR0000SETC,2002,M06,106.7,
CUSR0000SETC,2002,M07,107.4,
CUSR0000SETC,2002,M08,107.7,
CUSR0000SETC,2002,M09,107.4,
CUSR0000SETC,2002,M10,106.9,
CUSR0000SETC,2002,M11,107.2,
CUSR0000SETC,2002,M12,107.0,
CUSR0000SETC,2003,M01,107.8,
CUSR0000SETC,2003,M02,108.2,
CUSR0000SETC,2003,M03,107.9,
CUSR0000SETC,2003,M04,107.7,
CUSR0000SETC,2003,M05,107.8,
CUSR0000SETC,2003,M06,107.7,
CUSR0000SETC,2003,M07,107.6,
CUSR0000SETC,2003,M08,107.9,
CUSR0000SETC,2003,M09,107.7,
CUSR0000SETC,2003,M10,107.9,
CUSR0000SETC,2003,M11,107.9,
CUSR0000SETC,2003,M12,107.7,
CUSR0000SETC,2004,M01,108.0,
CUSR0000SETC,2004,M02,108.0,
CUSR0000SETC,2004,M03,107.8,
CUSR0000SETC,2004,M04,107.9,
CUSR0000SETC,2004,M05,107.9,
CUSR0000SETC,2004,M06,108.2,
CUSR0000SETC,2004,M07,108.8,
CUSR0000SETC,2004,M08,109.0,
CUSR0000SETC,2004,M09,109.3,
CUSR0000SETC,2004,M10,109.5,
CUSR0000SETC,2004,M11,109.9,
CUSR0000SETC,2004,M12,109.9,
CUSR0000SETC,2005,M01,110.6,
CUSR0000SETC,2005,M02,110.9,
CUSR0000SETC,2005,M03,110.9,
CUSR0000SETC,2005,M04,110.8,
CUSR0000SETC,2005,M05,111.0,
CUSR0000SETC,2005,M06,111.2,
CUSR0000SETC,2005,M07,111.9,
CUSR0000SETC,2005,M08,112.4,
CUSR0000SETC,2005,M09,112.7,
CUSR0000SETC,2005,M10,113.0,
CUSR0000SETC,2005,M11,113.6,
CUSR0000SETC,2005,M12,114.0,
CUSR0000SETC,2006,M01,114.4,
CUSR0000SETC,2006,M02,114.9,
CUSR0000SETC,2006,M03,115.4,
CUSR0000SETC,2006,M04,115.8,
CUSR0000SETC,2006,M05,117.0,
CUSR0000SETC,2006,M06,117.0,
CUSR0000SETC,2006,M07,117.9,
CUSR0000SETC,2006,M08,118.2,
CUSR0000SETC,2006,M09,118.7,
CUSR0000SETC,2006,M10,118.9,
CUSR0000SETC,2006,M11,119.5,
CUSR0000SETC,2006,M12,119.5,
CUSR0000SETC,2007,M01,119.759,
CUSR0000SETC,2007,M02,120.196,
CUSR0000SETC,2007,M03,120.485,
CUSR0000SETC,2007,M04,120.714,
CUSR0000SETC,2007,M05,120.990,
CUSR0000SETC,2007,M06,120.885,
CUSR0000SETC,2007,M07,121.514,
CUSR0000SETC,2007,M08,121.730,
CUSR0000SETC,2007,M09,122.292,
CUSR0000SETC,2007,M10,123.017,
CUSR0000SETC,2007,M11,123.487,
CUSR0000SETC,2007,M12,123.928,
CUSR0000SETC,2008,M01,124.282,
CUSR0000SETC,2008,M02,125.225,
CUSR0000SETC,2008,M03,126.325,
CUSR0000SETC,2008,M04,126.049,
CUSR0000SETC,2008,M05,126.824,
CUSR0000SETC,2008,M06,127.824,
CUSR0000SETC,2008,M07,129.118,
CUSR0000SETC,2008,M08,130.327,
CUSR0000SETC,2008,M09,131.048,
CUSR0000SETC,2008,M10,131.917,
CUSR0000SETC,2008,M11,132.947,
CUSR0000SETC,2008,M12,133.077,
CUSR0000SETC,2009,M01,133.414,
CUSR0000SETC,2009,M02,134.108,
CUSR0000SETC,2009,M03,134.484,
CUSR0000SETC,2009,M04,134.640,
CUSR0000SETC,2009,M05,134.347,
CUSR0000SETC,2009,M06,134.270,
CUSR0000SETC,2009,M07,133.729,
CUSR0000SETC,2009,M08,133.531,
CUSR0000SETC,2009,M09,133.406,
CUSR0000SETC,2009,M10,133.650,
CUSR0000SETC,2009,M11,134.234,
CUSR0000SETC,2009,M12,134.781,
CUSR0000SETC,2010,M01,135.277,
CUSR0000SETC,2010,M02,135.649,
CUSR0000SETC,2010,M03,135.523,
CUSR0000SETC,2010,M04,135.701,
CUSR0000SETC,2010,M05,136.135,
CUSR0000SETC,2010,M06,136.686,
CUSR0000SETC,2010,M07,137.236,
CUSR0000SETC,2010,M08,137.646,
CUSR0000SETC,2010,M09,137.802,
CUSR0000SETC,2010,M10,138.289,
CUSR0000SETC,2010,M11,138.768,
CUSR0000SETC,2010,M12,139.223,
CUSR0000SETC,2011,M01,140.487,
CUSR0000SETC,2011,M02,140.912,
CUSR0000SETC,2011,M03,140.686,
CUSR0000SETC,2011,M04,141.590,
CUSR0000SETC,2011,M05,143.328,
CUSR0000SETC,2011,M06,144.618,
CUSR0000SETC,2011,M07,144.960,
CUSR0000SETC,2011,M08,145.537,
CUSR0000SETC,2011,M09,145.646,
CUSR0000SETC,2011,M10,145.308,
CUSR0000SETC,2011,M11,146.338,
CUSR0000SETC,2011,M12,147.499,
CUSR0000SETC,2012,M01,148.126,
CUSR0000SETC,2012,M02,148.230,
CUSR0000SETC,2012,M03,148.298,
CUSR0000SETC,2012,M04,148.327,
CUSR0000SETC,2012,M05,148.540,
CUSR0000SETC,2012,M06,148.542,
CUSR0000SETC,2012,M07,149.048,
CUSR0000SETC,2012,M08,148.854,
CUSR0000SETC,2012,M09,148.798,
CUSR0000SETC,2012,M10,148.683,
CUSR0000SETC,2012,M11,148.509,
CUSR0000SETC,2012,M12,148.761,
CUSR0000SETC,2013,M01,147.931,
CUSR0000SETC,2013,M02,147.659,
CUSR0000SETC,2013,M03,147.916,
CUSR0000SETC,2013,M04,147.220,
CUSR0000SETC,2013,M05,146.763,
CUSR0000SETC,2013,M06,146.384,
CUSR0000SETC,2013,M07,146.141,
CUSR0000SETC,2013,M08,145.673,
CUSR0000SETC,2013,M09,145.379,
CUSR0000SETC,2013,M10,145.246,
CUSR0000SETC,2013,M11,145.088,
CUSR0000SETC,2013,M12,145.664,
CUSR0000SETC,2014,M01,145.438,
CUSR0000SETC,2014,M02,145.204,
CUSR0000SETC,2014,M03,145.136,
CUSR0000SETC,2014,M04,145.325,
CUSR0000SETC,2014,M05,144.995,
CUSR0000SETC,2014,M06,144.558,
CUSR0000SETC,2014,M07,144.710,
CUSR0000SETC,2014,M08,144.878,
CUSR0000SETC,2014,M09,144.472,
CUSR0000SETC,2014,M10,144.376,
CUSR0000SETC,2014,M11,144.091,
CUSR0000SETC,2014,M12,144.693,
CUSR0000SETC,2015,M01,144.913,
CUSR0000SETC,2015,M02,145.140,
CUSR0000SETC,2015,M03,144.504,
CUSR0000SETC,2015,M04,144.281,
CUSR0000SETC,2015,M05,144.581,
CUSR0000SETC,2015,M06,143.880,
CUSR0000SETC,2015,M07,143.823,
CUSR0000SETC,2015,M08,143.793,
CUSR0000SETC,2015,M09,144.496,
CUSR0000SETC,2015,M10,143.209,
CUSR0000SETC,2015,M11,143.967,
CUSR0000SETC,2015,M12,144.245,
CUSR0000SETC,2016,M01,144.784,
CUSR0000SETC,2016,M02,144.617,
CUSR0000SETC,2016,M03,144.179,
CUSR0000SETC,2016,M04,144.612,
CUSR0000SETC,2016,M05,143.694,
CUSR0000SETC,2016,M06,143.822,
CUSR0000SETC,2016,M07,142.932,
CUSR0000SETC,2016,M08,143.676,
CUSR0000SETC,2016,M09,142.739,
CUSR0000SETC,2016,M10,143.017,
CUSR0000SETC,2016,M11,141.855,
CUSR0000SETC,2016,M12,142.735,
CUSR0000SETC,2017,M01,142.993,
CUSR0000SETC,2017,M02,143.256,
CUSR0000SETC,2017,M03,143.797,
CUSR0000SETC,2017,M04,143.915,
CUSR0000SETC,2017,M05,143.302,
CUSR0000SETC,2017,M06,143.432,
CUSR0000SETC,2017,M07,143.592,
CUSR0000SETC,2017,M08,143.368,
CUSR0000SETC,2017,M09,143.165,
CUSR0000SETC,2017,M10,142.213,
CUSR0000SETC,2017,M11,141.474,
CUSR0000SETC,2017,M12,141.979,
CUSR0000SETC,2018,M01,142.562,
CUSR0000SETC,2018,M02,142.807,
CUSR0000SETC,2018,M03,143.254,
CUSR0000SETC,2018,M04,142.847,
CUSR0000SETC,2018,M05,143.655,
CUSR0000SETC,2018,M06,143.813,
CUSR0000SETC,2018,M07,143.763,
CUSR0000SETC,2018,M08,143.927,
CUSR0000SETC,2018,M09,143.731,
CUSR0000SETC,2018,M10,143.990,
CUSR0000SETC,2018,M11,144.493,
CUSR0000SETC,2018,M12,145.105,
CUSR0000SETC,2019,M01,145.591,
CUSR0000SETC,2019,M02,145.466,
CUSR0000SETC,2019,M03,145.823,
CUSR0000SETC,2019,M04,145.555,
CUSR0000SETC,2019,M05,146.445,
CUSR0000SETC,2019,M06,146.554,
CUSR0000SETC,2019,M07,145.808,
CUSR0000SETC,2019,M08,146.368,
CUSR0000SETC,2019,M09,147.314,
CUSR0000SETC,2019,M10,146.957,
CUSR0000SETC,2019,M11,147.608,
CUSR0000SETC,2019,M12,147.757,
CUSR0000SETC,2020,M01,148.335,
CUSR0000SETC,2020,M02,148.457,
CUSR0000SETC,2020,M03,148.190,
CUSR0000SETC,2020,M04,147.403,
CUSR0000SETC,2020,M05,148.642,
CUSR0000SETC,2020,M06,147.643,
CUSR0000SETC,2020,M07,148.123,
CUSR0000SETC,2020,M08,148.096,
CUSR0000SETC,2020,M09,148.193,
CUSR0000SETC,2020,M10,147.723,
CUSR0000SETC,2020,M11,147.439,
CUSR0000SETC,2020,M12,148.363,
CUSR0000SETC,2021,M01,149.198,
CUSR0000SETC,2021,M02,149.324,
CUSR0000SETC,2021,M03,149.147,
CUSR0000SETC,2021,M04,150.454,
CUSR0000SETC,2021,M05,151.777,
CUSR0000SETC,2021,M06,152.863,
CUSR0000SETC,2021,M07,154.484,
CUSR0000SETC,2021,M08,157.120,
CUSR0000SETC,2021,M09,158.454,
CUSR0000SETC,2021,M10,160.727,
CUSR0000SETC,2021,M11,162.524,
CUSR0000SETC,2021,M12,165.122,
CUSR0000SETC,2022,M01,167.991,
CUSR0000SETC,2022,M02,170.629,
CUSR0000SETC,2022,M03,170.323,
CUSR0000SETC,2022,M04,172.308,
CUSR0000SETC,2022,M05,174.963,
CUSR0000SETC,2022,M06,175.693,
CUSR0000SETC,2022,M07,176.316,
CUSR0000SETC,2022,M08,178.179,
CUSR0000SETC,2022,M09,179.653,
CUSR0000SETC,2022,M10,180.275,
CUSR0000SETC,2022,M11,181.299,
CUSR0000SETC,2022,M12,181.390,
CUSR0000SETC,2023,M01,181.894,
CUSR0000SETC,2023,M02,181.037,
CUSR0000SETC,2023,M03,181.282,
CUSR0000SETC,2023,M04,182.321,
CUSR0000SETC,2023,M05,182.357,
CUSR0000SETC,2023,M06,182.104,
CUSR0000SETC,2023,M07,181.454,
CUSR0000SETC,2023,M08,181.785,
CUSR0000SETC,2023,M09,179.115,
CUSR0000SETC,2023,M10,178.518,
CUSR0000SETC,2023,M11,178.625,
CUSR0000SETC,2023,M12,179.178,
CUSR0000SETC,2024,M01,180.393,
CUSR0000SETC,2024,M02,180.048,
CUSR0000SETC,2024,M03,179.766,
CUSR0000SETC,2024,M04,179.504,
CUSR0000SETC,2024,M05,180.329,
CUSR0000SETC,2024,M06,180.307,
CUSR0000SETC,2024,M07,180.912,
CUSR0000SETC,2024,M08,180.893,
CUSR0000SETC,2024,M09,182.444,
CUSR0000SETC,2024,M10,182.566,
CUSR0000SETC,2024,M11,181.387,
CUSR0000SETC,2024,M12,181.551,
CUSR0000SETC,2025,M01,182.985,
CUSR0000SETC,2025,M02,182.120,
CUSR0000SETC,2025,M03,181.890,
CUSR0000SETC,2025,M04,181.709,
CUSR0000SETC,2025,M05,183.402,
CUSR0000SETC,2025,M06,184.509,
CUSR0000SETC,2025,M07,186.085,
CUSR0000SETC,2025,M08,187.124,
CUSR0000SETC,2025,M09,188.028,
CUSR0000SETC,2025,M10,-,Data unavailable due to the 2025 lapse in appropriations
CUSR0000SETC,2025,M11,186.065,
CUSR0000SETC,2025,M12,187.835,
CUSR0000SETC,2026,M01,186.920,
CUSR0000SETC,2026,M02,187.750,
CUSR0000SETC,2026,M03,189.059,
CUSR0000SETC,2026,M04,188.642,
CUSR0000SETC,2026,M05,187.247,
CUSR0000SETC,2026,M06,187.664,
CUSR0000SETC,2026,M07,188.815,
CUSR0000SETD,1997,M01,161.1,
CUSR0000SETD,1997,M02,161.1,
CUSR0000SETD,1997,M03,161.5,
CUSR0000SETD,1997,M04,162.0,
CUSR0000SETD,1997,M05,162.4,
CUSR0000SETD,1997,M06,162.8,
CUSR0000SETD,1997,M07,163.1,
CUSR0000SETD,1997,M08,163.4,
CUSR0000SETD,1997,M09,163.3,
CUSR0000SETD,1997,M10,163.6,
CUSR0000SETD,1997,M11,163.8,
CUSR0000SETD,1997,M12,164.7,
CUSR0000SETD,1998,M01,164.9,
CUSR0000SETD,1998,M02,165.3,
CUSR0000SETD,1998,M03,165.7,
CUSR0000SETD,1998,M04,165.8,
CUSR0000SETD,1998,M05,166.1,
CUSR0000SETD,1998,M06,166.7,
CUSR0000SETD,1998,M07,167.0,
CUSR0000SETD,1998,M08,167.5,
CUSR0000SETD,1998,M09,168.2,
CUSR0000SETD,1998,M10,168.7,
CUSR0000SETD,1998,M11,169.3,
CUSR0000SETD,1998,M12,169.7,
CUSR0000SETD,1999,M01,169.7,
CUSR0000SETD,1999,M02,170.2,
CUSR0000SETD,1999,M03,170.5,
CUSR0000SETD,1999,M04,171.0,
CUSR0000SETD,1999,M05,171.5,
CUSR0000SETD,1999,M06,171.9,
CUSR0000SETD,1999,M07,172.3,
CUSR0000SETD,1999,M08,172.4,
CUSR0000SETD,1999,M09,172.7,
CUSR0000SETD,1999,M10,172.9,
CUSR0000SETD,1999,M11,173.4,
CUSR0000SETD,1999,M12,173.9,
CUSR0000SETD,2000,M01,174.5,
CUSR0000SETD,2000,M02,174.9,
CUSR0000SETD,2000,M03,175.6,
CUSR0000SETD,2000,M04,176.0,
CUSR0000SETD,2000,M05,176.5,
CUSR0000SETD,2000,M06,177.0,
CUSR0000SETD,2000,M07,177.4,
CUSR0000SETD,2000,M08,178.5,
CUSR0000SETD,2000,M09,178.7,
CUSR0000SETD,2000,M10,179.2,
CUSR0000SETD,2000,M11,179.7,
CUSR0000SETD,2000,M12,179.9,
CUSR0000SETD,2001,M01,180.5,
CUSR0000SETD,2001,M02,181.2,
CUSR0000SETD,2001,M03,181.6,
CUSR0000SETD,2001,M04,182.0,
CUSR0000SETD,2001,M05,182.6,
CUSR0000SETD,2001,M06,182.9,
CUSR0000SETD,2001,M07,183.6,
CUSR0000SETD,2001,M08,184.4,
CUSR0000SETD,2001,M09,185.1,
CUSR0000SETD,2001,M10,185.8,
CUSR0000SETD,2001,M11,186.1,
CUSR0000SETD,2001,M12,186.3,
CUSR0000SETD,2002,M01,187.0,
CUSR0000SETD,2002,M02,187.7,
CUSR0000SETD,2002,M03,188.4,
CUSR0000SETD,2002,M04,189.1,
CUSR0000SETD,2002,M05,190.0,
CUSR0000SETD,2002,M06,190.2,
CUSR0000SETD,2002,M07,190.0,
CUSR0000SETD,2002,M08,191.3,
CUSR0000SETD,2002,M09,191.5,
CUSR0000SETD,2002,M10,191.7,
CUSR0000SETD,2002,M11,192.5,
CUSR0000SETD,2002,M12,193.3,
CUSR0000SETD,2003,M01,193.7,
CUSR0000SETD,2003,M02,194.2,
CUSR0000SETD,2003,M03,194.2,
CUSR0000SETD,2003,M04,194.7,
CUSR0000SETD,2003,M05,195.0,
CUSR0000SETD,2003,M06,195.3,
CUSR0000SETD,2003,M07,196.2,
CUSR0000SETD,2003,M08,195.9,
CUSR0000SETD,2003,M09,196.3,
CUSR0000SETD,2003,M10,196.7,
CUSR0000SETD,2003,M11,196.9,
CUSR0000SETD,2003,M12,198.0,
CUSR0000SETD,2004,M01,198.2,
CUSR0000SETD,2004,M02,198.2,
CUSR0000SETD,2004,M03,198.5,
CUSR0000SETD,2004,M04,198.6,
CUSR0000SETD,2004,M05,199.0,
CUSR0000SETD,2004,M06,199.7,
CUSR0000SETD,2004,M07,200.3,
CUSR0000SETD,2004,M08,200.8,
CUSR0000SETD,2004,M09,200.7,
CUSR0000SETD,2004,M10,201.7,
CUSR0000SETD,2004,M11,202.9,
CUSR0000SETD,2004,M12,203.3,
CUSR0000SETD,2005,M01,204.0,
CUSR0000SETD,2005,M02,203.9,
CUSR0000SETD,2005,M03,204.7,
CUSR0000SETD,2005,M04,205.0,
CUSR0000SETD,2005,M05,205.6,
CUSR0000SETD,2005,M06,206.1,
CUSR0000SETD,2005,M07,206.7,
CUSR0000SETD,2005,M08,207.3,
CUSR0000SETD,2005,M09,208.7,
CUSR0000SETD,2005,M10,209.8,
CUSR0000SETD,2005,M11,210.5,
CUSR0000SETD,2005,M12,210.7,
CUSR0000SETD,2006,M01,211.2,
CUSR0000SETD,2006,M02,212.9,
CUSR0000SETD,2006,M03,213.4,
CUSR0000SETD,2006,M04,213.9,
CUSR0000SETD,2006,M05,214.9,
CUSR0000SETD,2006,M06,215.5,
CUSR0000SETD,2006,M07,216.7,
CUSR0000SETD,2006,M08,216.2,
CUSR0000SETD,2006,M09,217.0,
CUSR0000SETD,2006,M10,218.5,
CUSR0000SETD,2006,M11,218.5,
CUSR0000SETD,2006,M12,218.8,
CUSR0000SETD,2007,M01,219.262,
CUSR0000SETD,2007,M02,220.530,
CUSR0000SETD,2007,M03,221.160,
CUSR0000SETD,2007,M04,221.508,
CUSR0000SETD,2007,M05,221.999,
CUSR0000SETD,2007,M06,222.553,
CUSR0000SETD,2007,M07,223.487,
CUSR0000SETD,2007,M08,224.019,
CUSR0000SETD,2007,M09,224.302,
CUSR0000SETD,2007,M10,224.939,
CUSR0000SETD,2007,M11,225.672,
CUSR0000SETD,2007,M12,226.120,
CUSR0000SETD,2008,M01,227.732,
CUSR0000SETD,2008,M02,228.731,
CUSR0000SETD,2008,M03,229.765,
CUSR0000SETD,2008,M04,230.528,
CUSR0000SETD,2008,M05,231.730,
CUSR0000SETD,2008,M06,233.162,
CUSR0000SETD,2008,M07,234.788,
CUSR0000SETD,2008,M08,236.125,
CUSR0000SETD,2008,M09,237.121,
CUSR0000SETD,2008,M10,238.227,
CUSR0000SETD,2008,M11,239.048,
CUSR0000SETD,2008,M12,239.356,
CUSR0000SETD,2009,M01,241.076,
CUSR0000SETD,2009,M02,241.689,
CUSR0000SETD,2009,M03,242.118,
CUSR0000SETD,2009,M04,242.649,
CUSR0000SETD,2009,M05,242.488,
CUSR0000SETD,2009,M06,242.683,
CUSR0000SETD,2009,M07,243.031,
CUSR0000SETD,2009,M08,243.494,
CUSR0000SETD,2009,M09,244.493,
CUSR0000SETD,2009,M10,245.393,
CUSR0000SETD,2009,M11,245.511,
CUSR0000SETD,2009,M12,245.417,
CUSR0000SETD,2010,M01,245.567,
CUSR0000SETD,2010,M02,245.969,
CUSR0000SETD,2010,M03,246.624,
CUSR0000SETD,2010,M04,247.355,
CUSR0000SETD,2010,M05,247.311,
CUSR0000SETD,2010,M06,247.635,
CUSR0000SETD,2010,M07,247.536,
CUSR0000SETD,2010,M08,248.390,
CUSR0000SETD,2010,M09,249.231,
CUSR0000SETD,2010,M10,249.824,
CUSR0000SETD,2010,M11,249.872,
CUSR0000SETD,2010,M12,250.134,
CUSR0000SETD,2011,M01,250.726,
CUSR0000SETD,2011,M02,250.851,
CUSR0000SETD,2011,M03,250.820,
CUSR0000SETD,2011,M04,251.458,
CUSR0000SETD,2011,M05,252.376,
CUSR0000SETD,2011,M06,252.529,
CUSR0000SETD,2011,M07,252.769,
CUSR0000SETD,2011,M08,253.337,
CUSR0000SETD,2011,M09,255.244,
CUSR0000SETD,2011,M10,255.774,
CUSR0000SETD,2011,M11,255.663,
CUSR0000SETD,2011,M12,255.644,
CUSR0000SETD,2012,M01,256.405,
CUSR0000SETD,2012,M02,256.968,
CUSR0000SETD,2012,M03,256.616,
CUSR0000SETD,2012,M04,256.544,
CUSR0000SETD,2012,M05,257.372,
CUSR0000SETD,2012,M06,257.629,
CUSR0000SETD,2012,M07,257.423,
CUSR0000SETD,2012,M08,257.641,
CUSR0000SETD,2012,M09,258.024,
CUSR0000SETD,2012,M10,258.578,
CUSR0000SETD,2012,M11,258.943,
CUSR0000SETD,2012,M12,258.845,
CUSR0000SETD,2013,M01,259.752,
CUSR0000SETD,2013,M02,260.234,
CUSR0000SETD,2013,M03,260.156,
CUSR0000SETD,2013,M04,260.341,
CUSR0000SETD,2013,M05,261.065,
CUSR0000SETD,2013,M06,261.360,
CUSR0000SETD,2013,M07,262.229,
CUSR0000SETD,2013,M08,262.497,
CUSR0000SETD,2013,M09,262.960,
CUSR0000SETD,2013,M10,263.085,
CUSR0000SETD,2013,M11,262.934,
CUSR0000SETD,2013,M12,263.081,
CUSR0000SETD,2014,M01,263.718,
CUSR0000SETD,2014,M02,264.523,
CUSR0000SETD,2014,M03,264.146,
CUSR0000SETD,2014,M04,264.508,
CUSR0000SETD,2014,M05,265.013,
CUSR0000SETD,2014,M06,265.656,
CUSR0000SETD,2014,M07,266.282,
CUSR0000SETD,2014,M08,266.129,
CUSR0000SETD,2014,M09,267.256,
CUSR0000SETD,2014,M10,268.094,
CUSR0000SETD,2014,M11,268.389,
CUSR0000SETD,2014,M12,268.588,
CUSR0000SETD,2015,M01,268.869,
CUSR0000SETD,2015,M02,269.136,
CUSR0000SETD,2015,M03,268.907,
CUSR0000SETD,2015,M04,269.948,
CUSR0000SETD,2015,M05,270.764,
CUSR0000SETD,2015,M06,270.981,
CUSR0000SETD,2015,M07,271.175,
CUSR0000SETD,2015,M08,270.838,
CUSR0000SETD,2015,M09,271.119,
CUSR0000SETD,2015,M10,271.804,
CUSR0000SETD,2015,M11,272.090,
CUSR0000SETD,2015,M12,272.967,
CUSR0000SETD,2016,M01,273.097,
CUSR0000SETD,2016,M02,273.072,
CUSR0000SETD,2016,M03,273.980,
CUSR0000SETD,2016,M04,274.864,
CUSR0000SETD,2016,M05,275.331,
CUSR0000SETD,2016,M06,275.563,
CUSR0000SETD,2016,M07,276.058,
CUSR0000SETD,2016,M08,275.923,
CUSR0000SETD,2016,M09,275.331,
CUSR0000SETD,2016,M10,275.645,
CUSR0000SETD,2016,M11,277.348,
CUSR0000SETD,2016,M12,278.002,
CUSR0000SETD,2017,M01,279.523,
CUSR0000SETD,2017,M02,279.782,
CUSR0000SETD,2017,M03,279.600,
CUSR0000SETD,2017,M04,280.170,
CUSR0000SETD,2017,M05,280.388,
CUSR0000SETD,2017,M06,279.294,
CUSR0000SETD,2017,M07,279.605,
CUSR0000SETD,2017,M08,280.488,
CUSR0000SETD,2017,M09,282.203,
CUSR0000SETD,2017,M10,283.257,
CUSR0000SETD,2017,M11,282.502,
CUSR0000SETD,2017,M12,283.107,
CUSR0000SETD,2018,M01,283.305,
CUSR0000SETD,2018,M02,284.032,
CUSR0000SETD,2018,M03,283.656,
CUSR0000SETD,2018,M04,284.367,
CUSR0000SETD,2018,M05,284.851,
CUSR0000SETD,2018,M06,285.753,
CUSR0000SETD,2018,M07,286.067,
CUSR0000SETD,2018,M08,286.931,
CUSR0000SETD,2018,M09,288.457,
CUSR0000SETD,2018,M10,289.057,
CUSR0000SETD,2018,M11,290.114,
CUSR0000SETD,2018,M12,289.705,
CUSR0000SETD,2019,M01,290.758,
CUSR0000SETD,2019,M02,291.993,
CUSR0000SETD,2019,M03,294.226,
CUSR0000SETD,2019,M04,295.266,
CUSR0000SETD,2019,M05,294.586,
CUSR0000SETD,2019,M06,295.670,
CUSR0000SETD,2019,M07,295.377,
CUSR0000SETD,2019,M08,297.884,
CUSR0000SETD,2019,M09,298.441,
CUSR0000SETD,2019,M10,298.925,
CUSR0000SETD,2019,M11,299.260,
CUSR0000SETD,2019,M12,299.614,
CUSR0000SETD,2020,M01,300.112,
CUSR0000SETD,2020,M02,302.220,
CUSR0000SETD,2020,M03,304.131,
CUSR0000SETD,2020,M04,304.376,
CUSR0000SETD,2020,M05,305.574,
CUSR0000SETD,2020,M06,305.736,
CUSR0000SETD,2020,M07,305.573,
CUSR0000SETD,2020,M08,307.554,
CUSR0000SETD,2020,M09,308.198,
CUSR0000SETD,2020,M10,308.569,
CUSR0000SETD,2020,M11,309.949,
CUSR0000SETD,2020,M12,309.888,
CUSR0000SETD,2021,M01,310.662,
CUSR0000SETD,2021,M02,311.627,
CUSR0000SETD,2021,M03,314.660,
CUSR0000SETD,2021,M04,315.177,
CUSR0000SETD,2021,M05,314.164,
CUSR0000SETD,2021,M06,315.209,
CUSR0000SETD,2021,M07,318.031,
CUSR0000SETD,2021,M08,320.504,
CUSR0000SETD,2021,M09,320.446,
CUSR0000SETD,2021,M10,325.095,
CUSR0000SETD,2021,M11,325.076,
CUSR0000SETD,2021,M12,324.688,
CUSR0000SETD,2022,M01,325.448,
CUSR0000SETD,2022,M02,331.130,
CUSR0000SETD,2022,M03,329.992,
CUSR0000SETD,2022,M04,331.735,
CUSR0000SETD,2022,M05,333.258,
CUSR0000SETD,2022,M06,340.058,
CUSR0000SETD,2022,M07,343.678,
CUSR0000SETD,2022,M08,349.539,
CUSR0000SETD,2022,M09,356.076,
CUSR0000SETD,2022,M10,358.597,
CUSR0000SETD,2022,M11,363.195,
CUSR0000SETD,2022,M12,366.960,
CUSR0000SETD,2023,M01,371.780,
CUSR0000SETD,2023,M02,372.572,
CUSR0000SETD,2023,M03,373.865,
CUSR0000SETD,2023,M04,375.890,
CUSR0000SETD,2023,M05,378.182,
CUSR0000SETD,2023,M06,383.196,
CUSR0000SETD,2023,M07,387.159,
CUSR0000SETD,2023,M08,391.395,
CUSR0000SETD,2023,M09,392.222,
CUSR0000SETD,2023,M10,392.861,
CUSR0000SETD,2023,M11,393.924,
CUSR0000SETD,2023,M12,392.897,
CUSR0000SETD,2024,M01,396.004,
CUSR0000SETD,2024,M02,397.541,
CUSR0000SETD,2024,M03,404.475,
CUSR0000SETD,2024,M04,404.380,
CUSR0000SETD,2024,M05,405.487,
CUSR0000SETD,2024,M06,406.321,
CUSR0000SETD,2024,M07,405.109,
CUSR0000SETD,2024,M08,407.374,
CUSR0000SETD,2024,M09,411.276,
CUSR0000SETD,2024,M10,415.598,
CUSR0000SETD,2024,M11,416.418,
CUSR0000SETD,2024,M12,417.312,
CUSR0000SETD,2025,M01,419.417,
CUSR0000SETD,2025,M02,420.480,
CUSR0000SETD,2025,M03,424.012,
CUSR0000SETD,2025,M04,426.849,
CUSR0000SETD,2025,M05,426.264,
CUSR0000SETD,2025,M06,427.256,
CUSR0000SETD,2025,M07,431.604,
CUSR0000SETD,2025,M08,441.987,
CUSR0000SETD,2025,M09,442.843,
CUSR0000SETD,2025,M10,-,Data unavailable due to the 2025 lapse in appropriations
CUSR0000SETD,2025,M11,445.325,
CUSR0000SETD,2025,M12,439.752,
CUSR0000SETD,2026,M01,440.175,
CUSR0000SETD,2026,M02,444.107,
CUSR0000SETD,2026,M03,449.675,
CUSR0000SETD,2026,M04,448.821,
CUSR0000SETD,2026,M05,452.383,
CUSR0000SETD,2026,M06,457.313,
CUSR0000SETD,2026,M07,460.185,
CUSR0000SETE,1997,M01,248.4,
CUSR0000SETE,1997,M02,249.2,
CUSR0000SETE,1997,M03,250.0,
CUSR0000SETE,1997,M04,250.5,
CUSR0000SETE,1997,M05,251.0,
CUSR0000SETE,1997,M06,251.3,
CUSR0000SETE,1997,M07,251.8,
CUSR0000SETE,1997,M08,252.6,
CUSR0000SETE,1997,M09,253.6,
CUSR0000SETE,1997,M10,253.4,
CUSR0000SETE,1997,M11,253.6,
CUSR0000SETE,1997,M12,254.1,
CUSR0000SETE,1998,M01,255.1,
CUSR0000SETE,1998,M02,254.5,
CUSR0000SETE,1998,M03,254.7,
CUSR0000SETE,1998,M04,254.9,
CUSR0000SETE,1998,M05,255.0,
CUSR0000SETE,1998,M06,255.1,
CUSR0000SETE,1998,M07,254.4,
CUSR0000SETE,1998,M08,253.8,
CUSR0000SETE,1998,M09,253.0,
CUSR0000SETE,1998,M10,253.9,
CUSR0000SETE,1998,M11,253.7,
CUSR0000SETE,1998,M12,253.4,
CUSR0000SETE,1999,M01,253.7,
CUSR0000SETE,1999,M02,253.5,
CUSR0000SETE,1999,M03,253.7,
CUSR0000SETE,1999,M04,253.0,
CUSR0000SETE,1999,M05,252.9,
CUSR0000SETE,1999,M06,253.4,
CUSR0000SETE,1999,M07,253.9,
CUSR0000SETE,1999,M08,254.3,
CUSR0000SETE,1999,M09,254.6,
CUSR0000SETE,1999,M10,254.1,
CUSR0000SETE,1999,M11,254.3,
CUSR0000SETE,1999,M12,254.8,
CUSR0000SETE,2000,M01,254.9,
CUSR0000SETE,2000,M02,254.9,
CUSR0000SETE,2000,M03,255.2,
CUSR0000SETE,2000,M04,255.7,
CUSR0000SETE,2000,M05,256.3,
CUSR0000SETE,2000,M06,256.2,
CUSR0000SETE,2000,M07,256.3,
CUSR0000SETE,2000,M08,257.2,
CUSR0000SETE,2000,M09,257.8,
CUSR0000SETE,2000,M10,258.1,
CUSR0000SETE,2000,M11,258.7,
CUSR0000SETE,2000,M12,259.5,
CUSR0000SETE,2001,M01,260.6,
CUSR0000SETE,2001,M02,262.2,
CUSR0000SETE,2001,M03,262.8,
CUSR0000SETE,2001,M04,263.9,
CUSR0000SETE,2001,M05,264.9,
CUSR0000SETE,2001,M06,266.6,
CUSR0000SETE,2001,M07,268.0,
CUSR0000SETE,2001,M08,269.7,
CUSR0000SETE,2001,M09,270.9,
CUSR0000SETE,2001,M10,272.9,
CUSR0000SETE,2001,M11,276.8,
CUSR0000SETE,2001,M12,278.4,
CUSR0000SETE,2002,M01,279.9,
CUSR0000SETE,2002,M02,282.4,
CUSR0000SETE,2002,M03,284.5,
CUSR0000SETE,2002,M04,286.4,
CUSR0000SETE,2002,M05,287.9,
CUSR0000SETE,2002,M06,289.8,
CUSR0000SETE,2002,M07,292.7,
CUSR0000SETE,2002,M08,294.5,
CUSR0000SETE,2002,M09,296.6,
CUSR0000SETE,2002,M10,298.9,
CUSR0000SETE,2002,M11,301.8,
CUSR0000SETE,2002,M12,303.6,
CUSR0000SETE,2003,M01,305.8,
CUSR0000SETE,2003,M02,307.7,
CUSR0000SETE,2003,M03,309.9,
CUSR0000SETE,2003,M04,313.2,
CUSR0000SETE,2003,M05,314.6,
CUSR0000SETE,2003,M06,315.6,
CUSR0000SETE,2003,M07,316.0,
CUSR0000SETE,2003,M08,317.0,
CUSR0000SETE,2003,M09,318.5,
CUSR0000SETE,2003,M10,320.4,
CUSR0000SETE,2003,M11,317.2,
CUSR0000SETE,2003,M12,317.0,
CUSR0000SETE,2004,M01,318.1,
CUSR0000SETE,2004,M02,319.0,
CUSR0000SETE,2004,M03,320.0,
CUSR0000SETE,2004,M04,320.5,
CUSR0000SETE,2004,M05,321.9,
CUSR0000SETE,2004,M06,323.2,
CUSR0000SETE,2004,M07,324.1,
CUSR0000SETE,2004,M08,324.9,
CUSR0000SETE,2004,M09,325.4,
CUSR0000SETE,2004,M10,326.5,
CUSR0000SETE,2004,M11,326.9,
CUSR0000SETE,2004,M12,327.7,
CUSR0000SETE,2005,M01,328.9,
CUSR0000SETE,2005,M02,329.5,
CUSR0000SETE,2005,M03,329.5,
CUSR0000SETE,2005,M04,329.7,
CUSR0000SETE,2005,M05,329.6,
CUSR0000SETE,2005,M06,330.2,
CUSR0000SETE,2005,M07,330.5,
CUSR0000SETE,2005,M08,331.1,
CUSR0000SETE,2005,M09,329.6,
CUSR0000SETE,2005,M10,328.6,
CUSR0000SETE,2005,M11,329.9,
CUSR0000SETE,2005,M12,330.7,
CUSR0000SETE,2006,M01,330.7,
CUSR0000SETE,2006,M02,330.4,
CUSR0000SETE,2006,M03,331.0,
CUSR0000SETE,2006,M04,331.1,
CUSR0000SETE,2006,M05,331.5,
CUSR0000SETE,2006,M06,331.0,
CUSR0000SETE,2006,M07,331.0,
CUSR0000SETE,2006,M08,331.4,
CUSR0000SETE,2006,M09,332.7,
CUSR0000SETE,2006,M10,333.7,
CUSR0000SETE,2006,M11,333.6,
CUSR0000SETE,2006,M12,333.3,
CUSR0000SETE,2007,M01,332.927,
CUSR0000SETE,2007,M02,332.790,
CUSR0000SETE,2007,M03,332.526,
CUSR0000SETE,2007,M04,332.360,
CUSR0000SETE,2007,M05,330.808,
CUSR0000SETE,2007,M06,332.124,
CUSR0000SETE,2007,M07,333.019,
CUSR0000SETE,2007,M08,333.143,
CUSR0000SETE,2007,M09,334.331,
CUSR0000SETE,2007,M10,334.151,
CUSR0000SETE,2007,M11,334.364,
CUSR0000SETE,2007,M12,335.070,
CUSR0000SETE,2008,M01,336.212,
CUSR0000SETE,2008,M02,336.619,
CUSR0000SETE,2008,M03,337.145,
CUSR0000SETE,2008,M04,338.093,
CUSR0000SETE,2008,M05,339.353,
CUSR0000SETE,2008,M06,340.733,
CUSR0000SETE,2008,M07,341.891,
CUSR0000SETE,2008,M08,343.139,
CUSR0000SETE,2008,M09,344.338,
CUSR0000SETE,2008,M10,345.388,
CUSR0000SETE,2008,M11,346.958,
CUSR0000SETE,2008,M12,348.308,
CUSR0000SETE,2009,M01,349.797,
CUSR0000SETE,2009,M02,351.226,
CUSR0000SETE,2009,M03,351.964,
CUSR0000SETE,2009,M04,353.843,
CUSR0000SETE,2009,M05,355.004,
CUSR0000SETE,2009,M06,356.854,
CUSR0000SETE,2009,M07,357.697,
CUSR0000SETE,2009,M08,359.145,
CUSR0000SETE,2009,M09,359.992,
CUSR0000SETE,2009,M10,361.063,
CUSR0000SETE,2009,M11,362.660,
CUSR0000SETE,2009,M12,364.616,
CUSR0000SETE,2010,M01,366.349,
CUSR0000SETE,2010,M02,368.421,
CUSR0000SETE,2010,M03,370.678,
CUSR0000SETE,2010,M04,372.452,
CUSR0000SETE,2010,M05,373.569,
CUSR0000SETE,2010,M06,374.720,
CUSR0000SETE,2010,M07,376.676,
CUSR0000SETE,2010,M08,377.305,
CUSR0000SETE,2010,M09,378.551,
CUSR0000SETE,2010,M10,380.572,
CUSR0000SETE,2010,M11,381.903,
CUSR0000SETE,2010,M12,380.794,
CUSR0000SETE,2011,M01,382.617,
CUSR0000SETE,2011,M02,383.881,
CUSR0000SETE,2011,M03,385.344,
CUSR0000SETE,2011,M04,386.443,
CUSR0000SETE,2011,M05,387.739,
CUSR0000SETE,2011,M06,388.545,
CUSR0000SETE,2011,M07,389.031,
CUSR0000SETE,2011,M08,390.105,
CUSR0000SETE,2011,M09,391.156,
CUSR0000SETE,2011,M10,391.720,
CUSR0000SETE,2011,M11,393.329,
CUSR0000SETE,2011,M12,393.900,
CUSR0000SETE,2012,M01,394.648,
CUSR0000SETE,2012,M02,394.274,
CUSR0000SETE,2012,M03,396.465,
CUSR0000SETE,2012,M04,397.695,
CUSR0000SETE,2012,M05,399.150,
CUSR0000SETE,2012,M06,400.876,
CUSR0000SETE,2012,M07,402.428,
CUSR0000SETE,2012,M08,404.828,
CUSR0000SETE,2012,M09,406.844,
CUSR0000SETE,2012,M10,409.432,
CUSR0000SETE,2012,M11,410.687,
CUSR0000SETE,2012,M12,412.433,
CUSR0000SETE,2013,M01,413.992,
CUSR0000SETE,2013,M02,414.875,
CUSR0000SETE,2013,M03,415.397,
CUSR0000SETE,2013,M04,415.265,
CUSR0000SETE,2013,M05,415.657,
CUSR0000SETE,2013,M06,416.506,
CUSR0000SETE,2013,M07,421.696,
CUSR0000SETE,2013,M08,421.842,
CUSR0000SETE,2013,M09,422.772,
CUSR0000SETE,2013,M10,424.000,
CUSR0000SETE,2013,M11,424.607,
CUSR0000SETE,2013,M12,426.488,
CUSR0000SETE,2014,M01,427.943,
CUSR0000SETE,2014,M02,429.044,
CUSR0000SETE,2014,M03,430.065,
CUSR0000SETE,2014,M04,433.387,
CUSR0000SETE,2014,M05,435.373,
CUSR0000SETE,2014,M06,436.665,
CUSR0000SETE,2014,M07,437.935,
CUSR0000SETE,2014,M08,439.072,
CUSR0000SETE,2014,M09,441.204,
CUSR0000SETE,2014,M10,443.947,
CUSR0000SETE,2014,M11,445.593,
CUSR0000SETE,2014,M12,446.969,
CUSR0000SETE,2015,M01,449.267,
CUSR0000SETE,2015,M02,452.757,
CUSR0000SETE,2015,M03,454.728,
CUSR0000SETE,2015,M04,456.734,
CUSR0000SETE,2015,M05,457.469,
CUSR0000SETE,2015,M06,458.587,
CUSR0000SETE,2015,M07,461.665,
CUSR0000SETE,2015,M08,462.985,
CUSR0000SETE,2015,M09,465.511,
CUSR0000SETE,2015,M10,465.078,
CUSR0000SETE,2015,M11,470.425,
CUSR0000SETE,2015,M12,472.652,
CUSR0000SETE,2016,M01,473.661,
CUSR0000SETE,2016,M02,475.028,
CUSR0000SETE,2016,M03,477.404,
CUSR0000SETE,2016,M04,483.332,
CUSR0000SETE,2016,M05,486.626,
CUSR0000SETE,2016,M06,488.639,
CUSR0000SETE,2016,M07,490.851,
CUSR0000SETE,2016,M08,493.405,
CUSR0000SETE,2016,M09,495.635,
CUSR0000SETE,2016,M10,498.576,
CUSR0000SETE,2016,M11,501.868,
CUSR0000SETE,2016,M12,505.351,
CUSR0000SETE,2017,M01,509.275,
CUSR0000SETE,2017,M02,511.125,
CUSR0000SETE,2017,M03,515.074,
CUSR0000SETE,2017,M04,515.003,
CUSR0000SETE,2017,M05,520.722,
CUSR0000SETE,2017,M06,525.931,
CUSR0000SETE,2017,M07,528.260,
CUSR0000SETE,2017,M08,533.608,
CUSR0000SETE,2017,M09,536.015,
CUSR0000SETE,2017,M10,539.144,
CUSR0000SETE,2017,M11,542.965,
CUSR0000SETE,2017,M12,546.549,
CUSR0000SETE,2018,M01,552.617,
CUSR0000SETE,2018,M02,560.327,
CUSR0000SETE,2018,M03,560.022,
CUSR0000SETE,2018,M04,561.223,
CUSR0000SETE,2018,M05,564.130,
CUSR0000SETE,2018,M06,565.864,
CUSR0000SETE,2018,M07,567.647,
CUSR0000SETE,2018,M08,568.147,
CUSR0000SETE,2018,M09,571.655,
CUSR0000SETE,2018,M10,575.108,
CUSR0000SETE,2018,M11,573.253,
CUSR0000SETE,2018,M12,572.187,
CUSR0000SETE,2019,M01,571.541,
CUSR0000SETE,2019,M02,570.708,
CUSR0000SETE,2019,M03,568.761,
CUSR0000SETE,2019,M04,569.453,
CUSR0000SETE,2019,M05,568.065,
CUSR0000SETE,2019,M06,569.449,
CUSR0000SETE,2019,M07,570.961,
CUSR0000SETE,2019,M08,572.052,
CUSR0000SETE,2019,M09,572.506,
CUSR0000SETE,2019,M10,573.403,
CUSR0000SETE,2019,M11,572.459,
CUSR0000SETE,2019,M12,573.282,
CUSR0000SETE,2020,M01,572.109,
CUSR0000SETE,2020,M02,573.008,
CUSR0000SETE,2020,M03,575.743,
CUSR0000SETE,2020,M04,533.873,
CUSR0000SETE,2020,M05,486.861,
CUSR0000SETE,2020,M06,512.028,
CUSR0000SETE,2020,M07,560.161,
CUSR0000SETE,2020,M08,563.101,
CUSR0000SETE,2020,M09,542.968,
CUSR0000SETE,2020,M10,531.206,
CUSR0000SETE,2020,M11,538.133,
CUSR0000SETE,2020,M12,546.239,
CUSR0000SETE,2021,M01,551.667,
CUSR0000SETE,2021,M02,556.576,
CUSR0000SETE,2021,M03,561.021,
CUSR0000SETE,2021,M04,565.790,
CUSR0000SETE,2021,M05,568.842,
CUSR0000SETE,2021,M06,569.789,
CUSR0000SETE,2021,M07,568.918,
CUSR0000SETE,2021,M08,568.560,
CUSR0000SETE,2021,M09,569.076,
CUSR0000SETE,2021,M10,565.043,
CUSR0000SETE,2021,M11,569.447,
CUSR0000SETE,2021,M12,569.534,
CUSR0000SETE,2022,M01,574.290,
CUSR0000SETE,2022,M02,580.315,
CUSR0000SETE,2022,M03,584.751,
CUSR0000SETE,2022,M04,590.513,
CUSR0000SETE,2022,M05,594.105,
CUSR0000SETE,2022,M06,603.940,
CUSR0000SETE,2022,M07,610.763,
CUSR0000SETE,2022,M08,617.619,
CUSR0000SETE,2022,M09,627.689,
CUSR0000SETE,2022,M10,637.814,
CUSR0000SETE,2022,M11,646.294,
CUSR0000SETE,2022,M12,651.318,
CUSR0000SETE,2023,M01,659.076,
CUSR0000SETE,2023,M02,663.946,
CUSR0000SETE,2023,M03,672.231,
CUSR0000SETE,2023,M04,682.009,
CUSR0000SETE,2023,M05,695.481,
CUSR0000SETE,2023,M06,705.668,
CUSR0000SETE,2023,M07,718.667,
CUSR0000SETE,2023,M08,735.233,
CUSR0000SETE,2023,M09,746.002,
CUSR0000SETE,2023,M10,760.690,
CUSR0000SETE,2023,M11,771.180,
CUSR0000SETE,2023,M12,783.882,
CUSR0000SETE,2024,M01,794.855,
CUSR0000SETE,2024,M02,800.317,
CUSR0000SETE,2024,M03,821.514,
CUSR0000SETE,2024,M04,836.477,
CUSR0000SETE,2024,M05,836.177,
CUSR0000SETE,2024,M06,843.642,
CUSR0000SETE,2024,M07,851.568,
CUSR0000SETE,2024,M08,856.197,
CUSR0000SETE,2024,M09,867.642,
CUSR0000SETE,2024,M10,867.438,
CUSR0000SETE,2024,M11,870.003,
CUSR0000SETE,2024,M12,872.695,
CUSR0000SETE,2025,M01,888.526,
CUSR0000SETE,2025,M02,889.027,
CUSR0000SETE,2025,M03,883.375,
CUSR0000SETE,2025,M04,889.621,
CUSR0000SETE,2025,M05,894.287,
CUSR0000SETE,2025,M06,895.555,
CUSR0000SETE,2025,M07,896.219,
CUSR0000SETE,2025,M08,895.769,
CUSR0000SETE,2025,M09,894.987,
CUSR0000SETE,2025,M10,-,Data unavailable due to the 2025 lapse in appropriations
CUSR0000SETE,2025,M12,897.307,
CUSR0000SETE,2026,M01,893.366,
CUSR0000SETE,2026,M02,890.451,
CUSR0000SETE,2026,M03,890.113,
CUSR0000SETE,2026,M04,891.373,
CUSR0000SETE,2026,M05,876.323,
CUSR0000SETE,2026,M06,858.747,
CUSR0000SETE,2026,M07,856.268,
CUSR0000SETG01,1997,M01,198.1,
CUSR0000SETG01,1997,M02,192.9,
CUSR0000SETG01,1997,M03,201.6,
CUSR0000SETG01,1997,M04,204.1,
CUSR0000SETG01,1997,M05,201.5,
CUSR0000SETG01,1997,M06,199.1,
CUSR0000SETG01,1997,M07,203.6,
CUSR0000SETG01,1997,M08,194.0,
CUSR0000SETG01,1997,M09,198.0,
CUSR0000SETG01,1997,M10,205.5,
CUSR0000SETG01,1997,M11,197.5,
CUSR0000SETG01,1997,M12,194.8,
CUSR0000SETG01,1998,M01,200.1,
CUSR0000SETG01,1998,M02,206.6,
CUSR0000SETG01,1998,M03,210.7,
CUSR0000SETG01,1998,M04,210.1,
CUSR0000SETG01,1998,M05,205.0,
CUSR0000SETG01,1998,M06,200.9,
CUSR0000SETG01,1998,M07,207.3,
CUSR0000SETG01,1998,M08,207.8,
CUSR0000SETG01,1998,M09,206.0,
CUSR0000SETG01,1998,M10,205.2,
CUSR0000SETG01,1998,M11,200.8,
CUSR0000SETG01,1998,M12,202.8,
CUSR0000SETG01,1999,M01,206.4,
CUSR0000SETG01,1999,M02,211.4,
CUSR0000SETG01,1999,M03,221.3,
CUSR0000SETG01,1999,M04,225.8,
CUSR0000SETG01,1999,M05,220.2,
CUSR0000SETG01,1999,M06,209.7,
CUSR0000SETG01,1999,M07,223.3,
CUSR0000SETG01,1999,M08,217.2,
CUSR0000SETG01,1999,M09,213.6,
CUSR0000SETG01,1999,M10,224.9,
CUSR0000SETG01,1999,M11,226.4,
CUSR0000SETG01,1999,M12,224.9,
CUSR0000SETG01,2000,M01,221.8,
CUSR0000SETG01,2000,M02,230.2,
CUSR0000SETG01,2000,M03,240.7,
CUSR0000SETG01,2000,M04,239.5,
CUSR0000SETG01,2000,M05,241.3,
CUSR0000SETG01,2000,M06,245.0,
CUSR0000SETG01,2000,M07,246.8,
CUSR0000SETG01,2000,M08,250.4,
CUSR0000SETG01,2000,M09,244.9,
CUSR0000SETG01,2000,M10,236.3,
CUSR0000SETG01,2000,M11,238.0,
CUSR0000SETG01,2000,M12,238.2,
CUSR0000SETG01,2001,M01,239.0,
CUSR0000SETG01,2001,M02,242.0,
CUSR0000SETG01,2001,M03,238.6,
CUSR0000SETG01,2001,M04,235.5,
CUSR0000SETG01,2001,M05,237.5,
CUSR0000SETG01,2001,M06,249.3,
CUSR0000SETG01,2001,M07,248.8,
CUSR0000SETG01,2001,M08,244.3,
CUSR0000SETG01,2001,M09,242.5,
CUSR0000SETG01,2001,M10,236.4,
CUSR0000SETG01,2001,M11,230.0,
CUSR0000SETG01,2001,M12,229.0,
CUSR0000SETG01,2002,M01,236.7,
CUSR0000SETG01,2002,M02,235.3,
CUSR0000SETG01,2002,M03,233.3,
CUSR0000SETG01,2002,M04,234.5,
CUSR0000SETG01,2002,M05,237.7,
CUSR0000SETG01,2002,M06,231.3,
CUSR0000SETG01,2002,M07,227.5,
CUSR0000SETG01,2002,M08,230.2,
CUSR0000SETG01,2002,M09,228.7,
CUSR0000SETG01,2002,M10,225.7,
CUSR0000SETG01,2002,M11,227.8,
CUSR0000SETG01,2002,M12,230.0,
CUSR0000SETG01,2003,M01,228.7,
CUSR0000SETG01,2003,M02,228.5,
CUSR0000SETG01,2003,M03,230.7,
CUSR0000SETG01,2003,M04,229.4,
CUSR0000SETG01,2003,M05,230.0,
CUSR0000SETG01,2003,M06,231.3,
CUSR0000SETG01,2003,M07,232.6,
CUSR0000SETG01,2003,M08,233.4,
CUSR0000SETG01,2003,M09,233.2,
CUSR0000SETG01,2003,M10,234.3,
CUSR0000SETG01,2003,M11,232.5,
CUSR0000SETG01,2003,M12,230.4,
CUSR0000SETG01,2004,M01,232.5,
CUSR0000SETG01,2004,M02,232.4,
CUSR0000SETG01,2004,M03,231.7,
CUSR0000SETG01,2004,M04,230.8,
CUSR0000SETG01,2004,M05,227.2,
CUSR0000SETG01,2004,M06,224.9,
CUSR0000SETG01,2004,M07,223.5,
CUSR0000SETG01,2004,M08,220.4,
CUSR0000SETG01,2004,M09,220.7,
CUSR0000SETG01,2004,M10,223.8,
CUSR0000SETG01,2004,M11,230.9,
CUSR0000SETG01,2004,M12,227.9,
CUSR0000SETG01,2005,M01,224.9,
CUSR0000SETG01,2005,M02,225.0,
CUSR0000SETG01,2005,M03,228.6,
CUSR0000SETG01,2005,M04,233.9,
CUSR0000SETG01,2005,M05,236.9,
CUSR0000SETG01,2005,M06,237.9,
CUSR0000SETG01,2005,M07,239.7,
CUSR0000SETG01,2005,M08,240.0,
CUSR0000SETG01,2005,M09,240.9,
CUSR0000SETG01,2005,M10,243.9,
CUSR0000SETG01,2005,M11,244.5,
CUSR0000SETG01,2005,M12,242.0,
CUSR0000SETG01,2006,M01,244.6,
CUSR0000SETG01,2006,M02,244.4,
CUSR0000SETG01,2006,M03,244.7,
CUSR0000SETG01,2006,M04,245.7,
CUSR0000SETG01,2006,M05,250.1,
CUSR0000SETG01,2006,M06,251.5,
CUSR0000SETG01,2006,M07,252.9,
CUSR0000SETG01,2006,M08,253.2,
CUSR0000SETG01,2006,M09,252.0,
CUSR0000SETG01,2006,M10,248.1,
CUSR0000SETG01,2006,M11,239.1,
CUSR0000SETG01,2006,M12,239.4,
CUSR0000SETG01,2007,M01,245.422,
CUSR0000SETG01,2007,M02,248.365,
CUSR0000SETG01,2007,M03,249.249,
CUSR0000SETG01,2007,M04,248.959,
CUSR0000SETG01,2007,M05,248.001,
CUSR0000SETG01,2007,M06,248.319,
CUSR0000SETG01,2007,M07,249.275,
CUSR0000SETG01,2007,M08,249.240,
CUSR0000SETG01,2007,M09,251.882,
CUSR0000SETG01,2007,M10,257.047,
CUSR0000SETG01,2007,M11,261.014,
CUSR0000SETG01,2007,M12,264.299,
CUSR0000SETG01,2008,M01,266.547,
CUSR0000SETG01,2008,M02,266.220,
CUSR0000SETG01,2008,M03,274.246,
CUSR0000SETG01,2008,M04,274.173,
CUSR0000SETG01,2008,M05,283.328,
CUSR0000SETG01,2008,M06,294.645,
CUSR0000SETG01,2008,M07,300.857,
CUSR0000SETG01,2008,M08,302.057,
CUSR0000SETG01,2008,M09,295.708,
CUSR0000SETG01,2008,M10,284.760,
CUSR0000SETG01,2008,M11,272.217,
CUSR0000SETG01,2008,M12,266.716,
CUSR0000SETG01,2009,M01,263.284,
CUSR0000SETG01,2009,M02,256.319,
CUSR0000SETG01,2009,M03,252.471,
CUSR0000SETG01,2009,M04,248.828,
CUSR0000SETG01,2009,M05,246.273,
CUSR0000SETG01,2009,M06,244.658,
CUSR0000SETG01,2009,M07,252.107,
CUSR0000SETG01,2009,M08,254.411,
CUSR0000SETG01,2009,M09,260.944,
CUSR0000SETG01,2009,M10,267.042,
CUSR0000SETG01,2009,M11,273.984,
CUSR0000SETG01,2009,M12,277.350,
CUSR0000SETG01,2010,M01,273.454,
CUSR0000SETG01,2010,M02,270.971,
CUSR0000SETG01,2010,M03,271.311,
CUSR0000SETG01,2010,M04,273.533,
CUSR0000SETG01,2010,M05,275.820,
CUSR0000SETG01,2010,M06,277.651,
CUSR0000SETG01,2010,M07,279.192,
CUSR0000SETG01,2010,M08,279.262,
CUSR0000SETG01,2010,M09,278.873,
CUSR0000SETG01,2010,M10,279.580,
CUSR0000SETG01,2010,M11,286.247,
CUSR0000SETG01,2010,M12,293.446,
CUSR0000SETG01,2011,M01,301.088,
CUSR0000SETG01,2011,M02,304.572,
CUSR0000SETG01,2011,M03,306.515,
CUSR0000SETG01,2011,M04,302.541,
CUSR0000SETG01,2011,M05,292.694,
CUSR0000SETG01,2011,M06,294.743,
CUSR0000SETG01,2011,M07,304.773,
CUSR0000SETG01,2011,M08,316.044,
CUSR0000SETG01,2011,M09,314.655,
CUSR0000SETG01,2011,M10,306.827,
CUSR0000SETG01,2011,M11,297.966,
CUSR0000SETG01,2011,M12,307.069,
CUSR0000SETG01,2012,M01,308.335,
CUSR0000SETG01,2012,M02,306.081,
CUSR0000SETG01,2012,M03,308.237,
CUSR0000SETG01,2012,M04,304.810,
CUSR0000SETG01,2012,M05,294.883,
CUSR0000SETG01,2012,M06,287.712,
CUSR0000SETG01,2012,M07,302.202,
CUSR0000SETG01,2012,M08,312.195,
CUSR0000SETG01,2012,M09,312.078,
CUSR0000SETG01,2012,M10,308.022,
CUSR0000SETG01,2012,M11,301.966,
CUSR0000SETG01,2012,M12,316.876,
CUSR0000SETG01,2013,M01,320.958,
CUSR0000SETG01,2013,M02,316.620,
CUSR0000SETG01,2013,M03,322.645,
CUSR0000SETG01,2013,M04,310.843,
CUSR0000SETG01,2013,M05,298.615,
CUSR0000SETG01,2013,M06,296.647,
CUSR0000SETG01,2013,M07,311.074,
CUSR0000SETG01,2013,M08,317.280,
CUSR0000SETG01,2013,M09,316.426,
CUSR0000SETG01,2013,M10,315.445,
CUSR0000SETG01,2013,M11,315.808,
CUSR0000SETG01,2013,M12,314.891,
CUSR0000SETG01,2014,M01,304.438,
CUSR0000SETG01,2014,M02,302.328,
CUSR0000SETG01,2014,M03,305.804,
CUSR0000SETG01,2014,M04,307.536,
CUSR0000SETG01,2014,M05,314.119,
CUSR0000SETG01,2014,M06,314.699,
CUSR0000SETG01,2014,M07,311.679,
CUSR0000SETG01,2014,M08,309.923,
CUSR0000SETG01,2014,M09,306.111,
CUSR0000SETG01,2014,M10,307.357,
CUSR0000SETG01,2014,M11,305.983,
CUSR0000SETG01,2014,M12,301.037,
CUSR0000SETG01,2015,M01,295.273,
CUSR0000SETG01,2015,M02,293.524,
CUSR0000SETG01,2015,M03,290.945,
CUSR0000SETG01,2015,M04,285.424,
CUSR0000SETG01,2015,M05,293.265,
CUSR0000SETG01,2015,M06,298.839,
CUSR0000SETG01,2015,M07,294.099,
CUSR0000SETG01,2015,M08,291.307,
CUSR0000SETG01,2015,M09,287.452,
CUSR0000SETG01,2015,M10,291.034,
CUSR0000SETG01,2015,M11,293.715,
CUSR0000SETG01,2015,M12,291.963,
CUSR0000SETG01,2016,M01,289.611,
CUSR0000SETG01,2016,M02,286.419,
CUSR0000SETG01,2016,M03,286.501,
CUSR0000SETG01,2016,M04,291.228,
CUSR0000SETG01,2016,M05,288.805,
CUSR0000SETG01,2016,M06,290.014,
CUSR0000SETG01,2016,M07,280.880,
CUSR0000SETG01,2016,M08,278.139,
CUSR0000SETG01,2016,M09,275.578,
CUSR0000SETG01,2016,M10,270.900,
CUSR0000SETG01,2016,M11,272.902,
CUSR0000SETG01,2016,M12,277.919,
CUSR0000SETG01,2017,M01,280.879,
CUSR0000SETG01,2017,M02,282.923,
CUSR0000SETG01,2017,M03,284.341,
CUSR0000SETG01,2017,M04,285.005,
CUSR0000SETG01,2017,M05,279.718,
CUSR0000SETG01,2017,M06,277.107,
CUSR0000SETG01,2017,M07,274.970,
CUSR0000SETG01,2017,M08,270.846,
CUSR0000SETG01,2017,M09,268.659,
CUSR0000SETG01,2017,M10,268.229,
CUSR0000SETG01,2017,M11,266.421,
CUSR0000SETG01,2017,M12,267.054,
CUSR0000SETG01,2018,M01,266.194,
CUSR0000SETG01,2018,M02,266.402,
CUSR0000SETG01,2018,M03,268.183,
CUSR0000SETG01,2018,M04,266.465,
CUSR0000SETG01,2018,M05,264.022,
CUSR0000SETG01,2018,M06,263.344,
CUSR0000SETG01,2018,M07,263.786,
CUSR0000SETG01,2018,M08,265.241,
CUSR0000SETG01,2018,M09,266.203,
CUSR0000SETG01,2018,M10,263.608,
CUSR0000SETG01,2018,M11,261.615,
CUSR0000SETG01,2018,M12,259.347,
CUSR0000SETG01,2019,M01,261.858,
CUSR0000SETG01,2019,M02,264.965,
CUSR0000SETG01,2019,M03,262.909,
CUSR0000SETG01,2019,M04,260.115,
CUSR0000SETG01,2019,M05,261.933,
CUSR0000SETG01,2019,M06,262.483,
CUSR0000SETG01,2019,M07,264.084,
CUSR0000SETG01,2019,M08,268.749,
CUSR0000SETG01,2019,M09,272.014,
CUSR0000SETG01,2019,M10,271.125,
CUSR0000SETG01,2019,M11,268.352,
CUSR0000SETG01,2019,M12,267.214,
CUSR0000SETG01,2020,M01,268.668,
CUSR0000SETG01,2020,M02,270.587,
CUSR0000SETG01,2020,M03,233.537,
CUSR0000SETG01,2020,M04,196.819,
CUSR0000SETG01,2020,M05,186.931,
CUSR0000SETG01,2020,M06,192.344,
CUSR0000SETG01,2020,M07,203.723,
CUSR0000SETG01,2020,M08,207.635,
CUSR0000SETG01,2020,M09,205.325,
CUSR0000SETG01,2020,M10,215.955,
CUSR0000SETG01,2020,M11,221.157,
CUSR0000SETG01,2020,M12,216.188,
CUSR0000SETG01,2021,M01,209.629,
CUSR0000SETG01,2021,M02,200.387,
CUSR0000SETG01,2021,M03,198.559,
CUSR0000SETG01,2021,M04,216.990,
CUSR0000SETG01,2021,M05,233.479,
CUSR0000SETG01,2021,M06,241.989,
CUSR0000SETG01,2021,M07,243.685,
CUSR0000SETG01,2021,M08,221.166,
CUSR0000SETG01,2021,M09,206.174,
CUSR0000SETG01,2021,M10,205.656,
CUSR0000SETG01,2021,M11,212.465,
CUSR0000SETG01,2021,M12,217.497,
CUSR0000SETG01,2022,M01,219.155,
CUSR0000SETG01,2022,M02,225.270,
CUSR0000SETG01,2022,M03,245.329,
CUSR0000SETG01,2022,M04,289.163,
CUSR0000SETG01,2022,M05,321.904,
CUSR0000SETG01,2022,M06,325.190,
CUSR0000SETG01,2022,M07,312.014,
CUSR0000SETG01,2022,M08,295.112,
CUSR0000SETG01,2022,M09,294.444,
CUSR0000SETG01,2022,M10,294.147,
CUSR0000SETG01,2022,M11,289.470,
CUSR0000SETG01,2022,M12,279.086,
CUSR0000SETG01,2023,M01,274.248,
CUSR0000SETG01,2023,M02,284.722,
CUSR0000SETG01,2023,M03,288.560,
CUSR0000SETG01,2023,M04,286.385,
CUSR0000SETG01,2023,M05,278.395,
CUSR0000SETG01,2023,M06,264.312,
CUSR0000SETG01,2023,M07,254.654,
CUSR0000SETG01,2023,M08,256.311,
CUSR0000SETG01,2023,M09,255.313,
CUSR0000SETG01,2023,M10,255.623,
CUSR0000SETG01,2023,M11,254.397,
CUSR0000SETG01,2023,M12,252.300,
CUSR0000SETG01,2024,M01,255.911,
CUSR0000SETG01,2024,M02,267.056,
CUSR0000SETG01,2024,M03,267.833,
CUSR0000SETG01,2024,M04,269.466,
CUSR0000SETG01,2024,M05,261.878,
CUSR0000SETG01,2024,M06,251.325,
CUSR0000SETG01,2024,M07,248.253,
CUSR0000SETG01,2024,M08,253.357,
CUSR0000SETG01,2024,M09,259.306,
CUSR0000SETG01,2024,M10,266.413,
CUSR0000SETG01,2024,M11,266.723,
CUSR0000SETG01,2024,M12,271.742,
CUSR0000SETG01,2025,M01,273.591,
CUSR0000SETG01,2025,M02,264.821,
CUSR0000SETG01,2025,M03,253.357,
CUSR0000SETG01,2025,M04,247.922,
CUSR0000SETG01,2025,M05,242.546,
CUSR0000SETG01,2025,M06,243.370,
CUSR0000SETG01,2025,M07,250.748,
CUSR0000SETG01,2025,M08,261.928,
CUSR0000SETG01,2025,M09,267.046,
CUSR0000SETG01,2025,M10,-,Data unavailable due to the 2025 lapse in appropriations
CUSR0000SETG01,2025,M11,253.063,
CUSR0000SETG01,2025,M12,262.573,
CUSR0000SETG01,2026,M01,279.693,
CUSR0000SETG01,2026,M02,283.495,
CUSR0000SETG01,2026,M03,291.073,
CUSR0000SETG01,2026,M04,299.267,
CUSR0000SETG01,2026,M05,307.305,
CUSR0000SETG01,2026,M06,307.963,
CUSR0000SETG01,2026,M07,314.803,
CUUR0000SA0,1997,M01,159.1,
CUUR0000SA0,1997,M02,159.6,
CUUR0000SA0,1997,M03,160.0,
CUUR0000SA0,1997,M04,160.2,
CUUR0000SA0,1997,M05,160.1,
CUUR0000SA0,1997,M06,160.3,
CUUR0000SA0,1997,M07,160.5,
CUUR0000SA0,1997,M08,160.8,
CUUR0000SA0,1997,M09,161.2,
CUUR0000SA0,1997,M10,161.6,
CUUR0000SA0,1997,M11,161.5,
CUUR0000SA0,1997,M12,161.3,
CUUR0000SA0,1998,M01,161.6,
CUUR0000SA0,1998,M02,161.9,
CUUR0000SA0,1998,M03,162.2,
CUUR0000SA0,1998,M04,162.5,
CUUR0000SA0,1998,M05,162.8,
CUUR0000SA0,1998,M06,163.0,
CUUR0000SA0,1998,M07,163.2,
CUUR0000SA0,1998,M08,163.4,
CUUR0000SA0,1998,M09,163.6,
CUUR0000SA0,1998,M10,164.0,
CUUR0000SA0,1998,M11,164.0,
CUUR0000SA0,1998,M12,163.9,
CUUR0000SA0,1999,M01,164.3,
CUUR0000SA0,1999,M02,164.5,
CUUR0000SA0,1999,M03,165.0,
CUUR0000SA0,1999,M04,166.2,
CUUR0000SA0,1999,M05,166.2,
CUUR0000SA0,1999,M06,166.2,
CUUR0000SA0,1999,M07,166.7,
CUUR0000SA0,1999,M08,167.1,
CUUR0000SA0,1999,M09,167.9,
CUUR0000SA0,1999,M10,168.2,
CUUR0000SA0,1999,M11,168.3,
CUUR0000SA0,1999,M12,168.3,
CUUR0000SA0,2000,M01,168.8,
CUUR0000SA0,2000,M02,169.8,
CUUR0000SA0,2000,M03,171.2,
CUUR0000SA0,2000,M04,171.3,
CUUR0000SA0,2000,M05,171.5,
CUUR0000SA0,2000,M06,172.4,
CUUR0000SA0,2000,M07,172.8,
CUUR0000SA0,2000,M08,172.8,
CUUR0000SA0,2000,M09,173.7,
CUUR0000SA0,2000,M10,174.0,
CUUR0000SA0,2000,M11,174.1,
CUUR0000SA0,2000,M12,174.0,
CUUR0000SA0,2001,M01,175.1,
CUUR0000SA0,2001,M02,175.8,
CUUR0000SA0,2001,M03,176.2,
CUUR0000SA0,2001,M04,176.9,
CUUR0000SA0,2001,M05,177.7,
CUUR0000SA0,2001,M06,178.0,
CUUR0000SA0,2001,M07,177.5,
CUUR0000SA0,2001,M08,177.5,
CUUR0000SA0,2001,M09,178.3,
CUUR0000SA0,2001,M10,177.7,
CUUR0000SA0,2001,M11,177.4,
CUUR0000SA0,2001,M12,176.7,
CUUR0000SA0,2002,M01,177.1,
CUUR0000SA0,2002,M02,177.8,
CUUR0000SA0,2002,M03,178.8,
CUUR0000SA0,2002,M04,179.8,
CUUR0000SA0,2002,M05,179.8,
CUUR0000SA0,2002,M06,179.9,
CUUR0000SA0,2002,M07,180.1,
CUUR0000SA0,2002,M08,180.7,
CUUR0000SA0,2002,M09,181.0,
CUUR0000SA0,2002,M10,181.3,
CUUR0000SA0,2002,M11,181.3,
CUUR0000SA0,2002,M12,180.9,
CUUR0000SA0,2003,M01,181.7,
CUUR0000SA0,2003,M02,183.1,
CUUR0000SA0,2003,M03,184.2,
CUUR0000SA0,2003,M04,183.8,
CUUR0000SA0,2003,M05,183.5,
CUUR0000SA0,2003,M06,183.7,
CUUR0000SA0,2003,M07,183.9,
CUUR0000SA0,2003,M08,184.6,
CUUR0000SA0,2003,M09,185.2,
CUUR0000SA0,2003,M10,185.0,
CUUR0000SA0,2003,M11,184.5,
CUUR0000SA0,2003,M12,184.3,
CUUR0000SA0,2004,M01,185.2,
CUUR0000SA0,2004,M02,186.2,
CUUR0000SA0,2004,M03,187.4,
CUUR0000SA0,2004,M04,188.0,
CUUR0000SA0,2004,M05,189.1,
CUUR0000SA0,2004,M06,189.7,
CUUR0000SA0,2004,M07,189.4,
CUUR0000SA0,2004,M08,189.5,
CUUR0000SA0,2004,M09,189.9,
CUUR0000SA0,2004,M10,190.9,
CUUR0000SA0,2004,M11,191.0,
CUUR0000SA0,2004,M12,190.3,
CUUR0000SA0,2005,M01,190.7,
CUUR0000SA0,2005,M02,191.8,
CUUR0000SA0,2005,M03,193.3,
CUUR0000SA0,2005,M04,194.6,
CUUR0000SA0,2005,M05,194.4,
CUUR0000SA0,2005,M06,194.5,
CUUR0000SA0,2005,M07,195.4,
CUUR0000SA0,2005,M08,196.4,
CUUR0000SA0,2005,M09,198.8,
CUUR0000SA0,2005,M10,199.2,
CUUR0000SA0,2005,M11,197.6,
CUUR0000SA0,2005,M12,196.8,
CUUR0000SA0,2006,M01,198.3,
CUUR0000SA0,2006,M02,198.7,
CUUR0000SA0,2006,M03,199.8,
CUUR0000SA0,2006,M04,201.5,
CUUR0000SA0,2006,M05,202.5,
CUUR0000SA0,2006,M06,202.9,
CUUR0000SA0,2006,M07,203.5,
CUUR0000SA0,2006,M08,203.9,
CUUR0000SA0,2006,M09,202.9,
CUUR0000SA0,2006,M10,201.8,
CUUR0000SA0,2006,M11,201.5,
CUUR0000SA0,2006,M12,201.8,
CUUR0000SA0,2007,M01,202.416,
CUUR0000SA0,2007,M02,203.499,
CUUR0000SA0,2007,M03,205.352,
CUUR0000SA0,2007,M04,206.686,
CUUR0000SA0,2007,M05,207.949,
CUUR0000SA0,2007,M06,208.352,
CUUR0000SA0,2007,M07,208.299,
CUUR0000SA0,2007,M08,207.917,
CUUR0000SA0,2007,M09,208.490,
CUUR0000SA0,2007,M10,208.936,
CUUR0000SA0,2007,M11,210.177,
CUUR0000SA0,2007,M12,210.036,
CUUR0000SA0,2008,M01,211.080,
CUUR0000SA0,2008,M02,211.693,
CUUR0000SA0,2008,M03,213.528,
CUUR0000SA0,2008,M04,214.823,
CUUR0000SA0,2008,M05,216.632,
CUUR0000SA0,2008,M06,218.815,
CUUR0000SA0,2008,M07,219.964,
CUUR0000SA0,2008,M08,219.086,
CUUR0000SA0,2008,M09,218.783,
CUUR0000SA0,2008,M10,216.573,
CUUR0000SA0,2008,M11,212.425,
CUUR0000SA0,2008,M12,210.228,
CUUR0000SA0,2009,M01,211.143,
CUUR0000SA0,2009,M02,212.193,
CUUR0000SA0,2009,M03,212.709,
CUUR0000SA0,2009,M04,213.240,
CUUR0000SA0,2009,M05,213.856,
CUUR0000SA0,2009,M06,215.693,
CUUR0000SA0,2009,M07,215.351,
CUUR0000SA0,2009,M08,215.834,
CUUR0000SA0,2009,M09,215.969,
CUUR0000SA0,2009,M10,216.177,
CUUR0000SA0,2009,M11,216.330,
CUUR0000SA0,2009,M12,215.949,
CUUR0000SA0,2010,M01,216.687,
CUUR0000SA0,2010,M02,216.741,
CUUR0000SA0,2010,M03,217.631,
CUUR0000SA0,2010,M04,218.009,
CUUR0000SA0,2010,M05,218.178,
CUUR0000SA0,2010,M06,217.965,
CUUR0000SA0,2010,M07,218.011,
CUUR0000SA0,2010,M08,218.312,
CUUR0000SA0,2010,M09,218.439,
CUUR0000SA0,2010,M10,218.711,
CUUR0000SA0,2010,M11,218.803,
CUUR0000SA0,2010,M12,219.179,
CUUR0000SA0,2011,M01,220.223,
CUUR0000SA0,2011,M02,221.309,
CUUR0000SA0,2011,M03,223.467,
CUUR0000SA0,2011,M04,224.906,
CUUR0000SA0,2011,M05,225.964,
CUUR0000SA0,2011,M06,225.722,
CUUR0000SA0,2011,M07,225.922,
CUUR0000SA0,2011,M08,226.545,
CUUR0000SA0,2011,M09,226.889,
CUUR0000SA0,2011,M10,226.421,
CUUR0000SA0,2011,M11,226.230,
CUUR0000SA0,2011,M12,225.672,
CUUR0000SA0,2012,M01,226.665,
CUUR0000SA0,2012,M02,227.663,
CUUR0000SA0,2012,M03,229.392,
CUUR0000SA0,2012,M04,230.085,
CUUR0000SA0,2012,M05,229.815,
CUUR0000SA0,2012,M06,229.478,
CUUR0000SA0,2012,M07,229.104,
CUUR0000SA0,2012,M08,230.379,
CUUR0000SA0,2012,M09,231.407,
CUUR0000SA0,2012,M10,231.317,
CUUR0000SA0,2012,M11,230.221,
CUUR0000SA0,2012,M12,229.601,
CUUR0000SA0,2013,M01,230.280,
CUUR0000SA0,2013,M02,232.166,
CUUR0000SA0,2013,M03,232.773,
CUUR0000SA0,2013,M04,232.531,
CUUR0000SA0,2013,M05,232.945,
CUUR0000SA0,2013,M06,233.504,
CUUR0000SA0,2013,M07,233.596,
CUUR0000SA0,2013,M08,233.877,
CUUR0000SA0,2013,M09,234.149,
CUUR0000SA0,2013,M10,233.546,
CUUR0000SA0,2013,M11,233.069,
CUUR0000SA0,2013,M12,233.049,
CUUR0000SA0,2014,M01,233.916,
CUUR0000SA0,2014,M02,234.781,
CUUR0000SA0,2014,M03,236.293,
CUUR0000SA0,2014,M04,237.072,
CUUR0000SA0,2014,M05,237.900,
CUUR0000SA0,2014,M06,238.343,
CUUR0000SA0,2014,M07,238.250,
CUUR0000SA0,2014,M08,237.852,
CUUR0000SA0,2014,M09,238.031,
CUUR0000SA0,2014,M10,237.433,
CUUR0000SA0,2014,M11,236.151,
CUUR0000SA0,2014,M12,234.812,
CUUR0000SA0,2015,M01,233.707,
CUUR0000SA0,2015,M02,234.722,
CUUR0000SA0,2015,M03,236.119,
CUUR0000SA0,2015,M04,236.599,
CUUR0000SA0,2015,M05,237.805,
CUUR0000SA0,2015,M06,238.638,
CUUR0000SA0,2015,M07,238.654,
CUUR0000SA0,2015,M08,238.316,
CUUR0000SA0,2015,M09,237.945,
CUUR0000SA0,2015,M10,237.838,
CUUR0000SA0,2015,M11,237.336,
CUUR0000SA0,2015,M12,236.525,
CUUR0000SA0,2016,M01,236.916,
CUUR0000SA0,2016,M02,237.111,
CUUR0000SA0,2016,M03,238.132,
CUUR0000SA0,2016,M04,239.261,
CUUR0000SA0,2016,M05,240.229,
CUUR0000SA0,2016,M06,241.018,
CUUR0000SA0,2016,M07,240.628,
CUUR0000SA0,2016,M08,240.849,
CUUR0000SA0,2016,M09,241.428,
CUUR0000SA0,2016,M10,241.729,
CUUR0000SA0,2016,M11,241.353,
CUUR0000SA0,2016,M12,241.432,
CUUR0000SA0,2017,M01,242.839,
CUUR0000SA0,2017,M02,243.603,
CUUR0000SA0,2017,M03,243.801,
CUUR0000SA0,2017,M04,244.524,
CUUR0000SA0,2017,M05,244.733,
CUUR0000SA0,2017,M06,244.955,
CUUR0000SA0,2017,M07,244.786,
CUUR0000SA0,2017,M08,245.519,
CUUR0000SA0,2017,M09,246.819,
CUUR0000SA0,2017,M10,246.663,
CUUR0000SA0,2017,M11,246.669,
CUUR0000SA0,2017,M12,246.524,
CUUR0000SA0,2018,M01,247.867,
CUUR0000SA0,2018,M02,248.991,
CUUR0000SA0,2018,M03,249.554,
CUUR0000SA0,2018,M04,250.546,
CUUR0000SA0,2018,M05,251.588,
CUUR0000SA0,2018,M06,251.989,
CUUR0000SA0,2018,M07,252.006,
CUUR0000SA0,2018,M08,252.146,
CUUR0000SA0,2018,M09,252.439,
CUUR0000SA0,2018,M10,252.885,
CUUR0000SA0,2018,M11,252.038,
CUUR0000SA0,2018,M12,251.233,
CUUR0000SA0,2019,M01,251.712,
CUUR0000SA0,2019,M02,252.776,
CUUR0000SA0,2019,M03,254.202,
CUUR0000SA0,2019,M04,255.548,
CUUR0000SA0,2019,M05,256.092,
CUUR0000SA0,2019,M06,256.143,
CUUR0000SA0,2019,M07,256.571,
CUUR0000SA0,2019,M08,256.558,
CUUR0000SA0,2019,M09,256.759,
CUUR0000SA0,2019,M10,257.346,
CUUR0000SA0,2019,M11,257.208,
CUUR0000SA0,2019,M12,256.974,
CUUR0000SA0,2020,M01,257.971,
CUUR0000SA0,2020,M02,258.678,
CUUR0000SA0,2020,M03,258.115,
CUUR0000SA0,2020,M04,256.389,
CUUR0000SA0,2020,M05,256.394,
CUUR0000SA0,2020,M06,257.797,
CUUR0000SA0,2020,M07,259.101,
CUUR0000SA0,2020,M08,259.918,
CUUR0000SA0,2020,M09,260.280,
CUUR0000SA0,2020,M10,260.388,
CUUR0000SA0,2020,M11,260.229,
CUUR0000SA0,2020,M12,260.474,
CUUR0000SA0,2021,M01,261.582,
CUUR0000SA0,2021,M02,263.014,
CUUR0000SA0,2021,M03,264.877,
CUUR0000SA0,2021,M04,267.054,
CUUR0000SA0,2021,M05,269.195,
CUUR0000SA0,2021,M06,271.696,
CUUR0000SA0,2021,M07,273.003,
CUUR0000SA0,2021,M08,273.567,
CUUR0000SA0,2021,M09,274.310,
CUUR0000SA0,2021,M10,276.589,
CUUR0000SA0,2021,M11,277.948,
CUUR0000SA0,2021,M12,278.802,
CUUR0000SA0,2022,M01,281.148,
CUUR0000SA0,2022,M02,283.716,
CUUR0000SA0,2022,M03,287.504,
CUUR0000SA0,2022,M04,289.109,
CUUR0000SA0,2022,M05,292.296,
CUUR0000SA0,2022,M06,296.311,
CUUR0000SA0,2022,M07,296.276,
CUUR0000SA0,2022,M08,296.171,
CUUR0000SA0,2022,M09,296.808,
CUUR0000SA0,2022,M10,298.012,
CUUR0000SA0,2022,M11,297.711,
CUUR0000SA0,2022,M12,296.797,
CUUR0000SA0,2023,M01,299.170,
CUUR0000SA0,2023,M02,300.840,
CUUR0000SA0,2023,M03,301.836,
CUUR0000SA0,2023,M04,303.363,
CUUR0000SA0,2023,M05,304.127,
CUUR0000SA0,2023,M06,305.109,
CUUR0000SA0,2023,M07,305.691,
CUUR0000SA0,2023,M08,307.026,
CUUR0000SA0,2023,M09,307.789,
CUUR0000SA0,2023,M10,307.671,
CUUR0000SA0,2023,M11,307.051,
CUUR0000SA0,2023,M12,306.746,
CUUR0000SA0,2024,M01,308.417,
CUUR0000SA0,2024,M02,310.326,
CUUR0000SA0,2024,M03,312.332,
CUUR0000SA0,2024,M04,313.548,
CUUR0000SA0,2024,M05,314.069,
CUUR0000SA0,2024,M06,314.175,
CUUR0000SA0,2024,M07,314.540,
CUUR0000SA0,2024,M08,314.796,
CUUR0000SA0,2024,M09,315.301,
CUUR0000SA0,2024,M10,315.664,
CUUR0000SA0,2024,M11,315.493,
CUUR0000SA0,2024,M12,315.605,
CUUR0000SA0,2025,M01,317.671,
CUUR0000SA0,2025,M02,319.082,
CUUR0000SA0,2025,M03,319.799,
CUUR0000SA0,2025,M04,320.795,
CUUR0000SA0,2025,M05,321.465,
CUUR0000SA0,2025,M06,322.561,
CUUR0000SA0,2025,M07,323.048,
CUUR0000SA0,2025,M08,323.976,
CUUR0000SA0,2025,M09,324.800,
CUUR0000SA0,2025,M10,-,Data unavailable due to the 2025 lapse in appropriations
CUUR0000SA0,2025,M11,324.122,
CUUR0000SA0,2025,M12,324.054,
CUUR0000SA0,2026,M01,325.252,
CUUR0000SA0,2026,M02,326.785,
CUUR0000SA0,2026,M03,330.213,
CUUR0000SA0,2026,M04,333.020,
CUUR0000SA0,2026,M05,335.123,
CUUR0000SA0,2026,M06,333.952,
CUUR0000SA0,2026,M07,333.918,
CUUR0000SA0E,1997,M01,113.3,
CUUR0000SA0E,1997,M02,113.1,
CUUR0000SA0E,1997,M03,111.2,
CUUR0000SA0E,1997,M04,110.0,
CUUR0000SA0E,1997,M05,109.9,
CUUR0000SA0E,1997,M06,112.3,
CUUR0000SA0E,1997,M07,111.4,
CUUR0000SA0E,1997,M08,112.5,
CUUR0000SA0E,1997,M09,113.9,
CUUR0000SA0E,1997,M10,111.5,
CUUR0000SA0E,1997,M11,110.7,
CUUR0000SA0E,1997,M12,108.4,
CUUR0000SA0E,1998,M01,105.9,
CUUR0000SA0E,1998,M02,103.2,
CUUR0000SA0E,1998,M03,101.6,
CUUR0000SA0E,1998,M04,101.9,
CUUR0000SA0E,1998,M05,103.8,
CUUR0000SA0E,1998,M06,105.7,
CUUR0000SA0E,1998,M07,105.2,
CUUR0000SA0E,1998,M08,103.8,
CUUR0000SA0E,1998,M09,102.7,
CUUR0000SA0E,1998,M10,101.3,
CUUR0000SA0E,1998,M11,100.5,
CUUR0000SA0E,1998,M12,98.9,
CUUR0000SA0E,1999,M01,98.1,
CUUR0000SA0E,1999,M02,97.3,
CUUR0000SA0E,1999,M03,98.4,
CUUR0000SA0E,1999,M04,105.0,
CUUR0000SA0E,1999,M05,105.6,
CUUR0000SA0E,1999,M06,106.8,
CUUR0000SA0E,1999,M07,108.7,
CUUR0000SA0E,1999,M08,111.3,
CUUR0000SA0E,1999,M09,113.2,
CUUR0000SA0E,1999,M10,111.6,
CUUR0000SA0E,1999,M11,111.2,
CUUR0000SA0E,1999,M12,112.2,
CUUR0000SA0E,2000,M01,112.5,
CUUR0000SA0E,2000,M02,116.7,
CUUR0000SA0E,2000,M03,122.2,
CUUR0000SA0E,2000,M04,120.7,
CUUR0000SA0E,2000,M05,121.0,
CUUR0000SA0E,2000,M06,129.6,
CUUR0000SA0E,2000,M07,129.7,
CUUR0000SA0E,2000,M08,125.9,
CUUR0000SA0E,2000,M09,130.6,
CUUR0000SA0E,2000,M10,129.3,
CUUR0000SA0E,2000,M11,129.0,
CUUR0000SA0E,2000,M12,128.1,
CUUR0000SA0E,2001,M01,132.5,
CUUR0000SA0E,2001,M02,132.0,
CUUR0000SA0E,2001,M03,129.5,
CUUR0000SA0E,2001,M04,133.1,
CUUR0000SA0E,2001,M05,140.1,
CUUR0000SA0E,2001,M06,140.5,
CUUR0000SA0E,2001,M07,132.4,
CUUR0000SA0E,2001,M08,129.4,
CUUR0000SA0E,2001,M09,132.5,
CUUR0000SA0E,2001,M10,122.1,
CUUR0000SA0E,2001,M11,116.0,
CUUR0000SA0E,2001,M12,111.4,
CUUR0000SA0E,2002,M01,111.7,
CUUR0000SA0E,2002,M02,111.0,
CUUR0000SA0E,2002,M03,115.6,
CUUR0000SA0E,2002,M04,122.2,
CUUR0000SA0E,2002,M05,122.9,
CUUR0000SA0E,2002,M06,124.9,
CUUR0000SA0E,2002,M07,125.5,
CUUR0000SA0E,2002,M08,125.8,
CUUR0000SA0E,2002,M09,126.1,
CUUR0000SA0E,2002,M10,125.8,
CUUR0000SA0E,2002,M11,125.3,
CUUR0000SA0E,2002,M12,123.3,
CUUR0000SA0E,2003,M01,127.5,
CUUR0000SA0E,2003,M02,135.4,
CUUR0000SA0E,2003,M03,142.6,
CUUR0000SA0E,2003,M04,138.1,
CUUR0000SA0E,2003,M05,134.0,
CUUR0000SA0E,2003,M06,136.5,
CUUR0000SA0E,2003,M07,136.8,
CUUR0000SA0E,2003,M08,140.6,
CUUR0000SA0E,2003,M09,144.6,
CUUR0000SA0E,2003,M10,136.9,
CUUR0000SA0E,2003,M11,133.1,
CUUR0000SA0E,2003,M12,131.8,
CUUR0000SA0E,2004,M01,137.4,
CUUR0000SA0E,2004,M02,140.6,
CUUR0000SA0E,2004,M03,143.1,
CUUR0000SA0E,2004,M04,145.9,
CUUR0000SA0E,2004,M05,154.1,
CUUR0000SA0E,2004,M06,159.7,
CUUR0000SA0E,2004,M07,156.3,
CUUR0000SA0E,2004,M08,155.3,
CUUR0000SA0E,2004,M09,154.3,
CUUR0000SA0E,2004,M10,157.7,
CUUR0000SA0E,2004,M11,158.6,
CUUR0000SA0E,2004,M12,153.7,
CUUR0000SA0E,2005,M01,151.9,
CUUR0000SA0E,2005,M02,155.2,
CUUR0000SA0E,2005,M03,160.8,
CUUR0000SA0E,2005,M04,170.9,
CUUR0000SA0E,2005,M05,169.4,
CUUR0000SA0E,2005,M06,171.4,
CUUR0000SA0E,2005,M07,178.5,
CUUR0000SA0E,2005,M08,186.6,
CUUR0000SA0E,2005,M09,208.0,
CUUR0000SA0E,2005,M10,204.3,
CUUR0000SA0E,2005,M11,187.6,
CUUR0000SA0E,2005,M12,180.0,
CUUR0000SA0E,2006,M01,189.5,
CUUR0000SA0E,2006,M02,186.4,
CUUR0000SA0E,2006,M03,188.6,
CUUR0000SA0E,2006,M04,201.4,
CUUR0000SA0E,2006,M05,209.3,
CUUR0000SA0E,2006,M06,211.3,
CUUR0000SA0E,2006,M07,215.1,
CUUR0000SA0E,2006,M08,214.7,
CUUR0000SA0E,2006,M09,199.1,
CUUR0000SA0E,2006,M10,181.3,
CUUR0000SA0E,2006,M11,180.4,
CUUR0000SA0E,2006,M12,185.2,
CUUR0000SA0E,2007,M01,183.567,
CUUR0000SA0E,2007,M02,184.451,
CUUR0000SA0E,2007,M03,196.929,
CUUR0000SA0E,2007,M04,207.265,
CUUR0000SA0E,2007,M05,219.071,
CUUR0000SA0E,2007,M06,221.088,
CUUR0000SA0E,2007,M07,217.274,
CUUR0000SA0E,2007,M08,209.294,
CUUR0000SA0E,2007,M09,209.637,
CUUR0000SA0E,2007,M10,207.588,
CUUR0000SA0E,2007,M11,219.009,
CUUR0000SA0E,2007,M12,217.506,
CUUR0000SA0E,2008,M01,219.465,
CUUR0000SA0E,2008,M02,219.311,
CUUR0000SA0E,2008,M03,230.505,
CUUR0000SA0E,2008,M04,240.194,
CUUR0000SA0E,2008,M05,257.106,
CUUR0000SA0E,2008,M06,275.621,
CUUR0000SA0E,2008,M07,280.833,
CUUR0000SA0E,2008,M08,266.283,
CUUR0000SA0E,2008,M09,258.020,
CUUR0000SA0E,2008,M10,231.561,
CUUR0000SA0E,2008,M11,189.938,
CUUR0000SA0E,2008,M12,171.158,
CUUR0000SA0E,2009,M01,174.622,
CUUR0000SA0E,2009,M02,178.741,
CUUR0000SA0E,2009,M03,177.454,
CUUR0000SA0E,2009,M04,179.704,
CUUR0000SA0E,2009,M05,186.909,
CUUR0000SA0E,2009,M06,205.408,
CUUR0000SA0E,2009,M07,201.938,
CUUR0000SA0E,2009,M08,204.971,
CUUR0000SA0E,2009,M09,202.243,
CUUR0000SA0E,2009,M10,199.198,
CUUR0000SA0E,2009,M11,204.026,
CUUR0000SA0E,2009,M12,202.301,
CUUR0000SA0E,2010,M01,208.026,
CUUR0000SA0E,2010,M02,204.455,
CUUR0000SA0E,2010,M03,209.999,
CUUR0000SA0E,2010,M04,212.977,
CUUR0000SA0E,2010,M05,214.363,
CUUR0000SA0E,2010,M06,211.660,
CUUR0000SA0E,2010,M07,212.372,
CUUR0000SA0E,2010,M08,212.663,
CUUR0000SA0E,2010,M09,210.003,
CUUR0000SA0E,2010,M10,210.947,
CUUR0000SA0E,2010,M11,211.970,
CUUR0000SA0E,2010,M12,217.953,
CUUR0000SA0E,2011,M01,223.266,
CUUR0000SA0E,2011,M02,226.860,
CUUR0000SA0E,2011,M03,242.516,
CUUR0000SA0E,2011,M04,253.495,
CUUR0000SA0E,2011,M05,260.376,
CUUR0000SA0E,2011,M06,254.170,
CUUR0000SA0E,2011,M07,252.661,
CUUR0000SA0E,2011,M08,251.706,
CUUR0000SA0E,2011,M09,250.480,
CUUR0000SA0E,2011,M10,240.902,
CUUR0000SA0E,2011,M11,238.177,
CUUR0000SA0E,2011,M12,232.300,
CUUR0000SA0E,2012,M01,236.942,
CUUR0000SA0E,2012,M02,242.663,
CUUR0000SA0E,2012,M03,253.599,
CUUR0000SA0E,2012,M04,255.736,
CUUR0000SA0E,2012,M05,250.306,
CUUR0000SA0E,2012,M06,244.167,
CUUR0000SA0E,2012,M07,239.972,
CUUR0000SA0E,2012,M08,250.306,
CUUR0000SA0E,2012,M09,256.332,
CUUR0000SA0E,2012,M10,250.523,
CUUR0000SA0E,2012,M11,238.946,
CUUR0000SA0E,2012,M12,233.473,
CUUR0000SA0E,2013,M01,234.624,
CUUR0000SA0E,2013,M02,248.146,
CUUR0000SA0E,2013,M03,249.565,
CUUR0000SA0E,2013,M04,244.757,
CUUR0000SA0E,2013,M05,247.805,
CUUR0000SA0E,2013,M06,251.921,
CUUR0000SA0E,2013,M07,251.370,
CUUR0000SA0E,2013,M08,250.011,
CUUR0000SA0E,2013,M09,248.513,
CUUR0000SA0E,2013,M10,238.524,
CUUR0000SA0E,2013,M11,233.136,
CUUR0000SA0E,2013,M12,234.542,
CUUR0000SA0E,2014,M01,239.551,
CUUR0000SA0E,2014,M02,242.041,
CUUR0000SA0E,2014,M03,250.543,
CUUR0000SA0E,2014,M04,252.717,
CUUR0000SA0E,2014,M05,255.982,
CUUR0000SA0E,2014,M06,259.858,
CUUR0000SA0E,2014,M07,257.907,
CUUR0000SA0E,2014,M08,250.951,
CUUR0000SA0E,2014,M09,247.077,
CUUR0000SA0E,2014,M10,234.745,
CUUR0000SA0E,2014,M11,221.844,
CUUR0000SA0E,2014,M12,209.785,
CUUR0000SA0E,2015,M01,192.619,
CUUR0000SA0E,2015,M02,196.597,
CUUR0000SA0E,2015,M03,204.731,
CUUR0000SA0E,2015,M04,203.715,
CUUR0000SA0E,2015,M05,214.330,
CUUR0000SA0E,2015,M06,220.861,
CUUR0000SA0E,2015,M07,219.852,
CUUR0000SA0E,2015,M08,213.248,
CUUR0000SA0E,2015,M09,201.641,
CUUR0000SA0E,2015,M10,194.501,
CUUR0000SA0E,2015,M11,189.267,
CUUR0000SA0E,2015,M12,183.378,
CUUR0000SA0E,2016,M01,180.171,
CUUR0000SA0E,2016,M02,172.061,
CUUR0000SA0E,2016,M03,179.017,
CUUR0000SA0E,2016,M04,185.652,
CUUR0000SA0E,2016,M05,192.673,
CUUR0000SA0E,2016,M06,200.035,
CUUR0000SA0E,2016,M07,195.940,
CUUR0000SA0E,2016,M08,193.524,
CUUR0000SA0E,2016,M09,195.852,
CUUR0000SA0E,2016,M10,194.786,
CUUR0000SA0E,2016,M11,191.402,
CUUR0000SA0E,2016,M12,193.306,
CUUR0000SA0E,2017,M01,199.608,
CUUR0000SA0E,2017,M02,198.195,
CUUR0000SA0E,2017,M03,198.597,
CUUR0000SA0E,2017,M04,202.869,
CUUR0000SA0E,2017,M05,203.132,
CUUR0000SA0E,2017,M06,204.646,
CUUR0000SA0E,2017,M07,202.554,
CUUR0000SA0E,2017,M08,205.894,
CUUR0000SA0E,2017,M09,215.711,
CUUR0000SA0E,2017,M10,207.290,
CUUR0000SA0E,2017,M11,209.383,
CUUR0000SA0E,2017,M12,206.598,
CUUR0000SA0E,2018,M01,210.663,
CUUR0000SA0E,2018,M02,213.519,
CUUR0000SA0E,2018,M03,212.554,
CUUR0000SA0E,2018,M04,218.830,
CUUR0000SA0E,2018,M05,226.810,
CUUR0000SA0E,2018,M06,229.137,
CUUR0000SA0E,2018,M07,227.107,
CUUR0000SA0E,2018,M08,226.939,
CUUR0000SA0E,2018,M09,226.165,
CUUR0000SA0E,2018,M10,225.757,
CUUR0000SA0E,2018,M11,215.910,
CUUR0000SA0E,2018,M12,205.905,
CUUR0000SA0E,2019,M01,200.563,
CUUR0000SA0E,2019,M02,202.740,
CUUR0000SA0E,2019,M03,211.724,
CUUR0000SA0E,2019,M04,222.499,
CUUR0000SA0E,2019,M05,225.773,
CUUR0000SA0E,2019,M06,221.373,
CUUR0000SA0E,2019,M07,222.492,
CUUR0000SA0E,2019,M08,216.978,
CUUR0000SA0E,2019,M09,215.418,
CUUR0000SA0E,2019,M10,216.351,
CUUR0000SA0E,2019,M11,214.636,
CUUR0000SA0E,2019,M12,212.982,
CUUR0000SA0E,2020,M01,213.043,
CUUR0000SA0E,2020,M02,208.354,
CUUR0000SA0E,2020,M03,199.573,
CUUR0000SA0E,2020,M04,183.081,
CUUR0000SA0E,2020,M05,183.076,
CUUR0000SA0E,2020,M06,193.379,
CUUR0000SA0E,2020,M07,197.665,
CUUR0000SA0E,2020,M08,197.362,
CUUR0000SA0E,2020,M09,198.858,
CUUR0000SA0E,2020,M10,196.458,
CUUR0000SA0E,2020,M11,194.388,
CUUR0000SA0E,2020,M12,198.155,
CUUR0000SA0E,2021,M01,205.273,
CUUR0000SA0E,2021,M02,213.277,
CUUR0000SA0E,2021,M03,225.861,
CUUR0000SA0E,2021,M04,229.116,
CUUR0000SA0E,2021,M05,235.339,
CUUR0000SA0E,2021,M06,240.720,
CUUR0000SA0E,2021,M07,244.800,
CUUR0000SA0E,2021,M08,246.639,
CUUR0000SA0E,2021,M09,248.228,
CUUR0000SA0E,2021,M10,255.338,
CUUR0000SA0E,2021,M11,259.100,
CUUR0000SA0E,2021,M12,256.207,
CUUR0000SA0E,2022,M01,260.653,
CUUR0000SA0E,2022,M02,267.771,
CUUR0000SA0E,2022,M03,298.246,
CUUR0000SA0E,2022,M04,298.469,
CUUR0000SA0E,2022,M05,316.761,
CUUR0000SA0E,2022,M06,340.917,
CUUR0000SA0E,2022,M07,325.407,
CUUR0000SA0E,2022,M08,305.372,
CUUR0000SA0E,2022,M09,297.343,
CUUR0000SA0E,2022,M10,300.359,
CUUR0000SA0E,2022,M11,292.953,
CUUR0000SA0E,2022,M12,274.937,
CUUR0000SA0E,2023,M01,283.330,
CUUR0000SA0E,2023,M02,281.673,
CUUR0000SA0E,2023,M03,279.084,
CUUR0000SA0E,2023,M04,283.352,
CUUR0000SA0E,2023,M05,279.816,
CUUR0000SA0E,2023,M06,283.854,
CUUR0000SA0E,2023,M07,284.828,
CUUR0000SA0E,2023,M08,294.328,
CUUR0000SA0E,2023,M09,296.004,
CUUR0000SA0E,2023,M10,286.754,
CUUR0000SA0E,2023,M11,277.029,
CUUR0000SA0E,2023,M12,269.375,
CUUR0000SA0E,2024,M01,270.420,
CUUR0000SA0E,2024,M02,276.331,
CUUR0000SA0E,2024,M03,285.002,
CUUR0000SA0E,2024,M04,290.760,
CUUR0000SA0E,2024,M05,290.139,
CUUR0000SA0E,2024,M06,286.675,
CUUR0000SA0E,2024,M07,287.868,
CUUR0000SA0E,2024,M08,282.614,
CUUR0000SA0E,2024,M09,275.740,
CUUR0000SA0E,2024,M10,272.807,
CUUR0000SA0E,2024,M11,268.213,
CUUR0000SA0E,2024,M12,267.963,
CUUR0000SA0E,2025,M01,273.045,
CUUR0000SA0E,2025,M02,275.867,
CUUR0000SA0E,2025,M03,275.734,
CUUR0000SA0E,2025,M04,279.888,
CUUR0000SA0E,2025,M05,280.097,
CUUR0000SA0E,2025,M06,284.307,
CUUR0000SA0E,2025,M07,283.395,
CUUR0000SA0E,2025,M08,283.247,
CUUR0000SA0E,2025,M09,283.589,
CUUR0000SA0E,2025,M10,-,Data unavailable due to the 2025 lapse in appropriations
CUUR0000SA0E,2025,M11,279.588,
CUUR0000SA0E,2025,M12,274.131,
CUUR0000SA0E,2026,M01,272.668,
CUUR0000SA0E,2026,M02,277.179,
CUUR0000SA0E,2026,M03,310.280,
CUUR0000SA0E,2026,M04,329.907,
CUUR0000SA0E,2026,M05,346.042,
CUUR0000SA0E,2026,M06,328.950,
CUUR0000SA0E,2026,M07,325.150,
CUUR0000SA0L1E,1997,M01,167.5,
CUUR0000SA0L1E,1997,M02,168.3,
CUUR0000SA0L1E,1997,M03,169.0,
CUUR0000SA0L1E,1997,M04,169.4,
CUUR0000SA0L1E,1997,M05,169.3,
CUUR0000SA0L1E,1997,M06,169.2,
CUUR0000SA0L1E,1997,M07,169.5,
CUUR0000SA0L1E,1997,M08,169.6,
CUUR0000SA0L1E,1997,M09,170.0,
CUUR0000SA0L1E,1997,M10,170.8,
CUUR0000SA0L1E,1997,M11,170.8,
CUUR0000SA0L1E,1997,M12,170.7,
CUUR0000SA0L1E,1998,M01,171.2,
CUUR0000SA0L1E,1998,M02,172.1,
CUUR0000SA0L1E,1998,M03,172.6,
CUUR0000SA0L1E,1998,M04,173.0,
CUUR0000SA0L1E,1998,M05,173.1,
CUUR0000SA0L1E,1998,M06,173.0,
CUUR0000SA0L1E,1998,M07,173.3,
CUUR0000SA0L1E,1998,M08,173.8,
CUUR0000SA0L1E,1998,M09,174.2,
CUUR0000SA0L1E,1998,M10,174.7,
CUUR0000SA0L1E,1998,M11,174.8,
CUUR0000SA0L1E,1998,M12,174.8,
CUUR0000SA0L1E,1999,M01,175.3,
CUUR0000SA0L1E,1999,M02,175.7,
CUUR0000SA0L1E,1999,M03,176.2,
CUUR0000SA0L1E,1999,M04,176.8,
CUUR0000SA0L1E,1999,M05,176.6,
CUUR0000SA0L1E,1999,M06,176.6,
CUUR0000SA0L1E,1999,M07,176.9,
CUUR0000SA0L1E,1999,M08,177.1,
CUUR0000SA0L1E,1999,M09,177.7,
CUUR0000SA0L1E,1999,M10,178.3,
CUUR0000SA0L1E,1999,M11,178.4,
CUUR0000SA0L1E,1999,M12,178.2,
CUUR0000SA0L1E,2000,M01,178.8,
CUUR0000SA0L1E,2000,M02,179.5,
CUUR0000SA0L1E,2000,M03,180.5,
CUUR0000SA0L1E,2000,M04,180.9,
CUUR0000SA0L1E,2000,M05,180.9,
CUUR0000SA0L1E,2000,M06,181.0,
CUUR0000SA0L1E,2000,M07,181.3,
CUUR0000SA0L1E,2000,M08,181.7,
CUUR0000SA0L1E,2000,M09,182.3,
CUUR0000SA0L1E,2000,M10,182.8,
CUUR0000SA0L1E,2000,M11,183.0,
CUUR0000SA0L1E,2000,M12,182.8,
CUUR0000SA0L1E,2001,M01,183.5,
CUUR0000SA0L1E,2001,M02,184.4,
CUUR0000SA0L1E,2001,M03,185.3,
CUUR0000SA0L1E,2001,M04,185.6,
CUUR0000SA0L1E,2001,M05,185.5,
CUUR0000SA0L1E,2001,M06,185.9,
CUUR0000SA0L1E,2001,M07,186.2,
CUUR0000SA0L1E,2001,M08,186.6,
CUUR0000SA0L1E,2001,M09,187.1,
CUUR0000SA0L1E,2001,M10,187.6,
CUUR0000SA0L1E,2001,M11,188.1,
CUUR0000SA0L1E,2001,M12,187.8,
CUUR0000SA0L1E,2002,M01,188.2,
CUUR0000SA0L1E,2002,M02,189.2,
CUUR0000SA0L1E,2002,M03,189.8,
CUUR0000SA0L1E,2002,M04,190.3,
CUUR0000SA0L1E,2002,M05,190.2,
CUUR0000SA0L1E,2002,M06,190.1,
CUUR0000SA0L1E,2002,M07,190.3,
CUUR0000SA0L1E,2002,M08,191.0,
CUUR0000SA0L1E,2002,M09,191.3,
CUUR0000SA0L1E,2002,M10,191.8,
CUUR0000SA0L1E,2002,M11,191.8,
CUUR0000SA0L1E,2002,M12,191.4,
CUUR0000SA0L1E,2003,M01,191.8,
CUUR0000SA0L1E,2003,M02,192.5,
CUUR0000SA0L1E,2003,M03,193.0,
CUUR0000SA0L1E,2003,M04,193.1,
CUUR0000SA0L1E,2003,M05,193.2,
CUUR0000SA0L1E,2003,M06,193.0,
CUUR0000SA0L1E,2003,M07,193.2,
CUUR0000SA0L1E,2003,M08,193.5,
CUUR0000SA0L1E,2003,M09,193.6,
CUUR0000SA0L1E,2003,M10,194.3,
CUUR0000SA0L1E,2003,M11,193.9,
CUUR0000SA0L1E,2003,M12,193.6,
CUUR0000SA0L1E,2004,M01,194.0,
CUUR0000SA0L1E,2004,M02,194.9,
CUUR0000SA0L1E,2004,M03,196.1,
CUUR0000SA0L1E,2004,M04,196.5,
CUUR0000SA0L1E,2004,M05,196.5,
CUUR0000SA0L1E,2004,M06,196.6,
CUUR0000SA0L1E,2004,M07,196.6,
CUUR0000SA0L1E,2004,M08,196.8,
CUUR0000SA0L1E,2004,M09,197.4,
CUUR0000SA0L1E,2004,M10,198.2,
CUUR0000SA0L1E,2004,M11,198.1,
CUUR0000SA0L1E,2004,M12,197.8,
CUUR0000SA0L1E,2005,M01,198.4,
CUUR0000SA0L1E,2005,M02,199.5,
CUUR0000SA0L1E,2005,M03,200.7,
CUUR0000SA0L1E,2005,M04,200.9,
CUUR0000SA0L1E,2005,M05,200.8,
CUUR0000SA0L1E,2005,M06,200.6,
CUUR0000SA0L1E,2005,M07,200.8,
CUUR0000SA0L1E,2005,M08,201.0,
CUUR0000SA0L1E,2005,M09,201.3,
CUUR0000SA0L1E,2005,M10,202.3,
CUUR0000SA0L1E,2005,M11,202.3,
CUUR0000SA0L1E,2005,M12,202.1,
CUUR0000SA0L1E,2006,M01,202.6,
CUUR0000SA0L1E,2006,M02,203.6,
CUUR0000SA0L1E,2006,M03,204.9,
CUUR0000SA0L1E,2006,M04,205.5,
CUUR0000SA0L1E,2006,M05,205.7,
CUUR0000SA0L1E,2006,M06,205.9,
CUUR0000SA0L1E,2006,M07,206.2,
CUUR0000SA0L1E,2006,M08,206.7,
CUUR0000SA0L1E,2006,M09,207.2,
CUUR0000SA0L1E,2006,M10,207.8,
CUUR0000SA0L1E,2006,M11,207.6,
CUUR0000SA0L1E,2006,M12,207.3,
CUUR0000SA0L1E,2007,M01,208.009,
CUUR0000SA0L1E,2007,M02,209.112,
CUUR0000SA0L1E,2007,M03,209.923,
CUUR0000SA0L1E,2007,M04,210.311,
CUUR0000SA0L1E,2007,M05,210.316,
CUUR0000SA0L1E,2007,M06,210.474,
CUUR0000SA0L1E,2007,M07,210.756,
CUUR0000SA0L1E,2007,M08,211.111,
CUUR0000SA0L1E,2007,M09,211.628,
CUUR0000SA0L1E,2007,M10,212.318,
CUUR0000SA0L1E,2007,M11,212.435,
CUUR0000SA0L1E,2007,M12,212.356,
CUUR0000SA0L1E,2008,M01,213.138,
CUUR0000SA0L1E,2008,M02,213.866,
CUUR0000SA0L1E,2008,M03,214.866,
CUUR0000SA0L1E,2008,M04,215.059,
CUUR0000SA0L1E,2008,M05,215.180,
CUUR0000SA0L1E,2008,M06,215.553,
CUUR0000SA0L1E,2008,M07,216.045,
CUUR0000SA0L1E,2008,M08,216.476,
CUUR0000SA0L1E,2008,M09,216.862,
CUUR0000SA0L1E,2008,M10,217.023,
CUUR0000SA0L1E,2008,M11,216.690,
CUUR0000SA0L1E,2008,M12,216.100,
CUUR0000SA0L1E,2009,M01,216.719,
CUUR0000SA0L1E,2009,M02,217.685,
CUUR0000SA0L1E,2009,M03,218.639,
CUUR0000SA0L1E,2009,M04,219.143,
CUUR0000SA0L1E,2009,M05,219.128,
CUUR0000SA0L1E,2009,M06,219.283,
CUUR0000SA0L1E,2009,M07,219.350,
CUUR0000SA0L1E,2009,M08,219.596,
CUUR0000SA0L1E,2009,M09,220.137,
CUUR0000SA0L1E,2009,M10,220.731,
CUUR0000SA0L1E,2009,M11,220.384,
CUUR0000SA0L1E,2009,M12,220.025,
CUUR0000SA0L1E,2010,M01,220.086,
CUUR0000SA0L1E,2010,M02,220.602,
CUUR0000SA0L1E,2010,M03,221.059,
CUUR0000SA0L1E,2010,M04,221.166,
CUUR0000SA0L1E,2010,M05,221.193,
CUUR0000SA0L1E,2010,M06,221.265,
CUUR0000SA0L1E,2010,M07,221.258,
CUUR0000SA0L1E,2010,M08,221.551,
CUUR0000SA0L1E,2010,M09,221.907,
CUUR0000SA0L1E,2010,M10,222.079,
CUUR0000SA0L1E,2010,M11,222.077,
CUUR0000SA0L1E,2010,M12,221.795,
CUUR0000SA0L1E,2011,M01,222.177,
CUUR0000SA0L1E,2011,M02,223.011,
CUUR0000SA0L1E,2011,M03,223.690,
CUUR0000SA0L1E,2011,M04,224.118,
CUUR0000SA0L1E,2011,M05,224.534,
CUUR0000SA0L1E,2011,M06,224.891,
CUUR0000SA0L1E,2011,M07,225.164,
CUUR0000SA0L1E,2011,M08,225.874,
CUUR0000SA0L1E,2011,M09,226.289,
CUUR0000SA0L1E,2011,M10,226.743,
CUUR0000SA0L1E,2011,M11,226.859,
CUUR0000SA0L1E,2011,M12,226.740,
CUUR0000SA0L1E,2012,M01,227.237,
CUUR0000SA0L1E,2012,M02,227.865,
CUUR0000SA0L1E,2012,M03,228.735,
CUUR0000SA0L1E,2012,M04,229.303,
CUUR0000SA0L1E,2012,M05,229.602,
CUUR0000SA0L1E,2012,M06,229.879,
CUUR0000SA0L1E,2012,M07,229.893,
CUUR0000SA0L1E,2012,M08,230.196,
CUUR0000SA0L1E,2012,M09,230.780,
CUUR0000SA0L1E,2012,M10,231.276,
CUUR0000SA0L1E,2012,M11,231.263,
CUUR0000SA0L1E,2012,M12,231.033,
CUUR0000SA0L1E,2013,M01,231.612,
CUUR0000SA0L1E,2013,M02,232.432,
CUUR0000SA0L1E,2013,M03,233.052,
CUUR0000SA0L1E,2013,M04,233.236,
CUUR0000SA0L1E,2013,M05,233.462,
CUUR0000SA0L1E,2013,M06,233.640,
CUUR0000SA0L1E,2013,M07,233.792,
CUUR0000SA0L1E,2013,M08,234.258,
CUUR0000SA0L1E,2013,M09,234.782,
CUUR0000SA0L1E,2013,M10,235.162,
CUUR0000SA0L1E,2013,M11,235.243,
CUUR0000SA0L1E,2013,M12,235.000,
CUUR0000SA0L1E,2014,M01,235.367,
CUUR0000SA0L1E,2014,M02,236.075,
CUUR0000SA0L1E,2014,M03,236.913,
CUUR0000SA0L1E,2014,M04,237.509,
CUUR0000SA0L1E,2014,M05,238.029,
CUUR0000SA0L1E,2014,M06,238.157,
CUUR0000SA0L1E,2014,M07,238.138,
CUUR0000SA0L1E,2014,M08,238.296,
CUUR0000SA0L1E,2014,M09,238.841,
CUUR0000SA0L1E,2014,M10,239.413,
CUUR0000SA0L1E,2014,M11,239.248,
CUUR0000SA0L1E,2014,M12,238.775,
CUUR0000SA0L1E,2015,M01,239.248,
CUUR0000SA0L1E,2015,M02,240.083,
CUUR0000SA0L1E,2015,M03,241.067,
CUUR0000SA0L1E,2015,M04,241.802,
CUUR0000SA0L1E,2015,M05,242.119,
CUUR0000SA0L1E,2015,M06,242.354,
CUUR0000SA0L1E,2015,M07,242.436,
CUUR0000SA0L1E,2015,M08,242.651,
CUUR0000SA0L1E,2015,M09,243.359,
CUUR0000SA0L1E,2015,M10,243.985,
CUUR0000SA0L1E,2015,M11,244.075,
CUUR0000SA0L1E,2015,M12,243.779,
CUUR0000SA0L1E,2016,M01,244.528,
CUUR0000SA0L1E,2016,M02,245.680,
CUUR0000SA0L1E,2016,M03,246.358,
CUUR0000SA0L1E,2016,M04,246.992,
CUUR0000SA0L1E,2016,M05,247.544,
CUUR0000SA0L1E,2016,M06,247.794,
CUUR0000SA0L1E,2016,M07,247.744,
CUUR0000SA0L1E,2016,M08,248.278,
CUUR0000SA0L1E,2016,M09,248.731,
CUUR0000SA0L1E,2016,M10,249.218,
CUUR0000SA0L1E,2016,M11,249.227,
CUUR0000SA0L1E,2016,M12,249.134,
CUUR0000SA0L1E,2017,M01,250.083,
CUUR0000SA0L1E,2017,M02,251.143,
CUUR0000SA0L1E,2017,M03,251.290,
CUUR0000SA0L1E,2017,M04,251.642,
CUUR0000SA0L1E,2017,M05,251.835,
CUUR0000SA0L1E,2017,M06,252.014,
CUUR0000SA0L1E,2017,M07,251.936,
CUUR0000SA0L1E,2017,M08,252.460,
CUUR0000SA0L1E,2017,M09,252.941,
CUUR0000SA0L1E,2017,M10,253.638,
CUUR0000SA0L1E,2017,M11,253.492,
CUUR0000SA0L1E,2017,M12,253.558,
CUUR0000SA0L1E,2018,M01,254.638,
CUUR0000SA0L1E,2018,M02,255.783,
CUUR0000SA0L1E,2018,M03,256.610,
CUUR0000SA0L1E,2018,M04,257.025,
CUUR0000SA0L1E,2018,M05,257.469,
CUUR0000SA0L1E,2018,M06,257.697,
CUUR0000SA0L1E,2018,M07,257.867,
CUUR0000SA0L1E,2018,M08,258.012,
CUUR0000SA0L1E,2018,M09,258.429,
CUUR0000SA0L1E,2018,M10,259.063,
CUUR0000SA0L1E,2018,M11,259.105,
CUUR0000SA0L1E,2018,M12,259.083,
CUUR0000SA0L1E,2019,M01,260.122,
CUUR0000SA0L1E,2019,M02,261.114,
CUUR0000SA0L1E,2019,M03,261.836,
CUUR0000SA0L1E,2019,M04,262.332,
CUUR0000SA0L1E,2019,M05,262.590,
CUUR0000SA0L1E,2019,M06,263.177,
CUUR0000SA0L1E,2019,M07,263.566,
CUUR0000SA0L1E,2019,M08,264.169,
CUUR0000SA0L1E,2019,M09,264.522,
CUUR0000SA0L1E,2019,M10,265.059,
CUUR0000SA0L1E,2019,M11,265.108,
CUUR0000SA0L1E,2019,M12,264.935,
CUUR0000SA0L1E,2020,M01,266.004,
CUUR0000SA0L1E,2020,M02,267.268,
CUUR0000SA0L1E,2020,M03,267.312,
CUUR0000SA0L1E,2020,M04,266.089,
CUUR0000SA0L1E,2020,M05,265.799,
CUUR0000SA0L1E,2020,M06,266.302,
CUUR0000SA0L1E,2020,M07,267.703,
CUUR0000SA0L1E,2020,M08,268.756,
CUUR0000SA0L1E,2020,M09,269.054,
CUUR0000SA0L1E,2020,M10,269.328,
CUUR0000SA0L1E,2020,M11,269.473,
CUUR0000SA0L1E,2020,M12,269.226,
CUUR0000SA0L1E,2021,M01,269.755,
CUUR0000SA0L1E,2021,M02,270.696,
CUUR0000SA0L1E,2021,M03,271.713,
CUUR0000SA0L1E,2021,M04,273.968,
CUUR0000SA0L1E,2021,M05,275.893,
CUUR0000SA0L1E,2021,M06,278.218,
CUUR0000SA0L1E,2021,M07,279.146,
CUUR0000SA0L1E,2021,M08,279.507,
CUUR0000SA0L1E,2021,M09,279.884,
CUUR0000SA0L1E,2021,M10,281.617,
CUUR0000SA0L1E,2021,M11,282.754,
CUUR0000SA0L1E,2021,M12,283.908,
CUUR0000SA0L1E,2022,M01,285.996,
CUUR0000SA0L1E,2022,M02,288.059,
CUUR0000SA0L1E,2022,M03,289.305,
CUUR0000SA0L1E,2022,M04,290.846,
CUUR0000SA0L1E,2022,M05,292.506,
CUUR0000SA0L1E,2022,M06,294.680,
CUUR0000SA0L1E,2022,M07,295.646,
CUUR0000SA0L1E,2022,M08,297.178,
CUUR0000SA0L1E,2022,M09,298.442,
CUUR0000SA0L1E,2022,M10,299.315,
CUUR0000SA0L1E,2022,M11,299.600,
CUUR0000SA0L1E,2022,M12,300.113,
CUUR0000SA0L1E,2023,M01,301.962,
CUUR0000SA0L1E,2023,M02,304.011,
CUUR0000SA0L1E,2023,M03,305.476,
CUUR0000SA0L1E,2023,M04,306.899,
CUUR0000SA0L1E,2023,M05,308.096,
CUUR0000SA0L1E,2023,M06,308.910,
CUUR0000SA0L1E,2023,M07,309.402,
CUUR0000SA0L1E,2023,M08,310.103,
CUUR0000SA0L1E,2023,M09,310.817,
CUUR0000SA0L1E,2023,M10,311.380,
CUUR0000SA0L1E,2023,M11,311.606,
CUUR0000SA0L1E,2023,M12,311.907,
CUUR0000SA0L1E,2024,M01,313.623,
CUUR0000SA0L1E,2024,M02,315.419,
CUUR0000SA0L1E,2024,M03,317.088,
CUUR0000SA0L1E,2024,M04,317.978,
CUUR0000SA0L1E,2024,M05,318.629,
CUUR0000SA0L1E,2024,M06,319.003,
CUUR0000SA0L1E,2024,M07,319.214,
CUUR0000SA0L1E,2024,M08,320.017,
CUUR0000SA0L1E,2024,M09,321.109,
CUUR0000SA0L1E,2024,M10,321.758,
CUUR0000SA0L1E,2024,M11,321.947,
CUUR0000SA0L1E,2024,M12,322.007,
CUUR0000SA0L1E,2025,M01,323.842,
CUUR0000SA0L1E,2025,M02,325.252,
CUUR0000SA0L1E,2025,M03,325.933,
CUUR0000SA0L1E,2025,M04,326.815,
CUUR0000SA0L1E,2025,M05,327.509,
CUUR0000SA0L1E,2025,M06,328.364,
CUUR0000SA0L1E,2025,M07,328.980,
CUUR0000SA0L1E,2025,M08,329.970,
CUUR0000SA0L1E,2025,M09,330.804,
CUUR0000SA0L1E,2025,M10,-,Data unavailable due to the 2025 lapse in appropriations
CUUR0000SA0L1E,2025,M11,330.425,
CUUR0000SA0L1E,2025,M12,330.506,
CUUR0000SA0L1E,2026,M01,331.950,
CUUR0000SA0L1E,2026,M02,333.242,
CUUR0000SA0L1E,2026,M03,334.391,
CUUR0000SA0L1E,2026,M04,335.803,
CUUR0000SA0L1E,2026,M05,336.846,
CUUR0000SA0L1E,2026,M06,336.882,
CUUR0000SA0L1E,2026,M07,337.133,
CUUR0000SAA,1997,M01,129.6,
CUUR0000SAA,1997,M02,131.9,
CUUR0000SAA,1997,M03,134.5,
CUUR0000SAA,1997,M04,136.1,
CUUR0000SAA,1997,M05,135.3,
CUUR0000SAA,1997,M06,132.4,
CUUR0000SAA,1997,M07,130.2,
CUUR0000SAA,1997,M08,130.0,
CUUR0000SAA,1997,M09,133.0,
CUUR0000SAA,1997,M10,134.9,
CUUR0000SAA,1997,M11,134.7,
CUUR0000SAA,1997,M12,131.6,
CUUR0000SAA,1998,M01,129.8,
CUUR0000SAA,1998,M02,131.9,
CUUR0000SAA,1998,M03,134.9,
CUUR0000SAA,1998,M04,135.8,
CUUR0000SAA,1998,M05,135.3,
CUUR0000SAA,1998,M06,132.5,
CUUR0000SAA,1998,M07,129.6,
CUUR0000SAA,1998,M08,131.6,
CUUR0000SAA,1998,M09,133.6,
CUUR0000SAA,1998,M10,135.6,
CUUR0000SAA,1998,M11,135.0,
CUUR0000SAA,1998,M12,130.7,
CUUR0000SAA,1999,M01,127.9,
CUUR0000SAA,1999,M02,129.7,
CUUR0000SAA,1999,M03,132.7,
CUUR0000SAA,1999,M04,135.2,
CUUR0000SAA,1999,M05,134.2,
CUUR0000SAA,1999,M06,130.9,
CUUR0000SAA,1999,M07,127.3,
CUUR0000SAA,1999,M08,127.5,
CUUR0000SAA,1999,M09,131.8,
CUUR0000SAA,1999,M10,134.6,
CUUR0000SAA,1999,M11,133.6,
CUUR0000SAA,1999,M12,130.1,
CUUR0000SAA,2000,M01,126.8,
CUUR0000SAA,2000,M02,129.2,
CUUR0000SAA,2000,M03,132.5,
CUUR0000SAA,2000,M04,133.3,
CUUR0000SAA,2000,M05,132.2,
CUUR0000SAA,2000,M06,128.3,
CUUR0000SAA,2000,M07,124.5,
CUUR0000SAA,2000,M08,125.3,
CUUR0000SAA,2000,M09,130.4,
CUUR0000SAA,2000,M10,132.8,
CUUR0000SAA,2000,M11,131.8,
CUUR0000SAA,2000,M12,127.8,
CUUR0000SAA,2001,M01,125.4,
CUUR0000SAA,2001,M02,128.4,
CUUR0000SAA,2001,M03,132.2,
CUUR0000SAA,2001,M04,131.9,
CUUR0000SAA,2001,M05,129.8,
CUUR0000SAA,2001,M06,126.3,
CUUR0000SAA,2001,M07,122.6,
CUUR0000SAA,2001,M08,122.6,
CUUR0000SAA,2001,M09,126.8,
CUUR0000SAA,2001,M10,129.5,
CUUR0000SAA,2001,M11,128.0,
CUUR0000SAA,2001,M12,123.7,
CUUR0000SAA,2002,M01,120.4,
CUUR0000SAA,2002,M02,123.5,
CUUR0000SAA,2002,M03,128.2,
CUUR0000SAA,2002,M04,128.8,
CUUR0000SAA,2002,M05,127.1,
CUUR0000SAA,2002,M06,122.7,
CUUR0000SAA,2002,M07,118.7,
CUUR0000SAA,2002,M08,120.5,
CUUR0000SAA,2002,M09,124.6,
CUUR0000SAA,2002,M10,126.8,
CUUR0000SAA,2002,M11,125.5,
CUUR0000SAA,2002,M12,121.5,
CUUR0000SAA,2003,M01,118.1,
CUUR0000SAA,2003,M02,120.6,
CUUR0000SAA,2003,M03,123.6,
CUUR0000SAA,2003,M04,123.9,
CUUR0000SAA,2003,M05,122.5,
CUUR0000SAA,2003,M06,119.5,
CUUR0000SAA,2003,M07,116.2,
CUUR0000SAA,2003,M08,117.2,
CUUR0000SAA,2003,M09,122.0,
CUUR0000SAA,2003,M10,124.8,
CUUR0000SAA,2003,M11,123.1,
CUUR0000SAA,2003,M12,119.0,
CUUR0000SAA,2004,M01,115.8,
CUUR0000SAA,2004,M02,118.6,
CUUR0000SAA,2004,M03,123.5,
CUUR0000SAA,2004,M04,124.3,
CUUR0000SAA,2004,M05,123.4,
CUUR0000SAA,2004,M06,120.1,
CUUR0000SAA,2004,M07,115.9,
CUUR0000SAA,2004,M08,116.5,
CUUR0000SAA,2004,M09,121.2,
CUUR0000SAA,2004,M10,124.1,
CUUR0000SAA,2004,M11,123.0,
CUUR0000SAA,2004,M12,118.8,
CUUR0000SAA,2005,M01,116.1,
CUUR0000SAA,2005,M02,118.7,
CUUR0000SAA,2005,M03,123.5,
CUUR0000SAA,2005,M04,123.7,
CUUR0000SAA,2005,M05,122.4,
CUUR0000SAA,2005,M06,118.3,
CUUR0000SAA,2005,M07,113.8,
CUUR0000SAA,2005,M08,115.8,
CUUR0000SAA,2005,M09,120.5,
CUUR0000SAA,2005,M10,122.7,
CUUR0000SAA,2005,M11,121.5,
CUUR0000SAA,2005,M12,117.5,
CUUR0000SAA,2006,M01,114.9,
CUUR0000SAA,2006,M02,116.6,
CUUR0000SAA,2006,M03,122.0,
CUUR0000SAA,2006,M04,123.4,
CUUR0000SAA,2006,M05,122.4,
CUUR0000SAA,2006,M06,118.9,
CUUR0000SAA,2006,M07,113.8,
CUUR0000SAA,2006,M08,116.1,
CUUR0000SAA,2006,M09,121.7,
CUUR0000SAA,2006,M10,123.3,
CUUR0000SAA,2006,M11,121.7,
CUUR0000SAA,2006,M12,118.6,
CUUR0000SAA,2007,M01,115.988,
CUUR0000SAA,2007,M02,119.017,
CUUR0000SAA,2007,M03,122.582,
CUUR0000SAA,2007,M04,122.934,
CUUR0000SAA,2007,M05,121.452,
CUUR0000SAA,2007,M06,117.225,
CUUR0000SAA,2007,M07,113.500,
CUUR0000SAA,2007,M08,114.439,
CUUR0000SAA,2007,M09,119.535,
CUUR0000SAA,2007,M10,121.846,
CUUR0000SAA,2007,M11,121.204,
CUUR0000SAA,2007,M12,118.257,
CUUR0000SAA,2008,M01,115.795,
CUUR0000SAA,2008,M02,117.839,
CUUR0000SAA,2008,M03,120.881,
CUUR0000SAA,2008,M04,122.113,
CUUR0000SAA,2008,M05,120.752,
CUUR0000SAA,2008,M06,117.019,
CUUR0000SAA,2008,M07,114.357,
CUUR0000SAA,2008,M08,116.376,
CUUR0000SAA,2008,M09,121.168,
CUUR0000SAA,2008,M10,122.243,
CUUR0000SAA,2008,M11,121.262,
CUUR0000SAA,2008,M12,117.078,
CUUR0000SAA,2009,M01,114.764,
CUUR0000SAA,2009,M02,118.825,
CUUR0000SAA,2009,M03,122.545,
CUUR0000SAA,2009,M04,123.208,
CUUR0000SAA,2009,M05,121.751,
CUUR0000SAA,2009,M06,118.799,
CUUR0000SAA,2009,M07,115.620,
CUUR0000SAA,2009,M08,117.130,
CUUR0000SAA,2009,M09,122.476,
CUUR0000SAA,2009,M10,123.998,
CUUR0000SAA,2009,M11,122.465,
CUUR0000SAA,2009,M12,119.357,
CUUR0000SAA,2010,M01,116.678,
CUUR0000SAA,2010,M02,118.869,
CUUR0000SAA,2010,M03,122.073,
CUUR0000SAA,2010,M04,122.143,
CUUR0000SAA,2010,M05,121.006,
CUUR0000SAA,2010,M06,118.319,
CUUR0000SAA,2010,M07,115.248,
CUUR0000SAA,2010,M08,116.667,
CUUR0000SAA,2010,M09,121.011,
CUUR0000SAA,2010,M10,122.454,
CUUR0000SAA,2010,M11,121.498,
CUUR0000SAA,2010,M12,118.071,
CUUR0000SAA,2011,M01,116.664,
CUUR0000SAA,2011,M02,118.369,
CUUR0000SAA,2011,M03,121.286,
CUUR0000SAA,2011,M04,122.226,
CUUR0000SAA,2011,M05,122.271,
CUUR0000SAA,2011,M06,120.578,
CUUR0000SAA,2011,M07,118.770,
CUUR0000SAA,2011,M08,121.547,
CUUR0000SAA,2011,M09,125.272,
CUUR0000SAA,2011,M10,127.590,
CUUR0000SAA,2011,M11,127.285,
CUUR0000SAA,2011,M12,123.470,
CUUR0000SAA,2012,M01,122.105,
CUUR0000SAA,2012,M02,123.312,
CUUR0000SAA,2012,M03,127.258,
CUUR0000SAA,2012,M04,128.485,
CUUR0000SAA,2012,M05,127.688,
CUUR0000SAA,2012,M06,125.241,
CUUR0000SAA,2012,M07,122.300,
CUUR0000SAA,2012,M08,123.568,
CUUR0000SAA,2012,M09,128.630,
CUUR0000SAA,2012,M10,131.359,
CUUR0000SAA,2012,M11,129.573,
CUUR0000SAA,2012,M12,125.656,
CUUR0000SAA,2013,M01,124.687,
CUUR0000SAA,2013,M02,126.303,
CUUR0000SAA,2013,M03,128.279,
CUUR0000SAA,2013,M04,128.861,
CUUR0000SAA,2013,M05,127.952,
CUUR0000SAA,2013,M06,126.205,
CUUR0000SAA,2013,M07,124.215,
CUUR0000SAA,2013,M08,125.767,
CUUR0000SAA,2013,M09,129.701,
CUUR0000SAA,2013,M10,131.070,
CUUR0000SAA,2013,M11,129.435,
CUUR0000SAA,2013,M12,126.461,
CUUR0000SAA,2014,M01,124.275,
CUUR0000SAA,2014,M02,125.493,
CUUR0000SAA,2014,M03,128.888,
CUUR0000SAA,2014,M04,129.629,
CUUR0000SAA,2014,M05,128.963,
CUUR0000SAA,2014,M06,127.302,
CUUR0000SAA,2014,M07,124.645,
CUUR0000SAA,2014,M08,125.726,
CUUR0000SAA,2014,M09,130.324,
CUUR0000SAA,2014,M10,131.961,
CUUR0000SAA,2014,M11,129.023,
CUUR0000SAA,2014,M12,123.942,
CUUR0000SAA,2015,M01,122.527,
CUUR0000SAA,2015,M02,124.457,
CUUR0000SAA,2015,M03,128.245,
CUUR0000SAA,2015,M04,128.593,
CUUR0000SAA,2015,M05,127.083,
CUUR0000SAA,2015,M06,124.954,
CUUR0000SAA,2015,M07,122.607,
CUUR0000SAA,2015,M08,124.547,
CUUR0000SAA,2015,M09,128.540,
CUUR0000SAA,2015,M10,129.446,
CUUR0000SAA,2015,M11,127.039,
CUUR0000SAA,2015,M12,122.792,
CUUR0000SAA,2016,M01,121.878,
CUUR0000SAA,2016,M02,125.567,
CUUR0000SAA,2016,M03,127.427,
CUUR0000SAA,2016,M04,127.770,
CUUR0000SAA,2016,M05,127.758,
CUUR0000SAA,2016,M06,125.472,
CUUR0000SAA,2016,M07,123.030,
CUUR0000SAA,2016,M08,124.871,
CUUR0000SAA,2016,M09,128.429,
CUUR0000SAA,2016,M10,130.328,
CUUR0000SAA,2016,M11,127.377,
CUUR0000SAA,2016,M12,122.637,
CUUR0000SAA,2017,M01,123.088,
CUUR0000SAA,2017,M02,126.100,
CUUR0000SAA,2017,M03,128.250,
CUUR0000SAA,2017,M04,128.349,
CUUR0000SAA,2017,M05,126.563,
CUUR0000SAA,2017,M06,124.630,
CUUR0000SAA,2017,M07,122.485,
CUUR0000SAA,2017,M08,124.147,
CUUR0000SAA,2017,M09,128.150,
CUUR0000SAA,2017,M10,129.570,
CUUR0000SAA,2017,M11,125.398,
CUUR0000SAA,2017,M12,120.614,
CUUR0000SAA,2018,M01,122.266,
CUUR0000SAA,2018,M02,126.587,
CUUR0000SAA,2018,M03,128.604,
CUUR0000SAA,2018,M04,129.365,
CUUR0000SAA,2018,M05,128.362,
CUUR0000SAA,2018,M06,125.382,
CUUR0000SAA,2018,M07,122.831,
CUUR0000SAA,2018,M08,122.447,
CUUR0000SAA,2018,M09,127.440,
CUUR0000SAA,2018,M10,129.108,
CUUR0000SAA,2018,M11,124.935,
CUUR0000SAA,2018,M12,120.526,
CUUR0000SAA,2019,M01,122.422,
CUUR0000SAA,2019,M02,125.631,
CUUR0000SAA,2019,M03,125.785,
CUUR0000SAA,2019,M04,125.542,
CUUR0000SAA,2019,M05,124.429,
CUUR0000SAA,2019,M06,123.749,
CUUR0000SAA,2019,M07,122.161,
CUUR0000SAA,2019,M08,123.641,
CUUR0000SAA,2019,M09,127.009,
CUUR0000SAA,2019,M10,126.154,
CUUR0000SAA,2019,M11,122.986,
CUUR0000SAA,2019,M12,119.111,
CUUR0000SAA,2020,M01,120.853,
CUUR0000SAA,2020,M02,124.438,
CUUR0000SAA,2020,M03,123.815,
CUUR0000SAA,2020,M04,118.394,
CUUR0000SAA,2020,M05,114.582,
CUUR0000SAA,2020,M06,114.734,
CUUR0000SAA,2020,M07,114.267,
CUUR0000SAA,2020,M08,116.299,
CUUR0000SAA,2020,M09,119.354,
CUUR0000SAA,2020,M10,119.172,
CUUR0000SAA,2020,M11,116.602,
CUUR0000SAA,2020,M12,114.434,
CUUR0000SAA,2021,M01,117.785,
CUUR0000SAA,2021,M02,119.998,
CUUR0000SAA,2021,M03,120.746,
CUUR0000SAA,2021,M04,120.656,
CUUR0000SAA,2021,M05,120.951,
CUUR0000SAA,2021,M06,120.324,
CUUR0000SAA,2021,M07,119.078,
CUUR0000SAA,2021,M08,121.194,
CUUR0000SAA,2021,M09,123.406,
CUUR0000SAA,2021,M10,124.323,
CUUR0000SAA,2021,M11,122.383,
CUUR0000SAA,2021,M12,121.068,
CUUR0000SAA,2022,M01,124.079,
CUUR0000SAA,2022,M02,127.868,
CUUR0000SAA,2022,M03,128.919,
CUUR0000SAA,2022,M04,127.126,
CUUR0000SAA,2022,M05,126.970,
CUUR0000SAA,2022,M06,126.619,
CUUR0000SAA,2022,M07,125.188,
CUUR0000SAA,2022,M08,127.328,
CUUR0000SAA,2022,M09,130.143,
CUUR0000SAA,2022,M10,129.414,
CUUR0000SAA,2022,M11,126.728,
CUUR0000SAA,2022,M12,124.587,
CUUR0000SAA,2023,M01,127.875,
CUUR0000SAA,2023,M02,132.039,
CUUR0000SAA,2023,M03,133.112,
CUUR0000SAA,2023,M04,131.762,
CUUR0000SAA,2023,M05,131.382,
CUUR0000SAA,2023,M06,130.510,
CUUR0000SAA,2023,M07,129.172,
CUUR0000SAA,2023,M08,131.262,
CUUR0000SAA,2023,M09,133.157,
CUUR0000SAA,2023,M10,132.786,
CUUR0000SAA,2023,M11,128.093,
CUUR0000SAA,2023,M12,125.794,
CUUR0000SAA,2024,M01,127.946,
CUUR0000SAA,2024,M02,131.985,
CUUR0000SAA,2024,M03,133.640,
CUUR0000SAA,2024,M04,133.502,
CUUR0000SAA,2024,M05,132.433,
CUUR0000SAA,2024,M06,131.525,
CUUR0000SAA,2024,M07,129.466,
CUUR0000SAA,2024,M08,131.683,
CUUR0000SAA,2024,M09,135.537,
CUUR0000SAA,2024,M10,133.179,
CUUR0000SAA,2024,M11,129.542,
CUUR0000SAA,2024,M12,127.354,
CUUR0000SAA,2025,M01,128.464,
CUUR0000SAA,2025,M02,132.774,
CUUR0000SAA,2025,M03,134.082,
CUUR0000SAA,2025,M04,132.544,
CUUR0000SAA,2025,M05,131.223,
CUUR0000SAA,2025,M06,130.844,
CUUR0000SAA,2025,M07,129.190,
CUUR0000SAA,2025,M08,131.989,
CUUR0000SAA,2025,M09,135.424,
CUUR0000SAA,2025,M10,-,Data unavailable due to the 2025 lapse in appropriations
CUUR0000SAA,2025,M11,129.763,
CUUR0000SAA,2025,M12,128.122,
CUUR0000SAA,2026,M01,130.685,
CUUR0000SAA,2026,M02,136.132,
CUUR0000SAA,2026,M03,138.582,
CUUR0000SAA,2026,M04,138.074,
CUUR0000SAA,2026,M05,137.510,
CUUR0000SAA,2026,M06,135.917,
CUUR0000SAA,2026,M07,134.182,
CUUR0000SACL1E,1997,M01,141.5,
CUUR0000SACL1E,1997,M02,142.2,
CUUR0000SACL1E,1997,M03,143.0,
CUUR0000SACL1E,1997,M04,143.5,
CUUR0000SACL1E,1997,M05,143.3,
CUUR0000SACL1E,1997,M06,142.2,
CUUR0000SACL1E,1997,M07,141.5,
CUUR0000SACL1E,1997,M08,141.2,
CUUR0000SACL1E,1997,M09,142.0,
CUUR0000SACL1E,1997,M10,142.7,
CUUR0000SACL1E,1997,M11,142.8,
CUUR0000SACL1E,1997,M12,142.1,
CUUR0000SACL1E,1998,M01,142.0,
CUUR0000SACL1E,1998,M02,142.7,
CUUR0000SACL1E,1998,M03,143.1,
CUUR0000SACL1E,1998,M04,143.8,
CUUR0000SACL1E,1998,M05,143.6,
CUUR0000SACL1E,1998,M06,142.8,
CUUR0000SACL1E,1998,M07,142.4,
CUUR0000SACL1E,1998,M08,142.7,
CUUR0000SACL1E,1998,M09,143.2,
CUUR0000SACL1E,1998,M10,143.8,
CUUR0000SACL1E,1998,M11,143.8,
CUUR0000SACL1E,1998,M12,143.9,
CUUR0000SACL1E,1999,M01,143.7,
CUUR0000SACL1E,1999,M02,143.7,
CUUR0000SACL1E,1999,M03,143.9,
CUUR0000SACL1E,1999,M04,144.9,
CUUR0000SACL1E,1999,M05,144.5,
CUUR0000SACL1E,1999,M06,143.7,
CUUR0000SACL1E,1999,M07,143.2,
CUUR0000SACL1E,1999,M08,143.0,
CUUR0000SACL1E,1999,M09,144.6,
CUUR0000SACL1E,1999,M10,145.3,
CUUR0000SACL1E,1999,M11,145.0,
CUUR0000SACL1E,1999,M12,144.2,
CUUR0000SACL1E,2000,M01,143.6,
CUUR0000SACL1E,2000,M02,144.2,
CUUR0000SACL1E,2000,M03,145.3,
CUUR0000SACL1E,2000,M04,145.9,
CUUR0000SACL1E,2000,M05,145.5,
CUUR0000SACL1E,2000,M06,144.5,
CUUR0000SACL1E,2000,M07,143.8,
CUUR0000SACL1E,2000,M08,143.7,
CUUR0000SACL1E,2000,M09,145.1,
CUUR0000SACL1E,2000,M10,145.6,
CUUR0000SACL1E,2000,M11,146.0,
CUUR0000SACL1E,2000,M12,145.1,
CUUR0000SACL1E,2001,M01,144.8,
CUUR0000SACL1E,2001,M02,145.5,
CUUR0000SACL1E,2001,M03,146.2,
CUUR0000SACL1E,2001,M04,146.6,
CUUR0000SACL1E,2001,M05,145.7,
CUUR0000SACL1E,2001,M06,144.9,
CUUR0000SACL1E,2001,M07,144.4,
CUUR0000SACL1E,2001,M08,143.8,
CUUR0000SACL1E,2001,M09,145.2,
CUUR0000SACL1E,2001,M10,145.6,
CUUR0000SACL1E,2001,M11,146.0,
CUUR0000SACL1E,2001,M12,144.7,
CUUR0000SACL1E,2002,M01,143.7,
CUUR0000SACL1E,2002,M02,144.2,
CUUR0000SACL1E,2002,M03,144.6,
CUUR0000SACL1E,2002,M04,145.1,
CUUR0000SACL1E,2002,M05,144.4,
CUUR0000SACL1E,2002,M06,143.4,
CUUR0000SACL1E,2002,M07,142.5,
CUUR0000SACL1E,2002,M08,142.8,
CUUR0000SACL1E,2002,M09,143.6,
CUUR0000SACL1E,2002,M10,143.9,
CUUR0000SACL1E,2002,M11,143.6,
CUUR0000SACL1E,2002,M12,142.5,
CUUR0000SACL1E,2003,M01,141.7,
CUUR0000SACL1E,2003,M02,142.1,
CUUR0000SACL1E,2003,M03,142.6,
CUUR0000SACL1E,2003,M04,142.5,
CUUR0000SACL1E,2003,M05,141.7,
CUUR0000SACL1E,2003,M06,140.8,
CUUR0000SACL1E,2003,M07,139.9,
CUUR0000SACL1E,2003,M08,139.7,
CUUR0000SACL1E,2003,M09,140.2,
CUUR0000SACL1E,2003,M10,140.4,
CUUR0000SACL1E,2003,M11,139.9,
CUUR0000SACL1E,2003,M12,139.0,
CUUR0000SACL1E,2004,M01,138.5,
CUUR0000SACL1E,2004,M02,139.3,
CUUR0000SACL1E,2004,M03,140.3,
CUUR0000SACL1E,2004,M04,140.5,
CUUR0000SACL1E,2004,M05,140.2,
CUUR0000SACL1E,2004,M06,139.4,
CUUR0000SACL1E,2004,M07,138.2,
CUUR0000SACL1E,2004,M08,138.1,
CUUR0000SACL1E,2004,M09,139.4,
CUUR0000SACL1E,2004,M10,140.5,
CUUR0000SACL1E,2004,M11,140.6,
CUUR0000SACL1E,2004,M12,139.8,
CUUR0000SACL1E,2005,M01,139.7,
CUUR0000SACL1E,2005,M02,140.3,
CUUR0000SACL1E,2005,M03,141.1,
CUUR0000SACL1E,2005,M04,141.2,
CUUR0000SACL1E,2005,M05,141.1,
CUUR0000SACL1E,2005,M06,140.0,
CUUR0000SACL1E,2005,M07,138.9,
CUUR0000SACL1E,2005,M08,139.0,
CUUR0000SACL1E,2005,M09,140.2,
CUUR0000SACL1E,2005,M10,141.0,
CUUR0000SACL1E,2005,M11,140.8,
CUUR0000SACL1E,2005,M12,140.1,
CUUR0000SACL1E,2006,M01,139.9,
CUUR0000SACL1E,2006,M02,140.3,
CUUR0000SACL1E,2006,M03,141.5,
CUUR0000SACL1E,2006,M04,141.7,
CUUR0000SACL1E,2006,M05,141.5,
CUUR0000SACL1E,2006,M06,140.7,
CUUR0000SACL1E,2006,M07,139.6,
CUUR0000SACL1E,2006,M08,139.9,
CUUR0000SACL1E,2006,M09,140.9,
CUUR0000SACL1E,2006,M10,141.2,
CUUR0000SACL1E,2006,M11,140.6,
CUUR0000SACL1E,2006,M12,139.9,
CUUR0000SACL1E,2007,M01,139.628,
CUUR0000SACL1E,2007,M02,140.305,
CUUR0000SACL1E,2007,M03,141.056,
CUUR0000SACL1E,2007,M04,140.995,
CUUR0000SACL1E,2007,M05,140.518,
CUUR0000SACL1E,2007,M06,139.589,
CUUR0000SACL1E,2007,M07,138.757,
CUUR0000SACL1E,2007,M08,138.895,
CUUR0000SACL1E,2007,M09,139.828,
CUUR0000SACL1E,2007,M10,140.501,
CUUR0000SACL1E,2007,M11,140.547,
CUUR0000SACL1E,2007,M12,140.014,
CUUR0000SACL1E,2008,M01,139.845,
CUUR0000SACL1E,2008,M02,140.324,
CUUR0000SACL1E,2008,M03,141.056,
CUUR0000SACL1E,2008,M04,141.156,
CUUR0000SACL1E,2008,M05,140.677,
CUUR0000SACL1E,2008,M06,139.925,
CUUR0000SACL1E,2008,M07,139.535,
CUUR0000SACL1E,2008,M08,139.785,
CUUR0000SACL1E,2008,M09,140.528,
CUUR0000SACL1E,2008,M10,140.659,
CUUR0000SACL1E,2008,M11,140.236,
CUUR0000SACL1E,2008,M12,139.228,
CUUR0000SACL1E,2009,M01,139.111,
CUUR0000SACL1E,2009,M02,140.270,
CUUR0000SACL1E,2009,M03,141.662,
CUUR0000SACL1E,2009,M04,142.489,
CUUR0000SACL1E,2009,M05,142.360,
CUUR0000SACL1E,2009,M06,141.990,
CUUR0000SACL1E,2009,M07,141.463,
CUUR0000SACL1E,2009,M08,141.310,
CUUR0000SACL1E,2009,M09,142.729,
CUUR0000SACL1E,2009,M10,143.857,
CUUR0000SACL1E,2009,M11,143.871,
CUUR0000SACL1E,2009,M12,143.383,
CUUR0000SACL1E,2010,M01,143.125,
CUUR0000SACL1E,2010,M02,143.711,
CUUR0000SACL1E,2010,M03,144.399,
CUUR0000SACL1E,2010,M04,144.169,
CUUR0000SACL1E,2010,M05,143.888,
CUUR0000SACL1E,2010,M06,143.376,
CUUR0000SACL1E,2010,M07,142.864,
CUUR0000SACL1E,2010,M08,143.206,
CUUR0000SACL1E,2010,M09,143.866,
CUUR0000SACL1E,2010,M10,144.028,
CUUR0000SACL1E,2010,M11,143.594,
CUUR0000SACL1E,2010,M12,142.830,
CUUR0000SACL1E,2011,M01,142.845,
CUUR0000SACL1E,2011,M02,143.712,
CUUR0000SACL1E,2011,M03,144.632,
CUUR0000SACL1E,2011,M04,145.214,
CUUR0000SACL1E,2011,M05,145.657,
CUUR0000SACL1E,2011,M06,145.741,
CUUR0000SACL1E,2011,M07,145.486,
CUUR0000SACL1E,2011,M08,146.159,
CUUR0000SACL1E,2011,M09,146.734,
CUUR0000SACL1E,2011,M10,147.068,
CUUR0000SACL1E,2011,M11,146.811,
CUUR0000SACL1E,2011,M12,145.929,
CUUR0000SACL1E,2012,M01,145.963,
CUUR0000SACL1E,2012,M02,146.628,
CUUR0000SACL1E,2012,M03,147.644,
CUUR0000SACL1E,2012,M04,148.070,
CUUR0000SACL1E,2012,M05,148.020,
CUUR0000SACL1E,2012,M06,147.725,
CUUR0000SACL1E,2012,M07,147.137,
CUUR0000SACL1E,2012,M08,147.133,
CUUR0000SACL1E,2012,M09,147.740,
CUUR0000SACL1E,2012,M10,148.036,
CUUR0000SACL1E,2012,M11,147.487,
CUUR0000SACL1E,2012,M12,146.387,
CUUR0000SACL1E,2013,M01,146.492,
CUUR0000SACL1E,2013,M02,147.093,
CUUR0000SACL1E,2013,M03,147.717,
CUUR0000SACL1E,2013,M04,147.992,
CUUR0000SACL1E,2013,M05,147.762,
CUUR0000SACL1E,2013,M06,147.385,
CUUR0000SACL1E,2013,M07,146.872,
CUUR0000SACL1E,2013,M08,147.088,
CUUR0000SACL1E,2013,M09,147.659,
CUUR0000SACL1E,2013,M10,147.814,
CUUR0000SACL1E,2013,M11,147.191,
CUUR0000SACL1E,2013,M12,146.277,
CUUR0000SACL1E,2014,M01,146.025,
CUUR0000SACL1E,2014,M02,146.509,
CUUR0000SACL1E,2014,M03,147.226,
CUUR0000SACL1E,2014,M04,147.589,
CUUR0000SACL1E,2014,M05,147.454,
CUUR0000SACL1E,2014,M06,147.087,
CUUR0000SACL1E,2014,M07,146.452,
CUUR0000SACL1E,2014,M08,146.519,
CUUR0000SACL1E,2014,M09,147.268,
CUUR0000SACL1E,2014,M10,147.542,
CUUR0000SACL1E,2014,M11,146.439,
CUUR0000SACL1E,2014,M12,145.127,
CUUR0000SACL1E,2015,M01,144.865,
CUUR0000SACL1E,2015,M02,145.761,
CUUR0000SACL1E,2015,M03,146.887,
CUUR0000SACL1E,2015,M04,147.303,
CUUR0000SACL1E,2015,M05,147.014,
CUUR0000SACL1E,2015,M06,146.444,
CUUR0000SACL1E,2015,M07,145.722,
CUUR0000SACL1E,2015,M08,145.808,
CUUR0000SACL1E,2015,M09,146.500,
CUUR0000SACL1E,2015,M10,146.504,
CUUR0000SACL1E,2015,M11,145.624,
CUUR0000SACL1E,2015,M12,144.522,
CUUR0000SACL1E,2016,M01,144.725,
CUUR0000SACL1E,2016,M02,145.856,
CUUR0000SACL1E,2016,M03,146.367,
CUUR0000SACL1E,2016,M04,146.565,
CUUR0000SACL1E,2016,M05,146.230,
CUUR0000SACL1E,2016,M06,145.517,
CUUR0000SACL1E,2016,M07,144.832,
CUUR0000SACL1E,2016,M08,145.140,
CUUR0000SACL1E,2016,M09,145.562,
CUUR0000SACL1E,2016,M10,145.701,
CUUR0000SACL1E,2016,M11,144.593,
CUUR0000SACL1E,2016,M12,143.668,
CUUR0000SACL1E,2017,M01,144.365,
CUUR0000SACL1E,2017,M02,145.140,
CUUR0000SACL1E,2017,M03,145.527,
CUUR0000SACL1E,2017,M04,145.665,
CUUR0000SACL1E,2017,M05,145.119,
CUUR0000SACL1E,2017,M06,144.577,
CUUR0000SACL1E,2017,M07,143.915,
CUUR0000SACL1E,2017,M08,143.895,
CUUR0000SACL1E,2017,M09,144.108,
CUUR0000SACL1E,2017,M10,144.273,
CUUR0000SACL1E,2017,M11,143.295,
CUUR0000SACL1E,2017,M12,142.647,
CUUR0000SACL1E,2018,M01,143.417,
CUUR0000SACL1E,2018,M02,144.412,
CUUR0000SACL1E,2018,M03,145.050,
CUUR0000SACL1E,2018,M04,145.131,
CUUR0000SACL1E,2018,M05,144.745,
CUUR0000SACL1E,2018,M06,144.237,
CUUR0000SACL1E,2018,M07,143.861,
CUUR0000SACL1E,2018,M08,143.599,
CUUR0000SACL1E,2018,M09,143.641,
CUUR0000SACL1E,2018,M10,144.134,
CUUR0000SACL1E,2018,M11,143.542,
CUUR0000SACL1E,2018,M12,142.840,
CUUR0000SACL1E,2019,M01,143.892,
CUUR0000SACL1E,2019,M02,144.609,
CUUR0000SACL1E,2019,M03,144.994,
CUUR0000SACL1E,2019,M04,144.851,
CUUR0000SACL1E,2019,M05,144.457,
CUUR0000SACL1E,2019,M06,144.461,
CUUR0000SACL1E,2019,M07,144.448,
CUUR0000SACL1E,2019,M08,144.806,
CUUR0000SACL1E,2019,M09,144.596,
CUUR0000SACL1E,2019,M10,144.577,
CUUR0000SACL1E,2019,M11,143.722,
CUUR0000SACL1E,2019,M12,142.920,
CUUR0000SACL1E,2020,M01,143.532,
CUUR0000SACL1E,2020,M02,144.605,
CUUR0000SACL1E,2020,M03,144.718,
CUUR0000SACL1E,2020,M04,143.613,
CUUR0000SACL1E,2020,M05,142.964,
CUUR0000SACL1E,2020,M06,142.908,
CUUR0000SACL1E,2020,M07,143.696,
CUUR0000SACL1E,2020,M08,145.391,
CUUR0000SACL1E,2020,M09,146.096,
CUUR0000SACL1E,2020,M10,146.261,
CUUR0000SACL1E,2020,M11,145.750,
CUUR0000SACL1E,2020,M12,145.317,
CUUR0000SACL1E,2021,M01,145.973,
CUUR0000SACL1E,2021,M02,146.532,
CUUR0000SACL1E,2021,M03,147.160,
CUUR0000SACL1E,2021,M04,149.915,
CUUR0000SACL1E,2021,M05,152.217,
CUUR0000SACL1E,2021,M06,155.284,
CUUR0000SACL1E,2021,M07,155.873,
CUUR0000SACL1E,2021,M08,156.581,
CUUR0000SACL1E,2021,M09,156.720,
CUUR0000SACL1E,2021,M10,158.550,
CUUR0000SACL1E,2021,M11,159.426,
CUUR0000SACL1E,2021,M12,160.850,
CUUR0000SACL1E,2022,M01,162.991,
CUUR0000SACL1E,2022,M02,164.559,
CUUR0000SACL1E,2022,M03,164.449,
CUUR0000SACL1E,2022,M04,164.520,
CUUR0000SACL1E,2022,M05,165.140,
CUUR0000SACL1E,2022,M06,166.403,
CUUR0000SACL1E,2022,M07,166.746,
CUUR0000SACL1E,2022,M08,167.637,
CUUR0000SACL1E,2022,M09,167.104,
CUUR0000SACL1E,2022,M10,166.601,
CUUR0000SACL1E,2022,M11,165.291,
CUUR0000SACL1E,2022,M12,164.304,
CUUR0000SACL1E,2023,M01,165.340,
CUUR0000SACL1E,2023,M02,166.246,
CUUR0000SACL1E,2023,M03,166.961,
CUUR0000SACL1E,2023,M04,167.833,
CUUR0000SACL1E,2023,M05,168.499,
CUUR0000SACL1E,2023,M06,168.588,
CUUR0000SACL1E,2023,M07,168.014,
CUUR0000SACL1E,2023,M08,168.029,
CUUR0000SACL1E,2023,M09,167.141,
CUUR0000SACL1E,2023,M10,166.759,
CUUR0000SACL1E,2023,M11,165.367,
CUUR0000SACL1E,2023,M12,164.590,
CUUR0000SACL1E,2024,M01,164.866,
CUUR0000SACL1E,2024,M02,165.752,
CUUR0000SACL1E,2024,M03,165.875,
CUUR0000SACL1E,2024,M04,165.700,
CUUR0000SACL1E,2024,M05,165.555,
CUUR0000SACL1E,2024,M06,165.493,
CUUR0000SACL1E,2024,M07,164.836,
CUUR0000SACL1E,2024,M08,164.912,
CUUR0000SACL1E,2024,M09,165.534,
CUUR0000SACL1E,2024,M10,165.088,
CUUR0000SACL1E,2024,M11,164.406,
CUUR0000SACL1E,2024,M12,163.712,
CUUR0000SACL1E,2025,M01,164.645,
CUUR0000SACL1E,2025,M02,165.559,
CUUR0000SACL1E,2025,M03,165.707,
CUUR0000SACL1E,2025,M04,165.916,
CUUR0000SACL1E,2025,M05,166.021,
CUUR0000SACL1E,2025,M06,166.655,
CUUR0000SACL1E,2025,M07,166.766,
CUUR0000SACL1E,2025,M08,167.448,
CUUR0000SACL1E,2025,M09,168.083,
CUUR0000SACL1E,2025,M10,-,Data unavailable due to the 2025 lapse in appropriations
CUUR0000SACL1E,2025,M11,166.693,
CUUR0000SACL1E,2025,M12,166.037,
CUUR0000SACL1E,2026,M01,166.484,
CUUR0000SACL1E,2026,M02,167.206,
CUUR0000SACL1E,2026,M03,167.666,
CUUR0000SACL1E,2026,M04,167.790,
CUUR0000SACL1E,2026,M05,167.785,
CUUR0000SACL1E,2026,M06,168.019,
CUUR0000SACL1E,2026,M07,168.112,
CUUR0000SAE,1997,M01,97.4,
CUUR0000SAE,1997,M02,97.5,
CUUR0000SAE,1997,M03,97.5,
CUUR0000SAE,1997,M04,97.5,
CUUR0000SAE,1997,M05,97.6,
CUUR0000SAE,1997,M06,97.7,
CUUR0000SAE,1997,M07,97.9,
CUUR0000SAE,1997,M08,98.6,
CUUR0000SAE,1997,M09,99.7,
CUUR0000SAE,1997,M10,99.9,
CUUR0000SAE,1997,M11,100.0,
CUUR0000SAE,1997,M12,100.0,
CUUR0000SAE,1998,M01,99.9,
CUUR0000SAE,1998,M02,99.8,
CUUR0000SAE,1998,M03,99.9,
CUUR0000SAE,1998,M04,99.9,
CUUR0000SAE,1998,M05,100.1,
CUUR0000SAE,1998,M06,100.1,
CUUR0000SAE,1998,M07,100.0,
CUUR0000SAE,1998,M08,100.1,
CUUR0000SAE,1998,M09,100.9,
CUUR0000SAE,1998,M10,101.0,
CUUR0000SAE,1998,M11,101.0,
CUUR0000SAE,1998,M12,100.7,
CUUR0000SAE,1999,M01,100.9,
CUUR0000SAE,1999,M02,100.9,
CUUR0000SAE,1999,M03,100.8,
CUUR0000SAE,1999,M04,100.7,
CUUR0000SAE,1999,M05,100.4,
CUUR0000SAE,1999,M06,100.3,
CUUR0000SAE,1999,M07,100.4,
CUUR0000SAE,1999,M08,101.2,
CUUR0000SAE,1999,M09,101.9,
CUUR0000SAE,1999,M10,102.1,
CUUR0000SAE,1999,M11,102.2,
CUUR0000SAE,1999,M12,102.3,
CUUR0000SAE,2000,M01,102.7,
CUUR0000SAE,2000,M02,102.2,
CUUR0000SAE,2000,M03,102.0,
CUUR0000SAE,2000,M04,101.8,
CUUR0000SAE,2000,M05,101.8,
CUUR0000SAE,2000,M06,101.5,
CUUR0000SAE,2000,M07,102.0,
CUUR0000SAE,2000,M08,102.8,
CUUR0000SAE,2000,M09,102.9,
CUUR0000SAE,2000,M10,103.6,
CUUR0000SAE,2000,M11,103.2,
CUUR0000SAE,2000,M12,103.6,
CUUR0000SAE,2001,M01,103.9,
CUUR0000SAE,2001,M02,104.0,
CUUR0000SAE,2001,M03,104.3,
CUUR0000SAE,2001,M04,104.1,
CUUR0000SAE,2001,M05,104.0,
CUUR0000SAE,2001,M06,104.4,
CUUR0000SAE,2001,M07,104.8,
CUUR0000SAE,2001,M08,105.8,
CUUR0000SAE,2001,M09,106.6,
CUUR0000SAE,2001,M10,107.1,
CUUR0000SAE,2001,M11,107.0,
CUUR0000SAE,2001,M12,106.9,
CUUR0000SAE,2002,M01,107.2,
CUUR0000SAE,2002,M02,107.3,
CUUR0000SAE,2002,M03,106.6,
CUUR0000SAE,2002,M04,106.2,
CUUR0000SAE,2002,M05,106.6,
CUUR0000SAE,2002,M06,106.9,
CUUR0000SAE,2002,M07,107.6,
CUUR0000SAE,2002,M08,108.9,
CUUR0000SAE,2002,M09,109.5,
CUUR0000SAE,2002,M10,109.4,
CUUR0000SAE,2002,M11,109.3,
CUUR0000SAE,2002,M12,109.2,
CUUR0000SAE,2003,M01,109.7,
CUUR0000SAE,2003,M02,109.7,
CUUR0000SAE,2003,M03,109.4,
CUUR0000SAE,2003,M04,109.0,
CUUR0000SAE,2003,M05,108.6,
CUUR0000SAE,2003,M06,108.5,
CUUR0000SAE,2003,M07,108.9,
CUUR0000SAE,2003,M08,110.1,
CUUR0000SAE,2003,M09,110.9,
CUUR0000SAE,2003,M10,110.9,
CUUR0000SAE,2003,M11,110.8,
CUUR0000SAE,2003,M12,110.9,
CUUR0000SAE,2004,M01,111.1,
CUUR0000SAE,2004,M02,111.2,
CUUR0000SAE,2004,M03,111.1,
CUUR0000SAE,2004,M04,110.9,
CUUR0000SAE,2004,M05,110.6,
CUUR0000SAE,2004,M06,110.8,
CUUR0000SAE,2004,M07,110.9,
CUUR0000SAE,2004,M08,111.7,
CUUR0000SAE,2004,M09,112.9,
CUUR0000SAE,2004,M10,112.5,
CUUR0000SAE,2004,M11,112.7,
CUUR0000SAE,2004,M12,112.6,
CUUR0000SAE,2005,M01,112.7,
CUUR0000SAE,2005,M02,112.8,
CUUR0000SAE,2005,M03,112.7,
CUUR0000SAE,2005,M04,112.9,
CUUR0000SAE,2005,M05,112.7,
CUUR0000SAE,2005,M06,112.8,
CUUR0000SAE,2005,M07,112.9,
CUUR0000SAE,2005,M08,113.7,
CUUR0000SAE,2005,M09,115.3,
CUUR0000SAE,2005,M10,115.1,
CUUR0000SAE,2005,M11,115.3,
CUUR0000SAE,2005,M12,115.3,
CUUR0000SAE,2006,M01,115.7,
CUUR0000SAE,2006,M02,115.7,
CUUR0000SAE,2006,M03,115.6,
CUUR0000SAE,2006,M04,115.8,
CUUR0000SAE,2006,M05,115.7,
CUUR0000SAE,2006,M06,115.9,
CUUR0000SAE,2006,M07,116.3,
CUUR0000SAE,2006,M08,117.5,
CUUR0000SAE,2006,M09,118.4,
CUUR0000SAE,2006,M10,118.5,
CUUR0000SAE,2006,M11,118.1,
CUUR0000SAE,2006,M12,118.0,
CUUR0000SAE,2007,M01,117.815,
CUUR0000SAE,2007,M02,117.971,
CUUR0000SAE,2007,M03,118.231,
CUUR0000SAE,2007,M04,118.301,
CUUR0000SAE,2007,M05,118.787,
CUUR0000SAE,2007,M06,118.734,
CUUR0000SAE,2007,M07,119.025,
CUUR0000SAE,2007,M08,120.311,
CUUR0000SAE,2007,M09,121.273,
CUUR0000SAE,2007,M10,121.557,
CUUR0000SAE,2007,M11,121.409,
CUUR0000SAE,2007,M12,121.506,
CUUR0000SAE,2008,M01,121.762,
CUUR0000SAE,2008,M02,121.766,
CUUR0000SAE,2008,M03,121.832,
CUUR0000SAE,2008,M04,122.073,
CUUR0000SAE,2008,M05,122.348,
CUUR0000SAE,2008,M06,122.828,
CUUR0000SAE,2008,M07,123.445,
CUUR0000SAE,2008,M08,124.653,
CUUR0000SAE,2008,M09,125.505,
CUUR0000SAE,2008,M10,125.686,
CUUR0000SAE,2008,M11,125.758,
CUUR0000SAE,2008,M12,125.921,
CUUR0000SAE,2009,M01,126.151,
CUUR0000SAE,2009,M02,126.190,
CUUR0000SAE,2009,M03,126.187,
CUUR0000SAE,2009,M04,126.273,
CUUR0000SAE,2009,M05,126.467,
CUUR0000SAE,2009,M06,126.519,
CUUR0000SAE,2009,M07,126.914,
CUUR0000SAE,2009,M08,128.128,
CUUR0000SAE,2009,M09,129.035,
CUUR0000SAE,2009,M10,129.128,
CUUR0000SAE,2009,M11,128.845,
CUUR0000SAE,2009,M12,128.883,
CUUR0000SAE,2010,M01,129.072,
CUUR0000SAE,2010,M02,129.105,
CUUR0000SAE,2010,M03,129.236,
CUUR0000SAE,2010,M04,129.344,
CUUR0000SAE,2010,M05,129.270,
CUUR0000SAE,2010,M06,129.263,
CUUR0000SAE,2010,M07,129.586,
CUUR0000SAE,2010,M08,130.599,
CUUR0000SAE,2010,M09,131.154,
CUUR0000SAE,2010,M10,130.959,
CUUR0000SAE,2010,M11,130.894,
CUUR0000SAE,2010,M12,130.548,
CUUR0000SAE,2011,M01,130.665,
CUUR0000SAE,2011,M02,130.692,
CUUR0000SAE,2011,M03,130.682,
CUUR0000SAE,2011,M04,130.643,
CUUR0000SAE,2011,M05,130.600,
CUUR0000SAE,2011,M06,130.568,
CUUR0000SAE,2011,M07,130.859,
CUUR0000SAE,2011,M08,132.028,
CUUR0000SAE,2011,M09,132.627,
CUUR0000SAE,2011,M10,132.755,
CUUR0000SAE,2011,M11,132.750,
CUUR0000SAE,2011,M12,132.728,
CUUR0000SAE,2012,M01,133.067,
CUUR0000SAE,2012,M02,133.199,
CUUR0000SAE,2012,M03,133.235,
CUUR0000SAE,2012,M04,133.284,
CUUR0000SAE,2012,M05,133.470,
CUUR0000SAE,2012,M06,133.456,
CUUR0000SAE,2012,M07,133.546,
CUUR0000SAE,2012,M08,134.039,
CUUR0000SAE,2012,M09,134.639,
CUUR0000SAE,2012,M10,134.767,
CUUR0000SAE,2012,M11,134.736,
CUUR0000SAE,2012,M12,134.694,
CUUR0000SAE,2013,M01,135.225,
CUUR0000SAE,2013,M02,135.517,
CUUR0000SAE,2013,M03,135.625,
CUUR0000SAE,2013,M04,135.230,
CUUR0000SAE,2013,M05,135.204,
CUUR0000SAE,2013,M06,135.098,
CUUR0000SAE,2013,M07,135.334,
CUUR0000SAE,2013,M08,136.119,
CUUR0000SAE,2013,M09,136.723,
CUUR0000SAE,2013,M10,136.860,
CUUR0000SAE,2013,M11,136.844,
CUUR0000SAE,2013,M12,136.857,
CUUR0000SAE,2014,M01,137.005,
CUUR0000SAE,2014,M02,137.045,
CUUR0000SAE,2014,M03,137.125,
CUUR0000SAE,2014,M04,137.279,
CUUR0000SAE,2014,M05,137.244,
CUUR0000SAE,2014,M06,137.279,
CUUR0000SAE,2014,M07,137.499,
CUUR0000SAE,2014,M08,138.139,
CUUR0000SAE,2014,M09,138.474,
CUUR0000SAE,2014,M10,138.008,
CUUR0000SAE,2014,M11,137.708,
CUUR0000SAE,2014,M12,137.410,
CUUR0000SAE,2015,M01,137.604,
CUUR0000SAE,2015,M02,137.560,
CUUR0000SAE,2015,M03,137.564,
CUUR0000SAE,2015,M04,137.707,
CUUR0000SAE,2015,M05,137.400,
CUUR0000SAE,2015,M06,137.425,
CUUR0000SAE,2015,M07,137.600,
CUUR0000SAE,2015,M08,138.291,
CUUR0000SAE,2015,M09,139.092,
CUUR0000SAE,2015,M10,139.344,
CUUR0000SAE,2015,M11,139.527,
CUUR0000SAE,2015,M12,139.388,
CUUR0000SAE,2016,M01,139.481,
CUUR0000SAE,2016,M02,139.236,
CUUR0000SAE,2016,M03,139.279,
CUUR0000SAE,2016,M04,139.316,
CUUR0000SAE,2016,M05,138.971,
CUUR0000SAE,2016,M06,138.898,
CUUR0000SAE,2016,M07,138.790,
CUUR0000SAE,2016,M08,139.311,
CUUR0000SAE,2016,M09,139.176,
CUUR0000SAE,2016,M10,138.979,
CUUR0000SAE,2016,M11,139.086,
CUUR0000SAE,2016,M12,139.076,
CUUR0000SAE,2017,M01,139.041,
CUUR0000SAE,2017,M02,138.796,
CUUR0000SAE,2017,M03,136.234,
CUUR0000SAE,2017,M04,135.781,
CUUR0000SAE,2017,M05,135.563,
CUUR0000SAE,2017,M06,135.497,
CUUR0000SAE,2017,M07,135.388,
CUUR0000SAE,2017,M08,135.702,
CUUR0000SAE,2017,M09,136.189,
CUUR0000SAE,2017,M10,136.502,
CUUR0000SAE,2017,M11,136.717,
CUUR0000SAE,2017,M12,136.671,
CUUR0000SAE,2018,M01,136.635,
CUUR0000SAE,2018,M02,136.327,
CUUR0000SAE,2018,M03,136.029,
CUUR0000SAE,2018,M04,135.943,
CUUR0000SAE,2018,M05,136.261,
CUUR0000SAE,2018,M06,136.535,
CUUR0000SAE,2018,M07,136.770,
CUUR0000SAE,2018,M08,137.336,
CUUR0000SAE,2018,M09,137.868,
CUUR0000SAE,2018,M10,137.776,
CUUR0000SAE,2018,M11,136.981,
CUUR0000SAE,2018,M12,136.976,
CUUR0000SAE,2019,M01,137.055,
CUUR0000SAE,2019,M02,137.168,
CUUR0000SAE,2019,M03,137.082,
CUUR0000SAE,2019,M04,137.182,
CUUR0000SAE,2019,M05,137.199,
CUUR0000SAE,2019,M06,137.344,
CUUR0000SAE,2019,M07,137.595,
CUUR0000SAE,2019,M08,138.154,
CUUR0000SAE,2019,M09,138.409,
CUUR0000SAE,2019,M10,138.529,
CUUR0000SAE,2019,M11,138.920,
CUUR0000SAE,2019,M12,138.839,
CUUR0000SAE,2020,M01,139.132,
CUUR0000SAE,2020,M02,139.256,
CUUR0000SAE,2020,M03,139.199,
CUUR0000SAE,2020,M04,139.378,
CUUR0000SAE,2020,M05,139.340,
CUUR0000SAE,2020,M06,139.258,
CUUR0000SAE,2020,M07,140.794,
CUUR0000SAE,2020,M08,141.320,
CUUR0000SAE,2020,M09,141.369,
CUUR0000SAE,2020,M10,141.469,
CUUR0000SAE,2020,M11,141.534,
CUUR0000SAE,2020,M12,141.549,
CUUR0000SAE,2021,M01,141.556,
CUUR0000SAE,2021,M02,141.679,
CUUR0000SAE,2021,M03,141.289,
CUUR0000SAE,2021,M04,141.742,
CUUR0000SAE,2021,M05,142.002,
CUUR0000SAE,2021,M06,142.174,
CUUR0000SAE,2021,M07,142.386,
CUUR0000SAE,2021,M08,143.011,
CUUR0000SAE,2021,M09,143.807,
CUUR0000SAE,2021,M10,143.974,
CUUR0000SAE,2021,M11,143.884,
CUUR0000SAE,2021,M12,143.844,
CUUR0000SAE,2022,M01,143.876,
CUUR0000SAE,2022,M02,143.913,
CUUR0000SAE,2022,M03,143.475,
CUUR0000SAE,2022,M04,143.212,
CUUR0000SAE,2022,M05,143.108,
CUUR0000SAE,2022,M06,143.335,
CUUR0000SAE,2022,M07,143.150,
CUUR0000SAE,2022,M08,143.687,
CUUR0000SAE,2022,M09,144.089,
CUUR0000SAE,2022,M10,143.988,
CUUR0000SAE,2022,M11,144.852,
CUUR0000SAE,2022,M12,144.922,
CUUR0000SAE,2023,M01,145.336,
CUUR0000SAE,2023,M02,145.407,
CUUR0000SAE,2023,M03,145.481,
CUUR0000SAE,2023,M04,145.449,
CUUR0000SAE,2023,M05,145.205,
CUUR0000SAE,2023,M06,144.900,
CUUR0000SAE,2023,M07,144.919,
CUUR0000SAE,2023,M08,145.174,
CUUR0000SAE,2023,M09,145.598,
CUUR0000SAE,2023,M10,145.295,
CUUR0000SAE,2023,M11,144.743,
CUUR0000SAE,2023,M12,144.806,
CUUR0000SAE,2024,M01,145.370,
CUUR0000SAE,2024,M02,145.966,
CUUR0000SAE,2024,M03,145.822,
CUUR0000SAE,2024,M04,146.040,
CUUR0000SAE,2024,M05,145.955,
CUUR0000SAE,2024,M06,145.902,
CUUR0000SAE,2024,M07,146.189,
CUUR0000SAE,2024,M08,146.643,
CUUR0000SAE,2024,M09,146.928,
CUUR0000SAE,2024,M10,146.451,
CUUR0000SAE,2024,M11,145.790,
CUUR0000SAE,2024,M12,145.696,
CUUR0000SAE,2025,M01,146.082,
CUUR0000SAE,2025,M02,146.449,
CUUR0000SAE,2025,M03,146.621,
CUUR0000SAE,2025,M04,146.354,
CUUR0000SAE,2025,M05,146.395,
CUUR0000SAE,2025,M06,146.592,
CUUR0000SAE,2025,M07,146.696,
CUUR0000SAE,2025,M08,147.152,
CUUR0000SAE,2025,M09,147.501,
CUUR0000SAE,2025,M10,-,Data unavailable due to the 2025 lapse in appropriations
CUUR0000SAE,2025,M11,147.928,
CUUR0000SAE,2025,M12,146.392,
CUUR0000SAE,2026,M01,146.883,
CUUR0000SAE,2026,M02,146.533,
CUUR0000SAE,2026,M03,146.668,
CUUR0000SAE,2026,M04,146.588,
CUUR0000SAE,2026,M05,147.628,
CUUR0000SAE,2026,M06,146.505,
CUUR0000SAE,2026,M07,147.498,
CUUR0000SAF1,1997,M01,156.5,
CUUR0000SAF1,1997,M02,156.5,
CUUR0000SAF1,1997,M03,156.6,
CUUR0000SAF1,1997,M04,156.6,
CUUR0000SAF1,1997,M05,156.6,
CUUR0000SAF1,1997,M06,156.6,
CUUR0000SAF1,1997,M07,157.0,
CUUR0000SAF1,1997,M08,157.6,
CUUR0000SAF1,1997,M09,157.9,
CUUR0000SAF1,1997,M10,158.2,
CUUR0000SAF1,1997,M11,158.5,
CUUR0000SAF1,1997,M12,158.7,
CUUR0000SAF1,1998,M01,159.9,
CUUR0000SAF1,1998,M02,159.4,
CUUR0000SAF1,1998,M03,159.7,
CUUR0000SAF1,1998,M04,159.8,
CUUR0000SAF1,1998,M05,160.3,
CUUR0000SAF1,1998,M06,160.1,
CUUR0000SAF1,1998,M07,160.5,
CUUR0000SAF1,1998,M08,161.0,
CUUR0000SAF1,1998,M09,161.1,
CUUR0000SAF1,1998,M10,162.0,
CUUR0000SAF1,1998,M11,162.1,
CUUR0000SAF1,1998,M12,162.3,
CUUR0000SAF1,1999,M01,163.6,
CUUR0000SAF1,1999,M02,163.3,
CUUR0000SAF1,1999,M03,163.3,
CUUR0000SAF1,1999,M04,163.4,
CUUR0000SAF1,1999,M05,163.7,
CUUR0000SAF1,1999,M06,163.6,
CUUR0000SAF1,1999,M07,163.8,
CUUR0000SAF1,1999,M08,164.2,
CUUR0000SAF1,1999,M09,164.6,
CUUR0000SAF1,1999,M10,165.1,
CUUR0000SAF1,1999,M11,165.2,
CUUR0000SAF1,1999,M12,165.4,
CUUR0000SAF1,2000,M01,166.1,
CUUR0000SAF1,2000,M02,166.3,
CUUR0000SAF1,2000,M03,166.5,
CUUR0000SAF1,2000,M04,166.6,
CUUR0000SAF1,2000,M05,167.3,
CUUR0000SAF1,2000,M06,167.3,
CUUR0000SAF1,2000,M07,168.1,
CUUR0000SAF1,2000,M08,168.7,
CUUR0000SAF1,2000,M09,168.9,
CUUR0000SAF1,2000,M10,169.1,
CUUR0000SAF1,2000,M11,168.9,
CUUR0000SAF1,2000,M12,170.0,
CUUR0000SAF1,2001,M01,170.9,
CUUR0000SAF1,2001,M02,171.3,
CUUR0000SAF1,2001,M03,171.7,
CUUR0000SAF1,2001,M04,171.9,
CUUR0000SAF1,2001,M05,172.5,
CUUR0000SAF1,2001,M06,173.0,
CUUR0000SAF1,2001,M07,173.5,
CUUR0000SAF1,2001,M08,173.9,
CUUR0000SAF1,2001,M09,174.1,
CUUR0000SAF1,2001,M10,174.9,
CUUR0000SAF1,2001,M11,174.6,
CUUR0000SAF1,2001,M12,174.7,
CUUR0000SAF1,2002,M01,175.8,
CUUR0000SAF1,2002,M02,175.9,
CUUR0000SAF1,2002,M03,176.1,
CUUR0000SAF1,2002,M04,176.2,
CUUR0000SAF1,2002,M05,175.8,
CUUR0000SAF1,2002,M06,175.8,
CUUR0000SAF1,2002,M07,176.0,
CUUR0000SAF1,2002,M08,176.0,
CUUR0000SAF1,2002,M09,176.4,
CUUR0000SAF1,2002,M10,176.5,
CUUR0000SAF1,2002,M11,176.8,
CUUR0000SAF1,2002,M12,177.3,
CUUR0000SAF1,2003,M01,177.5,
CUUR0000SAF1,2003,M02,178.3,
CUUR0000SAF1,2003,M03,178.6,
CUUR0000SAF1,2003,M04,178.4,
CUUR0000SAF1,2003,M05,178.8,
CUUR0000SAF1,2003,M06,179.6,
CUUR0000SAF1,2003,M07,179.7,
CUUR0000SAF1,2003,M08,180.4,
CUUR0000SAF1,2003,M09,180.7,
CUUR0000SAF1,2003,M10,181.7,
CUUR0000SAF1,2003,M11,182.4,
CUUR0000SAF1,2003,M12,183.6,
CUUR0000SAF1,2004,M01,183.8,
CUUR0000SAF1,2004,M02,184.1,
CUUR0000SAF1,2004,M03,184.4,
CUUR0000SAF1,2004,M04,184.5,
CUUR0000SAF1,2004,M05,186.1,
CUUR0000SAF1,2004,M06,186.3,
CUUR0000SAF1,2004,M07,186.8,
CUUR0000SAF1,2004,M08,186.8,
CUUR0000SAF1,2004,M09,186.7,
CUUR0000SAF1,2004,M10,187.9,
CUUR0000SAF1,2004,M11,188.2,
CUUR0000SAF1,2004,M12,188.5,
CUUR0000SAF1,2005,M01,189.1,
CUUR0000SAF1,2005,M02,188.8,
CUUR0000SAF1,2005,M03,189.1,
CUUR0000SAF1,2005,M04,190.2,
CUUR0000SAF1,2005,M05,190.6,
CUUR0000SAF1,2005,M06,190.4,
CUUR0000SAF1,2005,M07,190.8,
CUUR0000SAF1,2005,M08,190.9,
CUUR0000SAF1,2005,M09,191.4,
CUUR0000SAF1,2005,M10,192.1,
CUUR0000SAF1,2005,M11,192.4,
CUUR0000SAF1,2005,M12,192.9,
CUUR0000SAF1,2006,M01,194.1,
CUUR0000SAF1,2006,M02,194.0,
CUUR0000SAF1,2006,M03,194.0,
CUUR0000SAF1,2006,M04,193.7,
CUUR0000SAF1,2006,M05,194.2,
CUUR0000SAF1,2006,M06,194.5,
CUUR0000SAF1,2006,M07,195.0,
CUUR0000SAF1,2006,M08,195.5,
CUUR0000SAF1,2006,M09,196.2,
CUUR0000SAF1,2006,M10,197.1,
CUUR0000SAF1,2006,M11,196.8,
CUUR0000SAF1,2006,M12,197.0,
CUUR0000SAF1,2007,M01,198.812,
CUUR0000SAF1,2007,M02,200.000,
CUUR0000SAF1,2007,M03,200.403,
CUUR0000SAF1,2007,M04,200.820,
CUUR0000SAF1,2007,M05,201.791,
CUUR0000SAF1,2007,M06,202.441,
CUUR0000SAF1,2007,M07,203.121,
CUUR0000SAF1,2007,M08,203.885,
CUUR0000SAF1,2007,M09,204.941,
CUUR0000SAF1,2007,M10,205.796,
CUUR0000SAF1,2007,M11,206.277,
CUUR0000SAF1,2007,M12,206.704,
CUUR0000SAF1,2008,M01,208.618,
CUUR0000SAF1,2008,M02,209.166,
CUUR0000SAF1,2008,M03,209.385,
CUUR0000SAF1,2008,M04,211.102,
CUUR0000SAF1,2008,M05,212.054,
CUUR0000SAF1,2008,M06,213.243,
CUUR0000SAF1,2008,M07,215.299,
CUUR0000SAF1,2008,M08,216.422,
CUUR0000SAF1,2008,M09,217.696,
CUUR0000SAF1,2008,M10,218.738,
CUUR0000SAF1,2008,M11,218.749,
CUUR0000SAF1,2008,M12,218.805,
CUUR0000SAF1,2009,M01,219.675,
CUUR0000SAF1,2009,M02,219.205,
CUUR0000SAF1,2009,M03,218.600,
CUUR0000SAF1,2009,M04,218.162,
CUUR0000SAF1,2009,M05,217.826,
CUUR0000SAF1,2009,M06,217.740,
CUUR0000SAF1,2009,M07,217.257,
CUUR0000SAF1,2009,M08,217.350,
CUUR0000SAF1,2009,M09,217.218,
CUUR0000SAF1,2009,M10,217.526,
CUUR0000SAF1,2009,M11,217.265,
CUUR0000SAF1,2009,M12,217.637,
CUUR0000SAF1,2010,M01,218.874,
CUUR0000SAF1,2010,M02,218.778,
CUUR0000SAF1,2010,M03,219.032,
CUUR0000SAF1,2010,M04,219.218,
CUUR0000SAF1,2010,M05,219.374,
CUUR0000SAF1,2010,M06,219.218,
CUUR0000SAF1,2010,M07,219.121,
CUUR0000SAF1,2010,M08,219.491,
CUUR0000SAF1,2010,M09,220.216,
CUUR0000SAF1,2010,M10,220.616,
CUUR0000SAF1,2010,M11,220.617,
CUUR0000SAF1,2010,M12,220.946,
CUUR0000SAF1,2011,M01,222.912,
CUUR0000SAF1,2011,M02,223.799,
CUUR0000SAF1,2011,M03,225.350,
CUUR0000SAF1,2011,M04,226.150,
CUUR0000SAF1,2011,M05,226.976,
CUUR0000SAF1,2011,M06,227.360,
CUUR0000SAF1,2011,M07,228.316,
CUUR0000SAF1,2011,M08,229.554,
CUUR0000SAF1,2011,M09,230.573,
CUUR0000SAF1,2011,M10,231.017,
CUUR0000SAF1,2011,M11,230.790,
CUUR0000SAF1,2011,M12,231.301,
CUUR0000SAF1,2012,M01,232.666,
CUUR0000SAF1,2012,M02,232.486,
CUUR0000SAF1,2012,M03,232.792,
CUUR0000SAF1,2012,M04,233.234,
CUUR0000SAF1,2012,M05,233.339,
CUUR0000SAF1,2012,M06,233.563,
CUUR0000SAF1,2012,M07,233.630,
CUUR0000SAF1,2012,M08,234.156,
CUUR0000SAF1,2012,M09,234.298,
CUUR0000SAF1,2012,M10,234.878,
CUUR0000SAF1,2012,M11,234.896,
CUUR0000SAF1,2012,M12,235.390,
CUUR0000SAF1,2013,M01,236.341,
CUUR0000SAF1,2013,M02,236.301,
CUUR0000SAF1,2013,M03,236.332,
CUUR0000SAF1,2013,M04,236.841,
CUUR0000SAF1,2013,M05,236.526,
CUUR0000SAF1,2013,M06,236.792,
CUUR0000SAF1,2013,M07,237.001,
CUUR0000SAF1,2013,M08,237.406,
CUUR0000SAF1,2013,M09,237.522,
CUUR0000SAF1,2013,M10,237.871,
CUUR0000SAF1,2013,M11,237.641,
CUUR0000SAF1,2013,M12,237.869,
CUUR0000SAF1,2014,M01,238.872,
CUUR0000SAF1,2014,M02,239.608,
CUUR0000SAF1,2014,M03,240.398,
CUUR0000SAF1,2014,M04,241.337,
CUUR0000SAF1,2014,M05,242.344,
CUUR0000SAF1,2014,M06,242.326,
CUUR0000SAF1,2014,M07,243.034,
CUUR0000SAF1,2014,M08,243.811,
CUUR0000SAF1,2014,M09,244.630,
CUUR0000SAF1,2014,M10,245.166,
CUUR0000SAF1,2014,M11,245.192,
CUUR0000SAF1,2014,M12,245.976,
CUUR0000SAF1,2015,M01,246.538,
CUUR0000SAF1,2015,M02,246.680,
CUUR0000SAF1,2015,M03,246.045,
CUUR0000SAF1,2015,M04,246.121,
CUUR0000SAF1,2015,M05,246.187,
CUUR0000SAF1,2015,M06,246.680,
CUUR0000SAF1,2015,M07,247.003,
CUUR0000SAF1,2015,M08,247.671,
CUUR0000SAF1,2015,M09,248.632,
CUUR0000SAF1,2015,M10,249.052,
CUUR0000SAF1,2015,M11,248.306,
CUUR0000SAF1,2015,M12,247.903,
CUUR0000SAF1,2016,M01,248.631,
CUUR0000SAF1,2016,M02,248.800,
CUUR0000SAF1,2016,M03,247.978,
CUUR0000SAF1,2016,M04,248.413,
CUUR0000SAF1,2016,M05,247.860,
CUUR0000SAF1,2016,M06,247.482,
CUUR0000SAF1,2016,M07,247.554,
CUUR0000SAF1,2016,M08,247.719,
CUUR0000SAF1,2016,M09,247.917,
CUUR0000SAF1,2016,M10,248.073,
CUUR0000SAF1,2016,M11,247.435,
CUUR0000SAF1,2016,M12,247.313,
CUUR0000SAF1,2017,M01,248.242,
CUUR0000SAF1,2017,M02,248.791,
CUUR0000SAF1,2017,M03,249.165,
CUUR0000SAF1,2017,M04,249.739,
CUUR0000SAF1,2017,M05,250.016,
CUUR0000SAF1,2017,M06,249.653,
CUUR0000SAF1,2017,M07,250.214,
CUUR0000SAF1,2017,M08,250.493,
CUUR0000SAF1,2017,M09,250.993,
CUUR0000SAF1,2017,M10,251.364,
CUUR0000SAF1,2017,M11,250.871,
CUUR0000SAF1,2017,M12,251.238,
CUUR0000SAF1,2018,M01,252.361,
CUUR0000SAF1,2018,M02,252.266,
CUUR0000SAF1,2018,M03,252.370,
CUUR0000SAF1,2018,M04,253.209,
CUUR0000SAF1,2018,M05,253.098,
CUUR0000SAF1,2018,M06,253.231,
CUUR0000SAF1,2018,M07,253.746,
CUUR0000SAF1,2018,M08,254.077,
CUUR0000SAF1,2018,M09,254.393,
CUUR0000SAF1,2018,M10,254.358,
CUUR0000SAF1,2018,M11,254.379,
CUUR0000SAF1,2018,M12,255.210,
CUUR0000SAF1,2019,M01,256.417,
CUUR0000SAF1,2019,M02,257.222,
CUUR0000SAF1,2019,M03,257.724,
CUUR0000SAF1,2019,M04,257.708,
CUUR0000SAF1,2019,M05,258.110,
CUUR0000SAF1,2019,M06,258.064,
CUUR0000SAF1,2019,M07,258.274,
CUUR0000SAF1,2019,M08,258.410,
CUUR0000SAF1,2019,M09,258.943,
CUUR0000SAF1,2019,M10,259.632,
CUUR0000SAF1,2019,M11,259.467,
CUUR0000SAF1,2019,M12,259.823,
CUUR0000SAF1,2020,M01,261.057,
CUUR0000SAF1,2020,M02,261.876,
CUUR0000SAF1,2020,M03,262.708,
CUUR0000SAF1,2020,M04,266.757,
CUUR0000SAF1,2020,M05,268.439,
CUUR0000SAF1,2020,M06,269.770,
CUUR0000SAF1,2020,M07,268.863,
CUUR0000SAF1,2020,M08,269.079,
CUUR0000SAF1,2020,M09,269.163,
CUUR0000SAF1,2020,M10,269.828,
CUUR0000SAF1,2020,M11,269.069,
CUUR0000SAF1,2020,M12,270.023,
CUUR0000SAF1,2021,M01,270.938,
CUUR0000SAF1,2021,M02,271.363,
CUUR0000SAF1,2021,M03,271.812,
CUUR0000SAF1,2021,M04,273.090,
CUUR0000SAF1,2021,M05,274.212,
CUUR0000SAF1,2021,M06,276.206,
CUUR0000SAF1,2021,M07,278.127,
CUUR0000SAF1,2021,M08,279.135,
CUUR0000SAF1,2021,M09,281.506,
CUUR0000SAF1,2021,M10,284.205,
CUUR0000SAF1,2021,M11,285.507,
CUUR0000SAF1,2021,M12,286.966,
CUUR0000SAF1,2022,M01,289.772,
CUUR0000SAF1,2022,M02,292.794,
CUUR0000SAF1,2022,M03,295.728,
CUUR0000SAF1,2022,M04,298.711,
CUUR0000SAF1,2022,M05,302.038,
CUUR0000SAF1,2022,M06,305.041,
CUUR0000SAF1,2022,M07,308.532,
CUUR0000SAF1,2022,M08,310.875,
CUUR0000SAF1,2022,M09,313.142,
CUUR0000SAF1,2022,M10,315.323,
CUUR0000SAF1,2022,M11,315.857,
CUUR0000SAF1,2022,M12,316.839,
CUUR0000SAF1,2023,M01,319.136,
CUUR0000SAF1,2023,M02,320.569,
CUUR0000SAF1,2023,M03,320.863,
CUUR0000SAF1,2023,M04,321.566,
CUUR0000SAF1,2023,M05,322.249,
CUUR0000SAF1,2023,M06,322.556,
CUUR0000SAF1,2023,M07,323.523,
CUUR0000SAF1,2023,M08,324.100,
CUUR0000SAF1,2023,M09,324.704,
CUUR0000SAF1,2023,M10,325.731,
CUUR0000SAF1,2023,M11,325.172,
CUUR0000SAF1,2023,M12,325.409,
CUUR0000SAF1,2024,M01,327.327,
CUUR0000SAF1,2024,M02,327.731,
CUUR0000SAF1,2024,M03,328.043,
CUUR0000SAF1,2024,M04,328.678,
CUUR0000SAF1,2024,M05,329.120,
CUUR0000SAF1,2024,M06,329.710,
CUUR0000SAF1,2024,M07,330.561,
CUUR0000SAF1,2024,M08,330.750,
CUUR0000SAF1,2024,M09,332.083,
CUUR0000SAF1,2024,M10,332.678,
CUUR0000SAF1,2024,M11,332.904,
CUUR0000SAF1,2024,M12,333.566,
CUUR0000SAF1,2025,M01,335.517,
CUUR0000SAF1,2025,M02,336.274,
CUUR0000SAF1,2025,M03,337.751,
CUUR0000SAF1,2025,M04,337.747,
CUUR0000SAF1,2025,M05,338.598,
CUUR0000SAF1,2025,M06,339.498,
CUUR0000SAF1,2025,M07,340.036,
CUUR0000SAF1,2025,M08,341.295,
CUUR0000SAF1,2025,M09,342.405,
CUUR0000SAF1,2025,M10,-,Data unavailable due to the 2025 lapse in appropriations
CUUR0000SAF1,2025,M11,341.721,
CUUR0000SAF1,2025,M12,343.795,
CUUR0000SAF1,2026,M01,345.165,
CUUR0000SAF1,2026,M02,346.564,
CUUR0000SAF1,2026,M03,346.796,
CUUR0000SAF1,2026,M04,348.499,
CUUR0000SAF1,2026,M05,349.032,
CUUR0000SAF1,2026,M06,349.731,
CUUR0000SAF1,2026,M07,350.164,
CUUR0000SAF11,1997,M01,157.9,
CUUR0000SAF11,1997,M02,157.7,
CUUR0000SAF11,1997,M03,157.7,
CUUR0000SAF11,1997,M04,157.5,
CUUR0000SAF11,1997,M05,157.5,
CUUR0000SAF11,1997,M06,157.3,
CUUR0000SAF11,1997,M07,157.7,
CUUR0000SAF11,1997,M08,158.5,
CUUR0000SAF11,1997,M09,158.6,
CUUR0000SAF11,1997,M10,159.0,
CUUR0000SAF11,1997,M11,159.1,
CUUR0000SAF11,1997,M12,159.2,
CUUR0000SAF11,1998,M01,161.0,
CUUR0000SAF11,1998,M02,160.0,
CUUR0000SAF11,1998,M03,160.2,
CUUR0000SAF11,1998,M04,160.2,
CUUR0000SAF11,1998,M05,160.7,
CUUR0000SAF11,1998,M06,160.5,
CUUR0000SAF11,1998,M07,160.8,
CUUR0000SAF11,1998,M08,161.4,
CUUR0000SAF11,1998,M09,161.2,
CUUR0000SAF11,1998,M10,162.5,
CUUR0000SAF11,1998,M11,162.5,
CUUR0000SAF11,1998,M12,162.6,
CUUR0000SAF11,1999,M01,164.3,
CUUR0000SAF11,1999,M02,163.8,
CUUR0000SAF11,1999,M03,163.4,
CUUR0000SAF11,1999,M04,163.5,
CUUR0000SAF11,1999,M05,163.9,
CUUR0000SAF11,1999,M06,163.7,
CUUR0000SAF11,1999,M07,163.7,
CUUR0000SAF11,1999,M08,164.1,
CUUR0000SAF11,1999,M09,164.5,
CUUR0000SAF11,1999,M10,165.1,
CUUR0000SAF11,1999,M11,165.1,
CUUR0000SAF11,1999,M12,165.4,
CUUR0000SAF11,2000,M01,166.3,
CUUR0000SAF11,2000,M02,166.3,
CUUR0000SAF11,2000,M03,166.4,
CUUR0000SAF11,2000,M04,166.5,
CUUR0000SAF11,2000,M05,167.5,
CUUR0000SAF11,2000,M06,167.3,
CUUR0000SAF11,2000,M07,168.3,
CUUR0000SAF11,2000,M08,168.9,
CUUR0000SAF11,2000,M09,169.0,
CUUR0000SAF11,2000,M10,169.1,
CUUR0000SAF11,2000,M11,168.8,
CUUR0000SAF11,2000,M12,170.2,
CUUR0000SAF11,2001,M01,171.3,
CUUR0000SAF11,2001,M02,171.8,
CUUR0000SAF11,2001,M03,172.0,
CUUR0000SAF11,2001,M04,172.2,
CUUR0000SAF11,2001,M05,172.8,
CUUR0000SAF11,2001,M06,173.3,
CUUR0000SAF11,2001,M07,173.9,
CUUR0000SAF11,2001,M08,174.2,
CUUR0000SAF11,2001,M09,174.3,
CUUR0000SAF11,2001,M10,175.2,
CUUR0000SAF11,2001,M11,174.7,
CUUR0000SAF11,2001,M12,174.7,
CUUR0000SAF11,2002,M01,176.2,
CUUR0000SAF11,2002,M02,176.0,
CUUR0000SAF11,2002,M03,176.3,
CUUR0000SAF11,2002,M04,176.4,
CUUR0000SAF11,2002,M05,175.5,
CUUR0000SAF11,2002,M06,175.0,
CUUR0000SAF11,2002,M07,175.2,
CUUR0000SAF11,2002,M08,174.9,
CUUR0000SAF11,2002,M09,175.2,
CUUR0000SAF11,2002,M10,175.1,
CUUR0000SAF11,2002,M11,175.5,
CUUR0000SAF11,2002,M12,176.1,
CUUR0000SAF11,2003,M01,176.7,
CUUR0000SAF11,2003,M02,177.6,
CUUR0000SAF11,2003,M03,177.7,
CUUR0000SAF11,2003,M04,177.3,
CUUR0000SAF11,2003,M05,177.8,
CUUR0000SAF11,2003,M06,178.9,
CUUR0000SAF11,2003,M07,178.9,
CUUR0000SAF11,2003,M08,179.7,
CUUR0000SAF11,2003,M09,180.1,
CUUR0000SAF11,2003,M10,181.5,
CUUR0000SAF11,2003,M11,182.4,
CUUR0000SAF11,2003,M12,184.1,
CUUR0000SAF11,2004,M01,184.0,
CUUR0000SAF11,2004,M02,184.0,
CUUR0000SAF11,2004,M03,184.3,
CUUR0000SAF11,2004,M04,184.1,
CUUR0000SAF11,2004,M05,186.6,
CUUR0000SAF11,2004,M06,186.8,
CUUR0000SAF11,2004,M07,187.1,
CUUR0000SAF11,2004,M08,186.7,
CUUR0000SAF11,2004,M09,186.1,
CUUR0000SAF11,2004,M10,187.9,
CUUR0000SAF11,2004,M11,188.1,
CUUR0000SAF11,2004,M12,188.5,
CUUR0000SAF11,2005,M01,188.9,
CUUR0000SAF11,2005,M02,188.0,
CUUR0000SAF11,2005,M03,188.1,
CUUR0000SAF11,2005,M04,189.8,
CUUR0000SAF11,2005,M05,190.3,
CUUR0000SAF11,2005,M06,189.4,
CUUR0000SAF11,2005,M07,189.8,
CUUR0000SAF11,2005,M08,189.5,
CUUR0000SAF11,2005,M09,190.0,
CUUR0000SAF11,2005,M10,190.8,
CUUR0000SAF11,2005,M11,191.0,
CUUR0000SAF11,2005,M12,191.7,
CUUR0000SAF11,2006,M01,193.4,
CUUR0000SAF11,2006,M02,192.6,
CUUR0000SAF11,2006,M03,192.3,
CUUR0000SAF11,2006,M04,191.5,
CUUR0000SAF11,2006,M05,191.9,
CUUR0000SAF11,2006,M06,192.2,
CUUR0000SAF11,2006,M07,192.6,
CUUR0000SAF11,2006,M08,193.1,
CUUR0000SAF11,2006,M09,194.1,
CUUR0000SAF11,2006,M10,195.1,
CUUR0000SAF11,2006,M11,194.3,
CUUR0000SAF11,2006,M12,194.3,
CUUR0000SAF11,2007,M01,196.671,
CUUR0000SAF11,2007,M02,198.193,
CUUR0000SAF11,2007,M03,198.766,
CUUR0000SAF11,2007,M04,199.020,
CUUR0000SAF11,2007,M05,200.334,
CUUR0000SAF11,2007,M06,200.950,
CUUR0000SAF11,2007,M07,201.401,
CUUR0000SAF11,2007,M08,202.126,
CUUR0000SAF11,2007,M09,203.193,
CUUR0000SAF11,2007,M10,204.333,
CUUR0000SAF11,2007,M11,204.745,
CUUR0000SAF11,2007,M12,205.208,
CUUR0000SAF11,2008,M01,207.983,
CUUR0000SAF11,2008,M02,208.329,
CUUR0000SAF11,2008,M03,208.203,
CUUR0000SAF11,2008,M04,210.851,
CUUR0000SAF11,2008,M05,211.863,
CUUR0000SAF11,2008,M06,213.171,
CUUR0000SAF11,2008,M07,215.785,
CUUR0000SAF11,2008,M08,217.259,
CUUR0000SAF11,2008,M09,218.629,
CUUR0000SAF11,2008,M10,219.660,
CUUR0000SAF11,2008,M11,219.086,
CUUR0000SAF11,2008,M12,218.683,
CUUR0000SAF11,2009,M01,219.744,
CUUR0000SAF11,2009,M02,218.389,
CUUR0000SAF11,2009,M03,217.110,
CUUR0000SAF11,2009,M04,215.783,
CUUR0000SAF11,2009,M05,215.088,
CUUR0000SAF11,2009,M06,214.824,
CUUR0000SAF11,2009,M07,213.815,
CUUR0000SAF11,2009,M08,213.722,
CUUR0000SAF11,2009,M09,213.227,
CUUR0000SAF11,2009,M10,213.605,
CUUR0000SAF11,2009,M11,212.816,
CUUR0000SAF11,2009,M12,213.359,
CUUR0000SAF11,2010,M01,215.404,
CUUR0000SAF11,2010,M02,215.118,
CUUR0000SAF11,2010,M03,215.623,
CUUR0000SAF11,2010,M04,215.737,
CUUR0000SAF11,2010,M05,215.793,
CUUR0000SAF11,2010,M06,215.361,
CUUR0000SAF11,2010,M07,215.256,
CUUR0000SAF11,2010,M08,215.382,
CUUR0000SAF11,2010,M09,216.161,
CUUR0000SAF11,2010,M10,216.698,
CUUR0000SAF11,2010,M11,216.538,
CUUR0000SAF11,2010,M12,216.955,
CUUR0000SAF11,2011,M01,220.016,
CUUR0000SAF11,2011,M02,221.241,
CUUR0000SAF11,2011,M03,223.430,
CUUR0000SAF11,2011,M04,224.233,
CUUR0000SAF11,2011,M05,225.356,
CUUR0000SAF11,2011,M06,225.588,
CUUR0000SAF11,2011,M07,226.891,
CUUR0000SAF11,2011,M08,228.354,
CUUR0000SAF11,2011,M09,229.739,
CUUR0000SAF11,2011,M10,230.196,
CUUR0000SAF11,2011,M11,229.380,
CUUR0000SAF11,2011,M12,229.982,
CUUR0000SAF11,2012,M01,231.694,
CUUR0000SAF11,2012,M02,231.180,
CUUR0000SAF11,2012,M03,231.383,
CUUR0000SAF11,2012,M04,231.711,
CUUR0000SAF11,2012,M05,231.518,
CUUR0000SAF11,2012,M06,231.515,
CUUR0000SAF11,2012,M07,231.306,
CUUR0000SAF11,2012,M08,231.708,
CUUR0000SAF11,2012,M09,231.615,
CUUR0000SAF11,2012,M10,232.456,
CUUR0000SAF11,2012,M11,232.295,
CUUR0000SAF11,2012,M12,232.901,
CUUR0000SAF11,2013,M01,234.240,
CUUR0000SAF11,2013,M02,234.033,
CUUR0000SAF11,2013,M03,233.777,
CUUR0000SAF11,2013,M04,234.082,
CUUR0000SAF11,2013,M05,233.302,
CUUR0000SAF11,2013,M06,233.499,
CUUR0000SAF11,2013,M07,233.591,
CUUR0000SAF11,2013,M08,233.999,
CUUR0000SAF11,2013,M09,234.045,
CUUR0000SAF11,2013,M10,234.418,
CUUR0000SAF11,2013,M11,233.639,
CUUR0000SAF11,2013,M12,233.802,
CUUR0000SAF11,2014,M01,235.356,
CUUR0000SAF11,2014,M02,236.114,
CUUR0000SAF11,2014,M03,236.973,
CUUR0000SAF11,2014,M04,238.103,
CUUR0000SAF11,2014,M05,239.504,
CUUR0000SAF11,2014,M06,239.147,
CUUR0000SAF11,2014,M07,239.820,
CUUR0000SAF11,2014,M08,240.723,
CUUR0000SAF11,2014,M09,241.578,
CUUR0000SAF11,2014,M10,242.121,
CUUR0000SAF11,2014,M11,241.576,
CUUR0000SAF11,2014,M12,242.457,
CUUR0000SAF11,2015,M01,243.123,
CUUR0000SAF11,2015,M02,242.906,
CUUR0000SAF11,2015,M03,241.588,
CUUR0000SAF11,2015,M04,241.305,
CUUR0000SAF11,2015,M05,241.019,
CUUR0000SAF11,2015,M06,241.494,
CUUR0000SAF11,2015,M07,241.993,
CUUR0000SAF11,2015,M08,242.746,
CUUR0000SAF11,2015,M09,243.432,
CUUR0000SAF11,2015,M10,243.779,
CUUR0000SAF11,2015,M11,242.240,
CUUR0000SAF11,2015,M12,241.375,
CUUR0000SAF11,2016,M01,242.017,
CUUR0000SAF11,2016,M02,242.062,
CUUR0000SAF11,2016,M03,240.329,
CUUR0000SAF11,2016,M04,240.635,
CUUR0000SAF11,2016,M05,239.354,
CUUR0000SAF11,2016,M06,238.430,
CUUR0000SAF11,2016,M07,238.207,
CUUR0000SAF11,2016,M08,238.088,
CUUR0000SAF11,2016,M09,238.120,
CUUR0000SAF11,2016,M10,238.145,
CUUR0000SAF11,2016,M11,236.930,
CUUR0000SAF11,2016,M12,236.464,
CUUR0000SAF11,2017,M01,237.365,
CUUR0000SAF11,2017,M02,237.918,
CUUR0000SAF11,2017,M03,238.256,
CUUR0000SAF11,2017,M04,238.817,
CUUR0000SAF11,2017,M05,238.964,
CUUR0000SAF11,2017,M06,238.300,
CUUR0000SAF11,2017,M07,238.953,
CUUR0000SAF11,2017,M08,238.843,
CUUR0000SAF11,2017,M09,239.128,
CUUR0000SAF11,2017,M10,239.543,
CUUR0000SAF11,2017,M11,238.403,
CUUR0000SAF11,2017,M12,238.579,
CUUR0000SAF11,2018,M01,239.828,
CUUR0000SAF11,2018,M02,239.190,
CUUR0000SAF11,2018,M03,239.158,
CUUR0000SAF11,2018,M04,240.129,
CUUR0000SAF11,2018,M05,239.287,
CUUR0000SAF11,2018,M06,239.158,
CUUR0000SAF11,2018,M07,239.820,
CUUR0000SAF11,2018,M08,240.015,
CUUR0000SAF11,2018,M09,240.125,
CUUR0000SAF11,2018,M10,239.882,
CUUR0000SAF11,2018,M11,239.352,
CUUR0000SAF11,2018,M12,239.989,
CUUR0000SAF11,2019,M01,241.381,
CUUR0000SAF11,2019,M02,242.057,
CUUR0000SAF11,2019,M03,242.555,
CUUR0000SAF11,2019,M04,241.878,
CUUR0000SAF11,2019,M05,242.145,
CUUR0000SAF11,2019,M06,241.407,
CUUR0000SAF11,2019,M07,241.359,
CUUR0000SAF11,2019,M08,241.153,
CUUR0000SAF11,2019,M09,241.543,
CUUR0000SAF11,2019,M10,242.340,
CUUR0000SAF11,2019,M11,241.726,
CUUR0000SAF11,2019,M12,241.750,
CUUR0000SAF11,2020,M01,243.110,
CUUR0000SAF11,2020,M02,244.054,
CUUR0000SAF11,2020,M03,245.163,
CUUR0000SAF11,2020,M04,251.717,
CUUR0000SAF11,2020,M05,253.827,
CUUR0000SAF11,2020,M06,255.042,
CUUR0000SAF11,2020,M07,252.563,
CUUR0000SAF11,2020,M08,252.352,
CUUR0000SAF11,2020,M09,251.369,
CUUR0000SAF11,2020,M10,251.937,
CUUR0000SAF11,2020,M11,250.407,
CUUR0000SAF11,2020,M12,251.253,
CUUR0000SAF11,2021,M01,252.107,
CUUR0000SAF11,2021,M02,252.716,
CUUR0000SAF11,2021,M03,253.231,
CUUR0000SAF11,2021,M04,254.760,
CUUR0000SAF11,2021,M05,255.516,
CUUR0000SAF11,2021,M06,257.412,
CUUR0000SAF11,2021,M07,259.022,
CUUR0000SAF11,2021,M08,259.825,
CUUR0000SAF11,2021,M09,262.695,
CUUR0000SAF11,2021,M10,265.478,
CUUR0000SAF11,2021,M11,266.384,
CUUR0000SAF11,2021,M12,267.555,
CUUR0000SAF11,2022,M01,270.711,
CUUR0000SAF11,2022,M02,274.568,
CUUR0000SAF11,2022,M03,278.612,
CUUR0000SAF11,2022,M04,282.161,
CUUR0000SAF11,2022,M05,285.953,
CUUR0000SAF11,2022,M06,288.884,
CUUR0000SAF11,2022,M07,292.972,
CUUR0000SAF11,2022,M08,295.007,
CUUR0000SAF11,2022,M09,296.771,
CUUR0000SAF11,2022,M10,298.401,
CUUR0000SAF11,2022,M11,298.284,
CUUR0000SAF11,2022,M12,299.089,
CUUR0000SAF11,2023,M01,301.435,
CUUR0000SAF11,2023,M02,302.483,
CUUR0000SAF11,2023,M03,301.918,
CUUR0000SAF11,2023,M04,302.328,
CUUR0000SAF11,2023,M05,302.535,
CUUR0000SAF11,2023,M06,302.335,
CUUR0000SAF11,2023,M07,303.455,
CUUR0000SAF11,2023,M08,303.716,
CUUR0000SAF11,2023,M09,303.925,
CUUR0000SAF11,2023,M10,304.788,
CUUR0000SAF11,2023,M11,303.224,
CUUR0000SAF11,2023,M12,303.005,
CUUR0000SAF11,2024,M01,305.037,
CUUR0000SAF11,2024,M02,305.469,
CUUR0000SAF11,2024,M03,305.426,
CUUR0000SAF11,2024,M04,305.707,
CUUR0000SAF11,2024,M05,305.679,
CUUR0000SAF11,2024,M06,305.752,
CUUR0000SAF11,2024,M07,306.643,
CUUR0000SAF11,2024,M08,306.402,
CUUR0000SAF11,2024,M09,307.767,
CUUR0000SAF11,2024,M10,308.200,
CUUR0000SAF11,2024,M11,307.972,
CUUR0000SAF11,2024,M12,308.380,
CUUR0000SAF11,2025,M01,310.936,
CUUR0000SAF11,2025,M02,311.284,
CUUR0000SAF11,2025,M03,312.815,
CUUR0000SAF11,2025,M04,311.840,
CUUR0000SAF11,2025,M05,312.491,
CUUR0000SAF11,2025,M06,313.028,
CUUR0000SAF11,2025,M07,313.263,
CUUR0000SAF11,2025,M08,314.608,
CUUR0000SAF11,2025,M09,316.042,
CUUR0000SAF11,2025,M10,-,Data unavailable due to the 2025 lapse in appropriations
CUUR0000SAF11,2025,M11,313.954,
CUUR0000SAF11,2025,M12,315.664,
CUUR0000SAF11,2026,M01,317.431,
CUUR0000SAF11,2026,M02,318.898,
CUUR0000SAF11,2026,M03,318.755,
CUUR0000SAF11,2026,M04,320.859,
CUUR0000SAF11,2026,M05,321.047,
CUUR0000SAF11,2026,M06,321.631,
CUUR0000SAF11,2026,M07,321.643,
CUUR0000SAF116,1997,M01,161.1,
CUUR0000SAF116,1997,M02,161.8,
CUUR0000SAF116,1997,M03,162.1,
CUUR0000SAF116,1997,M04,162.3,
CUUR0000SAF116,1997,M05,162.8,
CUUR0000SAF116,1997,M06,162.7,
CUUR0000SAF116,1997,M07,162.9,
CUUR0000SAF116,1997,M08,163.2,
CUUR0000SAF116,1997,M09,163.5,
CUUR0000SAF116,1997,M10,163.7,
CUUR0000SAF116,1997,M11,163.7,
CUUR0000SAF116,1997,M12,164.0,
CUUR0000SAF116,1998,M01,164.6,
CUUR0000SAF116,1998,M02,165.0,
CUUR0000SAF116,1998,M03,165.1,
CUUR0000SAF116,1998,M04,165.2,
CUUR0000SAF116,1998,M05,165.2,
CUUR0000SAF116,1998,M06,165.5,
CUUR0000SAF116,1998,M07,165.6,
CUUR0000SAF116,1998,M08,165.7,
CUUR0000SAF116,1998,M09,166.3,
CUUR0000SAF116,1998,M10,166.6,
CUUR0000SAF116,1998,M11,166.8,
CUUR0000SAF116,1998,M12,167.2,
CUUR0000SAF116,1999,M01,167.6,
CUUR0000SAF116,1999,M02,168.6,
CUUR0000SAF116,1999,M03,168.4,
CUUR0000SAF116,1999,M04,168.8,
CUUR0000SAF116,1999,M05,169.3,
CUUR0000SAF116,1999,M06,169.5,
CUUR0000SAF116,1999,M07,169.9,
CUUR0000SAF116,1999,M08,170.2,
CUUR0000SAF116,1999,M09,170.7,
CUUR0000SAF116,1999,M10,170.5,
CUUR0000SAF116,1999,M11,171.2,
CUUR0000SAF116,1999,M12,171.8,
CUUR0000SAF116,2000,M01,172.4,
CUUR0000SAF116,2000,M02,173.0,
CUUR0000SAF116,2000,M03,173.5,
CUUR0000SAF116,2000,M04,173.6,
CUUR0000SAF116,2000,M05,173.8,
CUUR0000SAF116,2000,M06,174.4,
CUUR0000SAF116,2000,M07,175.2,
CUUR0000SAF116,2000,M08,175.6,
CUUR0000SAF116,2000,M09,175.5,
CUUR0000SAF116,2000,M10,175.9,
CUUR0000SAF116,2000,M11,176.4,
CUUR0000SAF116,2000,M12,176.5,
CUUR0000SAF116,2001,M01,177.2,
CUUR0000SAF116,2001,M02,177.7,
CUUR0000SAF116,2001,M03,177.8,
CUUR0000SAF116,2001,M04,178.1,
CUUR0000SAF116,2001,M05,178.5,
CUUR0000SAF116,2001,M06,179.1,
CUUR0000SAF116,2001,M07,179.7,
CUUR0000SAF116,2001,M08,180.0,
CUUR0000SAF116,2001,M09,180.4,
CUUR0000SAF116,2001,M10,180.8,
CUUR0000SAF116,2001,M11,181.2,
CUUR0000SAF116,2001,M12,180.9,
CUUR0000SAF116,2002,M01,181.8,
CUUR0000SAF116,2002,M02,182.6,
CUUR0000SAF116,2002,M03,182.5,
CUUR0000SAF116,2002,M04,182.9,
CUUR0000SAF116,2002,M05,183.3,
CUUR0000SAF116,2002,M06,183.5,
CUUR0000SAF116,2002,M07,183.8,
CUUR0000SAF116,2002,M08,184.2,
CUUR0000SAF116,2002,M09,183.9,
CUUR0000SAF116,2002,M10,184.7,
CUUR0000SAF116,2002,M11,185.1,
CUUR0000SAF116,2002,M12,184.9,
CUUR0000SAF116,2003,M01,185.8,
CUUR0000SAF116,2003,M02,185.9,
CUUR0000SAF116,2003,M03,186.6,
CUUR0000SAF116,2003,M04,186.4,
CUUR0000SAF116,2003,M05,186.7,
CUUR0000SAF116,2003,M06,187.1,
CUUR0000SAF116,2003,M07,187.2,
CUUR0000SAF116,2003,M08,187.1,
CUUR0000SAF116,2003,M09,187.9,
CUUR0000SAF116,2003,M10,188.1,
CUUR0000SAF116,2003,M11,188.6,
CUUR0000SAF116,2003,M12,188.7,
CUUR0000SAF116,2004,M01,189.4,
CUUR0000SAF116,2004,M02,189.9,
CUUR0000SAF116,2004,M03,190.8,
CUUR0000SAF116,2004,M04,191.8,
CUUR0000SAF116,2004,M05,191.7,
CUUR0000SAF116,2004,M06,192.4,
CUUR0000SAF116,2004,M07,192.2,
CUUR0000SAF116,2004,M08,192.5,
CUUR0000SAF116,2004,M09,193.4,
CUUR0000SAF116,2004,M10,193.6,
CUUR0000SAF116,2004,M11,194.0,
CUUR0000SAF116,2004,M12,193.9,
CUUR0000SAF116,2005,M01,194.3,
CUUR0000SAF116,2005,M02,195.2,
CUUR0000SAF116,2005,M03,195.7,
CUUR0000SAF116,2005,M04,195.9,
CUUR0000SAF116,2005,M05,195.5,
CUUR0000SAF116,2005,M06,195.9,
CUUR0000SAF116,2005,M07,195.8,
CUUR0000SAF116,2005,M08,195.9,
CUUR0000SAF116,2005,M09,196.6,
CUUR0000SAF116,2005,M10,196.8,
CUUR0000SAF116,2005,M11,197.1,
CUUR0000SAF116,2005,M12,196.4,
CUUR0000SAF116,2006,M01,198.0,
CUUR0000SAF116,2006,M02,199.5,
CUUR0000SAF116,2006,M03,200.1,
CUUR0000SAF116,2006,M04,200.1,
CUUR0000SAF116,2006,M05,200.8,
CUUR0000SAF116,2006,M06,201.6,
CUUR0000SAF116,2006,M07,201.3,
CUUR0000SAF116,2006,M08,201.2,
CUUR0000SAF116,2006,M09,201.4,
CUUR0000SAF116,2006,M10,201.9,
CUUR0000SAF116,2006,M11,201.6,
CUUR0000SAF116,2006,M12,201.1,
CUUR0000SAF116,2007,M01,202.968,
CUUR0000SAF116,2007,M02,204.385,
CUUR0000SAF116,2007,M03,205.663,
CUUR0000SAF116,2007,M04,206.166,
CUUR0000SAF116,2007,M05,206.599,
CUUR0000SAF116,2007,M06,207.383,
CUUR0000SAF116,2007,M07,207.624,
CUUR0000SAF116,2007,M08,208.264,
CUUR0000SAF116,2007,M09,208.408,
CUUR0000SAF116,2007,M10,209.126,
CUUR0000SAF116,2007,M11,209.018,
CUUR0000SAF116,2007,M12,208.704,
CUUR0000SAF116,2008,M01,210.425,
CUUR0000SAF116,2008,M02,212.044,
CUUR0000SAF116,2008,M03,212.407,
CUUR0000SAF116,2008,M04,213.503,
CUUR0000SAF116,2008,M05,213.532,
CUUR0000SAF116,2008,M06,213.912,
CUUR0000SAF116,2008,M07,214.394,
CUUR0000SAF116,2008,M08,215.094,
CUUR0000SAF116,2008,M09,216.055,
CUUR0000SAF116,2008,M10,216.972,
CUUR0000SAF116,2008,M11,217.492,
CUUR0000SAF116,2008,M12,217.975,
CUUR0000SAF116,2009,M01,219.113,
CUUR0000SAF116,2009,M02,219.682,
CUUR0000SAF116,2009,M03,219.999,
CUUR0000SAF116,2009,M04,219.671,
CUUR0000SAF116,2009,M05,220.005,
CUUR0000SAF116,2009,M06,220.477,
CUUR0000SAF116,2009,M07,220.850,
CUUR0000SAF116,2009,M08,220.946,
CUUR0000SAF116,2009,M09,221.474,
CUUR0000SAF116,2009,M10,222.232,
CUUR0000SAF116,2009,M11,222.485,
CUUR0000SAF116,2009,M12,222.082,
CUUR0000SAF116,2010,M01,222.401,
CUUR0000SAF116,2010,M02,222.496,
CUUR0000SAF116,2010,M03,222.521,
CUUR0000SAF116,2010,M04,222.299,
CUUR0000SAF116,2010,M05,222.463,
CUUR0000SAF116,2010,M06,222.680,
CUUR0000SAF116,2010,M07,223.639,
CUUR0000SAF116,2010,M08,223.536,
CUUR0000SAF116,2010,M09,224.043,
CUUR0000SAF116,2010,M10,224.705,
CUUR0000SAF116,2010,M11,224.490,
CUUR0000SAF116,2010,M12,224.215,
CUUR0000SAF116,2011,M01,224.975,
CUUR0000SAF116,2011,M02,225.749,
CUUR0000SAF116,2011,M03,225.693,
CUUR0000SAF116,2011,M04,226.053,
CUUR0000SAF116,2011,M05,226.989,
CUUR0000SAF116,2011,M06,227.154,
CUUR0000SAF116,2011,M07,226.908,
CUUR0000SAF116,2011,M08,227.126,
CUUR0000SAF116,2011,M09,227.265,
CUUR0000SAF116,2011,M10,227.606,
CUUR0000SAF116,2011,M11,227.363,
CUUR0000SAF116,2011,M12,227.335,
CUUR0000SAF116,2012,M01,229.704,
CUUR0000SAF116,2012,M02,230.704,
CUUR0000SAF116,2012,M03,230.193,
CUUR0000SAF116,2012,M04,230.092,
CUUR0000SAF116,2012,M05,230.766,
CUUR0000SAF116,2012,M06,231.444,
CUUR0000SAF116,2012,M07,231.192,
CUUR0000SAF116,2012,M08,230.674,
CUUR0000SAF116,2012,M09,231.018,
CUUR0000SAF116,2012,M10,231.058,
CUUR0000SAF116,2012,M11,231.178,
CUUR0000SAF116,2012,M12,231.572,
CUUR0000SAF116,2013,M01,232.558,
CUUR0000SAF116,2013,M02,233.898,
CUUR0000SAF116,2013,M03,234.015,
CUUR0000SAF116,2013,M04,234.282,
CUUR0000SAF116,2013,M05,234.425,
CUUR0000SAF116,2013,M06,234.460,
CUUR0000SAF116,2013,M07,235.022,
CUUR0000SAF116,2013,M08,235.199,
CUUR0000SAF116,2013,M09,234.999,
CUUR0000SAF116,2013,M10,235.348,
CUUR0000SAF116,2013,M11,235.470,
CUUR0000SAF116,2013,M12,235.804,
CUUR0000SAF116,2014,M01,236.340,
CUUR0000SAF116,2014,M02,236.314,
CUUR0000SAF116,2014,M03,236.512,
CUUR0000SAF116,2014,M04,236.530,
CUUR0000SAF116,2014,M05,236.894,
CUUR0000SAF116,2014,M06,236.569,
CUUR0000SAF116,2014,M07,236.387,
CUUR0000SAF116,2014,M08,237.829,
CUUR0000SAF116,2014,M09,237.828,
CUUR0000SAF116,2014,M10,238.045,
CUUR0000SAF116,2014,M11,239.551,
CUUR0000SAF116,2014,M12,238.856,
CUUR0000SAF116,2015,M01,238.718,
CUUR0000SAF116,2015,M02,239.269,
CUUR0000SAF116,2015,M03,239.437,
CUUR0000SAF116,2015,M04,239.237,
CUUR0000SAF116,2015,M05,239.800,
CUUR0000SAF116,2015,M06,238.911,
CUUR0000SAF116,2015,M07,239.092,
CUUR0000SAF116,2015,M08,239.313,
CUUR0000SAF116,2015,M09,239.287,
CUUR0000SAF116,2015,M10,240.656,
CUUR0000SAF116,2015,M11,240.512,
CUUR0000SAF116,2015,M12,240.128,
CUUR0000SAF116,2016,M01,241.535,
CUUR0000SAF116,2016,M02,242.437,
CUUR0000SAF116,2016,M03,242.230,
CUUR0000SAF116,2016,M04,242.407,
CUUR0000SAF116,2016,M05,242.430,
CUUR0000SAF116,2016,M06,242.133,
CUUR0000SAF116,2016,M07,242.032,
CUUR0000SAF116,2016,M08,242.009,
CUUR0000SAF116,2016,M09,242.614,
CUUR0000SAF116,2016,M10,243.674,
CUUR0000SAF116,2016,M11,243.395,
CUUR0000SAF116,2016,M12,243.414,
CUUR0000SAF116,2017,M01,244.516,
CUUR0000SAF116,2017,M02,244.622,
CUUR0000SAF116,2017,M03,244.978,
CUUR0000SAF116,2017,M04,245.500,
CUUR0000SAF116,2017,M05,244.785,
CUUR0000SAF116,2017,M06,244.597,
CUUR0000SAF116,2017,M07,244.706,
CUUR0000SAF116,2017,M08,245.042,
CUUR0000SAF116,2017,M09,245.884,
CUUR0000SAF116,2017,M10,246.621,
CUUR0000SAF116,2017,M11,246.991,
CUUR0000SAF116,2017,M12,246.791,
CUUR0000SAF116,2018,M01,247.359,
CUUR0000SAF116,2018,M02,248.166,
CUUR0000SAF116,2018,M03,248.287,
CUUR0000SAF116,2018,M04,248.818,
CUUR0000SAF116,2018,M05,248.126,
CUUR0000SAF116,2018,M06,248.844,
CUUR0000SAF116,2018,M07,248.469,
CUUR0000SAF116,2018,M08,248.407,
CUUR0000SAF116,2018,M09,249.921,
CUUR0000SAF116,2018,M10,250.757,
CUUR0000SAF116,2018,M11,251.326,
CUUR0000SAF116,2018,M12,251.131,
CUUR0000SAF116,2019,M01,251.688,
CUUR0000SAF116,2019,M02,252.599,
CUUR0000SAF116,2019,M03,252.087,
CUUR0000SAF116,2019,M04,251.758,
CUUR0000SAF116,2019,M05,252.101,
CUUR0000SAF116,2019,M06,252.538,
CUUR0000SAF116,2019,M07,253.129,
CUUR0000SAF116,2019,M08,253.314,
CUUR0000SAF116,2019,M09,253.261,
CUUR0000SAF116,2019,M10,253.207,
CUUR0000SAF116,2019,M11,252.463,
CUUR0000SAF116,2019,M12,252.361,
CUUR0000SAF116,2020,M01,253.592,
CUUR0000SAF116,2020,M02,254.831,
CUUR0000SAF116,2020,M03,255.660,
CUUR0000SAF116,2020,M04,256.423,
CUUR0000SAF116,2020,M05,257.713,
CUUR0000SAF116,2020,M06,258.033,
CUUR0000SAF116,2020,M07,256.960,
CUUR0000SAF116,2020,M08,257.678,
CUUR0000SAF116,2020,M09,257.730,
CUUR0000SAF116,2020,M10,258.936,
CUUR0000SAF116,2020,M11,259.995,
CUUR0000SAF116,2020,M12,259.397,
CUUR0000SAF116,2021,M01,259.765,
CUUR0000SAF116,2021,M02,260.011,
CUUR0000SAF116,2021,M03,260.652,
CUUR0000SAF116,2021,M04,261.265,
CUUR0000SAF116,2021,M05,261.711,
CUUR0000SAF116,2021,M06,262.913,
CUUR0000SAF116,2021,M07,263.226,
CUUR0000SAF116,2021,M08,264.315,
CUUR0000SAF116,2021,M09,264.980,
CUUR0000SAF116,2021,M10,264.748,
CUUR0000SAF116,2021,M11,264.957,
CUUR0000SAF116,2021,M12,265.410,
CUUR0000SAF116,2022,M01,266.749,
CUUR0000SAF116,2022,M02,269.128,
CUUR0000SAF116,2022,M03,270.352,
CUUR0000SAF116,2022,M04,271.376,
CUUR0000SAF116,2022,M05,272.293,
CUUR0000SAF116,2022,M06,273.537,
CUUR0000SAF116,2022,M07,274.344,
CUUR0000SAF116,2022,M08,275.627,
CUUR0000SAF116,2022,M09,275.810,
CUUR0000SAF116,2022,M10,278.009,
CUUR0000SAF116,2022,M11,279.629,
CUUR0000SAF116,2022,M12,280.755,
CUUR0000SAF116,2023,M01,282.286,
CUUR0000SAF116,2023,M02,282.377,
CUUR0000SAF116,2023,M03,282.588,
CUUR0000SAF116,2023,M04,283.961,
CUUR0000SAF116,2023,M05,285.285,
CUUR0000SAF116,2023,M06,285.633,
CUUR0000SAF116,2023,M07,285.580,
CUUR0000SAF116,2023,M08,285.859,
CUUR0000SAF116,2023,M09,287.496,
CUUR0000SAF116,2023,M10,288.303,
CUUR0000SAF116,2023,M11,287.731,
CUUR0000SAF116,2023,M12,287.873,
CUUR0000SAF116,2024,M01,288.758,
CUUR0000SAF116,2024,M02,289.220,
CUUR0000SAF116,2024,M03,289.360,
CUUR0000SAF116,2024,M04,289.717,
CUUR0000SAF116,2024,M05,290.094,
CUUR0000SAF116,2024,M06,290.825,
CUUR0000SAF116,2024,M07,291.088,
CUUR0000SAF116,2024,M08,291.432,
CUUR0000SAF116,2024,M09,291.683,
CUUR0000SAF116,2024,M10,292.871,
CUUR0000SAF116,2024,M11,292.831,
CUUR0000SAF116,2024,M12,291.832,
CUUR0000SAF116,2025,M01,292.771,
CUUR0000SAF116,2025,M02,294.211,
CUUR0000SAF116,2025,M03,294.847,
CUUR0000SAF116,2025,M04,294.880,
CUUR0000SAF116,2025,M05,294.478,
CUUR0000SAF116,2025,M06,294.883,
CUUR0000SAF116,2025,M07,295.176,
CUUR0000SAF116,2025,M08,296.908,
CUUR0000SAF116,2025,M09,297.507,
CUUR0000SAF116,2025,M10,-,Data unavailable due to the 2025 lapse in appropriations
CUUR0000SAF116,2025,M11,298.310,
CUUR0000SAF116,2025,M12,298.085,
CUUR0000SAF116,2026,M01,298.623,
CUUR0000SAF116,2026,M02,298.950,
CUUR0000SAF116,2026,M03,299.718,
CUUR0000SAF116,2026,M04,300.555,
CUUR0000SAF116,2026,M05,300.726,
CUUR0000SAF116,2026,M06,300.824,
CUUR0000SAF116,2026,M07,301.367,
CUUR0000SAG,1997,M01,220.0,
CUUR0000SAG,1997,M02,220.7,
CUUR0000SAG,1997,M03,221.4,
CUUR0000SAG,1997,M04,222.7,
CUUR0000SAG,1997,M05,223.1,
CUUR0000SAG,1997,M06,223.1,
CUUR0000SAG,1997,M07,223.5,
CUUR0000SAG,1997,M08,225.7,
CUUR0000SAG,1997,M09,228.1,
CUUR0000SAG,1997,M10,229.4,
CUUR0000SAG,1997,M11,229.9,
CUUR0000SAG,1997,M12,230.1,
CUUR0000SAG,1998,M01,231.3,
CUUR0000SAG,1998,M02,233.1,
CUUR0000SAG,1998,M03,232.4,
CUUR0000SAG,1998,M04,234.7,
CUUR0000SAG,1998,M05,236.7,
CUUR0000SAG,1998,M06,236.4,
CUUR0000SAG,1998,M07,237.8,
CUUR0000SAG,1998,M08,238.0,
CUUR0000SAG,1998,M09,240.4,
CUUR0000SAG,1998,M10,241.3,
CUUR0000SAG,1998,M11,240.5,
CUUR0000SAG,1998,M12,250.3,
CUUR0000SAG,1999,M01,255.4,
CUUR0000SAG,1999,M02,255.0,
CUUR0000SAG,1999,M03,253.3,
CUUR0000SAG,1999,M04,256.1,
CUUR0000SAG,1999,M05,255.8,
CUUR0000SAG,1999,M06,255.9,
CUUR0000SAG,1999,M07,258.3,
CUUR0000SAG,1999,M08,257.6,
CUUR0000SAG,1999,M09,262.6,
CUUR0000SAG,1999,M10,263.2,
CUUR0000SAG,1999,M11,263.0,
CUUR0000SAG,1999,M12,263.0,
CUUR0000SAG,2000,M01,264.7,
CUUR0000SAG,2000,M02,266.7,
CUUR0000SAG,2000,M03,268.0,
CUUR0000SAG,2000,M04,271.9,
CUUR0000SAG,2000,M05,270.2,
CUUR0000SAG,2000,M06,269.6,
CUUR0000SAG,2000,M07,272.2,
CUUR0000SAG,2000,M08,271.6,
CUUR0000SAG,2000,M09,274.7,
CUUR0000SAG,2000,M10,273.0,
CUUR0000SAG,2000,M11,276.2,
CUUR0000SAG,2000,M12,274.0,
CUUR0000SAG,2001,M01,275.9,
CUUR0000SAG,2001,M02,277.2,
CUUR0000SAG,2001,M03,277.7,
CUUR0000SAG,2001,M04,281.3,
CUUR0000SAG,2001,M05,280.2,
CUUR0000SAG,2001,M06,281.2,
CUUR0000SAG,2001,M07,285.8,
CUUR0000SAG,2001,M08,283.3,
CUUR0000SAG,2001,M09,287.8,
CUUR0000SAG,2001,M10,285.6,
CUUR0000SAG,2001,M11,289.2,
CUUR0000SAG,2001,M12,286.4,
CUUR0000SAG,2002,M01,287.2,
CUUR0000SAG,2002,M02,290.2,
CUUR0000SAG,2002,M03,288.5,
CUUR0000SAG,2002,M04,292.9,
CUUR0000SAG,2002,M05,291.5,
CUUR0000SAG,2002,M06,294.4,
CUUR0000SAG,2002,M07,294.5,
CUUR0000SAG,2002,M08,295.9,
CUUR0000SAG,2002,M09,297.0,
CUUR0000SAG,2002,M10,295.4,
CUUR0000SAG,2002,M11,295.6,
CUUR0000SAG,2002,M12,295.8,
CUUR0000SAG,2003,M01,296.5,
CUUR0000SAG,2003,M02,297.5,
CUUR0000SAG,2003,M03,297.3,
CUUR0000SAG,2003,M04,298.1,
CUUR0000SAG,2003,M05,298.1,
CUUR0000SAG,2003,M06,298.1,
CUUR0000SAG,2003,M07,299.2,
CUUR0000SAG,2003,M08,299.6,
CUUR0000SAG,2003,M09,299.9,
CUUR0000SAG,2003,M10,300.2,
CUUR0000SAG,2003,M11,300.0,
CUUR0000SAG,2003,M12,300.2,
CUUR0000SAG,2004,M01,301.4,
CUUR0000SAG,2004,M02,302.3,
CUUR0000SAG,2004,M03,303.1,
CUUR0000SAG,2004,M04,303.6,
CUUR0000SAG,2004,M05,303.8,
CUUR0000SAG,2004,M06,304.1,
CUUR0000SAG,2004,M07,305.1,
CUUR0000SAG,2004,M08,305.5,
CUUR0000SAG,2004,M09,306.3,
CUUR0000SAG,2004,M10,306.8,
CUUR0000SAG,2004,M11,307.0,
CUUR0000SAG,2004,M12,307.8,
CUUR0000SAG,2005,M01,309.3,
CUUR0000SAG,2005,M02,310.8,
CUUR0000SAG,2005,M03,311.2,
CUUR0000SAG,2005,M04,311.6,
CUUR0000SAG,2005,M05,312.5,
CUUR0000SAG,2005,M06,312.5,
CUUR0000SAG,2005,M07,314.1,
CUUR0000SAG,2005,M08,314.4,
CUUR0000SAG,2005,M09,315.0,
CUUR0000SAG,2005,M10,315.3,
CUUR0000SAG,2005,M11,316.2,
CUUR0000SAG,2005,M12,317.3,
CUUR0000SAG,2006,M01,318.2,
CUUR0000SAG,2006,M02,319.1,
CUUR0000SAG,2006,M03,320.0,
CUUR0000SAG,2006,M04,320.0,
CUUR0000SAG,2006,M05,320.2,
CUUR0000SAG,2006,M06,321.5,
CUUR0000SAG,2006,M07,321.2,
CUUR0000SAG,2006,M08,321.7,
CUUR0000SAG,2006,M09,323.3,
CUUR0000SAG,2006,M10,324.3,
CUUR0000SAG,2006,M11,324.3,
CUUR0000SAG,2006,M12,326.7,
CUUR0000SAG,2007,M01,329.198,
CUUR0000SAG,2007,M02,330.459,
CUUR0000SAG,2007,M03,331.144,
CUUR0000SAG,2007,M04,331.743,
CUUR0000SAG,2007,M05,332.785,
CUUR0000SAG,2007,M06,333.378,
CUUR0000SAG,2007,M07,333.415,
CUUR0000SAG,2007,M08,333.325,
CUUR0000SAG,2007,M09,334.801,
CUUR0000SAG,2007,M10,335.680,
CUUR0000SAG,2007,M11,336.379,
CUUR0000SAG,2007,M12,337.633,
CUUR0000SAG,2008,M01,339.052,
CUUR0000SAG,2008,M02,340.191,
CUUR0000SAG,2008,M03,341.827,
CUUR0000SAG,2008,M04,343.410,
CUUR0000SAG,2008,M05,344.709,
CUUR0000SAG,2008,M06,345.885,
CUUR0000SAG,2008,M07,346.810,
CUUR0000SAG,2008,M08,346.990,
CUUR0000SAG,2008,M09,348.166,
CUUR0000SAG,2008,M10,349.276,
CUUR0000SAG,2008,M11,349.040,
CUUR0000SAG,2008,M12,349.220,
CUUR0000SAG,2009,M01,350.259,
CUUR0000SAG,2009,M02,351.223,
CUUR0000SAG,2009,M03,361.156,
CUUR0000SAG,2009,M04,370.606,
CUUR0000SAG,2009,M05,369.901,
CUUR0000SAG,2009,M06,370.595,
CUUR0000SAG,2009,M07,372.894,
CUUR0000SAG,2009,M08,372.699,
CUUR0000SAG,2009,M09,374.219,
CUUR0000SAG,2009,M10,375.444,
CUUR0000SAG,2009,M11,376.702,
CUUR0000SAG,2009,M12,377.330,
CUUR0000SAG,2010,M01,377.652,
CUUR0000SAG,2010,M02,377.992,
CUUR0000SAG,2010,M03,378.808,
CUUR0000SAG,2010,M04,378.911,
CUUR0000SAG,2010,M05,379.714,
CUUR0000SAG,2010,M06,380.926,
CUUR0000SAG,2010,M07,383.247,
CUUR0000SAG,2010,M08,383.685,
CUUR0000SAG,2010,M09,383.663,
CUUR0000SAG,2010,M10,382.764,
CUUR0000SAG,2010,M11,383.633,
CUUR0000SAG,2010,M12,384.502,
CUUR0000SAG,2011,M01,384.689,
CUUR0000SAG,2011,M02,385.397,
CUUR0000SAG,2011,M03,385.637,
CUUR0000SAG,2011,M04,386.226,
CUUR0000SAG,2011,M05,385.476,
CUUR0000SAG,2011,M06,386.171,
CUUR0000SAG,2011,M07,386.494,
CUUR0000SAG,2011,M08,387.053,
CUUR0000SAG,2011,M09,388.627,
CUUR0000SAG,2011,M10,389.119,
CUUR0000SAG,2011,M11,390.761,
CUUR0000SAG,2011,M12,391.043,
CUUR0000SAG,2012,M01,391.382,
CUUR0000SAG,2012,M02,391.236,
CUUR0000SAG,2012,M03,392.364,
CUUR0000SAG,2012,M04,393.320,
CUUR0000SAG,2012,M05,392.859,
CUUR0000SAG,2012,M06,393.989,
CUUR0000SAG,2012,M07,395.418,
CUUR0000SAG,2012,M08,396.161,
CUUR0000SAG,2012,M09,396.155,
CUUR0000SAG,2012,M10,396.337,
CUUR0000SAG,2012,M11,396.702,
CUUR0000SAG,2012,M12,396.814,
CUUR0000SAG,2013,M01,397.543,
CUUR0000SAG,2013,M02,398.291,
CUUR0000SAG,2013,M03,399.265,
CUUR0000SAG,2013,M04,400.239,
CUUR0000SAG,2013,M05,399.966,
CUUR0000SAG,2013,M06,400.347,
CUUR0000SAG,2013,M07,401.454,
CUUR0000SAG,2013,M08,402.403,
CUUR0000SAG,2013,M09,402.675,
CUUR0000SAG,2013,M10,402.693,
CUUR0000SAG,2013,M11,403.047,
CUUR0000SAG,2013,M12,404.097,
CUUR0000SAG,2014,M01,405.127,
CUUR0000SAG,2014,M02,405.910,
CUUR0000SAG,2014,M03,406.715,
CUUR0000SAG,2014,M04,407.030,
CUUR0000SAG,2014,M05,407.178,
CUUR0000SAG,2014,M06,407.974,
CUUR0000SAG,2014,M07,408.483,
CUUR0000SAG,2014,M08,408.898,
CUUR0000SAG,2014,M09,409.059,
CUUR0000SAG,2014,M10,410.325,
CUUR0000SAG,2014,M11,409.825,
CUUR0000SAG,2014,M12,410.642,
CUUR0000SAG,2015,M01,412.545,
CUUR0000SAG,2015,M02,411.837,
CUUR0000SAG,2015,M03,412.402,
CUUR0000SAG,2015,M04,412.231,
CUUR0000SAG,2015,M05,412.841,
CUUR0000SAG,2015,M06,415.022,
CUUR0000SAG,2015,M07,415.359,
CUUR0000SAG,2015,M08,415.576,
CUUR0000SAG,2015,M09,416.340,
CUUR0000SAG,2015,M10,417.968,
CUUR0000SAG,2015,M11,418.351,
CUUR0000SAG,2015,M12,418.298,
CUUR0000SAG,2016,M01,419.074,
CUUR0000SAG,2016,M02,419.627,
CUUR0000SAG,2016,M03,420.632,
CUUR0000SAG,2016,M04,420.977,
CUUR0000SAG,2016,M05,421.881,
CUUR0000SAG,2016,M06,422.915,
CUUR0000SAG,2016,M07,423.439,
CUUR0000SAG,2016,M08,424.105,
CUUR0000SAG,2016,M09,425.494,
CUUR0000SAG,2016,M10,425.524,
CUUR0000SAG,2016,M11,426.045,
CUUR0000SAG,2016,M12,427.159,
CUUR0000SAG,2017,M01,427.621,
CUUR0000SAG,2017,M02,427.992,
CUUR0000SAG,2017,M03,428.336,
CUUR0000SAG,2017,M04,432.175,
CUUR0000SAG,2017,M05,431.911,
CUUR0000SAG,2017,M06,433.121,
CUUR0000SAG,2017,M07,434.033,
CUUR0000SAG,2017,M08,433.328,
CUUR0000SAG,2017,M09,434.057,
CUUR0000SAG,2017,M10,436.252,
CUUR0000SAG,2017,M11,436.352,
CUUR0000SAG,2017,M12,435.831,
CUUR0000SAG,2018,M01,437.687,
CUUR0000SAG,2018,M02,438.306,
CUUR0000SAG,2018,M03,439.269,
CUUR0000SAG,2018,M04,442.553,
CUUR0000SAG,2018,M05,442.710,
CUUR0000SAG,2018,M06,442.851,
CUUR0000SAG,2018,M07,443.170,
CUUR0000SAG,2018,M08,442.934,
CUUR0000SAG,2018,M09,443.409,
CUUR0000SAG,2018,M10,444.334,
CUUR0000SAG,2018,M11,445.480,
CUUR0000SAG,2018,M12,445.059,
CUUR0000SAG,2019,M01,446.000,
CUUR0000SAG,2019,M02,448.150,
CUUR0000SAG,2019,M03,448.471,
CUUR0000SAG,2019,M04,448.658,
CUUR0000SAG,2019,M05,449.896,
CUUR0000SAG,2019,M06,449.345,
CUUR0000SAG,2019,M07,451.709,
CUUR0000SAG,2019,M08,453.074,
CUUR0000SAG,2019,M09,453.193,
CUUR0000SAG,2019,M10,455.225,
CUUR0000SAG,2019,M11,456.262,
CUUR0000SAG,2019,M12,455.413,
CUUR0000SAG,2020,M01,458.336,
CUUR0000SAG,2020,M02,460.144,
CUUR0000SAG,2020,M03,461.495,
CUUR0000SAG,2020,M04,461.294,
CUUR0000SAG,2020,M05,460.730,
CUUR0000SAG,2020,M06,462.149,
CUUR0000SAG,2020,M07,463.712,
CUUR0000SAG,2020,M08,462.847,
CUUR0000SAG,2020,M09,463.656,
CUUR0000SAG,2020,M10,463.919,
CUUR0000SAG,2020,M11,464.211,
CUUR0000SAG,2020,M12,466.332,
CUUR0000SAG,2021,M01,467.995,
CUUR0000SAG,2021,M02,469.886,
CUUR0000SAG,2021,M03,472.607,
CUUR0000SAG,2021,M04,473.649,
CUUR0000SAG,2021,M05,473.011,
CUUR0000SAG,2021,M06,473.718,
CUUR0000SAG,2021,M07,477.103,
CUUR0000SAG,2021,M08,479.048,
CUUR0000SAG,2021,M09,479.525,
CUUR0000SAG,2021,M10,483.592,
CUUR0000SAG,2021,M11,484.683,
CUUR0000SAG,2021,M12,487.131,
CUUR0000SAG,2022,M01,490.856,
CUUR0000SAG,2022,M02,496.045,
CUUR0000SAG,2022,M03,498.538,
CUUR0000SAG,2022,M04,500.673,
CUUR0000SAG,2022,M05,502.966,
CUUR0000SAG,2022,M06,505.312,
CUUR0000SAG,2022,M07,507.204,
CUUR0000SAG,2022,M08,510.892,
CUUR0000SAG,2022,M09,512.565,
CUUR0000SAG,2022,M10,514.958,
CUUR0000SAG,2022,M11,518.668,
CUUR0000SAG,2022,M12,518.088,
CUUR0000SAG,2023,M01,521.433,
CUUR0000SAG,2023,M02,526.196,
CUUR0000SAG,2023,M03,528.811,
CUUR0000SAG,2023,M04,533.706,
CUUR0000SAG,2023,M05,536.518,
CUUR0000SAG,2023,M06,537.386,
CUUR0000SAG,2023,M07,537.926,
CUUR0000SAG,2023,M08,540.270,
CUUR0000SAG,2023,M09,543.350,
CUUR0000SAG,2023,M10,546.825,
CUUR0000SAG,2023,M11,547.960,
CUUR0000SAG,2023,M12,546.784,
CUUR0000SAG,2024,M01,551.140,
CUUR0000SAG,2024,M02,551.150,
CUUR0000SAG,2024,M03,553.666,
CUUR0000SAG,2024,M04,556.486,
CUUR0000SAG,2024,M05,556.772,
CUUR0000SAG,2024,M06,559.708,
CUUR0000SAG,2024,M07,560.655,
CUUR0000SAG,2024,M08,561.561,
CUUR0000SAG,2024,M09,562.638,
CUUR0000SAG,2024,M10,564.839,
CUUR0000SAG,2024,M11,566.688,
CUUR0000SAG,2024,M12,564.600,
CUUR0000SAG,2025,M01,564.223,
CUUR0000SAG,2025,M02,569.205,
CUUR0000SAG,2025,M03,574.766,
CUUR0000SAG,2025,M04,576.398,
CUUR0000SAG,2025,M05,578.031,
CUUR0000SAG,2025,M06,580.544,
CUUR0000SAG,2025,M07,582.371,
CUUR0000SAG,2025,M08,583.313,
CUUR0000SAG,2025,M09,585.873,
CUUR0000SAG,2025,M10,-,Data unavailable due to the 2025 lapse in appropriations
CUUR0000SAG,2025,M11,588.935,
CUUR0000SAG,2025,M12,588.451,
CUUR0000SAG,2026,M01,597.390,
CUUR0000SAG,2026,M02,598.208,
CUUR0000SAG,2026,M03,596.439,
CUUR0000SAG,2026,M04,601.760,
CUUR0000SAG,2026,M05,606.400,
CUUR0000SAG,2026,M06,607.199,
CUUR0000SAG,2026,M07,607.421,
CUUR0000SAG1,1997,M01,151.6,
CUUR0000SAG1,1997,M02,151.5,
CUUR0000SAG1,1997,M03,151.8,
CUUR0000SAG1,1997,M04,152.7,
CUUR0000SAG1,1997,M05,152.6,
CUUR0000SAG1,1997,M06,152.8,
CUUR0000SAG1,1997,M07,152.6,
CUUR0000SAG1,1997,M08,152.5,
CUUR0000SAG1,1997,M09,152.7,
CUUR0000SAG1,1997,M10,153.3,
CUUR0000SAG1,1997,M11,154.3,
CUUR0000SAG1,1997,M12,154.0,
CUUR0000SAG1,1998,M01,154.6,
CUUR0000SAG1,1998,M02,155.0,
CUUR0000SAG1,1998,M03,155.5,
CUUR0000SAG1,1998,M04,155.9,
CUUR0000SAG1,1998,M05,156.6,
CUUR0000SAG1,1998,M06,156.8,
CUUR0000SAG1,1998,M07,157.0,
CUUR0000SAG1,1998,M08,157.1,
CUUR0000SAG1,1998,M09,157.5,
CUUR0000SAG1,1998,M10,158.1,
CUUR0000SAG1,1998,M11,158.0,
CUUR0000SAG1,1998,M12,158.3,
CUUR0000SAG1,1999,M01,158.9,
CUUR0000SAG1,1999,M02,159.4,
CUUR0000SAG1,1999,M03,160.0,
CUUR0000SAG1,1999,M04,160.2,
CUUR0000SAG1,1999,M05,160.7,
CUUR0000SAG1,1999,M06,161.1,
CUUR0000SAG1,1999,M07,161.1,
CUUR0000SAG1,1999,M08,161.4,
CUUR0000SAG1,1999,M09,161.8,
CUUR0000SAG1,1999,M10,162.4,
CUUR0000SAG1,1999,M11,162.8,
CUUR0000SAG1,1999,M12,162.9,
CUUR0000SAG1,2000,M01,163.4,
CUUR0000SAG1,2000,M02,163.8,
CUUR0000SAG1,2000,M03,164.3,
CUUR0000SAG1,2000,M04,164.8,
CUUR0000SAG1,2000,M05,165.1,
CUUR0000SAG1,2000,M06,165.4,
CUUR0000SAG1,2000,M07,165.7,
CUUR0000SAG1,2000,M08,166.2,
CUUR0000SAG1,2000,M09,166.6,
CUUR0000SAG1,2000,M10,167.0,
CUUR0000SAG1,2000,M11,167.4,
CUUR0000SAG1,2000,M12,167.8,
CUUR0000SAG1,2001,M01,168.2,
CUUR0000SAG1,2001,M02,168.6,
CUUR0000SAG1,2001,M03,169.1,
CUUR0000SAG1,2001,M04,169.6,
CUUR0000SAG1,2001,M05,169.5,
CUUR0000SAG1,2001,M06,170.0,
CUUR0000SAG1,2001,M07,170.7,
CUUR0000SAG1,2001,M08,171.2,
CUUR0000SAG1,2001,M09,171.9,
CUUR0000SAG1,2001,M10,172.3,
CUUR0000SAG1,2001,M11,172.6,
CUUR0000SAG1,2001,M12,172.6,
CUUR0000SAG1,2002,M01,173.2,
CUUR0000SAG1,2002,M02,173.7,
CUUR0000SAG1,2002,M03,174.1,
CUUR0000SAG1,2002,M04,174.4,
CUUR0000SAG1,2002,M05,174.7,
CUUR0000SAG1,2002,M06,174.9,
CUUR0000SAG1,2002,M07,175.0,
CUUR0000SAG1,2002,M08,174.9,
CUUR0000SAG1,2002,M09,174.9,
CUUR0000SAG1,2002,M10,175.3,
CUUR0000SAG1,2002,M11,175.5,
CUUR0000SAG1,2002,M12,175.4,
CUUR0000SAG1,2003,M01,175.9,
CUUR0000SAG1,2003,M02,176.7,
CUUR0000SAG1,2003,M03,177.2,
CUUR0000SAG1,2003,M04,177.7,
CUUR0000SAG1,2003,M05,177.9,
CUUR0000SAG1,2003,M06,178.2,
CUUR0000SAG1,2003,M07,178.4,
CUUR0000SAG1,2003,M08,178.4,
CUUR0000SAG1,2003,M09,179.0,
CUUR0000SAG1,2003,M10,179.1,
CUUR0000SAG1,2003,M11,179.0,
CUUR0000SAG1,2003,M12,179.0,
CUUR0000SAG1,2004,M01,179.7,
CUUR0000SAG1,2004,M02,180.4,
CUUR0000SAG1,2004,M03,180.9,
CUUR0000SAG1,2004,M04,181.3,
CUUR0000SAG1,2004,M05,181.4,
CUUR0000SAG1,2004,M06,181.4,
CUUR0000SAG1,2004,M07,181.7,
CUUR0000SAG1,2004,M08,181.9,
CUUR0000SAG1,2004,M09,182.3,
CUUR0000SAG1,2004,M10,182.8,
CUUR0000SAG1,2004,M11,183.0,
CUUR0000SAG1,2004,M12,183.3,
CUUR0000SAG1,2005,M01,183.5,
CUUR0000SAG1,2005,M02,184.4,
CUUR0000SAG1,2005,M03,184.7,
CUUR0000SAG1,2005,M04,184.9,
CUUR0000SAG1,2005,M05,185.5,
CUUR0000SAG1,2005,M06,185.5,
CUUR0000SAG1,2005,M07,186.1,
CUUR0000SAG1,2005,M08,186.1,
CUUR0000SAG1,2005,M09,186.1,
CUUR0000SAG1,2005,M10,186.4,
CUUR0000SAG1,2005,M11,186.9,
CUUR0000SAG1,2005,M12,187.6,
CUUR0000SAG1,2006,M01,188.1,
CUUR0000SAG1,2006,M02,188.6,
CUUR0000SAG1,2006,M03,189.1,
CUUR0000SAG1,2006,M04,189.1,
CUUR0000SAG1,2006,M05,189.4,
CUUR0000SAG1,2006,M06,189.9,
CUUR0000SAG1,2006,M07,189.7,
CUUR0000SAG1,2006,M08,190.1,
CUUR0000SAG1,2006,M09,191.3,
CUUR0000SAG1,2006,M10,192.0,
CUUR0000SAG1,2006,M11,192.2,
CUUR0000SAG1,2006,M12,193.3,
CUUR0000SAG1,2007,M01,193.560,
CUUR0000SAG1,2007,M02,193.987,
CUUR0000SAG1,2007,M03,194.390,
CUUR0000SAG1,2007,M04,195.058,
CUUR0000SAG1,2007,M05,195.641,
CUUR0000SAG1,2007,M06,195.835,
CUUR0000SAG1,2007,M07,195.704,
CUUR0000SAG1,2007,M08,195.521,
CUUR0000SAG1,2007,M09,196.202,
CUUR0000SAG1,2007,M10,196.763,
CUUR0000SAG1,2007,M11,197.156,
CUUR0000SAG1,2007,M12,197.643,
CUUR0000SAG1,2008,M01,198.112,
CUUR0000SAG1,2008,M02,198.716,
CUUR0000SAG1,2008,M03,199.982,
CUUR0000SAG1,2008,M04,201.028,
CUUR0000SAG1,2008,M05,201.523,
CUUR0000SAG1,2008,M06,201.537,
CUUR0000SAG1,2008,M07,201.545,
CUUR0000SAG1,2008,M08,201.623,
CUUR0000SAG1,2008,M09,202.486,
CUUR0000SAG1,2008,M10,203.107,
CUUR0000SAG1,2008,M11,202.921,
CUUR0000SAG1,2008,M12,202.774,
CUUR0000SAG1,2009,M01,203.080,
CUUR0000SAG1,2009,M02,203.391,
CUUR0000SAG1,2009,M03,204.117,
CUUR0000SAG1,2009,M04,204.896,
CUUR0000SAG1,2009,M05,204.578,
CUUR0000SAG1,2009,M06,204.503,
CUUR0000SAG1,2009,M07,204.571,
CUUR0000SAG1,2009,M08,204.352,
CUUR0000SAG1,2009,M09,204.751,
CUUR0000SAG1,2009,M10,205.406,
CUUR0000SAG1,2009,M11,205.575,
CUUR0000SAG1,2009,M12,205.823,
CUUR0000SAG1,2010,M01,205.789,
CUUR0000SAG1,2010,M02,206.137,
CUUR0000SAG1,2010,M03,206.594,
CUUR0000SAG1,2010,M04,206.599,
CUUR0000SAG1,2010,M05,206.296,
CUUR0000SAG1,2010,M06,206.481,
CUUR0000SAG1,2010,M07,207.025,
CUUR0000SAG1,2010,M08,207.042,
CUUR0000SAG1,2010,M09,206.929,
CUUR0000SAG1,2010,M10,206.471,
CUUR0000SAG1,2010,M11,207.162,
CUUR0000SAG1,2010,M12,207.196,
CUUR0000SAG1,2011,M01,207.298,
CUUR0000SAG1,2011,M02,207.685,
CUUR0000SAG1,2011,M03,207.758,
CUUR0000SAG1,2011,M04,208.485,
CUUR0000SAG1,2011,M05,208.080,
CUUR0000SAG1,2011,M06,208.307,
CUUR0000SAG1,2011,M07,208.174,
CUUR0000SAG1,2011,M08,208.199,
CUUR0000SAG1,2011,M09,208.843,
CUUR0000SAG1,2011,M10,209.232,
CUUR0000SAG1,2011,M11,210.354,
CUUR0000SAG1,2011,M12,210.257,
CUUR0000SAG1,2012,M01,210.299,
CUUR0000SAG1,2012,M02,210.330,
CUUR0000SAG1,2012,M03,211.289,
CUUR0000SAG1,2012,M04,211.865,
CUUR0000SAG1,2012,M05,211.649,
CUUR0000SAG1,2012,M06,212.178,
CUUR0000SAG1,2012,M07,212.440,
CUUR0000SAG1,2012,M08,213.041,
CUUR0000SAG1,2012,M09,212.932,
CUUR0000SAG1,2012,M10,213.135,
CUUR0000SAG1,2012,M11,213.363,
CUUR0000SAG1,2012,M12,213.099,
CUUR0000SAG1,2013,M01,213.249,
CUUR0000SAG1,2013,M02,213.934,
CUUR0000SAG1,2013,M03,214.754,
CUUR0000SAG1,2013,M04,215.041,
CUUR0000SAG1,2013,M05,214.854,
CUUR0000SAG1,2013,M06,215.058,
CUUR0000SAG1,2013,M07,214.915,
CUUR0000SAG1,2013,M08,215.289,
CUUR0000SAG1,2013,M09,215.410,
CUUR0000SAG1,2013,M10,215.380,
CUUR0000SAG1,2013,M11,215.749,
CUUR0000SAG1,2013,M12,216.109,
CUUR0000SAG1,2014,M01,216.414,
CUUR0000SAG1,2014,M02,217.023,
CUUR0000SAG1,2014,M03,217.532,
CUUR0000SAG1,2014,M04,217.715,
CUUR0000SAG1,2014,M05,217.697,
CUUR0000SAG1,2014,M06,217.655,
CUUR0000SAG1,2014,M07,218.165,
CUUR0000SAG1,2014,M08,218.423,
CUUR0000SAG1,2014,M09,218.563,
CUUR0000SAG1,2014,M10,219.074,
CUUR0000SAG1,2014,M11,218.752,
CUUR0000SAG1,2014,M12,218.850,
CUUR0000SAG1,2015,M01,220.071,
CUUR0000SAG1,2015,M02,219.536,
CUUR0000SAG1,2015,M03,219.877,
CUUR0000SAG1,2015,M04,219.852,
CUUR0000SAG1,2015,M05,220.101,
CUUR0000SAG1,2015,M06,220.988,
CUUR0000SAG1,2015,M07,220.808,
CUUR0000SAG1,2015,M08,220.752,
CUUR0000SAG1,2015,M09,221.315,
CUUR0000SAG1,2015,M10,222.252,
CUUR0000SAG1,2015,M11,222.367,
CUUR0000SAG1,2015,M12,221.928,
CUUR0000SAG1,2016,M01,222.259,
CUUR0000SAG1,2016,M02,222.707,
CUUR0000SAG1,2016,M03,223.241,
CUUR0000SAG1,2016,M04,223.553,
CUUR0000SAG1,2016,M05,224.060,
CUUR0000SAG1,2016,M06,224.201,
CUUR0000SAG1,2016,M07,224.563,
CUUR0000SAG1,2016,M08,224.621,
CUUR0000SAG1,2016,M09,225.434,
CUUR0000SAG1,2016,M10,225.295,
CUUR0000SAG1,2016,M11,225.548,
CUUR0000SAG1,2016,M12,225.796,
CUUR0000SAG1,2017,M01,226.017,
CUUR0000SAG1,2017,M02,226.263,
CUUR0000SAG1,2017,M03,226.301,
CUUR0000SAG1,2017,M04,226.557,
CUUR0000SAG1,2017,M05,226.370,
CUUR0000SAG1,2017,M06,227.018,
CUUR0000SAG1,2017,M07,227.509,
CUUR0000SAG1,2017,M08,227.105,
CUUR0000SAG1,2017,M09,227.454,
CUUR0000SAG1,2017,M10,227.947,
CUUR0000SAG1,2017,M11,227.997,
CUUR0000SAG1,2017,M12,227.736,
CUUR0000SAG1,2018,M01,228.771,
CUUR0000SAG1,2018,M02,229.218,
CUUR0000SAG1,2018,M03,230.011,
CUUR0000SAG1,2018,M04,231.585,
CUUR0000SAG1,2018,M05,231.533,
CUUR0000SAG1,2018,M06,231.603,
CUUR0000SAG1,2018,M07,231.655,
CUUR0000SAG1,2018,M08,231.433,
CUUR0000SAG1,2018,M09,231.694,
CUUR0000SAG1,2018,M10,231.401,
CUUR0000SAG1,2018,M11,232.024,
CUUR0000SAG1,2018,M12,231.818,
CUUR0000SAG1,2019,M01,232.227,
CUUR0000SAG1,2019,M02,233.515,
CUUR0000SAG1,2019,M03,232.888,
CUUR0000SAG1,2019,M04,232.902,
CUUR0000SAG1,2019,M05,233.542,
CUUR0000SAG1,2019,M06,233.136,
CUUR0000SAG1,2019,M07,234.077,
CUUR0000SAG1,2019,M08,234.749,
CUUR0000SAG1,2019,M09,234.603,
CUUR0000SAG1,2019,M10,235.578,
CUUR0000SAG1,2019,M11,235.797,
CUUR0000SAG1,2019,M12,235.310,
CUUR0000SAG1,2020,M01,237.024,
CUUR0000SAG1,2020,M02,237.978,
CUUR0000SAG1,2020,M03,238.175,
CUUR0000SAG1,2020,M04,238.181,
CUUR0000SAG1,2020,M05,237.997,
CUUR0000SAG1,2020,M06,238.444,
CUUR0000SAG1,2020,M07,238.852,
CUUR0000SAG1,2020,M08,238.184,
CUUR0000SAG1,2020,M09,238.535,
CUUR0000SAG1,2020,M10,238.600,
CUUR0000SAG1,2020,M11,238.477,
CUUR0000SAG1,2020,M12,239.497,
CUUR0000SAG1,2021,M01,239.535,
CUUR0000SAG1,2021,M02,240.366,
CUUR0000SAG1,2021,M03,241.735,
CUUR0000SAG1,2021,M04,242.303,
CUUR0000SAG1,2021,M05,241.814,
CUUR0000SAG1,2021,M06,241.907,
CUUR0000SAG1,2021,M07,243.789,
CUUR0000SAG1,2021,M08,244.968,
CUUR0000SAG1,2021,M09,244.840,
CUUR0000SAG1,2021,M10,246.307,
CUUR0000SAG1,2021,M11,246.445,
CUUR0000SAG1,2021,M12,247.561,
CUUR0000SAG1,2022,M01,249.954,
CUUR0000SAG1,2022,M02,252.862,
CUUR0000SAG1,2022,M03,254.111,
CUUR0000SAG1,2022,M04,255.213,
CUUR0000SAG1,2022,M05,256.147,
CUUR0000SAG1,2022,M06,257.287,
CUUR0000SAG1,2022,M07,258.315,
CUUR0000SAG1,2022,M08,259.954,
CUUR0000SAG1,2022,M09,260.886,
CUUR0000SAG1,2022,M10,262.193,
CUUR0000SAG1,2022,M11,264.117,
CUUR0000SAG1,2022,M12,263.813,
CUUR0000SAG1,2023,M01,265.504,
CUUR0000SAG1,2023,M02,267.871,
CUUR0000SAG1,2023,M03,269.047,
CUUR0000SAG1,2023,M04,272.037,
CUUR0000SAG1,2023,M05,273.439,
CUUR0000SAG1,2023,M06,273.929,
CUUR0000SAG1,2023,M07,273.964,
CUUR0000SAG1,2023,M08,275.026,
CUUR0000SAG1,2023,M09,276.813,
CUUR0000SAG1,2023,M10,277.802,
CUUR0000SAG1,2023,M11,277.785,
CUUR0000SAG1,2023,M12,277.089,
CUUR0000SAG1,2024,M01,279.606,
CUUR0000SAG1,2024,M02,279.122,
CUUR0000SAG1,2024,M03,280.425,
CUUR0000SAG1,2024,M04,282.151,
CUUR0000SAG1,2024,M05,281.294,
CUUR0000SAG1,2024,M06,282.807,
CUUR0000SAG1,2024,M07,283.296,
CUUR0000SAG1,2024,M08,283.080,
CUUR0000SAG1,2024,M09,283.738,
CUUR0000SAG1,2024,M10,284.734,
CUUR0000SAG1,2024,M11,285.239,
CUUR0000SAG1,2024,M12,283.952,
CUUR0000SAG1,2025,M01,283.495,
CUUR0000SAG1,2025,M02,286.159,
CUUR0000SAG1,2025,M03,289.143,
CUUR0000SAG1,2025,M04,289.965,
CUUR0000SAG1,2025,M05,290.478,
CUUR0000SAG1,2025,M06,291.684,
CUUR0000SAG1,2025,M07,292.613,
CUUR0000SAG1,2025,M08,292.584,
CUUR0000SAG1,2025,M09,293.775,
CUUR0000SAG1,2025,M10,-,Data unavailable due to the 2025 lapse in appropriations
CUUR0000SAG1,2025,M11,294.713,
CUUR0000SAG1,2025,M12,294.531,
CUUR0000SAG1,2026,M01,298.720,
CUUR0000SAG1,2026,M02,299.123,
CUUR0000SAG1,2026,M03,298.043,
CUUR0000SAG1,2026,M04,300.929,
CUUR0000SAG1,2026,M05,303.119,
CUUR0000SAG1,2026,M06,303.969,
CUUR0000SAG1,2026,M07,303.827,
CUUR0000SAH1,1997,M01,173.6,
CUUR0000SAH1,1997,M02,174.6,
CUUR0000SAH1,1997,M03,175.2,
CUUR0000SAH1,1997,M04,175.3,
CUUR0000SAH1,1997,M05,175.3,
CUUR0000SAH1,1997,M06,176.0,
CUUR0000SAH1,1997,M07,177.0,
CUUR0000SAH1,1997,M08,177.5,
CUUR0000SAH1,1997,M09,177.2,
CUUR0000SAH1,1997,M10,177.8,
CUUR0000SAH1,1997,M11,177.7,
CUUR0000SAH1,1997,M12,178.1,
CUUR0000SAH1,1998,M01,179.2,
CUUR0000SAH1,1998,M02,180.1,
CUUR0000SAH1,1998,M03,180.8,
CUUR0000SAH1,1998,M04,181.0,
CUUR0000SAH1,1998,M05,181.2,
CUUR0000SAH1,1998,M06,181.8,
CUUR0000SAH1,1998,M07,182.6,
CUUR0000SAH1,1998,M08,183.3,
CUUR0000SAH1,1998,M09,183.4,
CUUR0000SAH1,1998,M10,183.9,
CUUR0000SAH1,1998,M11,184.0,
CUUR0000SAH1,1998,M12,184.0,
CUUR0000SAH1,1999,M01,184.7,
CUUR0000SAH1,1999,M02,185.5,
CUUR0000SAH1,1999,M03,186.3,
CUUR0000SAH1,1999,M04,186.6,
CUUR0000SAH1,1999,M05,186.5,
CUUR0000SAH1,1999,M06,187.2,
CUUR0000SAH1,1999,M07,188.0,
CUUR0000SAH1,1999,M08,188.3,
CUUR0000SAH1,1999,M09,188.3,
CUUR0000SAH1,1999,M10,188.5,
CUUR0000SAH1,1999,M11,188.6,
CUUR0000SAH1,1999,M12,188.6,
CUUR0000SAH1,2000,M01,190.1,
CUUR0000SAH1,2000,M02,191.0,
CUUR0000SAH1,2000,M03,192.2,
CUUR0000SAH1,2000,M04,192.3,
CUUR0000SAH1,2000,M05,192.4,
CUUR0000SAH1,2000,M06,193.3,
CUUR0000SAH1,2000,M07,194.1,
CUUR0000SAH1,2000,M08,194.7,
CUUR0000SAH1,2000,M09,194.6,
CUUR0000SAH1,2000,M10,195.2,
CUUR0000SAH1,2000,M11,195.2,
CUUR0000SAH1,2000,M12,195.1,
CUUR0000SAH1,2001,M01,196.4,
CUUR0000SAH1,2001,M02,197.6,
CUUR0000SAH1,2001,M03,198.9,
CUUR0000SAH1,2001,M04,199.2,
CUUR0000SAH1,2001,M05,199.6,
CUUR0000SAH1,2001,M06,200.7,
CUUR0000SAH1,2001,M07,201.4,
CUUR0000SAH1,2001,M08,202.4,
CUUR0000SAH1,2001,M09,202.0,
CUUR0000SAH1,2001,M10,202.4,
CUUR0000SAH1,2001,M11,202.9,
CUUR0000SAH1,2001,M12,203.2,
CUUR0000SAH1,2002,M01,204.5,
CUUR0000SAH1,2002,M02,206.1,
CUUR0000SAH1,2002,M03,207.0,
CUUR0000SAH1,2002,M04,207.5,
CUUR0000SAH1,2002,M05,207.5,
CUUR0000SAH1,2002,M06,208.1,
CUUR0000SAH1,2002,M07,208.8,
CUUR0000SAH1,2002,M08,209.6,
CUUR0000SAH1,2002,M09,209.2,
CUUR0000SAH1,2002,M10,209.7,
CUUR0000SAH1,2002,M11,209.6,
CUUR0000SAH1,2002,M12,209.5,
CUUR0000SAH1,2003,M01,210.9,
CUUR0000SAH1,2003,M02,211.6,
CUUR0000SAH1,2003,M03,212.1,
CUUR0000SAH1,2003,M04,212.1,
CUUR0000SAH1,2003,M05,212.8,
CUUR0000SAH1,2003,M06,213.0,
CUUR0000SAH1,2003,M07,213.8,
CUUR0000SAH1,2003,M08,214.3,
CUUR0000SAH1,2003,M09,213.8,
CUUR0000SAH1,2003,M10,214.7,
CUUR0000SAH1,2003,M11,214.2,
CUUR0000SAH1,2003,M12,214.1,
CUUR0000SAH1,2004,M01,215.2,
CUUR0000SAH1,2004,M02,216.0,
CUUR0000SAH1,2004,M03,217.8,
CUUR0000SAH1,2004,M04,218.4,
CUUR0000SAH1,2004,M05,218.7,
CUUR0000SAH1,2004,M06,219.2,
CUUR0000SAH1,2004,M07,220.0,
CUUR0000SAH1,2004,M08,220.3,
CUUR0000SAH1,2004,M09,220.2,
CUUR0000SAH1,2004,M10,220.6,
CUUR0000SAH1,2004,M11,219.9,
CUUR0000SAH1,2004,M12,219.8,
CUUR0000SAH1,2005,M01,221.0,
CUUR0000SAH1,2005,M02,222.5,
CUUR0000SAH1,2005,M03,224.4,
CUUR0000SAH1,2005,M04,224.4,
CUUR0000SAH1,2005,M05,224.0,
CUUR0000SAH1,2005,M06,224.5,
CUUR0000SAH1,2005,M07,225.6,
CUUR0000SAH1,2005,M08,225.6,
CUUR0000SAH1,2005,M09,224.4,
CUUR0000SAH1,2005,M10,225.7,
CUUR0000SAH1,2005,M11,225.4,
CUUR0000SAH1,2005,M12,225.6,
CUUR0000SAH1,2006,M01,226.8,
CUUR0000SAH1,2006,M02,228.3,
CUUR0000SAH1,2006,M03,229.9,
CUUR0000SAH1,2006,M04,230.7,
CUUR0000SAH1,2006,M05,231.2,
CUUR0000SAH1,2006,M06,232.2,
CUUR0000SAH1,2006,M07,233.6,
CUUR0000SAH1,2006,M08,234.2,
CUUR0000SAH1,2006,M09,233.9,
CUUR0000SAH1,2006,M10,234.8,
CUUR0000SAH1,2006,M11,234.9,
CUUR0000SAH1,2006,M12,235.1,
CUUR0000SAH1,2007,M01,236.504,
CUUR0000SAH1,2007,M02,237.972,
CUUR0000SAH1,2007,M03,238.980,
CUUR0000SAH1,2007,M04,239.735,
CUUR0000SAH1,2007,M05,239.877,
CUUR0000SAH1,2007,M06,240.980,
CUUR0000SAH1,2007,M07,242.067,
CUUR0000SAH1,2007,M08,242.238,
CUUR0000SAH1,2007,M09,241.990,
CUUR0000SAH1,2007,M10,242.405,
CUUR0000SAH1,2007,M11,242.207,
CUUR0000SAH1,2007,M12,242.372,
CUUR0000SAH1,2008,M01,243.871,
CUUR0000SAH1,2008,M02,244.786,
CUUR0000SAH1,2008,M03,245.995,
CUUR0000SAH1,2008,M04,246.004,
CUUR0000SAH1,2008,M05,246.069,
CUUR0000SAH1,2008,M06,247.083,
CUUR0000SAH1,2008,M07,248.075,
CUUR0000SAH1,2008,M08,247.985,
CUUR0000SAH1,2008,M09,247.737,
CUUR0000SAH1,2008,M10,247.844,
CUUR0000SAH1,2008,M11,247.463,
CUUR0000SAH1,2008,M12,247.085,
CUUR0000SAH1,2009,M01,248.292,
CUUR0000SAH1,2009,M02,248.878,
CUUR0000SAH1,2009,M03,249.597,
CUUR0000SAH1,2009,M04,249.855,
CUUR0000SAH1,2009,M05,249.779,
CUUR0000SAH1,2009,M06,250.243,
CUUR0000SAH1,2009,M07,250.310,
CUUR0000SAH1,2009,M08,250.248,
CUUR0000SAH1,2009,M09,249.501,
CUUR0000SAH1,2009,M10,249.474,
CUUR0000SAH1,2009,M11,248.211,
CUUR0000SAH1,2009,M12,247.863,
CUUR0000SAH1,2010,M01,247.950,
CUUR0000SAH1,2010,M02,248.001,
CUUR0000SAH1,2010,M03,248.052,
CUUR0000SAH1,2010,M04,248.031,
CUUR0000SAH1,2010,M05,248.100,
CUUR0000SAH1,2010,M06,248.470,
CUUR0000SAH1,2010,M07,248.677,
CUUR0000SAH1,2010,M08,248.595,
CUUR0000SAH1,2010,M09,248.522,
CUUR0000SAH1,2010,M10,248.646,
CUUR0000SAH1,2010,M11,248.738,
CUUR0000SAH1,2010,M12,248.972,
CUUR0000SAH1,2011,M01,249.462,
CUUR0000SAH1,2011,M02,249.886,
CUUR0000SAH1,2011,M03,250.310,
CUUR0000SAH1,2011,M04,250.447,
CUUR0000SAH1,2011,M05,250.745,
CUUR0000SAH1,2011,M06,251.422,
CUUR0000SAH1,2011,M07,252.155,
CUUR0000SAH1,2011,M08,252.546,
CUUR0000SAH1,2011,M09,252.647,
CUUR0000SAH1,2011,M10,253.101,
CUUR0000SAH1,2011,M11,253.312,
CUUR0000SAH1,2011,M12,253.716,
CUUR0000SAH1,2012,M01,254.409,
CUUR0000SAH1,2012,M02,254.931,
CUUR0000SAH1,2012,M03,255.609,
CUUR0000SAH1,2012,M04,256.031,
CUUR0000SAH1,2012,M05,256.442,
CUUR0000SAH1,2012,M06,256.950,
CUUR0000SAH1,2012,M07,257.409,
CUUR0000SAH1,2012,M08,257.843,
CUUR0000SAH1,2012,M09,258.252,
CUUR0000SAH1,2012,M10,258.829,
CUUR0000SAH1,2012,M11,258.999,
CUUR0000SAH1,2012,M12,259.298,
CUUR0000SAH1,2013,M01,260.039,
CUUR0000SAH1,2013,M02,260.720,
CUUR0000SAH1,2013,M03,261.330,
CUUR0000SAH1,2013,M04,261.655,
CUUR0000SAH1,2013,M05,262.289,
CUUR0000SAH1,2013,M06,262.907,
CUUR0000SAH1,2013,M07,263.451,
CUUR0000SAH1,2013,M08,264.024,
CUUR0000SAH1,2013,M09,264.344,
CUUR0000SAH1,2013,M10,264.719,
CUUR0000SAH1,2013,M11,265.310,
CUUR0000SAH1,2013,M12,265.881,
CUUR0000SAH1,2014,M01,266.754,
CUUR0000SAH1,2014,M02,267.418,
CUUR0000SAH1,2014,M03,268.431,
CUUR0000SAH1,2014,M04,268.899,
CUUR0000SAH1,2014,M05,269.766,
CUUR0000SAH1,2014,M06,270.314,
CUUR0000SAH1,2014,M07,271.115,
CUUR0000SAH1,2014,M08,271.675,
CUUR0000SAH1,2014,M09,272.165,
CUUR0000SAH1,2014,M10,272.788,
CUUR0000SAH1,2014,M11,273.233,
CUUR0000SAH1,2014,M12,273.598,
CUUR0000SAH1,2015,M01,274.589,
CUUR0000SAH1,2015,M02,275.390,
CUUR0000SAH1,2015,M03,276.360,
CUUR0000SAH1,2015,M04,276.978,
CUUR0000SAH1,2015,M05,277.563,
CUUR0000SAH1,2015,M06,278.461,
CUUR0000SAH1,2015,M07,279.559,
CUUR0000SAH1,2015,M08,280.093,
CUUR0000SAH1,2015,M09,280.814,
CUUR0000SAH1,2015,M10,281.499,
CUUR0000SAH1,2015,M11,281.932,
CUUR0000SAH1,2015,M12,282.394,
CUUR0000SAH1,2016,M01,283.498,
CUUR0000SAH1,2016,M02,284.435,
CUUR0000SAH1,2016,M03,285.196,
CUUR0000SAH1,2016,M04,285.836,
CUUR0000SAH1,2016,M05,286.924,
CUUR0000SAH1,2016,M06,288.069,
CUUR0000SAH1,2016,M07,288.780,
CUUR0000SAH1,2016,M08,289.605,
CUUR0000SAH1,2016,M09,290.445,
CUUR0000SAH1,2016,M10,291.407,
CUUR0000SAH1,2016,M11,291.953,
CUUR0000SAH1,2016,M12,292.612,
CUUR0000SAH1,2017,M01,293.560,
CUUR0000SAH1,2017,M02,294.444,
CUUR0000SAH1,2017,M03,295.044,
CUUR0000SAH1,2017,M04,295.706,
CUUR0000SAH1,2017,M05,296.503,
CUUR0000SAH1,2017,M06,297.446,
CUUR0000SAH1,2017,M07,297.919,
CUUR0000SAH1,2017,M08,299.157,
CUUR0000SAH1,2017,M09,299.844,
CUUR0000SAH1,2017,M10,300.846,
CUUR0000SAH1,2017,M11,301.185,
CUUR0000SAH1,2017,M12,301.985,
CUUR0000SAH1,2018,M01,302.928,
CUUR0000SAH1,2018,M02,303.653,
CUUR0000SAH1,2018,M03,304.847,
CUUR0000SAH1,2018,M04,305.716,
CUUR0000SAH1,2018,M05,306.913,
CUUR0000SAH1,2018,M06,307.521,
CUUR0000SAH1,2018,M07,308.393,
CUUR0000SAH1,2018,M08,309.296,
CUUR0000SAH1,2018,M09,309.702,
CUUR0000SAH1,2018,M10,310.382,
CUUR0000SAH1,2018,M11,310.950,
CUUR0000SAH1,2018,M12,311.652,
CUUR0000SAH1,2019,M01,312.696,
CUUR0000SAH1,2019,M02,313.880,
CUUR0000SAH1,2019,M03,315.135,
CUUR0000SAH1,2019,M04,316.263,
CUUR0000SAH1,2019,M05,317.188,
CUUR0000SAH1,2019,M06,318.300,
CUUR0000SAH1,2019,M07,319.136,
CUUR0000SAH1,2019,M08,319.679,
CUUR0000SAH1,2019,M09,320.569,
CUUR0000SAH1,2019,M10,320.762,
CUUR0000SAH1,2019,M11,321.267,
CUUR0000SAH1,2019,M12,321.766,
CUUR0000SAH1,2020,M01,323.053,
CUUR0000SAH1,2020,M02,324.254,
CUUR0000SAH1,2020,M03,324.615,
CUUR0000SAH1,2020,M04,324.522,
CUUR0000SAH1,2020,M05,325.265,
CUUR0000SAH1,2020,M06,325.814,
CUUR0000SAH1,2020,M07,326.580,
CUUR0000SAH1,2020,M08,326.997,
CUUR0000SAH1,2020,M09,327.116,
CUUR0000SAH1,2020,M10,327.273,
CUUR0000SAH1,2020,M11,327.435,
CUUR0000SAH1,2020,M12,327.702,
CUUR0000SAH1,2021,M01,328.282,
CUUR0000SAH1,2021,M02,329.005,
CUUR0000SAH1,2021,M03,330.122,
CUUR0000SAH1,2021,M04,331.354,
CUUR0000SAH1,2021,M05,332.454,
CUUR0000SAH1,2021,M06,334.222,
CUUR0000SAH1,2021,M07,335.812,
CUUR0000SAH1,2021,M08,336.284,
CUUR0000SAH1,2021,M09,337.451,
CUUR0000SAH1,2021,M10,338.671,
CUUR0000SAH1,2021,M11,339.997,
CUUR0000SAH1,2021,M12,341.241,
CUUR0000SAH1,2022,M01,342.604,
CUUR0000SAH1,2022,M02,344.607,
CUUR0000SAH1,2022,M03,346.618,
CUUR0000SAH1,2022,M04,348.389,
CUUR0000SAH1,2022,M05,350.580,
CUUR0000SAH1,2022,M06,352.967,
CUUR0000SAH1,2022,M07,354.935,
CUUR0000SAH1,2022,M08,357.264,
CUUR0000SAH1,2022,M09,359.704,
CUUR0000SAH1,2022,M10,362.093,
CUUR0000SAH1,2022,M11,364.195,
CUUR0000SAH1,2022,M12,366.868,
CUUR0000SAH1,2023,M01,369.585,
CUUR0000SAH1,2023,M02,372.510,
CUUR0000SAH1,2023,M03,374.971,
CUUR0000SAH1,2023,M04,376.636,
CUUR0000SAH1,2023,M05,378.776,
CUUR0000SAH1,2023,M06,380.594,
CUUR0000SAH1,2023,M07,382.226,
CUUR0000SAH1,2023,M08,383.221,
CUUR0000SAH1,2023,M09,385.433,
CUUR0000SAH1,2023,M10,386.435,
CUUR0000SAH1,2023,M11,387.892,
CUUR0000SAH1,2023,M12,389.433,
CUUR0000SAH1,2024,M01,391.896,
CUUR0000SAH1,2024,M02,393.906,
CUUR0000SAH1,2024,M03,396.174,
CUUR0000SAH1,2024,M04,397.539,
CUUR0000SAH1,2024,M05,399.274,
CUUR0000SAH1,2024,M06,400.234,
CUUR0000SAH1,2024,M07,401.545,
CUUR0000SAH1,2024,M08,403.257,
CUUR0000SAH1,2024,M09,404.133,
CUUR0000SAH1,2024,M10,405.287,
CUUR0000SAH1,2024,M11,406.250,
CUUR0000SAH1,2024,M12,407.242,
CUUR0000SAH1,2025,M01,409.153,
CUUR0000SAH1,2025,M02,410.635,
CUUR0000SAH1,2025,M03,411.990,
CUUR0000SAH1,2025,M04,413.389,
CUUR0000SAH1,2025,M05,414.689,
CUUR0000SAH1,2025,M06,415.455,
CUUR0000SAH1,2025,M07,416.271,
CUUR0000SAH1,2025,M08,417.902,
CUUR0000SAH1,2025,M09,418.598,
CUUR0000SAH1,2025,M10,-,Data unavailable due to the 2025 lapse in appropriations
CUUR0000SAH1,2025,M11,418.593,
CUUR0000SAH1,2025,M12,420.134,
CUUR0000SAH1,2026,M01,421.526,
CUUR0000SAH1,2026,M02,422.776,
CUUR0000SAH1,2026,M03,424.450,
CUUR0000SAH1,2026,M04,427.049,
CUUR0000SAH1,2026,M05,428.677,
CUUR0000SAH1,2026,M06,429.062,
CUUR0000SAH1,2026,M07,429.491,
CUUR0000SAH3,1997,M01,124.9,
CUUR0000SAH3,1997,M02,125.2,
CUUR0000SAH3,1997,M03,125.4,
CUUR0000SAH3,1997,M04,125.5,
CUUR0000SAH3,1997,M05,125.8,
CUUR0000SAH3,1997,M06,125.7,
CUUR0000SAH3,1997,M07,125.6,
CUUR0000SAH3,1997,M08,125.2,
CUUR0000SAH3,1997,M09,125.4,
CUUR0000SAH3,1997,M10,125.4,
CUUR0000SAH3,1997,M11,125.2,
CUUR0000SAH3,1997,M12,125.1,
CUUR0000SAH3,1998,M01,125.6,
CUUR0000SAH3,1998,M02,126.1,
CUUR0000SAH3,1998,M03,126.3,
CUUR0000SAH3,1998,M04,127.0,
CUUR0000SAH3,1998,M05,126.6,
CUUR0000SAH3,1998,M06,126.7,
CUUR0000SAH3,1998,M07,127.2,
CUUR0000SAH3,1998,M08,126.8,
CUUR0000SAH3,1998,M09,126.5,
CUUR0000SAH3,1998,M10,126.6,
CUUR0000SAH3,1998,M11,126.6,
CUUR0000SAH3,1998,M12,126.6,
CUUR0000SAH3,1999,M01,126.8,
CUUR0000SAH3,1999,M02,126.7,
CUUR0000SAH3,1999,M03,126.7,
CUUR0000SAH3,1999,M04,127.2,
CUUR0000SAH3,1999,M05,126.7,
CUUR0000SAH3,1999,M06,126.8,
CUUR0000SAH3,1999,M07,126.8,
CUUR0000SAH3,1999,M08,126.8,
CUUR0000SAH3,1999,M09,127.0,
CUUR0000SAH3,1999,M10,126.6,
CUUR0000SAH3,1999,M11,126.4,
CUUR0000SAH3,1999,M12,126.4,
CUUR0000SAH3,2000,M01,127.0,
CUUR0000SAH3,2000,M02,127.2,
CUUR0000SAH3,2000,M03,127.9,
CUUR0000SAH3,2000,M04,128.2,
CUUR0000SAH3,2000,M05,128.1,
CUUR0000SAH3,2000,M06,128.1,
CUUR0000SAH3,2000,M07,128.6,
CUUR0000SAH3,2000,M08,128.6,
CUUR0000SAH3,2000,M09,129.0,
CUUR0000SAH3,2000,M10,128.7,
CUUR0000SAH3,2000,M11,128.9,
CUUR0000SAH3,2000,M12,128.6,
CUUR0000SAH3,2001,M01,128.8,
CUUR0000SAH3,2001,M02,129.1,
CUUR0000SAH3,2001,M03,129.1,
CUUR0000SAH3,2001,M04,129.1,
CUUR0000SAH3,2001,M05,128.9,
CUUR0000SAH3,2001,M06,129.2,
CUUR0000SAH3,2001,M07,129.2,
CUUR0000SAH3,2001,M08,129.1,
CUUR0000SAH3,2001,M09,129.4,
CUUR0000SAH3,2001,M10,129.0,
CUUR0000SAH3,2001,M11,129.1,
CUUR0000SAH3,2001,M12,128.9,
CUUR0000SAH3,2002,M01,128.7,
CUUR0000SAH3,2002,M02,128.6,
CUUR0000SAH3,2002,M03,128.7,
CUUR0000SAH3,2002,M04,128.9,
CUUR0000SAH3,2002,M05,128.9,
CUUR0000SAH3,2002,M06,128.7,
CUUR0000SAH3,2002,M07,128.6,
CUUR0000SAH3,2002,M08,128.1,
CUUR0000SAH3,2002,M09,128.1,
CUUR0000SAH3,2002,M10,128.0,
CUUR0000SAH3,2002,M11,127.8,
CUUR0000SAH3,2002,M12,127.0,
CUUR0000SAH3,2003,M01,127.4,
CUUR0000SAH3,2003,M02,127.7,
CUUR0000SAH3,2003,M03,127.1,
CUUR0000SAH3,2003,M04,127.2,
CUUR0000SAH3,2003,M05,126.3,
CUUR0000SAH3,2003,M06,126.2,
CUUR0000SAH3,2003,M07,126.1,
CUUR0000SAH3,2003,M08,125.5,
CUUR0000SAH3,2003,M09,125.2,
CUUR0000SAH3,2003,M10,125.1,
CUUR0000SAH3,2003,M11,124.9,
CUUR0000SAH3,2003,M12,124.7,
CUUR0000SAH3,2004,M01,125.3,
CUUR0000SAH3,2004,M02,125.7,
CUUR0000SAH3,2004,M03,125.7,
CUUR0000SAH3,2004,M04,125.6,
CUUR0000SAH3,2004,M05,125.4,
CUUR0000SAH3,2004,M06,125.6,
CUUR0000SAH3,2004,M07,125.2,
CUUR0000SAH3,2004,M08,124.8,
CUUR0000SAH3,2004,M09,125.0,
CUUR0000SAH3,2004,M10,126.1,
CUUR0000SAH3,2004,M11,125.8,
CUUR0000SAH3,2004,M12,125.5,
CUUR0000SAH3,2005,M01,126.1,
CUUR0000SAH3,2005,M02,126.1,
CUUR0000SAH3,2005,M03,126.1,
CUUR0000SAH3,2005,M04,126.3,
CUUR0000SAH3,2005,M05,126.7,
CUUR0000SAH3,2005,M06,126.0,
CUUR0000SAH3,2005,M07,125.9,
CUUR0000SAH3,2005,M08,125.8,
CUUR0000SAH3,2005,M09,125.7,
CUUR0000SAH3,2005,M10,125.9,
CUUR0000SAH3,2005,M11,126.1,
CUUR0000SAH3,2005,M12,126.4,
CUUR0000SAH3,2006,M01,126.5,
CUUR0000SAH3,2006,M02,126.8,
CUUR0000SAH3,2006,M03,126.7,
CUUR0000SAH3,2006,M04,126.9,
CUUR0000SAH3,2006,M05,127.2,
CUUR0000SAH3,2006,M06,127.3,
CUUR0000SAH3,2006,M07,127.1,
CUUR0000SAH3,2006,M08,127.1,
CUUR0000SAH3,2006,M09,127.1,
CUUR0000SAH3,2006,M10,127.4,
CUUR0000SAH3,2006,M11,127.2,
CUUR0000SAH3,2006,M12,127.0,
CUUR0000SAH3,2007,M01,127.093,
CUUR0000SAH3,2007,M02,127.495,
CUUR0000SAH3,2007,M03,127.655,
CUUR0000SAH3,2007,M04,127.423,
CUUR0000SAH3,2007,M05,127.309,
CUUR0000SAH3,2007,M06,127.361,
CUUR0000SAH3,2007,M07,126.894,
CUUR0000SAH3,2007,M08,126.520,
CUUR0000SAH3,2007,M09,126.193,
CUUR0000SAH3,2007,M10,126.233,
CUUR0000SAH3,2007,M11,126.252,
CUUR0000SAH3,2007,M12,126.066,
CUUR0000SAH3,2008,M01,126.515,
CUUR0000SAH3,2008,M02,126.753,
CUUR0000SAH3,2008,M03,127.423,
CUUR0000SAH3,2008,M04,127.332,
CUUR0000SAH3,2008,M05,127.598,
CUUR0000SAH3,2008,M06,127.625,
CUUR0000SAH3,2008,M07,127.884,
CUUR0000SAH3,2008,M08,128.013,
CUUR0000SAH3,2008,M09,128.584,
CUUR0000SAH3,2008,M10,128.789,
CUUR0000SAH3,2008,M11,128.554,
CUUR0000SAH3,2008,M12,128.535,
CUUR0000SAH3,2009,M01,128.761,
CUUR0000SAH3,2009,M02,129.170,
CUUR0000SAH3,2009,M03,129.669,
CUUR0000SAH3,2009,M04,129.654,
CUUR0000SAH3,2009,M05,129.644,
CUUR0000SAH3,2009,M06,129.623,
CUUR0000SAH3,2009,M07,129.267,
CUUR0000SAH3,2009,M08,128.304,
CUUR0000SAH3,2009,M09,128.201,
CUUR0000SAH3,2009,M10,127.740,
CUUR0000SAH3,2009,M11,127.265,
CUUR0000SAH3,2009,M12,127.119,
CUUR0000SAH3,2010,M01,127.209,
CUUR0000SAH3,2010,M02,126.945,
CUUR0000SAH3,2010,M03,126.750,
CUUR0000SAH3,2010,M04,125.997,
CUUR0000SAH3,2010,M05,126.029,
CUUR0000SAH3,2010,M06,125.589,
CUUR0000SAH3,2010,M07,125.239,
CUUR0000SAH3,2010,M08,125.005,
CUUR0000SAH3,2010,M09,124.535,
CUUR0000SAH3,2010,M10,124.524,
CUUR0000SAH3,2010,M11,124.121,
CUUR0000SAH3,2010,M12,123.931,
CUUR0000SAH3,2011,M01,124.342,
CUUR0000SAH3,2011,M02,124.576,
CUUR0000SAH3,2011,M03,124.735,
CUUR0000SAH3,2011,M04,124.893,
CUUR0000SAH3,2011,M05,125.141,
CUUR0000SAH3,2011,M06,125.048,
CUUR0000SAH3,2011,M07,124.959,
CUUR0000SAH3,2011,M08,125.138,
CUUR0000SAH3,2011,M09,125.013,
CUUR0000SAH3,2011,M10,125.223,
CUUR0000SAH3,2011,M11,125.073,
CUUR0000SAH3,2011,M12,125.170,
CUUR0000SAH3,2012,M01,125.629,
CUUR0000SAH3,2012,M02,126.180,
CUUR0000SAH3,2012,M03,126.107,
CUUR0000SAH3,2012,M04,126.114,
CUUR0000SAH3,2012,M05,125.905,
CUUR0000SAH3,2012,M06,126.054,
CUUR0000SAH3,2012,M07,126.077,
CUUR0000SAH3,2012,M08,125.610,
CUUR0000SAH3,2012,M09,125.310,
CUUR0000SAH3,2012,M10,125.300,
CUUR0000SAH3,2012,M11,125.500,
CUUR0000SAH3,2012,M12,125.202,
CUUR0000SAH3,2013,M01,125.400,
CUUR0000SAH3,2013,M02,125.601,
CUUR0000SAH3,2013,M03,125.330,
CUUR0000SAH3,2013,M04,125.198,
CUUR0000SAH3,2013,M05,125.355,
CUUR0000SAH3,2013,M06,125.412,
CUUR0000SAH3,2013,M07,124.793,
CUUR0000SAH3,2013,M08,124.493,
CUUR0000SAH3,2013,M09,124.314,
CUUR0000SAH3,2013,M10,124.177,
CUUR0000SAH3,2013,M11,123.692,
CUUR0000SAH3,2013,M12,123.409,
CUUR0000SAH3,2014,M01,123.735,
CUUR0000SAH3,2014,M02,123.545,
CUUR0000SAH3,2014,M03,123.505,
CUUR0000SAH3,2014,M04,123.436,
CUUR0000SAH3,2014,M05,123.350,
CUUR0000SAH3,2014,M06,123.534,
CUUR0000SAH3,2014,M07,123.216,
CUUR0000SAH3,2014,M08,122.741,
CUUR0000SAH3,2014,M09,122.580,
CUUR0000SAH3,2014,M10,123.194,
CUUR0000SAH3,2014,M11,122.694,
CUUR0000SAH3,2014,M12,122.237,
CUUR0000SAH3,2015,M01,122.351,
CUUR0000SAH3,2015,M02,122.601,
CUUR0000SAH3,2015,M03,122.803,
CUUR0000SAH3,2015,M04,123.451,
CUUR0000SAH3,2015,M05,123.207,
CUUR0000SAH3,2015,M06,123.127,
CUUR0000SAH3,2015,M07,122.670,
CUUR0000SAH3,2015,M08,122.120,
CUUR0000SAH3,2015,M09,122.406,
CUUR0000SAH3,2015,M10,122.422,
CUUR0000SAH3,2015,M11,121.994,
CUUR0000SAH3,2015,M12,122.100,
CUUR0000SAH3,2016,M01,122.348,
CUUR0000SAH3,2016,M02,122.482,
CUUR0000SAH3,2016,M03,122.389,
CUUR0000SAH3,2016,M04,122.012,
CUUR0000SAH3,2016,M05,121.820,
CUUR0000SAH3,2016,M06,121.769,
CUUR0000SAH3,2016,M07,121.565,
CUUR0000SAH3,2016,M08,121.048,
CUUR0000SAH3,2016,M09,121.126,
CUUR0000SAH3,2016,M10,121.390,
CUUR0000SAH3,2016,M11,120.717,
CUUR0000SAH3,2016,M12,120.712,
CUUR0000SAH3,2017,M01,121.430,
CUUR0000SAH3,2017,M02,121.508,
CUUR0000SAH3,2017,M03,121.548,
CUUR0000SAH3,2017,M04,121.322,
CUUR0000SAH3,2017,M05,121.234,
CUUR0000SAH3,2017,M06,121.025,
CUUR0000SAH3,2017,M07,120.526,
CUUR0000SAH3,2017,M08,120.236,
CUUR0000SAH3,2017,M09,120.014,
CUUR0000SAH3,2017,M10,120.237,
CUUR0000SAH3,2017,M11,119.733,
CUUR0000SAH3,2017,M12,119.778,
CUUR0000SAH3,2018,M01,120.834,
CUUR0000SAH3,2018,M02,121.376,
CUUR0000SAH3,2018,M03,121.484,
CUUR0000SAH3,2018,M04,122.031,
CUUR0000SAH3,2018,M05,121.571,
CUUR0000SAH3,2018,M06,121.408,
CUUR0000SAH3,2018,M07,121.480,
CUUR0000SAH3,2018,M08,121.138,
CUUR0000SAH3,2018,M09,121.390,
CUUR0000SAH3,2018,M10,122.038,
CUUR0000SAH3,2018,M11,121.778,
CUUR0000SAH3,2018,M12,122.265,
CUUR0000SAH3,2019,M01,123.334,
CUUR0000SAH3,2019,M02,123.750,
CUUR0000SAH3,2019,M03,123.746,
CUUR0000SAH3,2019,M04,123.345,
CUUR0000SAH3,2019,M05,123.344,
CUUR0000SAH3,2019,M06,124.237,
CUUR0000SAH3,2019,M07,124.361,
CUUR0000SAH3,2019,M08,123.818,
CUUR0000SAH3,2019,M09,124.183,
CUUR0000SAH3,2019,M10,124.256,
CUUR0000SAH3,2019,M11,123.733,
CUUR0000SAH3,2019,M12,123.462,
CUUR0000SAH3,2020,M01,124.151,
CUUR0000SAH3,2020,M02,124.636,
CUUR0000SAH3,2020,M03,124.469,
CUUR0000SAH3,2020,M04,124.961,
CUUR0000SAH3,2020,M05,125.373,
CUUR0000SAH3,2020,M06,125.997,
CUUR0000SAH3,2020,M07,126.269,
CUUR0000SAH3,2020,M08,126.974,
CUUR0000SAH3,2020,M09,126.965,
CUUR0000SAH3,2020,M10,126.821,
CUUR0000SAH3,2020,M11,127.134,
CUUR0000SAH3,2020,M12,127.367,
CUUR0000SAH3,2021,M01,127.716,
CUUR0000SAH3,2021,M02,127.935,
CUUR0000SAH3,2021,M03,128.350,
CUUR0000SAH3,2021,M04,129.321,
CUUR0000SAH3,2021,M05,131.086,
CUUR0000SAH3,2021,M06,131.131,
CUUR0000SAH3,2021,M07,131.024,
CUUR0000SAH3,2021,M08,132.076,
CUUR0000SAH3,2021,M09,133.462,
CUUR0000SAH3,2021,M10,134.745,
CUUR0000SAH3,2021,M11,135.345,
CUUR0000SAH3,2021,M12,136.787,
CUUR0000SAH3,2022,M01,139.162,
CUUR0000SAH3,2022,M02,140.306,
CUUR0000SAH3,2022,M03,141.358,
CUUR0000SAH3,2022,M04,142.110,
CUUR0000SAH3,2022,M05,142.736,
CUUR0000SAH3,2022,M06,143.586,
CUUR0000SAH3,2022,M07,144.291,
CUUR0000SAH3,2022,M08,145.110,
CUUR0000SAH3,2022,M09,145.912,
CUUR0000SAH3,2022,M10,146.101,
CUUR0000SAH3,2022,M11,145.568,
CUUR0000SAH3,2022,M12,145.972,
CUUR0000SAH3,2023,M01,147.352,
CUUR0000SAH3,2023,M02,148.826,
CUUR0000SAH3,2023,M03,149.230,
CUUR0000SAH3,2023,M04,149.650,
CUUR0000SAH3,2023,M05,148.667,
CUUR0000SAH3,2023,M06,148.702,
CUUR0000SAH3,2023,M07,148.453,
CUUR0000SAH3,2023,M08,148.295,
CUUR0000SAH3,2023,M09,148.700,
CUUR0000SAH3,2023,M10,148.558,
CUUR0000SAH3,2023,M11,147.190,
CUUR0000SAH3,2023,M12,146.600,
CUUR0000SAH3,2024,M01,147.673,
CUUR0000SAH3,2024,M02,147.915,
CUUR0000SAH3,2024,M03,148.038,
CUUR0000SAH3,2024,M04,147.173,
CUUR0000SAH3,2024,M05,146.719,
CUUR0000SAH3,2024,M06,147.583,
CUUR0000SAH3,2024,M07,147.788,
CUUR0000SAH3,2024,M08,147.348,
CUUR0000SAH3,2024,M09,147.906,
CUUR0000SAH3,2024,M10,147.720,
CUUR0000SAH3,2024,M11,147.746,
CUUR0000SAH3,2024,M12,147.559,
CUUR0000SAH3,2025,M01,148.308,
CUUR0000SAH3,2025,M02,149.408,
CUUR0000SAH3,2025,M03,149.420,
CUUR0000SAH3,2025,M04,150.485,
CUUR0000SAH3,2025,M05,150.690,
CUUR0000SAH3,2025,M06,152.394,
CUUR0000SAH3,2025,M07,152.865,
CUUR0000SAH3,2025,M08,153.039,
CUUR0000SAH3,2025,M09,154.023,
CUUR0000SAH3,2025,M10,-,Data unavailable due to the 2025 lapse in appropriations
CUUR0000SAH3,2025,M11,154.477,
CUUR0000SAH3,2025,M12,153.484,
CUUR0000SAH3,2026,M01,154.138,
CUUR0000SAH3,2026,M02,155.188,
CUUR0000SAH3,2026,M03,155.381,
CUUR0000SAH3,2026,M04,156.377,
CUUR0000SAH3,2026,M05,155.175,
CUUR0000SAH3,2026,M06,156.168,
CUUR0000SAH3,2026,M07,156.223,
CUUR0000SAM,1997,M01,231.8,
CUUR0000SAM,1997,M02,232.7,
CUUR0000SAM,1997,M03,233.4,
CUUR0000SAM,1997,M04,233.8,
CUUR0000SAM,1997,M05,234.2,
CUUR0000SAM,1997,M06,234.4,
CUUR0000SAM,1997,M07,234.8,
CUUR0000SAM,1997,M08,235.2,
CUUR0000SAM,1997,M09,235.4,
CUUR0000SAM,1997,M10,235.8,
CUUR0000SAM,1997,M11,236.4,
CUUR0000SAM,1997,M12,237.1,
CUUR0000SAM,1998,M01,238.1,
CUUR0000SAM,1998,M02,239.3,
CUUR0000SAM,1998,M03,239.8,
CUUR0000SAM,1998,M04,240.7,
CUUR0000SAM,1998,M05,241.4,
CUUR0000SAM,1998,M06,242.0,
CUUR0000SAM,1998,M07,242.7,
CUUR0000SAM,1998,M08,243.5,
CUUR0000SAM,1998,M09,243.9,
CUUR0000SAM,1998,M10,244.3,
CUUR0000SAM,1998,M11,244.7,
CUUR0000SAM,1998,M12,245.2,
CUUR0000SAM,1999,M01,246.6,
CUUR0000SAM,1999,M02,247.7,
CUUR0000SAM,1999,M03,248.3,
CUUR0000SAM,1999,M04,249.1,
CUUR0000SAM,1999,M05,249.5,
CUUR0000SAM,1999,M06,250.2,
CUUR0000SAM,1999,M07,251.1,
CUUR0000SAM,1999,M08,251.9,
CUUR0000SAM,1999,M09,252.3,
CUUR0000SAM,1999,M10,252.8,
CUUR0000SAM,1999,M11,253.3,
CUUR0000SAM,1999,M12,254.2,
CUUR0000SAM,2000,M01,255.5,
CUUR0000SAM,2000,M02,257.0,
CUUR0000SAM,2000,M03,258.1,
CUUR0000SAM,2000,M04,258.8,
CUUR0000SAM,2000,M05,259.4,
CUUR0000SAM,2000,M06,260.5,
CUUR0000SAM,2000,M07,261.4,
CUUR0000SAM,2000,M08,262.6,
CUUR0000SAM,2000,M09,263.1,
CUUR0000SAM,2000,M10,263.7,
CUUR0000SAM,2000,M11,264.1,
CUUR0000SAM,2000,M12,264.8,
CUUR0000SAM,2001,M01,267.1,
CUUR0000SAM,2001,M02,268.9,
CUUR0000SAM,2001,M03,270.0,
CUUR0000SAM,2001,M04,270.8,
CUUR0000SAM,2001,M05,271.4,
CUUR0000SAM,2001,M06,272.5,
CUUR0000SAM,2001,M07,273.1,
CUUR0000SAM,2001,M08,274.4,
CUUR0000SAM,2001,M09,275.0,
CUUR0000SAM,2001,M10,275.9,
CUUR0000SAM,2001,M11,276.7,
CUUR0000SAM,2001,M12,277.3,
CUUR0000SAM,2002,M01,279.6,
CUUR0000SAM,2002,M02,281.0,
CUUR0000SAM,2002,M03,282.0,
CUUR0000SAM,2002,M04,283.2,
CUUR0000SAM,2002,M05,284.1,
CUUR0000SAM,2002,M06,284.7,
CUUR0000SAM,2002,M07,286.6,
CUUR0000SAM,2002,M08,287.3,
CUUR0000SAM,2002,M09,287.7,
CUUR0000SAM,2002,M10,289.2,
CUUR0000SAM,2002,M11,290.5,
CUUR0000SAM,2002,M12,291.3,
CUUR0000SAM,2003,M01,292.6,
CUUR0000SAM,2003,M02,293.7,
CUUR0000SAM,2003,M03,294.2,
CUUR0000SAM,2003,M04,294.6,
CUUR0000SAM,2003,M05,295.5,
CUUR0000SAM,2003,M06,296.3,
CUUR0000SAM,2003,M07,297.6,
CUUR0000SAM,2003,M08,298.4,
CUUR0000SAM,2003,M09,299.2,
CUUR0000SAM,2003,M10,299.9,
CUUR0000SAM,2003,M11,300.8,
CUUR0000SAM,2003,M12,302.1,
CUUR0000SAM,2004,M01,303.6,
CUUR0000SAM,2004,M02,306.0,
CUUR0000SAM,2004,M03,307.5,
CUUR0000SAM,2004,M04,308.3,
CUUR0000SAM,2004,M05,309.0,
CUUR0000SAM,2004,M06,310.0,
CUUR0000SAM,2004,M07,311.0,
CUUR0000SAM,2004,M08,311.6,
CUUR0000SAM,2004,M09,312.3,
CUUR0000SAM,2004,M10,313.3,
CUUR0000SAM,2004,M11,314.1,
CUUR0000SAM,2004,M12,314.9,
CUUR0000SAM,2005,M01,316.8,
CUUR0000SAM,2005,M02,319.3,
CUUR0000SAM,2005,M03,320.7,
CUUR0000SAM,2005,M04,321.5,
CUUR0000SAM,2005,M05,322.2,
CUUR0000SAM,2005,M06,322.9,
CUUR0000SAM,2005,M07,324.1,
CUUR0000SAM,2005,M08,323.9,
CUUR0000SAM,2005,M09,324.6,
CUUR0000SAM,2005,M10,326.2,
CUUR0000SAM,2005,M11,328.1,
CUUR0000SAM,2005,M12,328.4,
CUUR0000SAM,2006,M01,329.5,
CUUR0000SAM,2006,M02,332.1,
CUUR0000SAM,2006,M03,333.8,
CUUR0000SAM,2006,M04,334.7,
CUUR0000SAM,2006,M05,335.6,
CUUR0000SAM,2006,M06,336.0,
CUUR0000SAM,2006,M07,337.0,
CUUR0000SAM,2006,M08,337.7,
CUUR0000SAM,2006,M09,338.3,
CUUR0000SAM,2006,M10,339.3,
CUUR0000SAM,2006,M11,340.1,
CUUR0000SAM,2006,M12,340.1,
CUUR0000SAM,2007,M01,343.510,
CUUR0000SAM,2007,M02,346.457,
CUUR0000SAM,2007,M03,347.172,
CUUR0000SAM,2007,M04,348.225,
CUUR0000SAM,2007,M05,349.087,
CUUR0000SAM,2007,M06,349.510,
CUUR0000SAM,2007,M07,351.643,
CUUR0000SAM,2007,M08,352.961,
CUUR0000SAM,2007,M09,353.723,
CUUR0000SAM,2007,M10,355.653,
CUUR0000SAM,2007,M11,357.041,
CUUR0000SAM,2007,M12,357.661,
CUUR0000SAM,2008,M01,360.459,
CUUR0000SAM,2008,M02,362.155,
CUUR0000SAM,2008,M03,363.000,
CUUR0000SAM,2008,M04,363.184,
CUUR0000SAM,2008,M05,363.396,
CUUR0000SAM,2008,M06,363.616,
CUUR0000SAM,2008,M07,363.963,
CUUR0000SAM,2008,M08,364.477,
CUUR0000SAM,2008,M09,365.036,
CUUR0000SAM,2008,M10,365.746,
CUUR0000SAM,2008,M11,366.613,
CUUR0000SAM,2008,M12,367.133,
CUUR0000SAM,2009,M01,369.830,
CUUR0000SAM,2009,M02,372.405,
CUUR0000SAM,2009,M03,373.189,
CUUR0000SAM,2009,M04,374.170,
CUUR0000SAM,2009,M05,375.026,
CUUR0000SAM,2009,M06,375.093,
CUUR0000SAM,2009,M07,375.739,
CUUR0000SAM,2009,M08,376.537,
CUUR0000SAM,2009,M09,377.727,
CUUR0000SAM,2009,M10,378.552,
CUUR0000SAM,2009,M11,379.575,
CUUR0000SAM,2009,M12,379.516,
CUUR0000SAM,2010,M01,382.688,
CUUR0000SAM,2010,M02,385.907,
CUUR0000SAM,2010,M03,387.142,
CUUR0000SAM,2010,M04,387.703,
CUUR0000SAM,2010,M05,387.762,
CUUR0000SAM,2010,M06,388.199,
CUUR0000SAM,2010,M07,387.898,
CUUR0000SAM,2010,M08,388.467,
CUUR0000SAM,2010,M09,390.616,
CUUR0000SAM,2010,M10,391.240,
CUUR0000SAM,2010,M11,391.660,
CUUR0000SAM,2010,M12,391.946,
CUUR0000SAM,2011,M01,393.858,
CUUR0000SAM,2011,M02,397.065,
CUUR0000SAM,2011,M03,397.726,
CUUR0000SAM,2011,M04,398.813,
CUUR0000SAM,2011,M05,399.375,
CUUR0000SAM,2011,M06,399.552,
CUUR0000SAM,2011,M07,400.305,
CUUR0000SAM,2011,M08,400.874,
CUUR0000SAM,2011,M09,401.605,
CUUR0000SAM,2011,M10,403.430,
CUUR0000SAM,2011,M11,404.858,
CUUR0000SAM,2011,M12,405.629,
CUUR0000SAM,2012,M01,408.056,
CUUR0000SAM,2012,M02,410.466,
CUUR0000SAM,2012,M03,411.498,
CUUR0000SAM,2012,M04,412.480,
CUUR0000SAM,2012,M05,413.655,
CUUR0000SAM,2012,M06,415.345,
CUUR0000SAM,2012,M07,416.759,
CUUR0000SAM,2012,M08,417.123,
CUUR0000SAM,2012,M09,418.039,
CUUR0000SAM,2012,M10,418.359,
CUUR0000SAM,2012,M11,418.653,
CUUR0000SAM,2012,M12,418.654,
CUUR0000SAM,2013,M01,420.687,
CUUR0000SAM,2013,M02,423.221,
CUUR0000SAM,2013,M03,424.154,
CUUR0000SAM,2013,M04,423.815,
CUUR0000SAM,2013,M05,422.834,
CUUR0000SAM,2013,M06,424.264,
CUUR0000SAM,2013,M07,424.836,
CUUR0000SAM,2013,M08,426.866,
CUUR0000SAM,2013,M09,428.026,
CUUR0000SAM,2013,M10,428.082,
CUUR0000SAM,2013,M11,427.740,
CUUR0000SAM,2013,M12,427.089,
CUUR0000SAM,2014,M01,429.621,
CUUR0000SAM,2014,M02,432.769,
CUUR0000SAM,2014,M03,433.369,
CUUR0000SAM,2014,M04,434.054,
CUUR0000SAM,2014,M05,434.874,
CUUR0000SAM,2014,M06,435.352,
CUUR0000SAM,2014,M07,435.924,
CUUR0000SAM,2014,M08,435.777,
CUUR0000SAM,2014,M09,436.575,
CUUR0000SAM,2014,M10,437.027,
CUUR0000SAM,2014,M11,438.445,
CUUR0000SAM,2014,M12,439.720,
CUUR0000SAM,2015,M01,440.969,
CUUR0000SAM,2015,M02,442.783,
CUUR0000SAM,2015,M03,444.020,
CUUR0000SAM,2015,M04,446.663,
CUUR0000SAM,2015,M05,447.213,
CUUR0000SAM,2015,M06,446.271,
CUUR0000SAM,2015,M07,446.773,
CUUR0000SAM,2015,M08,446.536,
CUUR0000SAM,2015,M09,447.289,
CUUR0000SAM,2015,M10,450.065,
CUUR0000SAM,2015,M11,451.371,
CUUR0000SAM,2015,M12,451.072,
CUUR0000SAM,2016,M01,454.175,
CUUR0000SAM,2016,M02,458.295,
CUUR0000SAM,2016,M03,458.620,
CUUR0000SAM,2016,M04,459.994,
CUUR0000SAM,2016,M05,461.230,
CUUR0000SAM,2016,M06,462.075,
CUUR0000SAM,2016,M07,464.164,
CUUR0000SAM,2016,M08,468.379,
CUUR0000SAM,2016,M09,469.154,
CUUR0000SAM,2016,M10,469.230,
CUUR0000SAM,2016,M11,469.333,
CUUR0000SAM,2016,M12,469.447,
CUUR0000SAM,2017,M01,471.700,
CUUR0000SAM,2017,M02,474.546,
CUUR0000SAM,2017,M03,474.561,
CUUR0000SAM,2017,M04,473.582,
CUUR0000SAM,2017,M05,473.512,
CUUR0000SAM,2017,M06,474.360,
CUUR0000SAM,2017,M07,476.126,
CUUR0000SAM,2017,M08,476.869,
CUUR0000SAM,2017,M09,476.485,
CUUR0000SAM,2017,M10,477.121,
CUUR0000SAM,2017,M11,477.198,
CUUR0000SAM,2017,M12,477.802,
CUUR0000SAM,2018,M01,481.060,
CUUR0000SAM,2018,M02,482.897,
CUUR0000SAM,2018,M03,483.984,
CUUR0000SAM,2018,M04,484.034,
CUUR0000SAM,2018,M05,484.853,
CUUR0000SAM,2018,M06,486.019,
CUUR0000SAM,2018,M07,485.193,
CUUR0000SAM,2018,M08,484.172,
CUUR0000SAM,2018,M09,484.708,
CUUR0000SAM,2018,M10,485.269,
CUUR0000SAM,2018,M11,486.886,
CUUR0000SAM,2018,M12,487.409,
CUUR0000SAM,2019,M01,490.204,
CUUR0000SAM,2019,M02,491.227,
CUUR0000SAM,2019,M03,492.306,
CUUR0000SAM,2019,M04,493.331,
CUUR0000SAM,2019,M05,494.928,
CUUR0000SAM,2019,M06,495.563,
CUUR0000SAM,2019,M07,497.687,
CUUR0000SAM,2019,M08,500.916,
CUUR0000SAM,2019,M09,501.468,
CUUR0000SAM,2019,M10,506.100,
CUUR0000SAM,2019,M11,507.541,
CUUR0000SAM,2019,M12,509.689,
CUUR0000SAM,2020,M01,512.149,
CUUR0000SAM,2020,M02,513.923,
CUUR0000SAM,2020,M03,515.605,
CUUR0000SAM,2020,M04,517.053,
CUUR0000SAM,2020,M05,519.194,
CUUR0000SAM,2020,M06,520.734,
CUUR0000SAM,2020,M07,522.686,
CUUR0000SAM,2020,M08,523.295,
CUUR0000SAM,2020,M09,522.528,
CUUR0000SAM,2020,M10,520.725,
CUUR0000SAM,2020,M11,519.848,
CUUR0000SAM,2020,M12,518.766,
CUUR0000SAM,2021,M01,522.133,
CUUR0000SAM,2021,M02,524.207,
CUUR0000SAM,2021,M03,524.734,
CUUR0000SAM,2021,M04,524.585,
CUUR0000SAM,2021,M05,523.918,
CUUR0000SAM,2021,M06,522.989,
CUUR0000SAM,2021,M07,524.219,
CUUR0000SAM,2021,M08,525.247,
CUUR0000SAM,2021,M09,524.818,
CUUR0000SAM,2021,M10,527.564,
CUUR0000SAM,2021,M11,528.877,
CUUR0000SAM,2021,M12,530.026,
CUUR0000SAM,2022,M01,535.048,
CUUR0000SAM,2022,M02,536.932,
CUUR0000SAM,2022,M03,539.739,
CUUR0000SAM,2022,M04,541.515,
CUUR0000SAM,2022,M05,543.488,
CUUR0000SAM,2022,M06,546.717,
CUUR0000SAM,2022,M07,549.562,
CUUR0000SAM,2022,M08,553.429,
CUUR0000SAM,2022,M09,556.323,
CUUR0000SAM,2022,M10,554.043,
CUUR0000SAM,2022,M11,550.844,
CUUR0000SAM,2022,M12,551.002,
CUUR0000SAM,2023,M01,551.422,
CUUR0000SAM,2023,M02,549.487,
CUUR0000SAM,2023,M03,547.805,
CUUR0000SAM,2023,M04,547.219,
CUUR0000SAM,2023,M05,547.420,
CUUR0000SAM,2023,M06,547.432,
CUUR0000SAM,2023,M07,546.698,
CUUR0000SAM,2023,M08,548.082,
CUUR0000SAM,2023,M09,548.431,
CUUR0000SAM,2023,M10,549.762,
CUUR0000SAM,2023,M11,551.769,
CUUR0000SAM,2023,M12,553.485,
CUUR0000SAM,2024,M01,557.215,
CUUR0000SAM,2024,M02,557.236,
CUUR0000SAM,2024,M03,559.935,
CUUR0000SAM,2024,M04,561.612,
CUUR0000SAM,2024,M05,564.249,
CUUR0000SAM,2024,M06,565.301,
CUUR0000SAM,2024,M07,564.039,
CUUR0000SAM,2024,M08,564.407,
CUUR0000SAM,2024,M09,566.266,
CUUR0000SAM,2024,M10,567.870,
CUUR0000SAM,2024,M11,568.773,
CUUR0000SAM,2024,M12,569.189,
CUUR0000SAM,2025,M01,571.899,
CUUR0000SAM,2025,M02,573.320,
CUUR0000SAM,2025,M03,574.739,
CUUR0000SAM,2025,M04,576.988,
CUUR0000SAM,2025,M05,578.250,
CUUR0000SAM,2025,M06,580.978,
CUUR0000SAM,2025,M07,583.856,
CUUR0000SAM,2025,M08,583.875,
CUUR0000SAM,2025,M09,584.858,
CUUR0000SAM,2025,M10,-,Data unavailable due to the 2025 lapse in appropriations
CUUR0000SAM,2025,M11,585.213,
CUUR0000SAM,2025,M12,587.144,
CUUR0000SAM,2026,M01,590.169,
CUUR0000SAM,2026,M02,592.593,
CUUR0000SAM,2026,M03,592.286,
CUUR0000SAM,2026,M04,591.661,
CUUR0000SAM,2026,M05,593.239,
CUUR0000SAM,2026,M06,592.750,
CUUR0000SAM,2026,M07,593.781,
CUUR0000SAM1,1997,M01,212.8,
CUUR0000SAM1,1997,M02,213.9,
CUUR0000SAM1,1997,M03,214.7,
CUUR0000SAM1,1997,M04,215.2,
CUUR0000SAM1,1997,M05,215.6,
CUUR0000SAM1,1997,M06,216.0,
CUUR0000SAM1,1997,M07,216.0,
CUUR0000SAM1,1997,M08,215.5,
CUUR0000SAM1,1997,M09,215.3,
CUUR0000SAM1,1997,M10,215.6,
CUUR0000SAM1,1997,M11,215.8,
CUUR0000SAM1,1997,M12,216.8,
CUUR0000SAM1,1998,M01,217.6,
CUUR0000SAM1,1998,M02,218.4,
CUUR0000SAM1,1998,M03,218.5,
CUUR0000SAM1,1998,M04,220.2,
CUUR0000SAM1,1998,M05,221.5,
CUUR0000SAM1,1998,M06,222.1,
CUUR0000SAM1,1998,M07,222.2,
CUUR0000SAM1,1998,M08,223.1,
CUUR0000SAM1,1998,M09,224.0,
CUUR0000SAM1,1998,M10,224.2,
CUUR0000SAM1,1998,M11,224.5,
CUUR0000SAM1,1998,M12,225.6,
CUUR0000SAM1,1999,M01,225.9,
CUUR0000SAM1,1999,M02,226.8,
CUUR0000SAM1,1999,M03,227.7,
CUUR0000SAM1,1999,M04,229.3,
CUUR0000SAM1,1999,M05,229.4,
CUUR0000SAM1,1999,M06,230.5,
CUUR0000SAM1,1999,M07,231.7,
CUUR0000SAM1,1999,M08,232.5,
CUUR0000SAM1,1999,M09,233.1,
CUUR0000SAM1,1999,M10,233.2,
CUUR0000SAM1,1999,M11,233.7,
CUUR0000SAM1,1999,M12,234.6,
CUUR0000SAM1,2000,M01,235.2,
CUUR0000SAM1,2000,M02,235.5,
CUUR0000SAM1,2000,M03,236.3,
CUUR0000SAM1,2000,M04,237.0,
CUUR0000SAM1,2000,M05,237.5,
CUUR0000SAM1,2000,M06,238.2,
CUUR0000SAM1,2000,M07,238.6,
CUUR0000SAM1,2000,M08,239.2,
CUUR0000SAM1,2000,M09,239.4,
CUUR0000SAM1,2000,M10,239.6,
CUUR0000SAM1,2000,M11,240.0,
CUUR0000SAM1,2000,M12,241.1,
CUUR0000SAM1,2001,M01,242.3,
CUUR0000SAM1,2001,M02,243.8,
CUUR0000SAM1,2001,M03,244.9,
CUUR0000SAM1,2001,M04,245.7,
CUUR0000SAM1,2001,M05,246.6,
CUUR0000SAM1,2001,M06,248.1,
CUUR0000SAM1,2001,M07,248.5,
CUUR0000SAM1,2001,M08,249.1,
CUUR0000SAM1,2001,M09,249.6,
CUUR0000SAM1,2001,M10,250.2,
CUUR0000SAM1,2001,M11,250.6,
CUUR0000SAM1,2001,M12,251.6,
CUUR0000SAM1,2002,M01,252.6,
CUUR0000SAM1,2002,M02,253.7,
CUUR0000SAM1,2002,M03,254.1,
CUUR0000SAM1,2002,M04,254.8,
CUUR0000SAM1,2002,M05,255.4,
CUUR0000SAM1,2002,M06,256.4,
CUUR0000SAM1,2002,M07,257.5,
CUUR0000SAM1,2002,M08,257.7,
CUUR0000SAM1,2002,M09,257.9,
CUUR0000SAM1,2002,M10,258.3,
CUUR0000SAM1,2002,M11,259.1,
CUUR0000SAM1,2002,M12,259.5,
CUUR0000SAM1,2003,M01,260.3,
CUUR0000SAM1,2003,M02,260.4,
CUUR0000SAM1,2003,M03,261.4,
CUUR0000SAM1,2003,M04,261.6,
CUUR0000SAM1,2003,M05,261.8,
CUUR0000SAM1,2003,M06,262.1,
CUUR0000SAM1,2003,M07,263.6,
CUUR0000SAM1,2003,M08,264.1,
CUUR0000SAM1,2003,M09,264.9,
CUUR0000SAM1,2003,M10,264.7,
CUUR0000SAM1,2003,M11,264.0,
CUUR0000SAM1,2003,M12,265.0,
CUUR0000SAM1,2004,M01,265.5,
CUUR0000SAM1,2004,M02,266.7,
CUUR0000SAM1,2004,M03,267.3,
CUUR0000SAM1,2004,M04,268.5,
CUUR0000SAM1,2004,M05,269.1,
CUUR0000SAM1,2004,M06,269.6,
CUUR0000SAM1,2004,M07,269.9,
CUUR0000SAM1,2004,M08,270.0,
CUUR0000SAM1,2004,M09,270.9,
CUUR0000SAM1,2004,M10,271.7,
CUUR0000SAM1,2004,M11,271.2,
CUUR0000SAM1,2004,M12,270.8,
CUUR0000SAM1,2005,M01,271.6,
CUUR0000SAM1,2005,M02,272.8,
CUUR0000SAM1,2005,M03,273.2,
CUUR0000SAM1,2005,M04,273.5,
CUUR0000SAM1,2005,M05,274.6,
CUUR0000SAM1,2005,M06,275.6,
CUUR0000SAM1,2005,M07,276.3,
CUUR0000SAM1,2005,M08,276.8,
CUUR0000SAM1,2005,M09,277.7,
CUUR0000SAM1,2005,M10,278.9,
CUUR0000SAM1,2005,M11,280.3,
CUUR0000SAM1,2005,M12,280.8,
CUUR0000SAM1,2006,M01,282.0,
CUUR0000SAM1,2006,M02,283.1,
CUUR0000SAM1,2006,M03,284.3,
CUUR0000SAM1,2006,M04,285.3,
CUUR0000SAM1,2006,M05,286.3,
CUUR0000SAM1,2006,M06,286.3,
CUUR0000SAM1,2006,M07,287.1,
CUUR0000SAM1,2006,M08,287.6,
CUUR0000SAM1,2006,M09,288.1,
CUUR0000SAM1,2006,M10,288.1,
CUUR0000SAM1,2006,M11,286.6,
CUUR0000SAM1,2006,M12,285.9,
CUUR0000SAM1,2007,M01,288.088,
CUUR0000SAM1,2007,M02,287.703,
CUUR0000SAM1,2007,M03,286.940,
CUUR0000SAM1,2007,M04,288.349,
CUUR0000SAM1,2007,M05,288.661,
CUUR0000SAM1,2007,M06,288.508,
CUUR0000SAM1,2007,M07,290.257,
CUUR0000SAM1,2007,M08,291.164,
CUUR0000SAM1,2007,M09,291.340,
CUUR0000SAM1,2007,M10,292.161,
CUUR0000SAM1,2007,M11,293.201,
CUUR0000SAM1,2007,M12,293.610,
CUUR0000SAM1,2008,M01,295.355,
CUUR0000SAM1,2008,M02,296.130,
CUUR0000SAM1,2008,M03,297.308,
CUUR0000SAM1,2008,M04,296.951,
CUUR0000SAM1,2008,M05,294.896,
CUUR0000SAM1,2008,M06,295.194,
CUUR0000SAM1,2008,M07,294.777,
CUUR0000SAM1,2008,M08,295.003,
CUUR0000SAM1,2008,M09,295.461,
CUUR0000SAM1,2008,M10,295.791,
CUUR0000SAM1,2008,M11,297.317,
CUUR0000SAM1,2008,M12,298.361,
CUUR0000SAM1,2009,M01,299.998,
CUUR0000SAM1,2009,M02,302.184,
CUUR0000SAM1,2009,M03,302.908,
CUUR0000SAM1,2009,M04,303.979,
CUUR0000SAM1,2009,M05,304.697,
CUUR0000SAM1,2009,M06,304.683,
CUUR0000SAM1,2009,M07,304.229,
CUUR0000SAM1,2009,M08,305.797,
CUUR0000SAM1,2009,M09,307.671,
CUUR0000SAM1,2009,M10,308.379,
CUUR0000SAM1,2009,M11,308.546,
CUUR0000SAM1,2009,M12,308.221,
CUUR0000SAM1,2010,M01,310.494,
CUUR0000SAM1,2010,M02,312.864,
CUUR0000SAM1,2010,M03,314.023,
CUUR0000SAM1,2010,M04,314.535,
CUUR0000SAM1,2010,M05,314.923,
CUUR0000SAM1,2010,M06,314.888,
CUUR0000SAM1,2010,M07,314.113,
CUUR0000SAM1,2010,M08,314.881,
CUUR0000SAM1,2010,M09,315.804,
CUUR0000SAM1,2010,M10,316.082,
CUUR0000SAM1,2010,M11,316.794,
CUUR0000SAM1,2010,M12,317.199,
CUUR0000SAM1,2011,M01,318.929,
CUUR0000SAM1,2011,M02,321.186,
CUUR0000SAM1,2011,M03,322.691,
CUUR0000SAM1,2011,M04,324.241,
CUUR0000SAM1,2011,M05,324.399,
CUUR0000SAM1,2011,M06,324.102,
CUUR0000SAM1,2011,M07,324.159,
CUUR0000SAM1,2011,M08,324.395,
CUUR0000SAM1,2011,M09,325.130,
CUUR0000SAM1,2011,M10,325.962,
CUUR0000SAM1,2011,M11,326.624,
CUUR0000SAM1,2011,M12,327.254,
CUUR0000SAM1,2012,M01,329.201,
CUUR0000SAM1,2012,M02,331.867,
CUUR0000SAM1,2012,M03,333.188,
CUUR0000SAM1,2012,M04,333.060,
CUUR0000SAM1,2012,M05,333.131,
CUUR0000SAM1,2012,M06,333.348,
CUUR0000SAM1,2012,M07,335.048,
CUUR0000SAM1,2012,M08,336.004,
CUUR0000SAM1,2012,M09,335.721,
CUUR0000SAM1,2012,M10,335.768,
CUUR0000SAM1,2012,M11,334.285,
CUUR0000SAM1,2012,M12,332.684,
CUUR0000SAM1,2013,M01,334.046,
CUUR0000SAM1,2013,M02,334.405,
CUUR0000SAM1,2013,M03,335.198,
CUUR0000SAM1,2013,M04,335.293,
CUUR0000SAM1,2013,M05,333.064,
CUUR0000SAM1,2013,M06,333.837,
CUUR0000SAM1,2013,M07,334.673,
CUUR0000SAM1,2013,M08,335.985,
CUUR0000SAM1,2013,M09,336.527,
CUUR0000SAM1,2013,M10,337.478,
CUUR0000SAM1,2013,M11,337.006,
CUUR0000SAM1,2013,M12,333.801,
CUUR0000SAM1,2014,M01,336.756,
CUUR0000SAM1,2014,M02,340.067,
CUUR0000SAM1,2014,M03,339.567,
CUUR0000SAM1,2014,M04,340.535,
CUUR0000SAM1,2014,M05,341.432,
CUUR0000SAM1,2014,M06,343.224,
CUUR0000SAM1,2014,M07,344.687,
CUUR0000SAM1,2014,M08,344.755,
CUUR0000SAM1,2014,M09,346.347,
CUUR0000SAM1,2014,M10,346.324,
CUUR0000SAM1,2014,M11,347.616,
CUUR0000SAM1,2014,M12,349.750,
CUUR0000SAM1,2015,M01,349.980,
CUUR0000SAM1,2015,M02,353.484,
CUUR0000SAM1,2015,M03,353.995,
CUUR0000SAM1,2015,M04,354.339,
CUUR0000SAM1,2015,M05,354.647,
CUUR0000SAM1,2015,M06,354.524,
CUUR0000SAM1,2015,M07,355.235,
CUUR0000SAM1,2015,M08,356.334,
CUUR0000SAM1,2015,M09,355.746,
CUUR0000SAM1,2015,M10,355.894,
CUUR0000SAM1,2015,M11,356.286,
CUUR0000SAM1,2015,M12,355.030,
CUUR0000SAM1,2016,M01,357.414,
CUUR0000SAM1,2016,M02,361.435,
CUUR0000SAM1,2016,M03,362.386,
CUUR0000SAM1,2016,M04,363.843,
CUUR0000SAM1,2016,M05,361.866,
CUUR0000SAM1,2016,M06,364.501,
CUUR0000SAM1,2016,M07,366.784,
CUUR0000SAM1,2016,M08,372.106,
CUUR0000SAM1,2016,M09,374.142,
CUUR0000SAM1,2016,M10,373.792,
CUUR0000SAM1,2016,M11,371.540,
CUUR0000SAM1,2016,M12,371.561,
CUUR0000SAM1,2017,M01,374.150,
CUUR0000SAM1,2017,M02,376.078,
CUUR0000SAM1,2017,M03,376.440,
CUUR0000SAM1,2017,M04,373.231,
CUUR0000SAM1,2017,M05,373.631,
CUUR0000SAM1,2017,M06,376.182,
CUUR0000SAM1,2017,M07,380.302,
CUUR0000SAM1,2017,M08,381.114,
CUUR0000SAM1,2017,M09,377.869,
CUUR0000SAM1,2017,M10,377.038,
CUUR0000SAM1,2017,M11,378.328,
CUUR0000SAM1,2017,M12,380.087,
CUUR0000SAM1,2018,M01,380.846,
CUUR0000SAM1,2018,M02,381.975,
CUUR0000SAM1,2018,M03,381.804,
CUUR0000SAM1,2018,M04,380.479,
CUUR0000SAM1,2018,M05,383.734,
CUUR0000SAM1,2018,M06,385.121,
CUUR0000SAM1,2018,M07,381.954,
CUUR0000SAM1,2018,M08,382.171,
CUUR0000SAM1,2018,M09,380.535,
CUUR0000SAM1,2018,M10,379.662,
CUUR0000SAM1,2018,M11,380.658,
CUUR0000SAM1,2018,M12,378.190,
CUUR0000SAM1,2019,M01,379.777,
CUUR0000SAM1,2019,M02,377.949,
CUUR0000SAM1,2019,M03,379.568,
CUUR0000SAM1,2019,M04,381.256,
CUUR0000SAM1,2019,M05,381.066,
CUUR0000SAM1,2019,M06,379.462,
CUUR0000SAM1,2019,M07,380.278,
CUUR0000SAM1,2019,M08,382.519,
CUUR0000SAM1,2019,M09,379.530,
CUUR0000SAM1,2019,M10,383.498,
CUUR0000SAM1,2019,M11,383.025,
CUUR0000SAM1,2019,M12,387.533,
CUUR0000SAM1,2020,M01,386.331,
CUUR0000SAM1,2020,M02,384.701,
CUUR0000SAM1,2020,M03,384.498,
CUUR0000SAM1,2020,M04,383.911,
CUUR0000SAM1,2020,M05,384.304,
CUUR0000SAM1,2020,M06,384.259,
CUUR0000SAM1,2020,M07,384.377,
CUUR0000SAM1,2020,M08,385.409,
CUUR0000SAM1,2020,M09,383.031,
CUUR0000SAM1,2020,M10,380.371,
CUUR0000SAM1,2020,M11,378.810,
CUUR0000SAM1,2020,M12,377.921,
CUUR0000SAM1,2021,M01,377.546,
CUUR0000SAM1,2021,M02,374.905,
CUUR0000SAM1,2021,M03,375.111,
CUUR0000SAM1,2021,M04,377.284,
CUUR0000SAM1,2021,M05,377.191,
CUUR0000SAM1,2021,M06,375.697,
CUUR0000SAM1,2021,M07,376.323,
CUUR0000SAM1,2021,M08,375.685,
CUUR0000SAM1,2021,M09,376.842,
CUUR0000SAM1,2021,M10,379.003,
CUUR0000SAM1,2021,M11,379.483,
CUUR0000SAM1,2021,M12,379.611,
CUUR0000SAM1,2022,M01,382.984,
CUUR0000SAM1,2022,M02,384.304,
CUUR0000SAM1,2022,M03,385.084,
CUUR0000SAM1,2022,M04,385.307,
CUUR0000SAM1,2022,M05,386.273,
CUUR0000SAM1,2022,M06,387.787,
CUUR0000SAM1,2022,M07,390.077,
CUUR0000SAM1,2022,M08,391.032,
CUUR0000SAM1,2022,M09,390.677,
CUUR0000SAM1,2022,M10,390.614,
CUUR0000SAM1,2022,M11,391.360,
CUUR0000SAM1,2022,M12,391.809,
CUUR0000SAM1,2023,M01,395.981,
CUUR0000SAM1,2023,M02,396.560,
CUUR0000SAM1,2023,M03,398.917,
CUUR0000SAM1,2023,M04,400.755,
CUUR0000SAM1,2023,M05,403.358,
CUUR0000SAM1,2023,M06,404.109,
CUUR0000SAM1,2023,M07,406.169,
CUUR0000SAM1,2023,M08,408.437,
CUUR0000SAM1,2023,M09,407.250,
CUUR0000SAM1,2023,M10,408.965,
CUUR0000SAM1,2023,M11,410.847,
CUUR0000SAM1,2023,M12,410.365,
CUUR0000SAM1,2024,M01,407.879,
CUUR0000SAM1,2024,M02,408.246,
CUUR0000SAM1,2024,M03,408.919,
CUUR0000SAM1,2024,M04,410.743,
CUUR0000SAM1,2024,M05,416.001,
CUUR0000SAM1,2024,M06,416.812,
CUUR0000SAM1,2024,M07,417.465,
CUUR0000SAM1,2024,M08,416.538,
CUUR0000SAM1,2024,M09,413.708,
CUUR0000SAM1,2024,M10,412.914,
CUUR0000SAM1,2024,M11,412.424,
CUUR0000SAM1,2024,M12,412.381,
CUUR0000SAM1,2025,M01,417.214,
CUUR0000SAM1,2025,M02,417.702,
CUUR0000SAM1,2025,M03,412.995,
CUUR0000SAM1,2025,M04,414.709,
CUUR0000SAM1,2025,M05,417.149,
CUUR0000SAM1,2025,M06,417.575,
CUUR0000SAM1,2025,M07,417.800,
CUUR0000SAM1,2025,M08,416.721,
CUUR0000SAM1,2025,M09,416.471,
CUUR0000SAM1,2025,M10,-,Data unavailable due to the 2025 lapse in appropriations
CUUR0000SAM1,2025,M11,417.161,
CUUR0000SAM1,2025,M12,418.532,
CUUR0000SAM1,2026,M01,418.270,
CUUR0000SAM1,2026,M02,418.113,
CUUR0000SAM1,2026,M03,414.032,
CUUR0000SAM1,2026,M04,412.564,
CUUR0000SAM1,2026,M05,409.628,
CUUR0000SAM1,2026,M06,408.974,
CUUR0000SAM1,2026,M07,406.462,
CUUR0000SAM2,1997,M01,236.3,
CUUR0000SAM2,1997,M02,237.1,
CUUR0000SAM2,1997,M03,237.7,
CUUR0000SAM2,1997,M04,238.1,
CUUR0000SAM2,1997,M05,238.5,
CUUR0000SAM2,1997,M06,238.7,
CUUR0000SAM2,1997,M07,239.2,
CUUR0000SAM2,1997,M08,239.8,
CUUR0000SAM2,1997,M09,240.0,
CUUR0000SAM2,1997,M10,240.5,
CUUR0000SAM2,1997,M11,241.2,
CUUR0000SAM2,1997,M12,241.8,
CUUR0000SAM2,1998,M01,242.9,
CUUR0000SAM2,1998,M02,244.2,
CUUR0000SAM2,1998,M03,244.8,
CUUR0000SAM2,1998,M04,245.4,
CUUR0000SAM2,1998,M05,245.9,
CUUR0000SAM2,1998,M06,246.5,
CUUR0000SAM2,1998,M07,247.4,
CUUR0000SAM2,1998,M08,248.2,
CUUR0000SAM2,1998,M09,248.4,
CUUR0000SAM2,1998,M10,249.0,
CUUR0000SAM2,1998,M11,249.3,
CUUR0000SAM2,1998,M12,249.6,
CUUR0000SAM2,1999,M01,251.3,
CUUR0000SAM2,1999,M02,252.6,
CUUR0000SAM2,1999,M03,253.1,
CUUR0000SAM2,1999,M04,253.5,
CUUR0000SAM2,1999,M05,254.0,
CUUR0000SAM2,1999,M06,254.6,
CUUR0000SAM2,1999,M07,255.5,
CUUR0000SAM2,1999,M08,256.2,
CUUR0000SAM2,1999,M09,256.6,
CUUR0000SAM2,1999,M10,257.1,
CUUR0000SAM2,1999,M11,257.7,
CUUR0000SAM2,1999,M12,258.5,
CUUR0000SAM2,2000,M01,260.1,
CUUR0000SAM2,2000,M02,262.0,
CUUR0000SAM2,2000,M03,263.2,
CUUR0000SAM2,2000,M04,263.9,
CUUR0000SAM2,2000,M05,264.4,
CUUR0000SAM2,2000,M06,265.6,
CUUR0000SAM2,2000,M07,266.7,
CUUR0000SAM2,2000,M08,268.0,
CUUR0000SAM2,2000,M09,268.7,
CUUR0000SAM2,2000,M10,269.4,
CUUR0000SAM2,2000,M11,269.8,
CUUR0000SAM2,2000,M12,270.4,
CUUR0000SAM2,2001,M01,273.0,
CUUR0000SAM2,2001,M02,274.9,
CUUR0000SAM2,2001,M03,275.9,
CUUR0000SAM2,2001,M04,276.8,
CUUR0000SAM2,2001,M05,277.3,
CUUR0000SAM2,2001,M06,278.3,
CUUR0000SAM2,2001,M07,278.9,
CUUR0000SAM2,2001,M08,280.5,
CUUR0000SAM2,2001,M09,281.0,
CUUR0000SAM2,2001,M10,282.0,
CUUR0000SAM2,2001,M11,283.0,
CUUR0000SAM2,2001,M12,283.5,
CUUR0000SAM2,2002,M01,286.2,
CUUR0000SAM2,2002,M02,287.7,
CUUR0000SAM2,2002,M03,288.9,
CUUR0000SAM2,2002,M04,290.2,
CUUR0000SAM2,2002,M05,291.2,
CUUR0000SAM2,2002,M06,291.7,
CUUR0000SAM2,2002,M07,293.8,
CUUR0000SAM2,2002,M08,294.7,
CUUR0000SAM2,2002,M09,295.2,
CUUR0000SAM2,2002,M10,297.1,
CUUR0000SAM2,2002,M11,298.5,
CUUR0000SAM2,2002,M12,299.4,
CUUR0000SAM2,2003,M01,300.8,
CUUR0000SAM2,2003,M02,302.3,
CUUR0000SAM2,2003,M03,302.6,
CUUR0000SAM2,2003,M04,303.1,
CUUR0000SAM2,2003,M05,304.2,
CUUR0000SAM2,2003,M06,305.2,
CUUR0000SAM2,2003,M07,306.4,
CUUR0000SAM2,2003,M08,307.2,
CUUR0000SAM2,2003,M09,308.2,
CUUR0000SAM2,2003,M10,309.1,
CUUR0000SAM2,2003,M11,310.6,
CUUR0000SAM2,2003,M12,311.9,
CUUR0000SAM2,2004,M01,313.8,
CUUR0000SAM2,2004,M02,316.6,
CUUR0000SAM2,2004,M03,318.4,
CUUR0000SAM2,2004,M04,319.2,
CUUR0000SAM2,2004,M05,319.8,
CUUR0000SAM2,2004,M06,321.0,
CUUR0000SAM2,2004,M07,322.3,
CUUR0000SAM2,2004,M08,323.1,
CUUR0000SAM2,2004,M09,323.7,
CUUR0000SAM2,2004,M10,324.8,
CUUR0000SAM2,2004,M11,326.0,
CUUR0000SAM2,2004,M12,327.3,
CUUR0000SAM2,2005,M01,329.5,
CUUR0000SAM2,2005,M02,332.5,
CUUR0000SAM2,2005,M03,334.3,
CUUR0000SAM2,2005,M04,335.2,
CUUR0000SAM2,2005,M05,335.9,
CUUR0000SAM2,2005,M06,336.3,
CUUR0000SAM2,2005,M07,337.8,
CUUR0000SAM2,2005,M08,337.3,
CUUR0000SAM2,2005,M09,337.9,
CUUR0000SAM2,2005,M10,339.7,
CUUR0000SAM2,2005,M11,341.7,
CUUR0000SAM2,2005,M12,342.0,
CUUR0000SAM2,2006,M01,342.9,
CUUR0000SAM2,2006,M02,346.1,
CUUR0000SAM2,2006,M03,348.0,
CUUR0000SAM2,2006,M04,348.8,
CUUR0000SAM2,2006,M05,349.7,
CUUR0000SAM2,2006,M06,350.3,
CUUR0000SAM2,2006,M07,351.2,
CUUR0000SAM2,2006,M08,352.1,
CUUR0000SAM2,2006,M09,352.7,
CUUR0000SAM2,2006,M10,354.0,
CUUR0000SAM2,2006,M11,355.6,
CUUR0000SAM2,2006,M12,356.0,
CUUR0000SAM2,2007,M01,359.757,
CUUR0000SAM2,2007,M02,363.908,
CUUR0000SAM2,2007,M03,365.164,
CUUR0000SAM2,2007,M04,366.070,
CUUR0000SAM2,2007,M05,367.127,
CUUR0000SAM2,2007,M06,367.758,
CUUR0000SAM2,2007,M07,370.008,
CUUR0000SAM2,2007,M08,371.461,
CUUR0000SAM2,2007,M09,372.432,
CUUR0000SAM2,2007,M10,374.750,
CUUR0000SAM2,2007,M11,376.250,
CUUR0000SAM2,2007,M12,376.940,
CUUR0000SAM2,2008,M01,380.135,
CUUR0000SAM2,2008,M02,382.196,
CUUR0000SAM2,2008,M03,382.872,
CUUR0000SAM2,2008,M04,383.292,
CUUR0000SAM2,2008,M05,384.505,
CUUR0000SAM2,2008,M06,384.685,
CUUR0000SAM2,2008,M07,385.361,
CUUR0000SAM2,2008,M08,385.990,
CUUR0000SAM2,2008,M09,386.579,
CUUR0000SAM2,2008,M10,387.440,
CUUR0000SAM2,2008,M11,387.992,
CUUR0000SAM2,2008,M12,388.267,
CUUR0000SAM2,2009,M01,391.365,
CUUR0000SAM2,2009,M02,394.047,
CUUR0000SAM2,2009,M03,394.837,
CUUR0000SAM2,2009,M04,395.753,
CUUR0000SAM2,2009,M05,396.648,
CUUR0000SAM2,2009,M06,396.750,
CUUR0000SAM2,2009,M07,397.868,
CUUR0000SAM2,2009,M08,398.303,
CUUR0000SAM2,2009,M09,399.160,
CUUR0000SAM2,2009,M10,400.015,
CUUR0000SAM2,2009,M11,401.392,
CUUR0000SAM2,2009,M12,401.452,
CUUR0000SAM2,2010,M01,404.937,
CUUR0000SAM2,2010,M02,408.447,
CUUR0000SAM2,2010,M03,409.687,
CUUR0000SAM2,2010,M04,410.256,
CUUR0000SAM2,2010,M05,410.173,
CUUR0000SAM2,2010,M06,410.802,
CUUR0000SAM2,2010,M07,410.710,
CUUR0000SAM2,2010,M08,411.182,
CUUR0000SAM2,2010,M09,413.807,
CUUR0000SAM2,2010,M10,414.564,
CUUR0000SAM2,2010,M11,414.850,
CUUR0000SAM2,2010,M12,415.079,
CUUR0000SAM2,2011,M01,417.025,
CUUR0000SAM2,2011,M02,420.567,
CUUR0000SAM2,2011,M03,420.852,
CUUR0000SAM2,2011,M04,421.716,
CUUR0000SAM2,2011,M05,422.438,
CUUR0000SAM2,2011,M06,422.813,
CUUR0000SAM2,2011,M07,423.847,
CUUR0000SAM2,2011,M08,424.546,
CUUR0000SAM2,2011,M09,425.258,
CUUR0000SAM2,2011,M10,427.467,
CUUR0000SAM2,2011,M11,429.191,
CUUR0000SAM2,2011,M12,430.005,
CUUR0000SAM2,2012,M01,432.583,
CUUR0000SAM2,2012,M02,434.832,
CUUR0000SAM2,2012,M03,435.721,
CUUR0000SAM2,2012,M04,437.151,
CUUR0000SAM2,2012,M05,438.766,
CUUR0000SAM2,2012,M06,441.041,
CUUR0000SAM2,2012,M07,442.305,
CUUR0000SAM2,2012,M08,442.410,
CUUR0000SAM2,2012,M09,443.812,
CUUR0000SAM2,2012,M10,444.242,
CUUR0000SAM2,2012,M11,445.278,
CUUR0000SAM2,2012,M12,445.955,
CUUR0000SAM2,2013,M01,448.226,
CUUR0000SAM2,2013,M02,451.625,
CUUR0000SAM2,2013,M03,452.596,
CUUR0000SAM2,2013,M04,452.083,
CUUR0000SAM2,2013,M05,451.648,
CUUR0000SAM2,2013,M06,453.325,
CUUR0000SAM2,2013,M07,453.773,
CUUR0000SAM2,2013,M08,456.062,
CUUR0000SAM2,2013,M09,457.458,
CUUR0000SAM2,2013,M10,457.135,
CUUR0000SAM2,2013,M11,456.855,
CUUR0000SAM2,2013,M12,457.296,
CUUR0000SAM2,2014,M01,459.618,
CUUR0000SAM2,2014,M02,462.648,
CUUR0000SAM2,2014,M03,463.678,
CUUR0000SAM2,2014,M04,464.238,
CUUR0000SAM2,2014,M05,465.014,
CUUR0000SAM2,2014,M06,464.960,
CUUR0000SAM2,2014,M07,465.166,
CUUR0000SAM2,2014,M08,464.936,
CUUR0000SAM2,2014,M09,465.403,
CUUR0000SAM2,2014,M10,466.038,
CUUR0000SAM2,2014,M11,467.482,
CUUR0000SAM2,2014,M12,468.393,
CUUR0000SAM2,2015,M01,470.030,
CUUR0000SAM2,2015,M02,471.138,
CUUR0000SAM2,2015,M03,472.645,
CUUR0000SAM2,2015,M04,476.163,
CUUR0000SAM2,2015,M05,476.800,
CUUR0000SAM2,2015,M06,475.546,
CUUR0000SAM2,2015,M07,475.956,
CUUR0000SAM2,2015,M08,475.189,
CUUR0000SAM2,2015,M09,476.466,
CUUR0000SAM2,2015,M10,480.245,
CUUR0000SAM2,2015,M11,481.894,
CUUR0000SAM2,2015,M12,481.983,
CUUR0000SAM2,2016,M01,485.321,
CUUR0000SAM2,2016,M02,489.432,
CUUR0000SAM2,2016,M03,489.520,
CUUR0000SAM2,2016,M04,490.848,
CUUR0000SAM2,2016,M05,493.270,
CUUR0000SAM2,2016,M06,493.438,
CUUR0000SAM2,2016,M07,495.431,
CUUR0000SAM2,2016,M08,499.187,
CUUR0000SAM2,2016,M09,499.483,
CUUR0000SAM2,2016,M10,499.717,
CUUR0000SAM2,2016,M11,500.697,
CUUR0000SAM2,2016,M12,500.845,
CUUR0000SAM2,2017,M01,502.948,
CUUR0000SAM2,2017,M02,506.105,
CUUR0000SAM2,2017,M03,505.991,
CUUR0000SAM2,2017,M04,505.855,
CUUR0000SAM2,2017,M05,505.611,
CUUR0000SAM2,2017,M06,505.813,
CUUR0000SAM2,2017,M07,506.681,
CUUR0000SAM2,2017,M08,507.390,
CUUR0000SAM2,2017,M09,508.078,
CUUR0000SAM2,2017,M10,509.256,
CUUR0000SAM2,2017,M11,508.879,
CUUR0000SAM2,2017,M12,509.045,
CUUR0000SAM2,2018,M01,513.135,
CUUR0000SAM2,2018,M02,515.205,
CUUR0000SAM2,2018,M03,516.713,
CUUR0000SAM2,2018,M04,517.228,
CUUR0000SAM2,2018,M05,517.220,
CUUR0000SAM2,2018,M06,518.307,
CUUR0000SAM2,2018,M07,518.277,
CUUR0000SAM2,2018,M08,516.841,
CUUR0000SAM2,2018,M09,518.108,
CUUR0000SAM2,2018,M10,519.152,
CUUR0000SAM2,2018,M11,520.973,
CUUR0000SAM2,2018,M12,522.506,
CUUR0000SAM2,2019,M01,525.698,
CUUR0000SAM2,2019,M02,527.683,
CUUR0000SAM2,2019,M03,528.575,
CUUR0000SAM2,2019,M04,529.371,
CUUR0000SAM2,2019,M05,531.566,
CUUR0000SAM2,2019,M06,532.956,
CUUR0000SAM2,2019,M07,535.515,
CUUR0000SAM2,2019,M08,539.066,
CUUR0000SAM2,2019,M09,540.813,
CUUR0000SAM2,2019,M10,545.652,
CUUR0000SAM2,2019,M11,547.735,
CUUR0000SAM2,2019,M12,549.077,
CUUR0000SAM2,2020,M01,552.721,
CUUR0000SAM2,2020,M02,555.597,
CUUR0000SAM2,2020,M03,557.889,
CUUR0000SAM2,2020,M04,559.994,
CUUR0000SAM2,2020,M05,562.701,
CUUR0000SAM2,2020,M06,564.754,
CUUR0000SAM2,2020,M07,567.299,
CUUR0000SAM2,2020,M08,567.771,
CUUR0000SAM2,2020,M09,567.525,
CUUR0000SAM2,2020,M10,565.999,
CUUR0000SAM2,2020,M11,565.345,
CUUR0000SAM2,2020,M12,564.201,
CUUR0000SAM2,2021,M01,568.778,
CUUR0000SAM2,2021,M02,572.378,
CUUR0000SAM2,2021,M03,573.009,
CUUR0000SAM2,2021,M04,572.108,
CUUR0000SAM2,2021,M05,571.255,
CUUR0000SAM2,2021,M06,570.509,
CUUR0000SAM2,2021,M07,571.934,
CUUR0000SAM2,2021,M08,573.500,
CUUR0000SAM2,2021,M09,572.559,
CUUR0000SAM2,2021,M10,575.493,
CUUR0000SAM2,2021,M11,577.076,
CUUR0000SAM2,2021,M12,578.555,
CUUR0000SAM2,2022,M01,584.111,
CUUR0000SAM2,2022,M02,586.177,
CUUR0000SAM2,2022,M03,589.652,
CUUR0000SAM2,2022,M04,591.940,
CUUR0000SAM2,2022,M05,594.243,
CUUR0000SAM2,2022,M06,598.035,
CUUR0000SAM2,2022,M07,601.056,
CUUR0000SAM2,2022,M08,605.883,
CUUR0000SAM2,2022,M09,609.852,
CUUR0000SAM2,2022,M10,606.839,
CUUR0000SAM2,2022,M11,602.333,
CUUR0000SAM2,2022,M12,602.395,
CUUR0000SAM2,2023,M01,601.551,
CUUR0000SAM2,2023,M02,598.778,
CUUR0000SAM2,2023,M03,595.745,
CUUR0000SAM2,2023,M04,594.346,
CUUR0000SAM2,2023,M05,593.738,
CUUR0000SAM2,2023,M06,593.503,
CUUR0000SAM2,2023,M07,591.832,
CUUR0000SAM2,2023,M08,592.913,
CUUR0000SAM2,2023,M09,593.777,
CUUR0000SAM2,2023,M10,594.974,
CUUR0000SAM2,2023,M11,597.016,
CUUR0000SAM2,2023,M12,599.464,
CUUR0000SAM2,2024,M01,605.257,
CUUR0000SAM2,2024,M02,605.162,
CUUR0000SAM2,2024,M03,608.528,
CUUR0000SAM2,2024,M04,610.151,
CUUR0000SAM2,2024,M05,611.904,
CUUR0000SAM2,2024,M06,613.033,
CUUR0000SAM2,2024,M07,611.137,
CUUR0000SAM2,2024,M08,611.935,
CUUR0000SAM2,2024,M09,615.354,
CUUR0000SAM2,2024,M10,617.753,
CUUR0000SAM2,2024,M11,619.118,
CUUR0000SAM2,2024,M12,619.686,
CUUR0000SAM2,2025,M01,621.661,
CUUR0000SAM2,2025,M02,623.392,
CUUR0000SAM2,2025,M03,626.888,
CUUR0000SAM2,2025,M04,629.307,
CUUR0000SAM2,2025,M05,630.162,
CUUR0000SAM2,2025,M06,633.659,
CUUR0000SAM2,2025,M07,637.425,
CUUR0000SAM2,2025,M08,637.817,
CUUR0000SAM2,2025,M09,639.215,
CUUR0000SAM2,2025,M10,-,Data unavailable due to the 2025 lapse in appropriations
CUUR0000SAM2,2025,M11,639.455,
CUUR0000SAM2,2025,M12,641.566,
CUUR0000SAM2,2026,M01,645.667,
CUUR0000SAM2,2026,M02,648.936,
CUUR0000SAM2,2026,M03,649.873,
CUUR0000SAM2,2026,M04,649.526,
CUUR0000SAM2,2026,M05,652.587,
CUUR0000SAM2,2026,M06,652.152,
CUUR0000SAM2,2026,M07,654.347,
CUUR0000SAR,1997,M01,98.8,
CUUR0000SAR,1997,M02,99.2,
CUUR0000SAR,1997,M03,99.4,
CUUR0000SAR,1997,M04,99.3,
CUUR0000SAR,1997,M05,99.4,
CUUR0000SAR,1997,M06,99.8,
CUUR0000SAR,1997,M07,99.8,
CUUR0000SAR,1997,M08,100.0,
CUUR0000SAR,1997,M09,99.9,
CUUR0000SAR,1997,M10,100.0,
CUUR0000SAR,1997,M11,100.0,
CUUR0000SAR,1997,M12,100.0,
CUUR0000SAR,1998,M01,100.3,
CUUR0000SAR,1998,M02,100.7,
CUUR0000SAR,1998,M03,101.0,
CUUR0000SAR,1998,M04,101.1,
CUUR0000SAR,1998,M05,101.0,
CUUR0000SAR,1998,M06,101.2,
CUUR0000SAR,1998,M07,101.1,
CUUR0000SAR,1998,M08,101.3,
CUUR0000SAR,1998,M09,101.3,
CUUR0000SAR,1998,M10,101.1,
CUUR0000SAR,1998,M11,101.3,
CUUR0000SAR,1998,M12,101.2,
CUUR0000SAR,1999,M01,101.7,
CUUR0000SAR,1999,M02,101.8,
CUUR0000SAR,1999,M03,101.8,
CUUR0000SAR,1999,M04,102.0,
CUUR0000SAR,1999,M05,102.2,
CUUR0000SAR,1999,M06,102.2,
CUUR0000SAR,1999,M07,102.2,
CUUR0000SAR,1999,M08,102.2,
CUUR0000SAR,1999,M09,101.7,
CUUR0000SAR,1999,M10,101.8,
CUUR0000SAR,1999,M11,101.9,
CUUR0000SAR,1999,M12,102.0,
CUUR0000SAR,2000,M01,102.3,
CUUR0000SAR,2000,M02,102.5,
CUUR0000SAR,2000,M03,102.9,
CUUR0000SAR,2000,M04,102.9,
CUUR0000SAR,2000,M05,103.1,
CUUR0000SAR,2000,M06,103.4,
CUUR0000SAR,2000,M07,103.7,
CUUR0000SAR,2000,M08,103.9,
CUUR0000SAR,2000,M09,103.8,
CUUR0000SAR,2000,M10,103.8,
CUUR0000SAR,2000,M11,103.7,
CUUR0000SAR,2000,M12,103.7,
CUUR0000SAR,2001,M01,104.1,
CUUR0000SAR,2001,M02,104.3,
CUUR0000SAR,2001,M03,104.3,
CUUR0000SAR,2001,M04,105.0,
CUUR0000SAR,2001,M05,105.0,
CUUR0000SAR,2001,M06,104.8,
CUUR0000SAR,2001,M07,105.0,
CUUR0000SAR,2001,M08,105.1,
CUUR0000SAR,2001,M09,105.2,
CUUR0000SAR,2001,M10,105.3,
CUUR0000SAR,2001,M11,105.5,
CUUR0000SAR,2001,M12,105.3,
CUUR0000SAR,2002,M01,105.7,
CUUR0000SAR,2002,M02,105.9,
CUUR0000SAR,2002,M03,106.1,
CUUR0000SAR,2002,M04,106.5,
CUUR0000SAR,2002,M05,106.4,
CUUR0000SAR,2002,M06,106.2,
CUUR0000SAR,2002,M07,106.2,
CUUR0000SAR,2002,M08,106.3,
CUUR0000SAR,2002,M09,106.2,
CUUR0000SAR,2002,M10,106.4,
CUUR0000SAR,2002,M11,106.4,
CUUR0000SAR,2002,M12,106.5,
CUUR0000SAR,2003,M01,106.9,
CUUR0000SAR,2003,M02,107.2,
CUUR0000SAR,2003,M03,107.4,
CUUR0000SAR,2003,M04,107.4,
CUUR0000SAR,2003,M05,107.6,
CUUR0000SAR,2003,M06,107.6,
CUUR0000SAR,2003,M07,107.7,
CUUR0000SAR,2003,M08,107.7,
CUUR0000SAR,2003,M09,107.7,
CUUR0000SAR,2003,M10,107.6,
CUUR0000SAR,2003,M11,107.8,
CUUR0000SAR,2003,M12,107.7,
CUUR0000SAR,2004,M01,107.9,
CUUR0000SAR,2004,M02,108.4,
CUUR0000SAR,2004,M03,108.8,
CUUR0000SAR,2004,M04,109.0,
CUUR0000SAR,2004,M05,108.8,
CUUR0000SAR,2004,M06,108.9,
CUUR0000SAR,2004,M07,108.7,
CUUR0000SAR,2004,M08,108.5,
CUUR0000SAR,2004,M09,108.6,
CUUR0000SAR,2004,M10,108.7,
CUUR0000SAR,2004,M11,108.7,
CUUR0000SAR,2004,M12,108.5,
CUUR0000SAR,2005,M01,108.9,
CUUR0000SAR,2005,M02,109.0,
CUUR0000SAR,2005,M03,109.0,
CUUR0000SAR,2005,M04,109.2,
CUUR0000SAR,2005,M05,109.5,
CUUR0000SAR,2005,M06,109.1,
CUUR0000SAR,2005,M07,109.1,
CUUR0000SAR,2005,M08,109.3,
CUUR0000SAR,2005,M09,109.7,
CUUR0000SAR,2005,M10,109.9,
CUUR0000SAR,2005,M11,109.8,
CUUR0000SAR,2005,M12,109.7,
CUUR0000SAR,2006,M01,109.9,
CUUR0000SAR,2006,M02,110.2,
CUUR0000SAR,2006,M03,110.6,
CUUR0000SAR,2006,M04,111.1,
CUUR0000SAR,2006,M05,111.2,
CUUR0000SAR,2006,M06,111.2,
CUUR0000SAR,2006,M07,111.3,
CUUR0000SAR,2006,M08,111.3,
CUUR0000SAR,2006,M09,111.1,
CUUR0000SAR,2006,M10,111.2,
CUUR0000SAR,2006,M11,111.2,
CUUR0000SAR,2006,M12,110.8,
CUUR0000SAR,2007,M01,111.012,
CUUR0000SAR,2007,M02,111.174,
CUUR0000SAR,2007,M03,111.244,
CUUR0000SAR,2007,M04,111.481,
CUUR0000SAR,2007,M05,111.659,
CUUR0000SAR,2007,M06,111.563,
CUUR0000SAR,2007,M07,111.347,
CUUR0000SAR,2007,M08,111.139,
CUUR0000SAR,2007,M09,111.400,
CUUR0000SAR,2007,M10,111.753,
CUUR0000SAR,2007,M11,111.842,
CUUR0000SAR,2007,M12,111.705,
CUUR0000SAR,2008,M01,112.083,
CUUR0000SAR,2008,M02,112.365,
CUUR0000SAR,2008,M03,112.731,
CUUR0000SAR,2008,M04,112.874,
CUUR0000SAR,2008,M05,112.987,
CUUR0000SAR,2008,M06,112.991,
CUUR0000SAR,2008,M07,113.277,
CUUR0000SAR,2008,M08,113.786,
CUUR0000SAR,2008,M09,114.032,
CUUR0000SAR,2008,M10,114.169,
CUUR0000SAR,2008,M11,114.078,
CUUR0000SAR,2008,M12,113.674,
CUUR0000SAR,2009,M01,113.822,
CUUR0000SAR,2009,M02,114.461,
CUUR0000SAR,2009,M03,114.625,
CUUR0000SAR,2009,M04,114.261,
CUUR0000SAR,2009,M05,114.264,
CUUR0000SAR,2009,M06,114.643,
CUUR0000SAR,2009,M07,114.619,
CUUR0000SAR,2009,M08,114.755,
CUUR0000SAR,2009,M09,114.629,
CUUR0000SAR,2009,M10,114.157,
CUUR0000SAR,2009,M11,113.820,
CUUR0000SAR,2009,M12,113.212,
CUUR0000SAR,2010,M01,113.310,
CUUR0000SAR,2010,M02,113.345,
CUUR0000SAR,2010,M03,113.339,
CUUR0000SAR,2010,M04,113.781,
CUUR0000SAR,2010,M05,113.684,
CUUR0000SAR,2010,M06,113.802,
CUUR0000SAR,2010,M07,113.689,
CUUR0000SAR,2010,M08,113.521,
CUUR0000SAR,2010,M09,113.120,
CUUR0000SAR,2010,M10,112.984,
CUUR0000SAR,2010,M11,112.839,
CUUR0000SAR,2010,M12,112.345,
CUUR0000SAR,2011,M01,112.638,
CUUR0000SAR,2011,M02,113.183,
CUUR0000SAR,2011,M03,113.261,
CUUR0000SAR,2011,M04,113.368,
CUUR0000SAR,2011,M05,113.659,
CUUR0000SAR,2011,M06,113.654,
CUUR0000SAR,2011,M07,113.492,
CUUR0000SAR,2011,M08,113.592,
CUUR0000SAR,2011,M09,113.440,
CUUR0000SAR,2011,M10,113.270,
CUUR0000SAR,2011,M11,113.232,
CUUR0000SAR,2011,M12,113.499,
CUUR0000SAR,2012,M01,114.183,
CUUR0000SAR,2012,M02,114.333,
CUUR0000SAR,2012,M03,114.675,
CUUR0000SAR,2012,M04,114.656,
CUUR0000SAR,2012,M05,114.689,
CUUR0000SAR,2012,M06,115.080,
CUUR0000SAR,2012,M07,114.944,
CUUR0000SAR,2012,M08,114.929,
CUUR0000SAR,2012,M09,114.963,
CUUR0000SAR,2012,M10,114.774,
CUUR0000SAR,2012,M11,114.763,
CUUR0000SAR,2012,M12,114.442,
CUUR0000SAR,2013,M01,114.816,
CUUR0000SAR,2013,M02,115.350,
CUUR0000SAR,2013,M03,115.386,
CUUR0000SAR,2013,M04,115.359,
CUUR0000SAR,2013,M05,115.570,
CUUR0000SAR,2013,M06,115.407,
CUUR0000SAR,2013,M07,115.384,
CUUR0000SAR,2013,M08,115.336,
CUUR0000SAR,2013,M09,115.203,
CUUR0000SAR,2013,M10,115.202,
CUUR0000SAR,2013,M11,115.325,
CUUR0000SAR,2013,M12,114.855,
CUUR0000SAR,2014,M01,115.275,
CUUR0000SAR,2014,M02,115.656,
CUUR0000SAR,2014,M03,115.763,
CUUR0000SAR,2014,M04,116.042,
CUUR0000SAR,2014,M05,116.018,
CUUR0000SAR,2014,M06,116.037,
CUUR0000SAR,2014,M07,115.838,
CUUR0000SAR,2014,M08,115.311,
CUUR0000SAR,2014,M09,115.286,
CUUR0000SAR,2014,M10,115.394,
CUUR0000SAR,2014,M11,115.026,
CUUR0000SAR,2014,M12,114.875,
CUUR0000SAR,2015,M01,115.288,
CUUR0000SAR,2015,M02,115.593,
CUUR0000SAR,2015,M03,115.835,
CUUR0000SAR,2015,M04,116.045,
CUUR0000SAR,2015,M05,116.190,
CUUR0000SAR,2015,M06,116.395,
CUUR0000SAR,2015,M07,116.355,
CUUR0000SAR,2015,M08,116.084,
CUUR0000SAR,2015,M09,116.024,
CUUR0000SAR,2015,M10,116.100,
CUUR0000SAR,2015,M11,115.763,
CUUR0000SAR,2015,M12,115.625,
CUUR0000SAR,2016,M01,116.062,
CUUR0000SAR,2016,M02,116.631,
CUUR0000SAR,2016,M03,117.071,
CUUR0000SAR,2016,M04,117.515,
CUUR0000SAR,2016,M05,117.512,
CUUR0000SAR,2016,M06,117.582,
CUUR0000SAR,2016,M07,117.358,
CUUR0000SAR,2016,M08,117.119,
CUUR0000SAR,2016,M09,116.945,
CUUR0000SAR,2016,M10,116.713,
CUUR0000SAR,2016,M11,116.746,
CUUR0000SAR,2016,M12,116.559,
CUUR0000SAR,2017,M01,117.337,
CUUR0000SAR,2017,M02,118.375,
CUUR0000SAR,2017,M03,118.573,
CUUR0000SAR,2017,M04,118.639,
CUUR0000SAR,2017,M05,118.577,
CUUR0000SAR,2017,M06,118.518,
CUUR0000SAR,2017,M07,118.863,
CUUR0000SAR,2017,M08,118.875,
CUUR0000SAR,2017,M09,118.870,
CUUR0000SAR,2017,M10,118.663,
CUUR0000SAR,2017,M11,118.420,
CUUR0000SAR,2017,M12,118.336,
CUUR0000SAR,2018,M01,118.647,
CUUR0000SAR,2018,M02,119.093,
CUUR0000SAR,2018,M03,119.281,
CUUR0000SAR,2018,M04,118.966,
CUUR0000SAR,2018,M05,118.851,
CUUR0000SAR,2018,M06,119.145,
CUUR0000SAR,2018,M07,119.272,
CUUR0000SAR,2018,M08,118.972,
CUUR0000SAR,2018,M09,119.163,
CUUR0000SAR,2018,M10,118.850,
CUUR0000SAR,2018,M11,119.147,
CUUR0000SAR,2018,M12,119.705,
CUUR0000SAR,2019,M01,120.265,
CUUR0000SAR,2019,M02,120.306,
CUUR0000SAR,2019,M03,120.743,
CUUR0000SAR,2019,M04,120.821,
CUUR0000SAR,2019,M05,120.254,
CUUR0000SAR,2019,M06,120.145,
CUUR0000SAR,2019,M07,120.128,
CUUR0000SAR,2019,M08,120.458,
CUUR0000SAR,2019,M09,120.357,
CUUR0000SAR,2019,M10,120.982,
CUUR0000SAR,2019,M11,121.381,
CUUR0000SAR,2019,M12,121.545,
CUUR0000SAR,2020,M01,121.986,
CUUR0000SAR,2020,M02,122.067,
CUUR0000SAR,2020,M03,122.265,
CUUR0000SAR,2020,M04,121.935,
CUUR0000SAR,2020,M05,122.779,
CUUR0000SAR,2020,M06,122.015,
CUUR0000SAR,2020,M07,121.304,
CUUR0000SAR,2020,M08,122.074,
CUUR0000SAR,2020,M09,122.188,
CUUR0000SAR,2020,M10,122.581,
CUUR0000SAR,2020,M11,123.016,
CUUR0000SAR,2020,M12,122.692,
CUUR0000SAR,2021,M01,122.140,
CUUR0000SAR,2021,M02,123.021,
CUUR0000SAR,2021,M03,123.567,
CUUR0000SAR,2021,M04,124.546,
CUUR0000SAR,2021,M05,124.769,
CUUR0000SAR,2021,M06,124.893,
CUUR0000SAR,2021,M07,125.588,
CUUR0000SAR,2021,M08,126.245,
CUUR0000SAR,2021,M09,126.438,
CUUR0000SAR,2021,M10,127.301,
CUUR0000SAR,2021,M11,126.952,
CUUR0000SAR,2021,M12,126.695,
CUUR0000SAR,2022,M01,127.937,
CUUR0000SAR,2022,M02,129.116,
CUUR0000SAR,2022,M03,129.437,
CUUR0000SAR,2022,M04,129.892,
CUUR0000SAR,2022,M05,130.360,
CUUR0000SAR,2022,M06,130.677,
CUUR0000SAR,2022,M07,131.087,
CUUR0000SAR,2022,M08,131.437,
CUUR0000SAR,2022,M09,131.581,
CUUR0000SAR,2022,M10,132.490,
CUUR0000SAR,2022,M11,132.965,
CUUR0000SAR,2022,M12,133.172,
CUUR0000SAR,2023,M01,134.077,
CUUR0000SAR,2023,M02,135.519,
CUUR0000SAR,2023,M03,135.693,
CUUR0000SAR,2023,M04,136.375,
CUUR0000SAR,2023,M05,136.280,
CUUR0000SAR,2023,M06,136.300,
CUUR0000SAR,2023,M07,136.401,
CUUR0000SAR,2023,M08,136.102,
CUUR0000SAR,2023,M09,136.687,
CUUR0000SAR,2023,M10,136.726,
CUUR0000SAR,2023,M11,136.292,
CUUR0000SAR,2023,M12,136.811,
CUUR0000SAR,2024,M01,137.800,
CUUR0000SAR,2024,M02,138.322,
CUUR0000SAR,2024,M03,138.183,
CUUR0000SAR,2024,M04,138.412,
CUUR0000SAR,2024,M05,138.118,
CUUR0000SAR,2024,M06,138.115,
CUUR0000SAR,2024,M07,138.277,
CUUR0000SAR,2024,M08,138.214,
CUUR0000SAR,2024,M09,137.651,
CUUR0000SAR,2024,M10,138.120,
CUUR0000SAR,2024,M11,138.341,
CUUR0000SAR,2024,M12,138.343,
CUUR0000SAR,2025,M01,140.059,
CUUR0000SAR,2025,M02,140.788,
CUUR0000SAR,2025,M03,140.740,
CUUR0000SAR,2025,M04,140.627,
CUUR0000SAR,2025,M05,140.630,
CUUR0000SAR,2025,M06,140.961,
CUUR0000SAR,2025,M07,141.587,
CUUR0000SAR,2025,M08,141.394,
CUUR0000SAR,2025,M09,141.827,
CUUR0000SAR,2025,M10,-,Data unavailable due to the 2025 lapse in appropriations
CUUR0000SAR,2025,M11,140.821,
CUUR0000SAR,2025,M12,142.505,
CUUR0000SAR,2026,M01,143.627,
CUUR0000SAR,2026,M02,143.980,
CUUR0000SAR,2026,M03,143.898,
CUUR0000SAR,2026,M04,143.920,
CUUR0000SAR,2026,M05,144.319,
CUUR0000SAR,2026,M06,144.945,
CUUR0000SAR,2026,M07,145.242,
CUUR0000SAS4,1997,M01,183.5,
CUUR0000SAS4,1997,M02,183.4,
CUUR0000SAS4,1997,M03,184.9,
CUUR0000SAS4,1997,M04,185.4,
CUUR0000SAS4,1997,M05,184.9,
CUUR0000SAS4,1997,M06,184.5,
CUUR0000SAS4,1997,M07,185.6,
CUUR0000SAS4,1997,M08,184.3,
CUUR0000SAS4,1997,M09,184.7,
CUUR0000SAS4,1997,M10,186.9,
CUUR0000SAS4,1997,M11,186.2,
CUUR0000SAS4,1997,M12,186.0,
CUUR0000SAS4,1998,M01,187.1,
CUUR0000SAS4,1998,M02,187.9,
CUUR0000SAS4,1998,M03,188.4,
CUUR0000SAS4,1998,M04,188.3,
CUUR0000SAS4,1998,M05,187.8,
CUUR0000SAS4,1998,M06,187.1,
CUUR0000SAS4,1998,M07,187.8,
CUUR0000SAS4,1998,M08,187.8,
CUUR0000SAS4,1998,M09,187.3,
CUUR0000SAS4,1998,M10,188.2,
CUUR0000SAS4,1998,M11,188.3,
CUUR0000SAS4,1998,M12,188.4,
CUUR0000SAS4,1999,M01,188.8,
CUUR0000SAS4,1999,M02,189.3,
CUUR0000SAS4,1999,M03,190.7,
CUUR0000SAS4,1999,M04,191.0,
CUUR0000SAS4,1999,M05,190.4,
CUUR0000SAS4,1999,M06,189.3,
CUUR0000SAS4,1999,M07,191.0,
CUUR0000SAS4,1999,M08,190.2,
CUUR0000SAS4,1999,M09,189.9,
CUUR0000SAS4,1999,M10,191.9,
CUUR0000SAS4,1999,M11,192.7,
CUUR0000SAS4,1999,M12,192.8,
CUUR0000SAS4,2000,M01,193.0,
CUUR0000SAS4,2000,M02,193.7,
CUUR0000SAS4,2000,M03,195.0,
CUUR0000SAS4,2000,M04,195.2,
CUUR0000SAS4,2000,M05,195.7,
CUUR0000SAS4,2000,M06,196.1,
CUUR0000SAS4,2000,M07,196.5,
CUUR0000SAS4,2000,M08,197.4,
CUUR0000SAS4,2000,M09,197.2,
CUUR0000SAS4,2000,M10,197.0,
CUUR0000SAS4,2000,M11,198.0,
CUUR0000SAS4,2000,M12,198.3,
CUUR0000SAS4,2001,M01,199.1,
CUUR0000SAS4,2001,M02,200.3,
CUUR0000SAS4,2001,M03,200.2,
CUUR0000SAS4,2001,M04,200.1,
CUUR0000SAS4,2001,M05,200.4,
CUUR0000SAS4,2001,M06,202.0,
CUUR0000SAS4,2001,M07,202.6,
CUUR0000SAS4,2001,M08,202.7,
CUUR0000SAS4,2001,M09,202.8,
CUUR0000SAS4,2001,M10,203.4,
CUUR0000SAS4,2001,M11,204.2,
CUUR0000SAS4,2001,M12,204.5,
CUUR0000SAS4,2002,M01,205.2,
CUUR0000SAS4,2002,M02,206.5,
CUUR0000SAS4,2002,M03,207.3,
CUUR0000SAS4,2002,M04,207.9,
CUUR0000SAS4,2002,M05,208.9,
CUUR0000SAS4,2002,M06,209.0,
CUUR0000SAS4,2002,M07,209.6,
CUUR0000SAS4,2002,M08,210.1,
CUUR0000SAS4,2002,M09,210.1,
CUUR0000SAS4,2002,M10,210.9,
CUUR0000SAS4,2002,M11,212.0,
CUUR0000SAS4,2002,M12,212.0,
CUUR0000SAS4,2003,M01,212.3,
CUUR0000SAS4,2003,M02,213.4,
CUUR0000SAS4,2003,M03,214.2,
CUUR0000SAS4,2003,M04,215.3,
CUUR0000SAS4,2003,M05,216.3,
CUUR0000SAS4,2003,M06,217.1,
CUUR0000SAS4,2003,M07,218.0,
CUUR0000SAS4,2003,M08,217.2,
CUUR0000SAS4,2003,M09,216.8,
CUUR0000SAS4,2003,M10,218.9,
CUUR0000SAS4,2003,M11,218.6,
CUUR0000SAS4,2003,M12,217.7,
CUUR0000SAS4,2004,M01,218.7,
CUUR0000SAS4,2004,M02,219.3,
CUUR0000SAS4,2004,M03,219.7,
CUUR0000SAS4,2004,M04,220.0,
CUUR0000SAS4,2004,M05,220.0,
CUUR0000SAS4,2004,M06,220.5,
CUUR0000SAS4,2004,M07,221.6,
CUUR0000SAS4,2004,M08,220.8,
CUUR0000SAS4,2004,M09,220.1,
CUUR0000SAS4,2004,M10,221.4,
CUUR0000SAS4,2004,M11,222.8,
CUUR0000SAS4,2004,M12,221.8,
CUUR0000SAS4,2005,M01,221.7,
CUUR0000SAS4,2005,M02,222.4,
CUUR0000SAS4,2005,M03,223.3,
CUUR0000SAS4,2005,M04,224.4,
CUUR0000SAS4,2005,M05,225.1,
CUUR0000SAS4,2005,M06,226.0,
CUUR0000SAS4,2005,M07,227.1,
CUUR0000SAS4,2005,M08,227.0,
CUUR0000SAS4,2005,M09,227.0,
CUUR0000SAS4,2005,M10,227.6,
CUUR0000SAS4,2005,M11,228.4,
CUUR0000SAS4,2005,M12,227.8,
CUUR0000SAS4,2006,M01,228.2,
CUUR0000SAS4,2006,M02,228.7,
CUUR0000SAS4,2006,M03,228.8,
CUUR0000SAS4,2006,M04,229.6,
CUUR0000SAS4,2006,M05,230.7,
CUUR0000SAS4,2006,M06,231.8,
CUUR0000SAS4,2006,M07,232.7,
CUUR0000SAS4,2006,M08,232.2,
CUUR0000SAS4,2006,M09,231.7,
CUUR0000SAS4,2006,M10,232.3,
CUUR0000SAS4,2006,M11,231.5,
CUUR0000SAS4,2006,M12,230.8,
CUUR0000SAS4,2007,M01,231.367,
CUUR0000SAS4,2007,M02,232.077,
CUUR0000SAS4,2007,M03,232.200,
CUUR0000SAS4,2007,M04,232.217,
CUUR0000SAS4,2007,M05,231.777,
CUUR0000SAS4,2007,M06,233.202,
CUUR0000SAS4,2007,M07,234.632,
CUUR0000SAS4,2007,M08,234.563,
CUUR0000SAS4,2007,M09,234.322,
CUUR0000SAS4,2007,M10,235.458,
CUUR0000SAS4,2007,M11,236.449,
CUUR0000SAS4,2007,M12,236.504,
CUUR0000SAS4,2008,M01,237.347,
CUUR0000SAS4,2008,M02,237.929,
CUUR0000SAS4,2008,M03,239.556,
CUUR0000SAS4,2008,M04,240.150,
CUUR0000SAS4,2008,M05,242.343,
CUUR0000SAS4,2008,M06,245.759,
CUUR0000SAS4,2008,M07,247.869,
CUUR0000SAS4,2008,M08,248.806,
CUUR0000SAS4,2008,M09,248.047,
CUUR0000SAS4,2008,M10,247.762,
CUUR0000SAS4,2008,M11,247.030,
CUUR0000SAS4,2008,M12,246.287,
CUUR0000SAS4,2009,M01,247.006,
CUUR0000SAS4,2009,M02,248.114,
CUUR0000SAS4,2009,M03,247.912,
CUUR0000SAS4,2009,M04,248.696,
CUUR0000SAS4,2009,M05,248.628,
CUUR0000SAS4,2009,M06,249.194,
CUUR0000SAS4,2009,M07,251.184,
CUUR0000SAS4,2009,M08,252.234,
CUUR0000SAS4,2009,M09,253.001,
CUUR0000SAS4,2009,M10,254.449,
CUUR0000SAS4,2009,M11,255.935,
CUUR0000SAS4,2009,M12,256.014,
CUUR0000SAS4,2010,M01,255.216,
CUUR0000SAS4,2010,M02,256.365,
CUUR0000SAS4,2010,M03,257.337,
CUUR0000SAS4,2010,M04,258.384,
CUUR0000SAS4,2010,M05,259.325,
CUUR0000SAS4,2010,M06,260.525,
CUUR0000SAS4,2010,M07,261.054,
CUUR0000SAS4,2010,M08,260.944,
CUUR0000SAS4,2010,M09,260.577,
CUUR0000SAS4,2010,M10,261.625,
CUUR0000SAS4,2010,M11,263.265,
CUUR0000SAS4,2010,M12,263.264,
CUUR0000SAS4,2011,M01,263.984,
CUUR0000SAS4,2011,M02,265.354,
CUUR0000SAS4,2011,M03,266.754,
CUUR0000SAS4,2011,M04,267.587,
CUUR0000SAS4,2011,M05,267.832,
CUUR0000SAS4,2011,M06,268.488,
CUUR0000SAS4,2011,M07,268.642,
CUUR0000SAS4,2011,M08,268.940,
CUUR0000SAS4,2011,M09,268.979,
CUUR0000SAS4,2011,M10,269.487,
CUUR0000SAS4,2011,M11,270.117,
CUUR0000SAS4,2011,M12,269.858,
CUUR0000SAS4,2012,M01,269.438,
CUUR0000SAS4,2012,M02,269.535,
CUUR0000SAS4,2012,M03,270.604,
CUUR0000SAS4,2012,M04,272.146,
CUUR0000SAS4,2012,M05,272.912,
CUUR0000SAS4,2012,M06,273.239,
CUUR0000SAS4,2012,M07,272.860,
CUUR0000SAS4,2012,M08,272.651,
CUUR0000SAS4,2012,M09,273.044,
CUUR0000SAS4,2012,M10,274.883,
CUUR0000SAS4,2012,M11,276.008,
CUUR0000SAS4,2012,M12,276.982,
CUUR0000SAS4,2013,M01,277.406,
CUUR0000SAS4,2013,M02,277.960,
CUUR0000SAS4,2013,M03,278.874,
CUUR0000SAS4,2013,M04,279.065,
CUUR0000SAS4,2013,M05,279.948,
CUUR0000SAS4,2013,M06,280.184,
CUUR0000SAS4,2013,M07,281.080,
CUUR0000SAS4,2013,M08,279.523,
CUUR0000SAS4,2013,M09,279.491,
CUUR0000SAS4,2013,M10,281.697,
CUUR0000SAS4,2013,M11,283.116,
CUUR0000SAS4,2013,M12,281.680,
CUUR0000SAS4,2014,M01,280.687,
CUUR0000SAS4,2014,M02,281.759,
CUUR0000SAS4,2014,M03,282.663,
CUUR0000SAS4,2014,M04,285.402,
CUUR0000SAS4,2014,M05,288.627,
CUUR0000SAS4,2014,M06,289.018,
CUUR0000SAS4,2014,M07,286.239,
CUUR0000SAS4,2014,M08,283.786,
CUUR0000SAS4,2014,M09,283.425,
CUUR0000SAS4,2014,M10,286.691,
CUUR0000SAS4,2014,M11,288.174,
CUUR0000SAS4,2014,M12,286.585,
CUUR0000SAS4,2015,M01,286.644,
CUUR0000SAS4,2015,M02,287.914,
CUUR0000SAS4,2015,M03,288.349,
CUUR0000SAS4,2015,M04,289.971,
CUUR0000SAS4,2015,M05,292.994,
CUUR0000SAS4,2015,M06,293.930,
CUUR0000SAS4,2015,M07,292.119,
CUUR0000SAS4,2015,M08,289.798,
CUUR0000SAS4,2015,M09,289.576,
CUUR0000SAS4,2015,M10,291.969,
CUUR0000SAS4,2015,M11,294.800,
CUUR0000SAS4,2015,M12,294.081,
CUUR0000SAS4,2016,M01,294.420,
CUUR0000SAS4,2016,M02,295.533,
CUUR0000SAS4,2016,M03,296.363,
CUUR0000SAS4,2016,M04,299.635,
CUUR0000SAS4,2016,M05,302.381,
CUUR0000SAS4,2016,M06,302.768,
CUUR0000SAS4,2016,M07,300.823,
CUUR0000SAS4,2016,M08,298.876,
CUUR0000SAS4,2016,M09,298.129,
CUUR0000SAS4,2016,M10,299.622,
CUUR0000SAS4,2016,M11,302.164,
CUUR0000SAS4,2016,M12,302.410,
CUUR0000SAS4,2017,M01,303.718,
CUUR0000SAS4,2017,M02,306.221,
CUUR0000SAS4,2017,M03,307.490,
CUUR0000SAS4,2017,M04,308.908,
CUUR0000SAS4,2017,M05,311.178,
CUUR0000SAS4,2017,M06,312.012,
CUUR0000SAS4,2017,M07,310.567,
CUUR0000SAS4,2017,M08,309.469,
CUUR0000SAS4,2017,M09,309.704,
CUUR0000SAS4,2017,M10,312.290,
CUUR0000SAS4,2017,M11,313.772,
CUUR0000SAS4,2017,M12,313.645,
CUUR0000SAS4,2018,M01,315.764,
CUUR0000SAS4,2018,M02,320.089,
CUUR0000SAS4,2018,M03,320.774,
CUUR0000SAS4,2018,M04,321.437,
CUUR0000SAS4,2018,M05,322.966,
CUUR0000SAS4,2018,M06,323.646,
CUUR0000SAS4,2018,M07,322.842,
CUUR0000SAS4,2018,M08,321.387,
CUUR0000SAS4,2018,M09,322.241,
CUUR0000SAS4,2018,M10,324.131,
CUUR0000SAS4,2018,M11,324.168,
CUUR0000SAS4,2018,M12,322.317,
CUUR0000SAS4,2019,M01,322.216,
CUUR0000SAS4,2019,M02,323.575,
CUUR0000SAS4,2019,M03,323.982,
CUUR0000SAS4,2019,M04,325.114,
CUUR0000SAS4,2019,M05,326.397,
CUUR0000SAS4,2019,M06,326.667,
CUUR0000SAS4,2019,M07,325.105,
CUUR0000SAS4,2019,M08,324.396,
CUUR0000SAS4,2019,M09,324.717,
CUUR0000SAS4,2019,M10,326.582,
CUUR0000SAS4,2019,M11,326.686,
CUUR0000SAS4,2019,M12,324.209,
CUUR0000SAS4,2020,M01,324.500,
CUUR0000SAS4,2020,M02,327.466,
CUUR0000SAS4,2020,M03,321.610,
CUUR0000SAS4,2020,M04,307.250,
CUUR0000SAS4,2020,M05,297.882,
CUUR0000SAS4,2020,M06,303.942,
CUUR0000SAS4,2020,M07,312.938,
CUUR0000SAS4,2020,M08,311.422,
CUUR0000SAS4,2020,M09,308.143,
CUUR0000SAS4,2020,M10,309.965,
CUUR0000SAS4,2020,M11,315.554,
CUUR0000SAS4,2020,M12,312.959,
CUUR0000SAS4,2021,M01,311.312,
CUUR0000SAS4,2021,M02,313.160,
CUUR0000SAS4,2021,M03,316.345,
CUUR0000SAS4,2021,M04,324.519,
CUUR0000SAS4,2021,M05,331.188,
CUUR0000SAS4,2021,M06,335.548,
CUUR0000SAS4,2021,M07,332.917,
CUUR0000SAS4,2021,M08,325.652,
CUUR0000SAS4,2021,M09,321.673,
CUUR0000SAS4,2021,M10,323.903,
CUUR0000SAS4,2021,M11,327.749,
CUUR0000SAS4,2021,M12,326.063,
CUUR0000SAS4,2022,M01,328.665,
CUUR0000SAS4,2022,M02,333.919,
CUUR0000SAS4,2022,M03,340.671,
CUUR0000SAS4,2022,M04,351.985,
CUUR0000SAS4,2022,M05,357.437,
CUUR0000SAS4,2022,M06,365.178,
CUUR0000SAS4,2022,M07,363.389,
CUUR0000SAS4,2022,M08,362.511,
CUUR0000SAS4,2022,M09,368.643,
CUUR0000SAS4,2022,M10,373.098,
CUUR0000SAS4,2022,M11,374.248,
CUUR0000SAS4,2022,M12,373.598,
CUUR0000SAS4,2023,M01,376.743,
CUUR0000SAS4,2023,M02,382.801,
CUUR0000SAS4,2023,M03,387.966,
CUUR0000SAS4,2023,M04,390.805,
CUUR0000SAS4,2023,M05,393.836,
CUUR0000SAS4,2023,M06,395.238,
CUUR0000SAS4,2023,M07,396.199,
CUUR0000SAS4,2023,M08,400.016,
CUUR0000SAS4,2023,M09,402.021,
CUUR0000SAS4,2023,M10,407.526,
CUUR0000SAS4,2023,M11,411.892,
CUUR0000SAS4,2023,M12,409.749,
CUUR0000SAS4,2024,M01,412.643,
CUUR0000SAS4,2024,M02,420.850,
CUUR0000SAS4,2024,M03,429.591,
CUUR0000SAS4,2024,M04,434.629,
CUUR0000SAS4,2024,M05,435.299,
CUUR0000SAS4,2024,M06,432.521,
CUUR0000SAS4,2024,M07,431.196,
CUUR0000SAS4,2024,M08,431.564,
CUUR0000SAS4,2024,M09,436.331,
CUUR0000SAS4,2024,M10,440.755,
CUUR0000SAS4,2024,M11,440.980,
CUUR0000SAS4,2024,M12,439.523,
CUUR0000SAS4,2025,M01,445.853,
CUUR0000SAS4,2025,M02,445.910,
CUUR0000SAS4,2025,M03,442.901,
CUUR0000SAS4,2025,M04,445.550,
CUUR0000SAS4,2025,M05,447.544,
CUUR0000SAS4,2025,M06,447.222,
CUUR0000SAS4,2025,M07,446.417,
CUUR0000SAS4,2025,M08,446.688,
CUUR0000SAS4,2025,M09,447.451,
CUUR0000SAS4,2025,M10,-,Data unavailable due to the 2025 lapse in appropriations
CUUR0000SAS4,2025,M11,448.507,
CUUR0000SAS4,2025,M12,446.138,
CUUR0000SAS4,2026,M01,451.857,
CUUR0000SAS4,2026,M02,455.909,
CUUR0000SAS4,2026,M03,461.066,
CUUR0000SAS4,2026,M04,464.696,
CUUR0000SAS4,2026,M05,465.945,
CUUR0000SAS4,2026,M06,462.494,
CUUR0000SAS4,2026,M07,459.354,
CUUR0000SASLE,1997,M01,182.4,
CUUR0000SASLE,1997,M02,183.1,
CUUR0000SASLE,1997,M03,183.8,
CUUR0000SASLE,1997,M04,184.1,
CUUR0000SASLE,1997,M05,184.1,
CUUR0000SASLE,1997,M06,184.6,
CUUR0000SASLE,1997,M07,185.4,
CUUR0000SASLE,1997,M08,185.8,
CUUR0000SASLE,1997,M09,186.0,
CUUR0000SASLE,1997,M10,186.7,
CUUR0000SASLE,1997,M11,186.7,
CUUR0000SASLE,1997,M12,186.9,
CUUR0000SASLE,1998,M01,187.9,
CUUR0000SASLE,1998,M02,188.8,
CUUR0000SASLE,1998,M03,189.4,
CUUR0000SASLE,1998,M04,189.7,
CUUR0000SASLE,1998,M05,189.8,
CUUR0000SASLE,1998,M06,190.3,
CUUR0000SASLE,1998,M07,190.9,
CUUR0000SASLE,1998,M08,191.5,
CUUR0000SASLE,1998,M09,191.8,
CUUR0000SASLE,1998,M10,192.3,
CUUR0000SASLE,1998,M11,192.4,
CUUR0000SASLE,1998,M12,192.5,
CUUR0000SASLE,1999,M01,193.2,
CUUR0000SASLE,1999,M02,194.0,
CUUR0000SASLE,1999,M03,194.7,
CUUR0000SASLE,1999,M04,195.0,
CUUR0000SASLE,1999,M05,195.0,
CUUR0000SASLE,1999,M06,195.3,
CUUR0000SASLE,1999,M07,196.1,
CUUR0000SASLE,1999,M08,196.5,
CUUR0000SASLE,1999,M09,196.6,
CUUR0000SASLE,1999,M10,197.2,
CUUR0000SASLE,1999,M11,197.5,
CUUR0000SASLE,1999,M12,197.7,
CUUR0000SASLE,2000,M01,198.9,
CUUR0000SASLE,2000,M02,199.7,
CUUR0000SASLE,2000,M03,200.7,
CUUR0000SASLE,2000,M04,200.9,
CUUR0000SASLE,2000,M05,201.2,
CUUR0000SASLE,2000,M06,201.9,
CUUR0000SASLE,2000,M07,202.7,
CUUR0000SASLE,2000,M08,203.5,
CUUR0000SASLE,2000,M09,203.5,
CUUR0000SASLE,2000,M10,204.1,
CUUR0000SASLE,2000,M11,204.2,
CUUR0000SASLE,2000,M12,204.4,
CUUR0000SASLE,2001,M01,205.7,
CUUR0000SASLE,2001,M02,206.8,
CUUR0000SASLE,2001,M03,207.7,
CUUR0000SASLE,2001,M04,208.0,
CUUR0000SASLE,2001,M05,208.4,
CUUR0000SASLE,2001,M06,209.4,
CUUR0000SASLE,2001,M07,210.1,
CUUR0000SASLE,2001,M08,211.2,
CUUR0000SASLE,2001,M09,211.2,
CUUR0000SASLE,2001,M10,211.7,
CUUR0000SASLE,2001,M11,212.3,
CUUR0000SASLE,2001,M12,212.6,
CUUR0000SASLE,2002,M01,213.8,
CUUR0000SASLE,2002,M02,215.1,
CUUR0000SASLE,2002,M03,215.9,
CUUR0000SASLE,2002,M04,216.3,
CUUR0000SASLE,2002,M05,216.6,
CUUR0000SASLE,2002,M06,217.2,
CUUR0000SASLE,2002,M07,218.0,
CUUR0000SASLE,2002,M08,219.0,
CUUR0000SASLE,2002,M09,218.9,
CUUR0000SASLE,2002,M10,219.5,
CUUR0000SASLE,2002,M11,219.8,
CUUR0000SASLE,2002,M12,219.8,
CUUR0000SASLE,2003,M01,221.0,
CUUR0000SASLE,2003,M02,221.9,
CUUR0000SASLE,2003,M03,222.4,
CUUR0000SASLE,2003,M04,222.5,
CUUR0000SASLE,2003,M05,223.1,
CUUR0000SASLE,2003,M06,223.5,
CUUR0000SASLE,2003,M07,224.3,
CUUR0000SASLE,2003,M08,224.9,
CUUR0000SASLE,2003,M09,224.9,
CUUR0000SASLE,2003,M10,225.8,
CUUR0000SASLE,2003,M11,225.6,
CUUR0000SASLE,2003,M12,225.5,
CUUR0000SASLE,2004,M01,226.6,
CUUR0000SASLE,2004,M02,227.5,
CUUR0000SASLE,2004,M03,228.9,
CUUR0000SASLE,2004,M04,229.4,
CUUR0000SASLE,2004,M05,229.6,
CUUR0000SASLE,2004,M06,230.2,
CUUR0000SASLE,2004,M07,231.0,
CUUR0000SASLE,2004,M08,231.4,
CUUR0000SASLE,2004,M09,231.6,
CUUR0000SASLE,2004,M10,232.1,
CUUR0000SASLE,2004,M11,231.9,
CUUR0000SASLE,2004,M12,231.9,
CUUR0000SASLE,2005,M01,232.9,
CUUR0000SASLE,2005,M02,234.3,
CUUR0000SASLE,2005,M03,235.7,
CUUR0000SASLE,2005,M04,236.0,
CUUR0000SASLE,2005,M05,235.9,
CUUR0000SASLE,2005,M06,236.4,
CUUR0000SASLE,2005,M07,237.4,
CUUR0000SASLE,2005,M08,237.7,
CUUR0000SASLE,2005,M09,237.4,
CUUR0000SASLE,2005,M10,238.4,
CUUR0000SASLE,2005,M11,238.6,
CUUR0000SASLE,2005,M12,238.7,
CUUR0000SASLE,2006,M01,239.7,
CUUR0000SASLE,2006,M02,241.1,
CUUR0000SASLE,2006,M03,242.4,
CUUR0000SASLE,2006,M04,243.2,
CUUR0000SASLE,2006,M05,243.7,
CUUR0000SASLE,2006,M06,244.7,
CUUR0000SASLE,2006,M07,245.8,
CUUR0000SASLE,2006,M08,246.5,
CUUR0000SASLE,2006,M09,246.6,
CUUR0000SASLE,2006,M10,247.5,
CUUR0000SASLE,2006,M11,247.5,
CUUR0000SASLE,2006,M12,247.5,
CUUR0000SASLE,2007,M01,248.836,
CUUR0000SASLE,2007,M02,250.199,
CUUR0000SASLE,2007,M03,251.026,
CUUR0000SASLE,2007,M04,251.714,
CUUR0000SASLE,2007,M05,252.050,
CUUR0000SASLE,2007,M06,252.955,
CUUR0000SASLE,2007,M07,253.998,
CUUR0000SASLE,2007,M08,254.491,
CUUR0000SASLE,2007,M09,254.706,
CUUR0000SASLE,2007,M10,255.385,
CUUR0000SASLE,2007,M11,255.549,
CUUR0000SASLE,2007,M12,255.785,
CUUR0000SASLE,2008,M01,257.220,
CUUR0000SASLE,2008,M02,258.098,
CUUR0000SASLE,2008,M03,259.249,
CUUR0000SASLE,2008,M04,259.503,
CUUR0000SASLE,2008,M05,260.049,
CUUR0000SASLE,2008,M06,261.216,
CUUR0000SASLE,2008,M07,262.323,
CUUR0000SASLE,2008,M08,262.867,
CUUR0000SASLE,2008,M09,262.980,
CUUR0000SASLE,2008,M10,263.156,
CUUR0000SASLE,2008,M11,262.901,
CUUR0000SASLE,2008,M12,262.636,
CUUR0000SASLE,2009,M01,263.759,
CUUR0000SASLE,2009,M02,264.547,
CUUR0000SASLE,2009,M03,265.147,
CUUR0000SASLE,2009,M04,265.399,
CUUR0000SASLE,2009,M05,265.466,
CUUR0000SASLE,2009,M06,265.993,
CUUR0000SASLE,2009,M07,266.484,
CUUR0000SASLE,2009,M08,267.008,
CUUR0000SASLE,2009,M09,266.894,
CUUR0000SASLE,2009,M10,267.081,
CUUR0000SASLE,2009,M11,266.488,
CUUR0000SASLE,2009,M12,266.237,
CUUR0000SASLE,2010,M01,266.519,
CUUR0000SASLE,2010,M02,266.967,
CUUR0000SASLE,2010,M03,267.248,
CUUR0000SASLE,2010,M04,267.587,
CUUR0000SASLE,2010,M05,267.829,
CUUR0000SASLE,2010,M06,268.308,
CUUR0000SASLE,2010,M07,268.655,
CUUR0000SASLE,2010,M08,268.903,
CUUR0000SASLE,2010,M09,269.034,
CUUR0000SASLE,2010,M10,269.208,
CUUR0000SASLE,2010,M11,269.509,
CUUR0000SASLE,2010,M12,269.572,
CUUR0000SASLE,2011,M01,270.199,
CUUR0000SASLE,2011,M02,270.982,
CUUR0000SASLE,2011,M03,271.468,
CUUR0000SASLE,2011,M04,271.775,
CUUR0000SASLE,2011,M05,272.158,
CUUR0000SASLE,2011,M06,272.695,
CUUR0000SASLE,2011,M07,273.327,
CUUR0000SASLE,2011,M08,274.038,
CUUR0000SASLE,2011,M09,274.327,
CUUR0000SASLE,2011,M10,274.851,
CUUR0000SASLE,2011,M11,275.224,
CUUR0000SASLE,2011,M12,275.643,
CUUR0000SASLE,2012,M01,276.432,
CUUR0000SASLE,2012,M02,277.027,
CUUR0000SASLE,2012,M03,277.780,
CUUR0000SASLE,2012,M04,278.431,
CUUR0000SASLE,2012,M05,278.956,
CUUR0000SASLE,2012,M06,279.608,
CUUR0000SASLE,2012,M07,280.024,
CUUR0000SASLE,2012,M08,280.526,
CUUR0000SASLE,2012,M09,281.081,
CUUR0000SASLE,2012,M10,281.700,
CUUR0000SASLE,2012,M11,282.044,
CUUR0000SASLE,2012,M12,282.400,
CUUR0000SASLE,2013,M01,283.284,
CUUR0000SASLE,2013,M02,284.231,
CUUR0000SASLE,2013,M03,284.834,
CUUR0000SASLE,2013,M04,284.954,
CUUR0000SASLE,2013,M05,285.479,
CUUR0000SASLE,2013,M06,286.024,
CUUR0000SASLE,2013,M07,286.617,
CUUR0000SASLE,2013,M08,287.239,
CUUR0000SASLE,2013,M09,287.720,
CUUR0000SASLE,2013,M10,288.243,
CUUR0000SASLE,2013,M11,288.792,
CUUR0000SASLE,2013,M12,289.001,
CUUR0000SASLE,2014,M01,289.779,
CUUR0000SASLE,2014,M02,290.621,
CUUR0000SASLE,2014,M03,291.518,
CUUR0000SASLE,2014,M04,292.257,
CUUR0000SASLE,2014,M05,293.208,
CUUR0000SASLE,2014,M06,293.668,
CUUR0000SASLE,2014,M07,294.068,
CUUR0000SASLE,2014,M08,294.284,
CUUR0000SASLE,2014,M09,294.676,
CUUR0000SASLE,2014,M10,295.434,
CUUR0000SASLE,2014,M11,295.911,
CUUR0000SASLE,2014,M12,296.021,
CUUR0000SASLE,2015,M01,296.979,
CUUR0000SASLE,2015,M02,297.750,
CUUR0000SASLE,2015,M03,298.612,
CUUR0000SASLE,2015,M04,299.544,
CUUR0000SASLE,2015,M05,300.264,
CUUR0000SASLE,2015,M06,301.040,
CUUR0000SASLE,2015,M07,301.665,
CUUR0000SASLE,2015,M08,301.963,
CUUR0000SASLE,2015,M09,302.663,
CUUR0000SASLE,2015,M10,303.694,
CUUR0000SASLE,2015,M11,304.441,
CUUR0000SASLE,2015,M12,304.699,
CUUR0000SASLE,2016,M01,305.803,
CUUR0000SASLE,2016,M02,306.932,
CUUR0000SASLE,2016,M03,307.703,
CUUR0000SASLE,2016,M04,308.619,
CUUR0000SASLE,2016,M05,309.770,
CUUR0000SASLE,2016,M06,310.680,
CUUR0000SASLE,2016,M07,311.072,
CUUR0000SASLE,2016,M08,311.746,
CUUR0000SASLE,2016,M09,312.205,
CUUR0000SASLE,2016,M10,312.919,
CUUR0000SASLE,2016,M11,313.702,
CUUR0000SASLE,2016,M12,314.190,
CUUR0000SASLE,2017,M01,315.282,
CUUR0000SASLE,2017,M02,316.506,
CUUR0000SASLE,2017,M03,316.481,
CUUR0000SASLE,2017,M04,316.971,
CUUR0000SASLE,2017,M05,317.670,
CUUR0000SASLE,2017,M06,318.345,
CUUR0000SASLE,2017,M07,318.674,
CUUR0000SASLE,2017,M08,319.559,
CUUR0000SASLE,2017,M09,320.210,
CUUR0000SASLE,2017,M10,321.253,
CUUR0000SASLE,2017,M11,321.690,
CUUR0000SASLE,2017,M12,322.250,
CUUR0000SASLE,2018,M01,323.500,
CUUR0000SASLE,2018,M02,324.690,
CUUR0000SASLE,2018,M03,325.610,
CUUR0000SASLE,2018,M04,326.252,
CUUR0000SASLE,2018,M05,327.298,
CUUR0000SASLE,2018,M06,328.068,
CUUR0000SASLE,2018,M07,328.641,
CUUR0000SASLE,2018,M08,329.086,
CUUR0000SASLE,2018,M09,329.761,
CUUR0000SASLE,2018,M10,330.465,
CUUR0000SASLE,2018,M11,330.983,
CUUR0000SASLE,2018,M12,331.478,
CUUR0000SASLE,2019,M01,332.444,
CUUR0000SASLE,2019,M02,333.586,
CUUR0000SASLE,2019,M03,334.518,
CUUR0000SASLE,2019,M04,335.468,
CUUR0000SASLE,2019,M05,336.204,
CUUR0000SASLE,2019,M06,337.197,
CUUR0000SASLE,2019,M07,337.867,
CUUR0000SASLE,2019,M08,338.619,
CUUR0000SASLE,2019,M09,339.377,
CUUR0000SASLE,2019,M10,340.302,
CUUR0000SASLE,2019,M11,341.032,
CUUR0000SASLE,2019,M12,341.347,
CUUR0000SASLE,2020,M01,342.694,
CUUR0000SASLE,2020,M02,344.006,
CUUR0000SASLE,2020,M03,343.990,
CUUR0000SASLE,2020,M04,342.776,
CUUR0000SASLE,2020,M05,342.801,
CUUR0000SASLE,2020,M06,343.713,
CUUR0000SASLE,2020,M07,345.493,
CUUR0000SASLE,2020,M08,345.936,
CUUR0000SASLE,2020,M09,345.880,
CUUR0000SASLE,2020,M10,346.220,
CUUR0000SASLE,2020,M11,346.884,
CUUR0000SASLE,2020,M12,346.808,
CUUR0000SASLE,2021,M01,347.190,
CUUR0000SASLE,2021,M02,348.361,
CUUR0000SASLE,2021,M03,349.607,
CUUR0000SASLE,2021,M04,351.265,
CUUR0000SASLE,2021,M05,352.721,
CUUR0000SASLE,2021,M06,354.250,
CUUR0000SASLE,2021,M07,355.375,
CUUR0000SASLE,2021,M08,355.423,
CUUR0000SASLE,2021,M09,355.962,
CUUR0000SASLE,2021,M10,357.469,
CUUR0000SASLE,2021,M11,358.722,
CUUR0000SASLE,2021,M12,359.559,
CUUR0000SASLE,2022,M01,361.397,
CUUR0000SASLE,2022,M02,363.672,
CUUR0000SASLE,2022,M03,365.938,
CUUR0000SASLE,2022,M04,368.565,
CUUR0000SASLE,2022,M05,370.937,
CUUR0000SASLE,2022,M06,373.664,
CUUR0000SASLE,2022,M07,375.060,
CUUR0000SASLE,2022,M08,376.980,
CUUR0000SASLE,2022,M09,379.634,
CUUR0000SASLE,2022,M10,381.580,
CUUR0000SASLE,2022,M11,383.179,
CUUR0000SASLE,2022,M12,384.906,
CUUR0000SASLE,2023,M01,387.258,
CUUR0000SASLE,2023,M02,390.070,
CUUR0000SASLE,2023,M03,392.024,
CUUR0000SASLE,2023,M04,393.769,
CUUR0000SASLE,2023,M05,395.295,
CUUR0000SASLE,2023,M06,396.646,
CUUR0000SASLE,2023,M07,398.002,
CUUR0000SASLE,2023,M08,399.219,
CUUR0000SASLE,2023,M09,401.234,
CUUR0000SASLE,2023,M10,402.549,
CUUR0000SASLE,2023,M11,404.143,
CUUR0000SASLE,2023,M12,405.338,
CUUR0000SASLE,2024,M01,408.051,
CUUR0000SASLE,2024,M02,410.432,
CUUR0000SASLE,2024,M03,413.179,
CUUR0000SASLE,2024,M04,414.828,
CUUR0000SASLE,2024,M05,416.048,
CUUR0000SASLE,2024,M06,416.733,
CUUR0000SASLE,2024,M07,417.592,
CUUR0000SASLE,2024,M08,418.903,
CUUR0000SASLE,2024,M09,420.286,
CUUR0000SASLE,2024,M10,421.731,
CUUR0000SASLE,2024,M11,422.574,
CUUR0000SASLE,2024,M12,423.207,
CUUR0000SASLE,2025,M01,425.619,
CUUR0000SASLE,2025,M02,427.309,
CUUR0000SASLE,2025,M03,428.368,
CUUR0000SASLE,2025,M04,429.724,
CUUR0000SASLE,2025,M05,430.841,
CUUR0000SASLE,2025,M06,431.800,
CUUR0000SASLE,2025,M07,432.778,
CUUR0000SASLE,2025,M08,433.930,
CUUR0000SASLE,2025,M09,434.852,
CUUR0000SASLE,2025,M10,-,Data unavailable due to the 2025 lapse in appropriations
CUUR0000SASLE,2025,M11,435.344,
CUUR0000SASLE,2025,M12,436.025,
CUUR0000SASLE,2026,M01,438.161,
CUUR0000SASLE,2026,M02,439.805,
CUUR0000SASLE,2026,M03,441.419,
CUUR0000SASLE,2026,M04,443.766,
CUUR0000SASLE,2026,M05,445.580,
CUUR0000SASLE,2026,M06,445.448,
CUUR0000SASLE,2026,M07,445.809,
CUUR0000SEEE,1997,M01,795.9,
CUUR0000SEEE,1997,M02,791.7,
CUUR0000SEEE,1997,M03,779.5,
CUUR0000SEEE,1997,M04,765.3,
CUUR0000SEEE,1997,M05,755.1,
CUUR0000SEEE,1997,M06,742.2,
CUUR0000SEEE,1997,M07,730.3,
CUUR0000SEEE,1997,M08,717.5,
CUUR0000SEEE,1997,M09,722.1,
CUUR0000SEEE,1997,M10,727.6,
CUUR0000SEEE,1997,M11,708.9,
CUUR0000SEEE,1997,M12,704.9,
CUUR0000SEEE,1998,M01,687.5,
CUUR0000SEEE,1998,M02,659.8,
CUUR0000SEEE,1998,M03,646.3,
CUUR0000SEEE,1998,M04,637.3,
CUUR0000SEEE,1998,M05,617.0,
CUUR0000SEEE,1998,M06,604.0,
CUUR0000SEEE,1998,M07,581.8,
CUUR0000SEEE,1998,M08,559.1,
CUUR0000SEEE,1998,M09,545.9,
CUUR0000SEEE,1998,M10,537.4,
CUUR0000SEEE,1998,M11,525.9,
CUUR0000SEEE,1998,M12,517.7,
CUUR0000SEEE,1999,M01,503.2,
CUUR0000SEEE,1999,M02,494.8,
CUUR0000SEEE,1999,M03,482.6,
CUUR0000SEEE,1999,M04,477.3,
CUUR0000SEEE,1999,M05,459.4,
CUUR0000SEEE,1999,M06,442.7,
CUUR0000SEEE,1999,M07,446.3,
CUUR0000SEEE,1999,M08,443.0,
CUUR0000SEEE,1999,M09,435.6,
CUUR0000SEEE,1999,M10,427.7,
CUUR0000SEEE,1999,M11,419.5,
CUUR0000SEEE,1999,M12,420.2,
CUUR0000SEEE,2000,M01,416.2,
CUUR0000SEEE,2000,M02,410.6,
CUUR0000SEEE,2000,M03,405.0,
CUUR0000SEEE,2000,M04,397.6,
CUUR0000SEEE,2000,M05,395.2,
CUUR0000SEEE,2000,M06,387.1,
CUUR0000SEEE,2000,M07,381.8,
CUUR0000SEEE,2000,M08,374.8,
CUUR0000SEEE,2000,M09,372.4,
CUUR0000SEEE,2000,M10,366.8,
CUUR0000SEEE,2000,M11,360.5,
CUUR0000SEEE,2000,M12,353.9,
CUUR0000SEEE,2001,M01,345.4,
CUUR0000SEEE,2001,M02,341.0,
CUUR0000SEEE,2001,M03,334.1,
CUUR0000SEEE,2001,M04,329.0,
CUUR0000SEEE,2001,M05,322.7,
CUUR0000SEEE,2001,M06,318.7,
CUUR0000SEEE,2001,M07,316.2,
CUUR0000SEEE,2001,M08,308.6,
CUUR0000SEEE,2001,M09,302.1,
CUUR0000SEEE,2001,M10,300.0,
CUUR0000SEEE,2001,M11,297.3,
CUUR0000SEEE,2001,M12,294.5,
CUUR0000SEEE,2002,M01,288.0,
CUUR0000SEEE,2002,M02,283.4,
CUUR0000SEEE,2002,M03,279.5,
CUUR0000SEEE,2002,M04,277.3,
CUUR0000SEEE,2002,M05,275.4,
CUUR0000SEEE,2002,M06,274.3,
CUUR0000SEEE,2002,M07,273.9,
CUUR0000SEEE,2002,M08,271.7,
CUUR0000SEEE,2002,M09,265.4,
CUUR0000SEEE,2002,M10,262.8,
CUUR0000SEEE,2002,M11,257.9,
CUUR0000SEEE,2002,M12,255.8,
CUUR0000SEEE,2003,M01,254.2,
CUUR0000SEEE,2003,M02,251.4,
CUUR0000SEEE,2003,M03,250.3,
CUUR0000SEEE,2003,M04,248.9,
CUUR0000SEEE,2003,M05,244.3,
CUUR0000SEEE,2003,M06,240.8,
CUUR0000SEEE,2003,M07,237.5,
CUUR0000SEEE,2003,M08,234.3,
CUUR0000SEEE,2003,M09,232.4,
CUUR0000SEEE,2003,M10,232.5,
CUUR0000SEEE,2003,M11,228.7,
CUUR0000SEEE,2003,M12,227.3,
CUUR0000SEEE,2004,M01,227.4,
CUUR0000SEEE,2004,M02,226.7,
CUUR0000SEEE,2004,M03,225.5,
CUUR0000SEEE,2004,M04,223.3,
CUUR0000SEEE,2004,M05,221.4,
CUUR0000SEEE,2004,M06,221.2,
CUUR0000SEEE,2004,M07,220.1,
CUUR0000SEEE,2004,M08,219.3,
CUUR0000SEEE,2004,M09,218.2,
CUUR0000SEEE,2004,M10,215.8,
CUUR0000SEEE,2004,M11,213.5,
CUUR0000SEEE,2004,M12,211.8,
CUUR0000SEEE,2005,M01,211.7,
CUUR0000SEEE,2005,M02,209.0,
CUUR0000SEEE,2005,M03,207.8,
CUUR0000SEEE,2005,M04,207.1,
CUUR0000SEEE,2005,M05,205.1,
CUUR0000SEEE,2005,M06,202.7,
CUUR0000SEEE,2005,M07,201.7,
CUUR0000SEEE,2005,M08,199.4,
CUUR0000SEEE,2005,M09,198.5,
CUUR0000SEEE,2005,M10,197.7,
CUUR0000SEEE,2005,M11,195.6,
CUUR0000SEEE,2005,M12,194.5,
CUUR0000SEEE,2006,M01,193.4,
CUUR0000SEEE,2006,M02,192.7,
CUUR0000SEEE,2006,M03,193.3,
CUUR0000SEEE,2006,M04,192.0,
CUUR0000SEEE,2006,M05,189.8,
CUUR0000SEEE,2006,M06,189.2,
CUUR0000SEEE,2006,M07,188.6,
CUUR0000SEEE,2006,M08,185.7,
CUUR0000SEEE,2006,M09,183.1,
CUUR0000SEEE,2006,M10,176.4,
CUUR0000SEEE,2006,M11,170.0,
CUUR0000SEEE,2006,M12,166.6,
CUUR0000SEEE,2007,M01,162.178,
CUUR0000SEEE,2007,M02,161.473,
CUUR0000SEEE,2007,M03,161.575,
CUUR0000SEEE,2007,M04,161.716,
CUUR0000SEEE,2007,M05,160.486,
CUUR0000SEEE,2007,M06,157.669,
CUUR0000SEEE,2007,M07,156.640,
CUUR0000SEEE,2007,M08,156.023,
CUUR0000SEEE,2007,M09,155.884,
CUUR0000SEEE,2007,M10,154.512,
CUUR0000SEEE,2007,M11,151.819,
CUUR0000SEEE,2007,M12,151.984,
CUUR0000SEEE,2008,M01,152.187,
CUUR0000SEEE,2008,M02,152.546,
CUUR0000SEEE,2008,M03,152.449,
CUUR0000SEEE,2008,M04,151.313,
CUUR0000SEEE,2008,M05,150.538,
CUUR0000SEEE,2008,M06,149.835,
CUUR0000SEEE,2008,M07,150.079,
CUUR0000SEEE,2008,M08,148.966,
CUUR0000SEEE,2008,M09,147.309,
CUUR0000SEEE,2008,M10,146.914,
CUUR0000SEEE,2008,M11,146.800,
CUUR0000SEEE,2008,M12,147.388,
CUUR0000SEEE,2009,M01,147.579,
CUUR0000SEEE,2009,M02,147.684,
CUUR0000SEEE,2009,M03,146.876,
CUUR0000SEEE,2009,M04,147.013,
CUUR0000SEEE,2009,M05,145.442,
CUUR0000SEEE,2009,M06,144.788,
CUUR0000SEEE,2009,M07,142.894,
CUUR0000SEEE,2009,M08,141.335,
CUUR0000SEEE,2009,M09,140.850,
CUUR0000SEEE,2009,M10,141.365,
CUUR0000SEEE,2009,M11,140.860,
CUUR0000SEEE,2009,M12,140.195,
CUUR0000SEEE,2010,M01,140.704,
CUUR0000SEEE,2010,M02,141.936,
CUUR0000SEEE,2010,M03,142.121,
CUUR0000SEEE,2010,M04,141.792,
CUUR0000SEEE,2010,M05,140.947,
CUUR0000SEEE,2010,M06,140.177,
CUUR0000SEEE,2010,M07,139.838,
CUUR0000SEEE,2010,M08,139.573,
CUUR0000SEEE,2010,M09,138.952,
CUUR0000SEEE,2010,M10,138.724,
CUUR0000SEEE,2010,M11,138.501,
CUUR0000SEEE,2010,M12,137.363,
CUUR0000SEEE,2011,M01,136.597,
CUUR0000SEEE,2011,M02,136.940,
CUUR0000SEEE,2011,M03,136.818,
CUUR0000SEEE,2011,M04,136.529,
CUUR0000SEEE,2011,M05,135.327,
CUUR0000SEEE,2011,M06,134.476,
CUUR0000SEEE,2011,M07,134.384,
CUUR0000SEEE,2011,M08,133.305,
CUUR0000SEEE,2011,M09,132.594,
CUUR0000SEEE,2011,M10,132.143,
CUUR0000SEEE,2011,M11,131.906,
CUUR0000SEEE,2011,M12,131.196,
CUUR0000SEEE,2012,M01,131.744,
CUUR0000SEEE,2012,M02,132.012,
CUUR0000SEEE,2012,M03,131.848,
CUUR0000SEEE,2012,M04,131.889,
CUUR0000SEEE,2012,M05,132.106,
CUUR0000SEEE,2012,M06,131.496,
CUUR0000SEEE,2012,M07,130.598,
CUUR0000SEEE,2012,M08,128.793,
CUUR0000SEEE,2012,M09,128.069,
CUUR0000SEEE,2012,M10,127.613,
CUUR0000SEEE,2012,M11,127.113,
CUUR0000SEEE,2012,M12,126.882,
CUUR0000SEEE,2013,M01,127.283,
CUUR0000SEEE,2013,M02,128.431,
CUUR0000SEEE,2013,M03,129.125,
CUUR0000SEEE,2013,M04,128.405,
CUUR0000SEEE,2013,M05,127.678,
CUUR0000SEEE,2013,M06,126.980,
CUUR0000SEEE,2013,M07,125.863,
CUUR0000SEEE,2013,M08,125.653,
CUUR0000SEEE,2013,M09,125.859,
CUUR0000SEEE,2013,M10,125.307,
CUUR0000SEEE,2013,M11,124.988,
CUUR0000SEEE,2013,M12,124.865,
CUUR0000SEEE,2014,M01,124.810,
CUUR0000SEEE,2014,M02,124.968,
CUUR0000SEEE,2014,M03,125.307,
CUUR0000SEEE,2014,M04,125.631,
CUUR0000SEEE,2014,M05,125.133,
CUUR0000SEEE,2014,M06,124.928,
CUUR0000SEEE,2014,M07,124.820,
CUUR0000SEEE,2014,M08,124.154,
CUUR0000SEEE,2014,M09,123.412,
CUUR0000SEEE,2014,M10,123.473,
CUUR0000SEEE,2014,M11,122.699,
CUUR0000SEEE,2014,M12,121.736,
CUUR0000SEEE,2015,M01,121.725,
CUUR0000SEEE,2015,M02,121.850,
CUUR0000SEEE,2015,M03,121.951,
CUUR0000SEEE,2015,M04,122.181,
CUUR0000SEEE,2015,M05,121.099,
CUUR0000SEEE,2015,M06,120.327,
CUUR0000SEEE,2015,M07,119.147,
CUUR0000SEEE,2015,M08,117.676,
CUUR0000SEEE,2015,M09,117.964,
CUUR0000SEEE,2015,M10,118.423,
CUUR0000SEEE,2015,M11,118.011,
CUUR0000SEEE,2015,M12,117.478,
CUUR0000SEEE,2016,M01,117.587,
CUUR0000SEEE,2016,M02,117.513,
CUUR0000SEEE,2016,M03,117.823,
CUUR0000SEEE,2016,M04,117.792,
CUUR0000SEEE,2016,M05,116.864,
CUUR0000SEEE,2016,M06,116.231,
CUUR0000SEEE,2016,M07,115.565,
CUUR0000SEEE,2016,M08,115.271,
CUUR0000SEEE,2016,M09,115.224,
CUUR0000SEEE,2016,M10,114.324,
CUUR0000SEEE,2016,M11,114.982,
CUUR0000SEEE,2016,M12,114.458,
CUUR0000SEEE,2017,M01,114.824,
CUUR0000SEEE,2017,M02,114.471,
CUUR0000SEEE,2017,M03,114.053,
CUUR0000SEEE,2017,M04,114.529,
CUUR0000SEEE,2017,M05,114.035,
CUUR0000SEEE,2017,M06,114.096,
CUUR0000SEEE,2017,M07,113.243,
CUUR0000SEEE,2017,M08,112.681,
CUUR0000SEEE,2017,M09,112.211,
CUUR0000SEEE,2017,M10,112.216,
CUUR0000SEEE,2017,M11,112.085,
CUUR0000SEEE,2017,M12,111.744,
CUUR0000SEEE,2018,M01,112.064,
CUUR0000SEEE,2018,M02,111.201,
CUUR0000SEEE,2018,M03,110.670,
CUUR0000SEEE,2018,M04,110.391,
CUUR0000SEEE,2018,M05,110.931,
CUUR0000SEEE,2018,M06,111.422,
CUUR0000SEEE,2018,M07,111.303,
CUUR0000SEEE,2018,M08,111.301,
CUUR0000SEEE,2018,M09,111.618,
CUUR0000SEEE,2018,M10,110.983,
CUUR0000SEEE,2018,M11,110.608,
CUUR0000SEEE,2018,M12,110.731,
CUUR0000SEEE,2019,M01,110.943,
CUUR0000SEEE,2019,M02,110.635,
CUUR0000SEEE,2019,M03,109.948,
CUUR0000SEEE,2019,M04,110.011,
CUUR0000SEEE,2019,M05,109.662,
CUUR0000SEEE,2019,M06,109.476,
CUUR0000SEEE,2019,M07,110.051,
CUUR0000SEEE,2019,M08,110.398,
CUUR0000SEEE,2019,M09,109.548,
CUUR0000SEEE,2019,M10,108.990,
CUUR0000SEEE,2019,M11,109.741,
CUUR0000SEEE,2019,M12,109.304,
CUUR0000SEEE,2020,M01,109.729,
CUUR0000SEEE,2020,M02,109.725,
CUUR0000SEEE,2020,M03,109.421,
CUUR0000SEEE,2020,M04,109.568,
CUUR0000SEEE,2020,M05,109.351,
CUUR0000SEEE,2020,M06,109.035,
CUUR0000SEEE,2020,M07,108.902,
CUUR0000SEEE,2020,M08,108.909,
CUUR0000SEEE,2020,M09,108.106,
CUUR0000SEEE,2020,M10,107.762,
CUUR0000SEEE,2020,M11,108.318,
CUUR0000SEEE,2020,M12,108.426,
CUUR0000SEEE,2021,M01,108.314,
CUUR0000SEEE,2021,M02,108.028,
CUUR0000SEEE,2021,M03,107.747,
CUUR0000SEEE,2021,M04,109.519,
CUUR0000SEEE,2021,M05,109.466,
CUUR0000SEEE,2021,M06,109.177,
CUUR0000SEEE,2021,M07,109.563,
CUUR0000SEEE,2021,M08,110.448,
CUUR0000SEEE,2021,M09,111.143,
CUUR0000SEEE,2021,M10,110.742,
CUUR0000SEEE,2021,M11,110.399,
CUUR0000SEEE,2021,M12,110.506,
CUUR0000SEEE,2022,M01,110.467,
CUUR0000SEEE,2022,M02,110.165,
CUUR0000SEEE,2022,M03,109.667,
CUUR0000SEEE,2022,M04,108.574,
CUUR0000SEEE,2022,M05,107.869,
CUUR0000SEEE,2022,M06,107.880,
CUUR0000SEEE,2022,M07,107.144,
CUUR0000SEEE,2022,M08,106.871,
CUUR0000SEEE,2022,M09,106.566,
CUUR0000SEEE,2022,M10,106.061,
CUUR0000SEEE,2022,M11,105.790,
CUUR0000SEEE,2022,M12,105.380,
CUUR0000SEEE,2023,M01,105.933,
CUUR0000SEEE,2023,M02,106.009,
CUUR0000SEEE,2023,M03,106.336,
CUUR0000SEEE,2023,M04,106.081,
CUUR0000SEEE,2023,M05,105.932,
CUUR0000SEEE,2023,M06,106.150,
CUUR0000SEEE,2023,M07,105.811,
CUUR0000SEEE,2023,M08,105.692,
CUUR0000SEEE,2023,M09,105.693,
CUUR0000SEEE,2023,M10,104.979,
CUUR0000SEEE,2023,M11,103.867,
CUUR0000SEEE,2023,M12,103.740,
CUUR0000SEEE,2024,M01,104.781,
CUUR0000SEEE,2024,M02,105.639,
CUUR0000SEEE,2024,M03,105.539,
CUUR0000SEEE,2024,M04,105.722,
CUUR0000SEEE,2024,M05,104.899,
CUUR0000SEEE,2024,M06,104.501,
CUUR0000SEEE,2024,M07,104.822,
CUUR0000SEEE,2024,M08,104.350,
CUUR0000SEEE,2024,M09,103.089,
CUUR0000SEEE,2024,M10,101.974,
CUUR0000SEEE,2024,M11,100.199,
CUUR0000SEEE,2024,M12,100.000,
CUUR0000SEEE,2025,M01,100.643,
CUUR0000SEEE,2025,M02,101.227,
CUUR0000SEEE,2025,M03,101.466,
CUUR0000SEEE,2025,M04,100.833,
CUUR0000SEEE,2025,M05,100.703,
CUUR0000SEEE,2025,M06,101.029,
CUUR0000SEEE,2025,M07,100.744,
CUUR0000SEEE,2025,M08,101.480,
CUUR0000SEEE,2025,M09,101.053,
CUUR0000SEEE,2025,M10,-,Data unavailable due to the 2025 lapse in appropriations
CUUR0000SEEE,2025,M11,100.929,
CUUR0000SEEE,2025,M12,99.797,
CUUR0000SEEE,2026,M01,100.949,
CUUR0000SEEE,2026,M02,100.038,
CUUR0000SEEE,2026,M03,99.698,
CUUR0000SEEE,2026,M04,99.324,
CUUR0000SEEE,2026,M05,99.888,
CUUR0000SEEE,2026,M06,99.663,
CUUR0000SEEE,2026,M07,100.538,
CUUR0000SEFV,1997,M01,155.3,
CUUR0000SEFV,1997,M02,155.6,
CUUR0000SEFV,1997,M03,156.0,
CUUR0000SEFV,1997,M04,156.2,
CUUR0000SEFV,1997,M05,156.3,
CUUR0000SEFV,1997,M06,156.6,
CUUR0000SEFV,1997,M07,157.1,
CUUR0000SEFV,1997,M08,157.4,
CUUR0000SEFV,1997,M09,157.8,
CUUR0000SEFV,1997,M10,158.2,
CUUR0000SEFV,1997,M11,158.6,
CUUR0000SEFV,1997,M12,159.0,
CUUR0000SEFV,1998,M01,159.2,
CUUR0000SEFV,1998,M02,159.6,
CUUR0000SEFV,1998,M03,159.9,
CUUR0000SEFV,1998,M04,160.2,
CUUR0000SEFV,1998,M05,160.6,
CUUR0000SEFV,1998,M06,160.7,
CUUR0000SEFV,1998,M07,161.1,
CUUR0000SEFV,1998,M08,161.5,
CUUR0000SEFV,1998,M09,162.1,
CUUR0000SEFV,1998,M10,162.3,
CUUR0000SEFV,1998,M11,162.6,
CUUR0000SEFV,1998,M12,163.0,
CUUR0000SEFV,1999,M01,163.5,
CUUR0000SEFV,1999,M02,163.8,
CUUR0000SEFV,1999,M03,164.2,
CUUR0000SEFV,1999,M04,164.5,
CUUR0000SEFV,1999,M05,164.6,
CUUR0000SEFV,1999,M06,164.6,
CUUR0000SEFV,1999,M07,165.1,
CUUR0000SEFV,1999,M08,165.6,
CUUR0000SEFV,1999,M09,165.8,
CUUR0000SEFV,1999,M10,166.2,
CUUR0000SEFV,1999,M11,166.5,
CUUR0000SEFV,1999,M12,166.8,
CUUR0000SEFV,2000,M01,167.2,
CUUR0000SEFV,2000,M02,167.6,
CUUR0000SEFV,2000,M03,167.9,
CUUR0000SEFV,2000,M04,168.1,
CUUR0000SEFV,2000,M05,168.3,
CUUR0000SEFV,2000,M06,168.6,
CUUR0000SEFV,2000,M07,169.1,
CUUR0000SEFV,2000,M08,169.5,
CUUR0000SEFV,2000,M09,170.0,
CUUR0000SEFV,2000,M10,170.3,
CUUR0000SEFV,2000,M11,170.4,
CUUR0000SEFV,2000,M12,170.8,
CUUR0000SEFV,2001,M01,171.4,
CUUR0000SEFV,2001,M02,171.8,
CUUR0000SEFV,2001,M03,172.3,
CUUR0000SEFV,2001,M04,172.7,
CUUR0000SEFV,2001,M05,173.1,
CUUR0000SEFV,2001,M06,173.6,
CUUR0000SEFV,2001,M07,174.1,
CUUR0000SEFV,2001,M08,174.7,
CUUR0000SEFV,2001,M09,175.1,
CUUR0000SEFV,2001,M10,175.6,
CUUR0000SEFV,2001,M11,175.8,
CUUR0000SEFV,2001,M12,176.0,
CUUR0000SEFV,2002,M01,176.4,
CUUR0000SEFV,2002,M02,177.0,
CUUR0000SEFV,2002,M03,177.1,
CUUR0000SEFV,2002,M04,177.2,
CUUR0000SEFV,2002,M05,177.6,
CUUR0000SEFV,2002,M06,178.2,
CUUR0000SEFV,2002,M07,178.5,
CUUR0000SEFV,2002,M08,178.8,
CUUR0000SEFV,2002,M09,179.2,
CUUR0000SEFV,2002,M10,179.6,
CUUR0000SEFV,2002,M11,179.8,
CUUR0000SEFV,2002,M12,180.1,
CUUR0000SEFV,2003,M01,179.9,
CUUR0000SEFV,2003,M02,180.7,
CUUR0000SEFV,2003,M03,181.0,
CUUR0000SEFV,2003,M04,181.1,
CUUR0000SEFV,2003,M05,181.5,
CUUR0000SEFV,2003,M06,181.9,
CUUR0000SEFV,2003,M07,182.3,
CUUR0000SEFV,2003,M08,182.6,
CUUR0000SEFV,2003,M09,182.8,
CUUR0000SEFV,2003,M10,183.3,
CUUR0000SEFV,2003,M11,183.8,
CUUR0000SEFV,2003,M12,184.3,
CUUR0000SEFV,2004,M01,184.9,
CUUR0000SEFV,2004,M02,185.5,
CUUR0000SEFV,2004,M03,185.8,
CUUR0000SEFV,2004,M04,186.2,
CUUR0000SEFV,2004,M05,186.7,
CUUR0000SEFV,2004,M06,187.0,
CUUR0000SEFV,2004,M07,187.8,
CUUR0000SEFV,2004,M08,188.4,
CUUR0000SEFV,2004,M09,188.9,
CUUR0000SEFV,2004,M10,189.4,
CUUR0000SEFV,2004,M11,189.6,
CUUR0000SEFV,2004,M12,189.9,
CUUR0000SEFV,2005,M01,190.8,
CUUR0000SEFV,2005,M02,191.4,
CUUR0000SEFV,2005,M03,191.7,
CUUR0000SEFV,2005,M04,192.1,
CUUR0000SEFV,2005,M05,192.6,
CUUR0000SEFV,2005,M06,193.2,
CUUR0000SEFV,2005,M07,193.6,
CUUR0000SEFV,2005,M08,194.2,
CUUR0000SEFV,2005,M09,194.6,
CUUR0000SEFV,2005,M10,195.2,
CUUR0000SEFV,2005,M11,195.6,
CUUR0000SEFV,2005,M12,196.0,
CUUR0000SEFV,2006,M01,196.6,
CUUR0000SEFV,2006,M02,197.2,
CUUR0000SEFV,2006,M03,197.6,
CUUR0000SEFV,2006,M04,198.0,
CUUR0000SEFV,2006,M05,198.7,
CUUR0000SEFV,2006,M06,199.2,
CUUR0000SEFV,2006,M07,199.7,
CUUR0000SEFV,2006,M08,200.2,
CUUR0000SEFV,2006,M09,200.5,
CUUR0000SEFV,2006,M10,201.1,
CUUR0000SEFV,2006,M11,201.6,
CUUR0000SEFV,2006,M12,202.2,
CUUR0000SEFV,2007,M01,203.171,
CUUR0000SEFV,2007,M02,203.909,
CUUR0000SEFV,2007,M03,204.082,
CUUR0000SEFV,2007,M04,204.725,
CUUR0000SEFV,2007,M05,205.233,
CUUR0000SEFV,2007,M06,205.934,
CUUR0000SEFV,2007,M07,206.931,
CUUR0000SEFV,2007,M08,207.756,
CUUR0000SEFV,2007,M09,208.805,
CUUR0000SEFV,2007,M10,209.275,
CUUR0000SEFV,2007,M11,209.854,
CUUR0000SEFV,2007,M12,210.233,
CUUR0000SEFV,2008,M01,211.070,
CUUR0000SEFV,2008,M02,211.878,
CUUR0000SEFV,2008,M03,212.537,
CUUR0000SEFV,2008,M04,213.083,
CUUR0000SEFV,2008,M05,213.967,
CUUR0000SEFV,2008,M06,215.015,
CUUR0000SEFV,2008,M07,216.376,
CUUR0000SEFV,2008,M08,217.063,
CUUR0000SEFV,2008,M09,218.225,
CUUR0000SEFV,2008,M10,219.290,
CUUR0000SEFV,2008,M11,220.043,
CUUR0000SEFV,2008,M12,220.684,
CUUR0000SEFV,2009,M01,221.319,
CUUR0000SEFV,2009,M02,221.968,
CUUR0000SEFV,2009,M03,222.216,
CUUR0000SEFV,2009,M04,222.905,
CUUR0000SEFV,2009,M05,223.023,
CUUR0000SEFV,2009,M06,223.163,
CUUR0000SEFV,2009,M07,223.345,
CUUR0000SEFV,2009,M08,223.675,
CUUR0000SEFV,2009,M09,224.003,
CUUR0000SEFV,2009,M10,224.224,
CUUR0000SEFV,2009,M11,224.633,
CUUR0000SEFV,2009,M12,224.789,
CUUR0000SEFV,2010,M01,224.916,
CUUR0000SEFV,2010,M02,225.081,
CUUR0000SEFV,2010,M03,224.991,
CUUR0000SEFV,2010,M04,225.276,
CUUR0000SEFV,2010,M05,225.573,
CUUR0000SEFV,2010,M06,225.797,
CUUR0000SEFV,2010,M07,225.710,
CUUR0000SEFV,2010,M08,226.422,
CUUR0000SEFV,2010,M09,227.075,
CUUR0000SEFV,2010,M10,227.287,
CUUR0000SEFV,2010,M11,227.512,
CUUR0000SEFV,2010,M12,227.722,
CUUR0000SEFV,2011,M01,228.181,
CUUR0000SEFV,2011,M02,228.606,
CUUR0000SEFV,2011,M03,229.282,
CUUR0000SEFV,2011,M04,230.082,
CUUR0000SEFV,2011,M05,230.501,
CUUR0000SEFV,2011,M06,231.097,
CUUR0000SEFV,2011,M07,231.580,
CUUR0000SEFV,2011,M08,232.513,
CUUR0000SEFV,2011,M09,233.032,
CUUR0000SEFV,2011,M10,233.459,
CUUR0000SEFV,2011,M11,234.046,
CUUR0000SEFV,2011,M12,234.435,
CUUR0000SEFV,2012,M01,235.268,
CUUR0000SEFV,2012,M02,235.603,
CUUR0000SEFV,2012,M03,236.073,
CUUR0000SEFV,2012,M04,236.695,
CUUR0000SEFV,2012,M05,237.262,
CUUR0000SEFV,2012,M06,237.839,
CUUR0000SEFV,2012,M07,238.337,
CUUR0000SEFV,2012,M08,239.057,
CUUR0000SEFV,2012,M09,239.565,
CUUR0000SEFV,2012,M10,239.742,
CUUR0000SEFV,2012,M11,240.038,
CUUR0000SEFV,2012,M12,240.359,
CUUR0000SEFV,2013,M01,240.713,
CUUR0000SEFV,2013,M02,240.930,
CUUR0000SEFV,2013,M03,241.409,
CUUR0000SEFV,2013,M04,242.236,
CUUR0000SEFV,2013,M05,242.642,
CUUR0000SEFV,2013,M06,243.016,
CUUR0000SEFV,2013,M07,243.409,
CUUR0000SEFV,2013,M08,243.811,
CUUR0000SEFV,2013,M09,244.036,
CUUR0000SEFV,2013,M10,244.350,
CUUR0000SEFV,2013,M11,244.970,
CUUR0000SEFV,2013,M12,245.300,
CUUR0000SEFV,2014,M01,245.481,
CUUR0000SEFV,2014,M02,246.187,
CUUR0000SEFV,2014,M03,246.878,
CUUR0000SEFV,2014,M04,247.534,
CUUR0000SEFV,2014,M05,247.952,
CUUR0000SEFV,2014,M06,248.445,
CUUR0000SEFV,2014,M07,249.210,
CUUR0000SEFV,2014,M08,249.801,
CUUR0000SEFV,2014,M09,250.570,
CUUR0000SEFV,2014,M10,251.100,
CUUR0000SEFV,2014,M11,251.987,
CUUR0000SEFV,2014,M12,252.628,
CUUR0000SEFV,2015,M01,253.037,
CUUR0000SEFV,2015,M02,253.719,
CUUR0000SEFV,2015,M03,254.108,
CUUR0000SEFV,2015,M04,254.727,
CUUR0000SEFV,2015,M05,255.322,
CUUR0000SEFV,2015,M06,255.846,
CUUR0000SEFV,2015,M07,255.905,
CUUR0000SEFV,2015,M08,256.449,
CUUR0000SEFV,2015,M09,257.830,
CUUR0000SEFV,2015,M10,258.363,
CUUR0000SEFV,2015,M11,258.805,
CUUR0000SEFV,2015,M12,259.097,
CUUR0000SEFV,2016,M01,259.958,
CUUR0000SEFV,2016,M02,260.319,
CUUR0000SEFV,2016,M03,260.883,
CUUR0000SEFV,2016,M04,261.517,
CUUR0000SEFV,2016,M05,262.074,
CUUR0000SEFV,2016,M06,262.529,
CUUR0000SEFV,2016,M07,263.051,
CUUR0000SEFV,2016,M08,263.649,
CUUR0000SEFV,2016,M09,264.102,
CUUR0000SEFV,2016,M10,264.459,
CUUR0000SEFV,2016,M11,264.699,
CUUR0000SEFV,2016,M12,265.104,
CUUR0000SEFV,2017,M01,266.079,
CUUR0000SEFV,2017,M02,266.626,
CUUR0000SEFV,2017,M03,267.055,
CUUR0000SEFV,2017,M04,267.652,
CUUR0000SEFV,2017,M05,268.128,
CUUR0000SEFV,2017,M06,268.225,
CUUR0000SEFV,2017,M07,268.649,
CUUR0000SEFV,2017,M08,269.522,
CUUR0000SEFV,2017,M09,270.353,
CUUR0000SEFV,2017,M10,270.658,
CUUR0000SEFV,2017,M11,271.152,
CUUR0000SEFV,2017,M12,271.811,
CUUR0000SEFV,2018,M01,272.772,
CUUR0000SEFV,2018,M02,273.435,
CUUR0000SEFV,2018,M03,273.733,
CUUR0000SEFV,2018,M04,274.393,
CUUR0000SEFV,2018,M05,275.307,
CUUR0000SEFV,2018,M06,275.808,
CUUR0000SEFV,2018,M07,276.125,
CUUR0000SEFV,2018,M08,276.648,
CUUR0000SEFV,2018,M09,277.258,
CUUR0000SEFV,2018,M10,277.513,
CUUR0000SEFV,2018,M11,278.306,
CUUR0000SEFV,2018,M12,279.419,
CUUR0000SEFV,2019,M01,280.380,
CUUR0000SEFV,2019,M02,281.373,
CUUR0000SEFV,2019,M03,281.887,
CUUR0000SEFV,2019,M04,282.798,
CUUR0000SEFV,2019,M05,283.394,
CUUR0000SEFV,2019,M06,284.316,
CUUR0000SEFV,2019,M07,284.891,
CUUR0000SEFV,2019,M08,285.507,
CUUR0000SEFV,2019,M09,286.246,
CUUR0000SEFV,2019,M10,286.791,
CUUR0000SEFV,2019,M11,287.255,
CUUR0000SEFV,2019,M12,288.078,
CUUR0000SEFV,2020,M01,289.137,
CUUR0000SEFV,2020,M02,289.781,
CUUR0000SEFV,2020,M03,290.216,
CUUR0000SEFV,2020,M04,290.639,
CUUR0000SEFV,2020,M05,291.709,
CUUR0000SEFV,2020,M06,293.219,
CUUR0000SEFV,2020,M07,294.599,
CUUR0000SEFV,2020,M08,295.437,
CUUR0000SEFV,2020,M09,297.080,
CUUR0000SEFV,2020,M10,297.893,
CUUR0000SEFV,2020,M11,298.253,
CUUR0000SEFV,2020,M12,299.369,
CUUR0000SEFV,2021,M01,300.382,
CUUR0000SEFV,2021,M02,300.540,
CUUR0000SEFV,2021,M03,300.897,
CUUR0000SEFV,2021,M04,301.819,
CUUR0000SEFV,2021,M05,303.481,
CUUR0000SEFV,2021,M06,305.634,
CUUR0000SEFV,2021,M07,308.023,
CUUR0000SEFV,2021,M08,309.336,
CUUR0000SEFV,2021,M09,310.996,
CUUR0000SEFV,2021,M10,313.592,
CUUR0000SEFV,2021,M11,315.481,
CUUR0000SEFV,2021,M12,317.372,
CUUR0000SEFV,2022,M01,319.471,
CUUR0000SEFV,2022,M02,320.880,
CUUR0000SEFV,2022,M03,321.689,
CUUR0000SEFV,2022,M04,323.559,
CUUR0000SEFV,2022,M05,325.952,
CUUR0000SEFV,2022,M06,329.033,
CUUR0000SEFV,2022,M07,331.342,
CUUR0000SEFV,2022,M08,334.212,
CUUR0000SEFV,2022,M09,337.369,
CUUR0000SEFV,2022,M10,340.532,
CUUR0000SEFV,2022,M11,342.266,
CUUR0000SEFV,2022,M12,343.559,
CUUR0000SEFV,2023,M01,345.677,
CUUR0000SEFV,2023,M02,347.869,
CUUR0000SEFV,2023,M03,349.944,
CUUR0000SEFV,2023,M04,351.237,
CUUR0000SEFV,2023,M05,352.892,
CUUR0000SEFV,2023,M06,354.245,
CUUR0000SEFV,2023,M07,354.862,
CUUR0000SEFV,2023,M08,356.083,
CUUR0000SEFV,2023,M09,357.488,
CUUR0000SEFV,2023,M10,358.824,
CUUR0000SEFV,2023,M11,360.383,
CUUR0000SEFV,2023,M12,361.564,
CUUR0000SEFV,2024,M01,363.249,
CUUR0000SEFV,2024,M02,363.596,
CUUR0000SEFV,2024,M03,364.546,
CUUR0000SEFV,2024,M04,365.813,
CUUR0000SEFV,2024,M05,367.099,
CUUR0000SEFV,2024,M06,368.616,
CUUR0000SEFV,2024,M07,369.383,
CUUR0000SEFV,2024,M08,370.348,
CUUR0000SEFV,2024,M09,371.604,
CUUR0000SEFV,2024,M10,372.486,
CUUR0000SEFV,2024,M11,373.530,
CUUR0000SEFV,2024,M12,374.644,
CUUR0000SEFV,2025,M01,375.532,
CUUR0000SEFV,2025,M02,376.991,
CUUR0000SEFV,2025,M03,378.363,
CUUR0000SEFV,2025,M04,380.039,
CUUR0000SEFV,2025,M05,381.228,
CUUR0000SEFV,2025,M06,382.750,
CUUR0000SEFV,2025,M07,383.808,
CUUR0000SEFV,2025,M08,384.909,
CUUR0000SEFV,2025,M09,385.451,
CUUR0000SEFV,2025,M10,-,Data unavailable due to the 2025 lapse in appropriations
CUUR0000SEFV,2025,M11,387.202,
CUUR0000SEFV,2025,M12,389.889,
CUUR0000SEFV,2026,M01,390.471,
CUUR0000SEFV,2026,M02,391.706,
CUUR0000SEFV,2026,M03,392.652,
CUUR0000SEFV,2026,M04,393.546,
CUUR0000SEFV,2026,M05,394.728,
CUUR0000SEFV,2026,M06,395.633,
CUUR0000SEFV,2026,M07,396.859,
CUUR0000SEGA,1997,M01,14.9,
CUUR0000SEGA,1997,M02,15.0,
CUUR0000SEGA,1997,M03,15.0,
CUUR0000SEGA,1997,M04,15.3,
CUUR0000SEGA,1997,M05,15.4,
CUUR0000SEGA,1997,M06,15.2,
CUUR0000SEGA,1997,M07,15.3,
CUUR0000SEGA,1997,M08,15.4,
CUUR0000SEGA,1997,M09,15.5,
CUUR0000SEGA,1997,M10,15.8,
CUUR0000SEGA,1997,M11,15.8,
CUUR0000SEGA,1997,M12,15.8,
CUUR0000SEGA,1998,M01,16.0,
CUUR0000SEGA,1998,M02,16.5,
CUUR0000SEGA,1998,M03,16.0,
CUUR0000SEGA,1998,M04,16.6,
CUUR0000SEGA,1998,M05,17.0,
CUUR0000SEGA,1998,M06,16.8,
CUUR0000SEGA,1998,M07,17.2,
CUUR0000SEGA,1998,M08,17.3,
CUUR0000SEGA,1998,M09,17.9,
CUUR0000SEGA,1998,M10,18.0,
CUUR0000SEGA,1998,M11,17.7,
CUUR0000SEGA,1998,M12,20.9,
CUUR0000SEGA,1999,M01,22.3,
CUUR0000SEGA,1999,M02,22.0,
CUUR0000SEGA,1999,M03,21.2,
CUUR0000SEGA,1999,M04,22.1,
CUUR0000SEGA,1999,M05,21.8,
CUUR0000SEGA,1999,M06,21.6,
CUUR0000SEGA,1999,M07,22.4,
CUUR0000SEGA,1999,M08,22.1,
CUUR0000SEGA,1999,M09,23.6,
CUUR0000SEGA,1999,M10,23.5,
CUUR0000SEGA,1999,M11,23.3,
CUUR0000SEGA,1999,M12,23.3,
CUUR0000SEGA,2000,M01,23.6,
CUUR0000SEGA,2000,M02,24.1,
CUUR0000SEGA,2000,M03,24.4,
CUUR0000SEGA,2000,M04,25.5,
CUUR0000SEGA,2000,M05,24.8,
CUUR0000SEGA,2000,M06,24.5,
CUUR0000SEGA,2000,M07,25.3,
CUUR0000SEGA,2000,M08,24.8,
CUUR0000SEGA,2000,M09,25.7,
CUUR0000SEGA,2000,M10,25.0,
CUUR0000SEGA,2000,M11,25.9,
CUUR0000SEGA,2000,M12,25.0,
CUUR0000SEGA,2001,M01,25.5,
CUUR0000SEGA,2001,M02,25.8,
CUUR0000SEGA,2001,M03,25.7,
CUUR0000SEGA,2001,M04,26.7,
CUUR0000SEGA,2001,M05,26.4,
CUUR0000SEGA,2001,M06,26.5,
CUUR0000SEGA,2001,M07,27.8,
CUUR0000SEGA,2001,M08,26.8,
CUUR0000SEGA,2001,M09,28.0,
CUUR0000SEGA,2001,M10,27.1,
CUUR0000SEGA,2001,M11,28.2,
CUUR0000SEGA,2001,M12,27.2,
CUUR0000SEGA,2002,M01,27.3,
CUUR0000SEGA,2002,M02,28.3,
CUUR0000SEGA,2002,M03,27.3,
CUUR0000SEGA,2002,M04,29.1,
CUUR0000SEGA,2002,M05,28.3,
CUUR0000SEGA,2002,M06,29.5,
CUUR0000SEGA,2002,M07,29.5,
CUUR0000SEGA,2002,M08,30.2,
CUUR0000SEGA,2002,M09,30.6,
CUUR0000SEGA,2002,M10,29.7,
CUUR0000SEGA,2002,M11,29.7,
CUUR0000SEGA,2002,M12,29.8,
CUUR0000SEGA,2003,M01,29.8,
CUUR0000SEGA,2003,M02,29.8,
CUUR0000SEGA,2003,M03,29.5,
CUUR0000SEGA,2003,M04,29.5,
CUUR0000SEGA,2003,M05,29.4,
CUUR0000SEGA,2003,M06,29.2,
CUUR0000SEGA,2003,M07,29.6,
CUUR0000SEGA,2003,M08,29.7,
CUUR0000SEGA,2003,M09,29.6,
CUUR0000SEGA,2003,M10,29.6,
CUUR0000SEGA,2003,M11,29.6,
CUUR0000SEGA,2003,M12,29.7,
CUUR0000SEGA,2004,M01,29.8,
CUUR0000SEGA,2004,M02,29.8,
CUUR0000SEGA,2004,M03,29.9,
CUUR0000SEGA,2004,M04,29.8,
CUUR0000SEGA,2004,M05,29.9,
CUUR0000SEGA,2004,M06,30.0,
CUUR0000SEGA,2004,M07,30.3,
CUUR0000SEGA,2004,M08,30.4,
CUUR0000SEGA,2004,M09,30.4,
CUUR0000SEGA,2004,M10,30.4,
CUUR0000SEGA,2004,M11,30.4,
CUUR0000SEGA,2004,M12,30.6,
CUUR0000SEGA,2005,M01,31.1,
CUUR0000SEGA,2005,M02,31.3,
CUUR0000SEGA,2005,M03,31.3,
CUUR0000SEGA,2005,M04,31.3,
CUUR0000SEGA,2005,M05,31.4,
CUUR0000SEGA,2005,M06,31.4,
CUUR0000SEGA,2005,M07,31.7,
CUUR0000SEGA,2005,M08,31.9,
CUUR0000SEGA,2005,M09,32.2,
CUUR0000SEGA,2005,M10,32.1,
CUUR0000SEGA,2005,M11,32.2,
CUUR0000SEGA,2005,M12,32.4,
CUUR0000SEGA,2006,M01,32.5,
CUUR0000SEGA,2006,M02,32.5,
CUUR0000SEGA,2006,M03,32.7,
CUUR0000SEGA,2006,M04,32.7,
CUUR0000SEGA,2006,M05,32.6,
CUUR0000SEGA,2006,M06,32.9,
CUUR0000SEGA,2006,M07,32.9,
CUUR0000SEGA,2006,M08,32.9,
CUUR0000SEGA,2006,M09,32.8,
CUUR0000SEGA,2006,M10,32.9,
CUUR0000SEGA,2006,M11,32.7,
CUUR0000SEGA,2006,M12,33.2,
CUUR0000SEGA,2007,M01,34.269,
CUUR0000SEGA,2007,M02,34.611,
CUUR0000SEGA,2007,M03,34.682,
CUUR0000SEGA,2007,M04,34.533,
CUUR0000SEGA,2007,M05,34.662,
CUUR0000SEGA,2007,M06,34.826,
CUUR0000SEGA,2007,M07,34.932,
CUUR0000SEGA,2007,M08,35.010,
CUUR0000SEGA,2007,M09,35.288,
CUUR0000SEGA,2007,M10,35.351,
CUUR0000SEGA,2007,M11,35.435,
CUUR0000SEGA,2007,M12,35.733,
CUUR0000SEGA,2008,M01,36.111,
CUUR0000SEGA,2008,M02,36.271,
CUUR0000SEGA,2008,M03,36.250,
CUUR0000SEGA,2008,M04,36.343,
CUUR0000SEGA,2008,M05,36.647,
CUUR0000SEGA,2008,M06,37.197,
CUUR0000SEGA,2008,M07,37.630,
CUUR0000SEGA,2008,M08,37.667,
CUUR0000SEGA,2008,M09,37.681,
CUUR0000SEGA,2008,M10,37.817,
CUUR0000SEGA,2008,M11,37.822,
CUUR0000SEGA,2008,M12,38.000,
CUUR0000SEGA,2009,M01,38.300,
CUUR0000SEGA,2009,M02,38.562,
CUUR0000SEGA,2009,M03,42.820,
CUUR0000SEGA,2009,M04,46.815,
CUUR0000SEGA,2009,M05,46.681,
CUUR0000SEGA,2009,M06,47.057,
CUUR0000SEGA,2009,M07,48.106,
CUUR0000SEGA,2009,M08,48.151,
CUUR0000SEGA,2009,M09,48.621,
CUUR0000SEGA,2009,M10,48.790,
CUUR0000SEGA,2009,M11,49.280,
CUUR0000SEGA,2009,M12,49.423,
CUUR0000SEGA,2010,M01,49.616,
CUUR0000SEGA,2010,M02,49.544,
CUUR0000SEGA,2010,M03,49.642,
CUUR0000SEGA,2010,M04,49.692,
CUUR0000SEGA,2010,M05,50.330,
CUUR0000SEGA,2010,M06,50.833,
CUUR0000SEGA,2010,M07,51.656,
CUUR0000SEGA,2010,M08,51.873,
CUUR0000SEGA,2010,M09,51.943,
CUUR0000SEGA,2010,M10,51.802,
CUUR0000SEGA,2010,M11,51.759,
CUUR0000SEGA,2010,M12,52.190,
CUUR0000SEGA,2011,M01,52.215,
CUUR0000SEGA,2011,M02,52.307,
CUUR0000SEGA,2011,M03,52.380,
CUUR0000SEGA,2011,M04,52.165,
CUUR0000SEGA,2011,M05,52.064,
CUUR0000SEGA,2011,M06,52.264,
CUUR0000SEGA,2011,M07,52.530,
CUUR0000SEGA,2011,M08,52.804,
CUUR0000SEGA,2011,M09,53.165,
CUUR0000SEGA,2011,M10,53.142,
CUUR0000SEGA,2011,M11,53.194,
CUUR0000SEGA,2011,M12,53.412,
CUUR0000SEGA,2012,M01,53.661,
CUUR0000SEGA,2012,M02,53.464,
CUUR0000SEGA,2012,M03,53.330,
CUUR0000SEGA,2012,M04,53.410,
CUUR0000SEGA,2012,M05,53.321,
CUUR0000SEGA,2012,M06,53.539,
CUUR0000SEGA,2012,M07,54.148,
CUUR0000SEGA,2012,M08,54.084,
CUUR0000SEGA,2012,M09,54.171,
CUUR0000SEGA,2012,M10,54.109,
CUUR0000SEGA,2012,M11,54.134,
CUUR0000SEGA,2012,M12,54.414,
CUUR0000SEGA,2013,M01,54.710,
CUUR0000SEGA,2013,M02,54.581,
CUUR0000SEGA,2013,M03,54.473,
CUUR0000SEGA,2013,M04,54.799,
CUUR0000SEGA,2013,M05,54.794,
CUUR0000SEGA,2013,M06,54.847,
CUUR0000SEGA,2013,M07,55.601,
CUUR0000SEGA,2013,M08,55.841,
CUUR0000SEGA,2013,M09,55.898,
CUUR0000SEGA,2013,M10,55.934,
CUUR0000SEGA,2013,M11,55.837,
CUUR0000SEGA,2013,M12,56.147,
CUUR0000SEGA,2014,M01,56.532,
CUUR0000SEGA,2014,M02,56.453,
CUUR0000SEGA,2014,M03,56.488,
CUUR0000SEGA,2014,M04,56.517,
CUUR0000SEGA,2014,M05,56.633,
CUUR0000SEGA,2014,M06,57.205,
CUUR0000SEGA,2014,M07,57.041,
CUUR0000SEGA,2014,M08,57.063,
CUUR0000SEGA,2014,M09,57.033,
CUUR0000SEGA,2014,M10,57.373,
CUUR0000SEGA,2014,M11,57.356,
CUUR0000SEGA,2014,M12,57.804,
CUUR0000SEGA,2015,M01,57.868,
CUUR0000SEGA,2015,M02,57.923,
CUUR0000SEGA,2015,M03,57.963,
CUUR0000SEGA,2015,M04,57.875,
CUUR0000SEGA,2015,M05,58.035,
CUUR0000SEGA,2015,M06,58.613,
CUUR0000SEGA,2015,M07,59.015,
CUUR0000SEGA,2015,M08,59.214,
CUUR0000SEGA,2015,M09,59.168,
CUUR0000SEGA,2015,M10,59.329,
CUUR0000SEGA,2015,M11,59.471,
CUUR0000SEGA,2015,M12,59.867,
CUUR0000SEGA,2016,M01,60.063,
CUUR0000SEGA,2016,M02,59.981,
CUUR0000SEGA,2016,M03,60.124,
CUUR0000SEGA,2016,M04,60.041,
CUUR0000SEGA,2016,M05,60.140,
CUUR0000SEGA,2016,M06,60.712,
CUUR0000SEGA,2016,M07,60.699,
CUUR0000SEGA,2016,M08,61.101,
CUUR0000SEGA,2016,M09,61.222,
CUUR0000SEGA,2016,M10,61.387,
CUUR0000SEGA,2016,M11,61.486,
CUUR0000SEGA,2016,M12,62.001,
CUUR0000SEGA,2017,M01,62.092,
CUUR0000SEGA,2017,M02,62.094,
CUUR0000SEGA,2017,M03,62.293,
CUUR0000SEGA,2017,M04,64.693,
CUUR0000SEGA,2017,M05,64.703,
CUUR0000SEGA,2017,M06,64.870,
CUUR0000SEGA,2017,M07,64.993,
CUUR0000SEGA,2017,M08,64.923,
CUUR0000SEGA,2017,M09,65.067,
CUUR0000SEGA,2017,M10,66.078,
CUUR0000SEGA,2017,M11,66.096,
CUUR0000SEGA,2017,M12,66.006,
CUUR0000SEGA,2018,M01,66.213,
CUUR0000SEGA,2018,M02,66.167,
CUUR0000SEGA,2018,M03,65.985,
CUUR0000SEGA,2018,M04,66.642,
CUUR0000SEGA,2018,M05,66.818,
CUUR0000SEGA,2018,M06,66.843,
CUUR0000SEGA,2018,M07,67.022,
CUUR0000SEGA,2018,M08,67.097,
CUUR0000SEGA,2018,M09,67.155,
CUUR0000SEGA,2018,M10,68.175,
CUUR0000SEGA,2018,M11,68.322,
CUUR0000SEGA,2018,M12,68.242,
CUUR0000SEGA,2019,M01,68.478,
CUUR0000SEGA,2019,M02,68.617,
CUUR0000SEGA,2019,M03,69.565,
CUUR0000SEGA,2019,M04,69.689,
CUUR0000SEGA,2019,M05,69.884,
CUUR0000SEGA,2019,M06,69.935,
CUUR0000SEGA,2019,M07,70.626,
CUUR0000SEGA,2019,M08,70.880,
CUUR0000SEGA,2019,M09,71.134,
CUUR0000SEGA,2019,M10,71.540,
CUUR0000SEGA,2019,M11,72.064,
CUUR0000SEGA,2019,M12,71.984,
CUUR0000SEGA,2020,M01,72.176,
CUUR0000SEGA,2020,M02,72.435,
CUUR0000SEGA,2020,M03,73.312,
CUUR0000SEGA,2020,M04,73.135,
CUUR0000SEGA,2020,M05,72.904,
CUUR0000SEGA,2020,M06,73.508,
CUUR0000SEGA,2020,M07,74.283,
CUUR0000SEGA,2020,M08,74.440,
CUUR0000SEGA,2020,M09,74.656,
CUUR0000SEGA,2020,M10,74.792,
CUUR0000SEGA,2020,M11,75.201,
CUUR0000SEGA,2020,M12,75.636,
CUUR0000SEGA,2021,M01,76.987,
CUUR0000SEGA,2021,M02,77.480,
CUUR0000SEGA,2021,M03,77.959,
CUUR0000SEGA,2021,M04,78.085,
CUUR0000SEGA,2021,M05,78.194,
CUUR0000SEGA,2021,M06,78.667,
CUUR0000SEGA,2021,M07,79.026,
CUUR0000SEGA,2021,M08,79.103,
CUUR0000SEGA,2021,M09,79.673,
CUUR0000SEGA,2021,M10,81.157,
CUUR0000SEGA,2021,M11,81.893,
CUUR0000SEGA,2021,M12,82.478,
CUUR0000SEGA,2022,M01,82.408,
CUUR0000SEGA,2022,M02,82.908,
CUUR0000SEGA,2022,M03,83.354,
CUUR0000SEGA,2022,M04,83.692,
CUUR0000SEGA,2022,M05,84.404,
CUUR0000SEGA,2022,M06,84.876,
CUUR0000SEGA,2022,M07,85.102,
CUUR0000SEGA,2022,M08,86.056,
CUUR0000SEGA,2022,M09,86.226,
CUUR0000SEGA,2022,M10,86.504,
CUUR0000SEGA,2022,M11,87.077,
CUUR0000SEGA,2022,M12,86.991,
CUUR0000SEGA,2023,M01,87.571,
CUUR0000SEGA,2023,M02,88.457,
CUUR0000SEGA,2023,M03,89.122,
CUUR0000SEGA,2023,M04,89.219,
CUUR0000SEGA,2023,M05,89.734,
CUUR0000SEGA,2023,M06,89.809,
CUUR0000SEGA,2023,M07,90.252,
CUUR0000SEGA,2023,M08,90.836,
CUUR0000SEGA,2023,M09,91.034,
CUUR0000SEGA,2023,M10,92.756,
CUUR0000SEGA,2023,M11,93.814,
CUUR0000SEGA,2023,M12,93.757,
CUUR0000SEGA,2024,M01,94.050,
CUUR0000SEGA,2024,M02,94.771,
CUUR0000SEGA,2024,M03,95.161,
CUUR0000SEGA,2024,M04,95.207,
CUUR0000SEGA,2024,M05,96.731,
CUUR0000SEGA,2024,M06,97.198,
CUUR0000SEGA,2024,M07,97.347,
CUUR0000SEGA,2024,M08,98.496,
CUUR0000SEGA,2024,M09,98.515,
CUUR0000SEGA,2024,M10,99.068,
CUUR0000SEGA,2024,M11,100.022,
CUUR0000SEGA,2024,M12,100.000,
CUUR0000SEGA,2025,M01,100.411,
CUUR0000SEGA,2025,M02,101.010,
CUUR0000SEGA,2025,M03,101.661,
CUUR0000SEGA,2025,M04,101.947,
CUUR0000SEGA,2025,M05,102.789,
CUUR0000SEGA,2025,M06,103.335,
CUUR0000SEGA,2025,M07,103.643,
CUUR0000SEGA,2025,M08,104.707,
CUUR0000SEGA,2025,M09,105.331,
CUUR0000SEGA,2025,M10,-,Data unavailable due to the 2025 lapse in appropriations
CUUR0000SEGA,2025,M11,106.948,
CUUR0000SEGA,2025,M12,106.754,
CUUR0000SEGA,2026,M01,108.944,
CUUR0000SEGA,2026,M02,109.106,
CUUR0000SEGA,2026,M03,109.176,
CUUR0000SEGA,2026,M04,109.696,
CUUR0000SEGA,2026,M05,110.801,
CUUR0000SEGA,2026,M06,110.045,
CUUR0000SEGA,2026,M07,110.593,
CUUR0000SEHA,1997,M01,164.4,
CUUR0000SEHA,1997,M02,164.8,
CUUR0000SEHA,1997,M03,165.1,
CUUR0000SEHA,1997,M04,165.5,
CUUR0000SEHA,1997,M05,165.9,
CUUR0000SEHA,1997,M06,166.4,
CUUR0000SEHA,1997,M07,166.8,
CUUR0000SEHA,1997,M08,167.3,
CUUR0000SEHA,1997,M09,167.8,
CUUR0000SEHA,1997,M10,168.2,
CUUR0000SEHA,1997,M11,168.7,
CUUR0000SEHA,1997,M12,169.1,
CUUR0000SEHA,1998,M01,169.5,
CUUR0000SEHA,1998,M02,169.9,
CUUR0000SEHA,1998,M03,170.3,
CUUR0000SEHA,1998,M04,170.7,
CUUR0000SEHA,1998,M05,171.1,
CUUR0000SEHA,1998,M06,171.7,
CUUR0000SEHA,1998,M07,172.2,
CUUR0000SEHA,1998,M08,172.8,
CUUR0000SEHA,1998,M09,173.4,
CUUR0000SEHA,1998,M10,173.9,
CUUR0000SEHA,1998,M11,174.5,
CUUR0000SEHA,1998,M12,174.9,
CUUR0000SEHA,1999,M01,175.3,
CUUR0000SEHA,1999,M02,175.6,
CUUR0000SEHA,1999,M03,176.0,
CUUR0000SEHA,1999,M04,176.4,
CUUR0000SEHA,1999,M05,176.7,
CUUR0000SEHA,1999,M06,177.1,
CUUR0000SEHA,1999,M07,177.5,
CUUR0000SEHA,1999,M08,177.9,
CUUR0000SEHA,1999,M09,178.4,
CUUR0000SEHA,1999,M10,178.8,
CUUR0000SEHA,1999,M11,179.8,
CUUR0000SEHA,1999,M12,180.3,
CUUR0000SEHA,2000,M01,181.1,
CUUR0000SEHA,2000,M02,181.5,
CUUR0000SEHA,2000,M03,182.0,
CUUR0000SEHA,2000,M04,182.3,
CUUR0000SEHA,2000,M05,182.7,
CUUR0000SEHA,2000,M06,183.2,
CUUR0000SEHA,2000,M07,183.9,
CUUR0000SEHA,2000,M08,184.6,
CUUR0000SEHA,2000,M09,185.3,
CUUR0000SEHA,2000,M10,186.1,
CUUR0000SEHA,2000,M11,186.8,
CUUR0000SEHA,2000,M12,187.6,
CUUR0000SEHA,2001,M01,188.2,
CUUR0000SEHA,2001,M02,188.9,
CUUR0000SEHA,2001,M03,189.6,
CUUR0000SEHA,2001,M04,190.2,
CUUR0000SEHA,2001,M05,191.0,
CUUR0000SEHA,2001,M06,191.6,
CUUR0000SEHA,2001,M07,192.3,
CUUR0000SEHA,2001,M08,193.1,
CUUR0000SEHA,2001,M09,193.9,
CUUR0000SEHA,2001,M10,194.7,
CUUR0000SEHA,2001,M11,195.5,
CUUR0000SEHA,2001,M12,196.4,
CUUR0000SEHA,2002,M01,197.0,
CUUR0000SEHA,2002,M02,197.7,
CUUR0000SEHA,2002,M03,198.2,
CUUR0000SEHA,2002,M04,198.5,
CUUR0000SEHA,2002,M05,198.8,
CUUR0000SEHA,2002,M06,199.3,
CUUR0000SEHA,2002,M07,199.8,
CUUR0000SEHA,2002,M08,200.2,
CUUR0000SEHA,2002,M09,200.7,
CUUR0000SEHA,2002,M10,201.3,
CUUR0000SEHA,2002,M11,202.0,
CUUR0000SEHA,2002,M12,202.5,
CUUR0000SEHA,2003,M01,203.3,
CUUR0000SEHA,2003,M02,203.7,
CUUR0000SEHA,2003,M03,204.1,
CUUR0000SEHA,2003,M04,204.5,
CUUR0000SEHA,2003,M05,204.9,
CUUR0000SEHA,2003,M06,205.1,
CUUR0000SEHA,2003,M07,205.6,
CUUR0000SEHA,2003,M08,206.1,
CUUR0000SEHA,2003,M09,206.6,
CUUR0000SEHA,2003,M10,206.9,
CUUR0000SEHA,2003,M11,207.5,
CUUR0000SEHA,2003,M12,207.9,
CUUR0000SEHA,2004,M01,208.3,
CUUR0000SEHA,2004,M02,208.8,
CUUR0000SEHA,2004,M03,209.2,
CUUR0000SEHA,2004,M04,209.7,
CUUR0000SEHA,2004,M05,210.2,
CUUR0000SEHA,2004,M06,210.7,
CUUR0000SEHA,2004,M07,211.2,
CUUR0000SEHA,2004,M08,211.9,
CUUR0000SEHA,2004,M09,212.4,
CUUR0000SEHA,2004,M10,212.8,
CUUR0000SEHA,2004,M11,213.2,
CUUR0000SEHA,2004,M12,213.9,
CUUR0000SEHA,2005,M01,214.5,
CUUR0000SEHA,2005,M02,215.0,
CUUR0000SEHA,2005,M03,215.5,
CUUR0000SEHA,2005,M04,216.0,
CUUR0000SEHA,2005,M05,216.4,
CUUR0000SEHA,2005,M06,216.8,
CUUR0000SEHA,2005,M07,217.5,
CUUR0000SEHA,2005,M08,218.0,
CUUR0000SEHA,2005,M09,218.6,
CUUR0000SEHA,2005,M10,219.3,
CUUR0000SEHA,2005,M11,220.0,
CUUR0000SEHA,2005,M12,220.5,
CUUR0000SEHA,2006,M01,220.9,
CUUR0000SEHA,2006,M02,221.6,
CUUR0000SEHA,2006,M03,222.3,
CUUR0000SEHA,2006,M04,222.9,
CUUR0000SEHA,2006,M05,223.6,
CUUR0000SEHA,2006,M06,224.4,
CUUR0000SEHA,2006,M07,225.2,
CUUR0000SEHA,2006,M08,226.2,
CUUR0000SEHA,2006,M09,227.1,
CUUR0000SEHA,2006,M10,228.0,
CUUR0000SEHA,2006,M11,228.9,
CUUR0000SEHA,2006,M12,230.0,
CUUR0000SEHA,2007,M01,230.806,
CUUR0000SEHA,2007,M02,231.739,
CUUR0000SEHA,2007,M03,232.495,
CUUR0000SEHA,2007,M04,232.980,
CUUR0000SEHA,2007,M05,233.549,
CUUR0000SEHA,2007,M06,234.071,
CUUR0000SEHA,2007,M07,234.732,
CUUR0000SEHA,2007,M08,235.311,
CUUR0000SEHA,2007,M09,236.058,
CUUR0000SEHA,2007,M10,237.135,
CUUR0000SEHA,2007,M11,238.169,
CUUR0000SEHA,2007,M12,239.102,
CUUR0000SEHA,2008,M01,239.850,
CUUR0000SEHA,2008,M02,240.325,
CUUR0000SEHA,2008,M03,240.874,
CUUR0000SEHA,2008,M04,241.474,
CUUR0000SEHA,2008,M05,241.803,
CUUR0000SEHA,2008,M06,242.640,
CUUR0000SEHA,2008,M07,243.367,
CUUR0000SEHA,2008,M08,244.181,
CUUR0000SEHA,2008,M09,244.926,
CUUR0000SEHA,2008,M10,245.855,
CUUR0000SEHA,2008,M11,246.681,
CUUR0000SEHA,2008,M12,247.278,
CUUR0000SEHA,2009,M01,247.974,
CUUR0000SEHA,2009,M02,248.305,
CUUR0000SEHA,2009,M03,248.639,
CUUR0000SEHA,2009,M04,248.899,
CUUR0000SEHA,2009,M05,249.069,
CUUR0000SEHA,2009,M06,249.092,
CUUR0000SEHA,2009,M07,248.994,
CUUR0000SEHA,2009,M08,249.029,
CUUR0000SEHA,2009,M09,248.965,
CUUR0000SEHA,2009,M10,248.888,
CUUR0000SEHA,2009,M11,248.886,
CUUR0000SEHA,2009,M12,248.999,
CUUR0000SEHA,2010,M01,249.144,
CUUR0000SEHA,2010,M02,249.017,
CUUR0000SEHA,2010,M03,249.089,
CUUR0000SEHA,2010,M04,249.012,
CUUR0000SEHA,2010,M05,248.925,
CUUR0000SEHA,2010,M06,248.999,
CUUR0000SEHA,2010,M07,249.126,
CUUR0000SEHA,2010,M08,249.024,
CUUR0000SEHA,2010,M09,249.368,
CUUR0000SEHA,2010,M10,249.618,
CUUR0000SEHA,2010,M11,250.317,
CUUR0000SEHA,2010,M12,250.986,
CUUR0000SEHA,2011,M01,251.555,
CUUR0000SEHA,2011,M02,251.829,
CUUR0000SEHA,2011,M03,252.145,
CUUR0000SEHA,2011,M04,252.221,
CUUR0000SEHA,2011,M05,252.393,
CUUR0000SEHA,2011,M06,252.592,
CUUR0000SEHA,2011,M07,253.085,
CUUR0000SEHA,2011,M08,254.003,
CUUR0000SEHA,2011,M09,254.628,
CUUR0000SEHA,2011,M10,255.651,
CUUR0000SEHA,2011,M11,256.367,
CUUR0000SEHA,2011,M12,257.189,
CUUR0000SEHA,2012,M01,257.714,
CUUR0000SEHA,2012,M02,258.184,
CUUR0000SEHA,2012,M03,258.569,
CUUR0000SEHA,2012,M04,258.922,
CUUR0000SEHA,2012,M05,259.231,
CUUR0000SEHA,2012,M06,259.407,
CUUR0000SEHA,2012,M07,260.107,
CUUR0000SEHA,2012,M08,260.677,
CUUR0000SEHA,2012,M09,261.421,
CUUR0000SEHA,2012,M10,262.707,
CUUR0000SEHA,2012,M11,263.365,
CUUR0000SEHA,2012,M12,264.098,
CUUR0000SEHA,2013,M01,264.700,
CUUR0000SEHA,2013,M02,265.256,
CUUR0000SEHA,2013,M03,265.821,
CUUR0000SEHA,2013,M04,265.984,
CUUR0000SEHA,2013,M05,266.559,
CUUR0000SEHA,2013,M06,266.905,
CUUR0000SEHA,2013,M07,267.482,
CUUR0000SEHA,2013,M08,268.505,
CUUR0000SEHA,2013,M09,269.137,
CUUR0000SEHA,2013,M10,269.960,
CUUR0000SEHA,2013,M11,270.698,
CUUR0000SEHA,2013,M12,271.688,
CUUR0000SEHA,2014,M01,272.317,
CUUR0000SEHA,2014,M02,272.733,
CUUR0000SEHA,2014,M03,273.486,
CUUR0000SEHA,2014,M04,274.100,
CUUR0000SEHA,2014,M05,274.710,
CUUR0000SEHA,2014,M06,275.321,
CUUR0000SEHA,2014,M07,276.248,
CUUR0000SEHA,2014,M08,277.048,
CUUR0000SEHA,2014,M09,277.998,
CUUR0000SEHA,2014,M10,278.985,
CUUR0000SEHA,2014,M11,280.123,
CUUR0000SEHA,2014,M12,280.874,
CUUR0000SEHA,2015,M01,281.572,
CUUR0000SEHA,2015,M02,282.389,
CUUR0000SEHA,2015,M03,283.130,
CUUR0000SEHA,2015,M04,283.598,
CUUR0000SEHA,2015,M05,284.245,
CUUR0000SEHA,2015,M06,285.031,
CUUR0000SEHA,2015,M07,286.090,
CUUR0000SEHA,2015,M08,287.068,
CUUR0000SEHA,2015,M09,288.306,
CUUR0000SEHA,2015,M10,289.428,
CUUR0000SEHA,2015,M11,290.322,
CUUR0000SEHA,2015,M12,291.204,
CUUR0000SEHA,2016,M01,292.004,
CUUR0000SEHA,2016,M02,292.777,
CUUR0000SEHA,2016,M03,293.489,
CUUR0000SEHA,2016,M04,294.175,
CUUR0000SEHA,2016,M05,295.036,
CUUR0000SEHA,2016,M06,295.902,
CUUR0000SEHA,2016,M07,296.862,
CUUR0000SEHA,2016,M08,297.916,
CUUR0000SEHA,2016,M09,298.962,
CUUR0000SEHA,2016,M10,300.400,
CUUR0000SEHA,2016,M11,301.587,
CUUR0000SEHA,2016,M12,302.735,
CUUR0000SEHA,2017,M01,303.467,
CUUR0000SEHA,2017,M02,304.211,
CUUR0000SEHA,2017,M03,304.868,
CUUR0000SEHA,2017,M04,305.477,
CUUR0000SEHA,2017,M05,306.379,
CUUR0000SEHA,2017,M06,307.314,
CUUR0000SEHA,2017,M07,308.173,
CUUR0000SEHA,2017,M08,309.479,
CUUR0000SEHA,2017,M09,310.268,
CUUR0000SEHA,2017,M10,311.501,
CUUR0000SEHA,2017,M11,312.670,
CUUR0000SEHA,2017,M12,313.904,
CUUR0000SEHA,2018,M01,314.788,
CUUR0000SEHA,2018,M02,315.277,
CUUR0000SEHA,2018,M03,315.883,
CUUR0000SEHA,2018,M04,316.763,
CUUR0000SEHA,2018,M05,317.490,
CUUR0000SEHA,2018,M06,318.318,
CUUR0000SEHA,2018,M07,319.351,
CUUR0000SEHA,2018,M08,320.651,
CUUR0000SEHA,2018,M09,321.533,
CUUR0000SEHA,2018,M10,322.628,
CUUR0000SEHA,2018,M11,323.968,
CUUR0000SEHA,2018,M12,324.815,
CUUR0000SEHA,2019,M01,325.597,
CUUR0000SEHA,2019,M02,326.351,
CUUR0000SEHA,2019,M03,327.513,
CUUR0000SEHA,2019,M04,328.678,
CUUR0000SEHA,2019,M05,329.333,
CUUR0000SEHA,2019,M06,330.648,
CUUR0000SEHA,2019,M07,331.605,
CUUR0000SEHA,2019,M08,332.638,
CUUR0000SEHA,2019,M09,333.834,
CUUR0000SEHA,2019,M10,334.680,
CUUR0000SEHA,2019,M11,335.819,
CUUR0000SEHA,2019,M12,336.789,
CUUR0000SEHA,2020,M01,337.825,
CUUR0000SEHA,2020,M02,338.616,
CUUR0000SEHA,2020,M03,339.519,
CUUR0000SEHA,2020,M04,340.135,
CUUR0000SEHA,2020,M05,340.811,
CUUR0000SEHA,2020,M06,341.294,
CUUR0000SEHA,2020,M07,341.950,
CUUR0000SEHA,2020,M08,342.444,
CUUR0000SEHA,2020,M09,342.910,
CUUR0000SEHA,2020,M10,343.615,
CUUR0000SEHA,2020,M11,344.039,
CUUR0000SEHA,2020,M12,344.455,
CUUR0000SEHA,2021,M01,344.758,
CUUR0000SEHA,2021,M02,345.242,
CUUR0000SEHA,2021,M03,345.717,
CUUR0000SEHA,2021,M04,346.267,
CUUR0000SEHA,2021,M05,347.016,
CUUR0000SEHA,2021,M06,347.833,
CUUR0000SEHA,2021,M07,348.469,
CUUR0000SEHA,2021,M08,349.710,
CUUR0000SEHA,2021,M09,351.255,
CUUR0000SEHA,2021,M10,352.892,
CUUR0000SEHA,2021,M11,354.526,
CUUR0000SEHA,2021,M12,355.931,
CUUR0000SEHA,2022,M01,357.737,
CUUR0000SEHA,2022,M02,359.627,
CUUR0000SEHA,2022,M03,361.083,
CUUR0000SEHA,2022,M04,362.951,
CUUR0000SEHA,2022,M05,365.116,
CUUR0000SEHA,2022,M06,367.927,
CUUR0000SEHA,2022,M07,370.448,
CUUR0000SEHA,2022,M08,373.283,
CUUR0000SEHA,2022,M09,376.569,
CUUR0000SEHA,2022,M10,379.436,
CUUR0000SEHA,2022,M11,382.562,
CUUR0000SEHA,2022,M12,385.649,
CUUR0000SEHA,2023,M01,388.372,
CUUR0000SEHA,2023,M02,391.141,
CUUR0000SEHA,2023,M03,392.910,
CUUR0000SEHA,2023,M04,394.898,
CUUR0000SEHA,2023,M05,396.726,
CUUR0000SEHA,2023,M06,398.593,
CUUR0000SEHA,2023,M07,400.210,
CUUR0000SEHA,2023,M08,402.247,
CUUR0000SEHA,2023,M09,404.487,
CUUR0000SEHA,2023,M10,406.683,
CUUR0000SEHA,2023,M11,408.838,
CUUR0000SEHA,2023,M12,410.606,
CUUR0000SEHA,2024,M01,412.019,
CUUR0000SEHA,2024,M02,413.695,
CUUR0000SEHA,2024,M03,415.219,
CUUR0000SEHA,2024,M04,416.386,
CUUR0000SEHA,2024,M05,417.772,
CUUR0000SEHA,2024,M06,418.820,
CUUR0000SEHA,2024,M07,420.577,
CUUR0000SEHA,2024,M08,422.223,
CUUR0000SEHA,2024,M09,423.821,
CUUR0000SEHA,2024,M10,425.381,
CUUR0000SEHA,2024,M11,426.651,
CUUR0000SEHA,2024,M12,428.151,
CUUR0000SEHA,2025,M01,429.506,
CUUR0000SEHA,2025,M02,430.603,
CUUR0000SEHA,2025,M03,431.798,
CUUR0000SEHA,2025,M04,432.956,
CUUR0000SEHA,2025,M05,433.698,
CUUR0000SEHA,2025,M06,434.594,
CUUR0000SEHA,2025,M07,435.489,
CUUR0000SEHA,2025,M08,436.981,
CUUR0000SEHA,2025,M09,438.212,
CUUR0000SEHA,2025,M10,-,Data unavailable due to the 2025 lapse in appropriations
CUUR0000SEHA,2025,M11,439.275,
CUUR0000SEHA,2025,M12,440.667,
CUUR0000SEHA,2026,M01,441.718,
CUUR0000SEHA,2026,M02,442.157,
CUUR0000SEHA,2026,M03,442.864,
CUUR0000SEHA,2026,M04,445.029,
CUUR0000SEHA,2026,M05,446.380,
CUUR0000SEHA,2026,M06,446.945,
CUUR0000SEHA,2026,M07,447.963,
CUUR0000SEHB,1997,M12,100.0,
CUUR0000SEHB,1998,M01,105.1,
CUUR0000SEHB,1998,M02,109.3,
CUUR0000SEHB,1998,M03,111.2,
CUUR0000SEHB,1998,M04,110.2,
CUUR0000SEHB,1998,M05,108.7,
CUUR0000SEHB,1998,M06,109.6,
CUUR0000SEHB,1998,M07,111.7,
CUUR0000SEHB,1998,M08,112.9,
CUUR0000SEHB,1998,M09,109.8,
CUUR0000SEHB,1998,M10,109.5,
CUUR0000SEHB,1998,M11,106.3,
CUUR0000SEHB,1998,M12,103.8,
CUUR0000SEHB,1999,M01,107.1,
CUUR0000SEHB,1999,M02,110.5,
CUUR0000SEHB,1999,M03,114.5,
CUUR0000SEHB,1999,M04,114.6,
CUUR0000SEHB,1999,M05,111.8,
CUUR0000SEHB,1999,M06,113.8,
CUUR0000SEHB,1999,M07,117.1,
CUUR0000SEHB,1999,M08,117.1,
CUUR0000SEHB,1999,M09,113.8,
CUUR0000SEHB,1999,M10,113.1,
CUUR0000SEHB,1999,M11,108.5,
CUUR0000SEHB,1999,M12,105.8,
CUUR0000SEHB,2000,M01,111.3,
CUUR0000SEHB,2000,M02,115.1,
CUUR0000SEHB,2000,M03,120.9,
CUUR0000SEHB,2000,M04,119.4,
CUUR0000SEHB,2000,M05,117.5,
CUUR0000SEHB,2000,M06,120.5,
CUUR0000SEHB,2000,M07,122.8,
CUUR0000SEHB,2000,M08,123.0,
CUUR0000SEHB,2000,M09,118.1,
CUUR0000SEHB,2000,M10,118.5,
CUUR0000SEHB,2000,M11,113.9,
CUUR0000SEHB,2000,M12,108.8,
CUUR0000SEHB,2001,M01,114.1,
CUUR0000SEHB,2001,M02,119.1,
CUUR0000SEHB,2001,M03,124.2,
CUUR0000SEHB,2001,M04,121.8,
CUUR0000SEHB,2001,M05,120.0,
CUUR0000SEHB,2001,M06,123.7,
CUUR0000SEHB,2001,M07,124.0,
CUUR0000SEHB,2001,M08,125.2,
CUUR0000SEHB,2001,M09,116.8,
CUUR0000SEHB,2001,M10,114.5,
CUUR0000SEHB,2001,M11,111.6,
CUUR0000SEHB,2001,M12,108.6,
CUUR0000SEHB,2002,M01,113.1,
CUUR0000SEHB,2002,M02,119.3,
CUUR0000SEHB,2002,M03,121.9,
CUUR0000SEHB,2002,M04,122.1,
CUUR0000SEHB,2002,M05,120.1,
CUUR0000SEHB,2002,M06,120.9,
CUUR0000SEHB,2002,M07,121.7,
CUUR0000SEHB,2002,M08,123.8,
CUUR0000SEHB,2002,M09,117.6,
CUUR0000SEHB,2002,M10,117.0,
CUUR0000SEHB,2002,M11,113.2,
CUUR0000SEHB,2002,M12,109.2,
CUUR0000SEHB,2003,M01,114.3,
CUUR0000SEHB,2003,M02,117.6,
CUUR0000SEHB,2003,M03,119.7,
CUUR0000SEHB,2003,M04,118.7,
CUUR0000SEHB,2003,M05,121.4,
CUUR0000SEHB,2003,M06,122.4,
CUUR0000SEHB,2003,M07,124.8,
CUUR0000SEHB,2003,M08,125.1,
CUUR0000SEHB,2003,M09,118.5,
CUUR0000SEHB,2003,M10,120.9,
CUUR0000SEHB,2003,M11,115.0,
CUUR0000SEHB,2003,M12,112.9,
CUUR0000SEHB,2004,M01,117.2,
CUUR0000SEHB,2004,M02,120.0,
CUUR0000SEHB,2004,M03,128.1,
CUUR0000SEHB,2004,M04,129.1,
CUUR0000SEHB,2004,M05,128.2,
CUUR0000SEHB,2004,M06,129.1,
CUUR0000SEHB,2004,M07,132.2,
CUUR0000SEHB,2004,M08,130.6,
CUUR0000SEHB,2004,M09,127.2,
CUUR0000SEHB,2004,M10,128.0,
CUUR0000SEHB,2004,M11,121.9,
CUUR0000SEHB,2004,M12,118.7,
CUUR0000SEHB,2005,M01,122.6,
CUUR0000SEHB,2005,M02,128.9,
CUUR0000SEHB,2005,M03,138.3,
CUUR0000SEHB,2005,M04,136.2,
CUUR0000SEHB,2005,M05,131.7,
CUUR0000SEHB,2005,M06,132.8,
CUUR0000SEHB,2005,M07,136.4,
CUUR0000SEHB,2005,M08,134.3,
CUUR0000SEHB,2005,M09,124.7,
CUUR0000SEHB,2005,M10,129.7,
CUUR0000SEHB,2005,M11,125.2,
CUUR0000SEHB,2005,M12,122.8,
CUUR0000SEHB,2006,M01,127.5,
CUUR0000SEHB,2006,M02,133.4,
CUUR0000SEHB,2006,M03,140.4,
CUUR0000SEHB,2006,M04,140.4,
CUUR0000SEHB,2006,M05,137.9,
CUUR0000SEHB,2006,M06,139.1,
CUUR0000SEHB,2006,M07,142.8,
CUUR0000SEHB,2006,M08,141.1,
CUUR0000SEHB,2006,M09,135.0,
CUUR0000SEHB,2006,M10,135.7,
CUUR0000SEHB,2006,M11,130.7,
CUUR0000SEHB,2006,M12,127.7,
CUUR0000SEHB,2007,M01,133.633,
CUUR0000SEHB,2007,M02,139.160,
CUUR0000SEHB,2007,M03,142.247,
CUUR0000SEHB,2007,M04,144.832,
CUUR0000SEHB,2007,M05,144.112,
CUUR0000SEHB,2007,M06,148.622,
CUUR0000SEHB,2007,M07,153.016,
CUUR0000SEHB,2007,M08,150.236,
CUUR0000SEHB,2007,M09,144.480,
CUUR0000SEHB,2007,M10,143.172,
CUUR0000SEHB,2007,M11,136.703,
CUUR0000SEHB,2007,M12,133.545,
CUUR0000SEHB,2008,M01,140.176,
CUUR0000SEHB,2008,M02,144.092,
CUUR0000SEHB,2008,M03,149.434,
CUUR0000SEHB,2008,M04,146.378,
CUUR0000SEHB,2008,M05,145.634,
CUUR0000SEHB,2008,M06,148.621,
CUUR0000SEHB,2008,M07,153.032,
CUUR0000SEHB,2008,M08,149.146,
CUUR0000SEHB,2008,M09,143.597,
CUUR0000SEHB,2008,M10,141.140,
CUUR0000SEHB,2008,M11,133.555,
CUUR0000SEHB,2008,M12,129.157,
CUUR0000SEHB,2009,M01,133.559,
CUUR0000SEHB,2009,M02,135.809,
CUUR0000SEHB,2009,M03,137.715,
CUUR0000SEHB,2009,M04,137.700,
CUUR0000SEHB,2009,M05,135.680,
CUUR0000SEHB,2009,M06,138.318,
CUUR0000SEHB,2009,M07,139.424,
CUUR0000SEHB,2009,M08,137.454,
CUUR0000SEHB,2009,M09,133.706,
CUUR0000SEHB,2009,M10,133.485,
CUUR0000SEHB,2009,M11,125.426,
CUUR0000SEHB,2009,M12,122.638,
CUUR0000SEHB,2010,M01,125.778,
CUUR0000SEHB,2010,M02,128.991,
CUUR0000SEHB,2010,M03,133.075,
CUUR0000SEHB,2010,M04,134.331,
CUUR0000SEHB,2010,M05,136.121,
CUUR0000SEHB,2010,M06,140.476,
CUUR0000SEHB,2010,M07,143.358,
CUUR0000SEHB,2010,M08,139.999,
CUUR0000SEHB,2010,M09,135.800,
CUUR0000SEHB,2010,M10,133.580,
CUUR0000SEHB,2010,M11,126.704,
CUUR0000SEHB,2010,M12,125.665,
CUUR0000SEHB,2011,M01,128.630,
CUUR0000SEHB,2011,M02,131.572,
CUUR0000SEHB,2011,M03,136.486,
CUUR0000SEHB,2011,M04,136.597,
CUUR0000SEHB,2011,M05,139.094,
CUUR0000SEHB,2011,M06,145.608,
CUUR0000SEHB,2011,M07,150.095,
CUUR0000SEHB,2011,M08,145.100,
CUUR0000SEHB,2011,M09,140.259,
CUUR0000SEHB,2011,M10,136.551,
CUUR0000SEHB,2011,M11,130.687,
CUUR0000SEHB,2011,M12,128.131,
CUUR0000SEHB,2012,M01,131.601,
CUUR0000SEHB,2012,M02,136.832,
CUUR0000SEHB,2012,M03,141.314,
CUUR0000SEHB,2012,M04,141.337,
CUUR0000SEHB,2012,M05,144.775,
CUUR0000SEHB,2012,M06,150.656,
CUUR0000SEHB,2012,M07,149.964,
CUUR0000SEHB,2012,M08,145.981,
CUUR0000SEHB,2012,M09,142.337,
CUUR0000SEHB,2012,M10,140.038,
CUUR0000SEHB,2012,M11,132.399,
CUUR0000SEHB,2012,M12,129.021,
CUUR0000SEHB,2013,M01,134.070,
CUUR0000SEHB,2013,M02,138.380,
CUUR0000SEHB,2013,M03,143.390,
CUUR0000SEHB,2013,M04,143.766,
CUUR0000SEHB,2013,M05,147.984,
CUUR0000SEHB,2013,M06,151.783,
CUUR0000SEHB,2013,M07,154.024,
CUUR0000SEHB,2013,M08,149.328,
CUUR0000SEHB,2013,M09,144.440,
CUUR0000SEHB,2013,M10,137.585,
CUUR0000SEHB,2013,M11,133.973,
CUUR0000SEHB,2013,M12,130.549,
CUUR0000SEHB,2014,M01,136.139,
CUUR0000SEHB,2014,M02,140.893,
CUUR0000SEHB,2014,M03,148.106,
CUUR0000SEHB,2014,M04,148.418,
CUUR0000SEHB,2014,M05,155.353,
CUUR0000SEHB,2014,M06,156.450,
CUUR0000SEHB,2014,M07,158.859,
CUUR0000SEHB,2014,M08,155.817,
CUUR0000SEHB,2014,M09,151.721,
CUUR0000SEHB,2014,M10,149.158,
CUUR0000SEHB,2014,M11,141.711,
CUUR0000SEHB,2014,M12,138.799,
CUUR0000SEHB,2015,M01,145.132,
CUUR0000SEHB,2015,M02,148.975,
CUUR0000SEHB,2015,M03,155.576,
CUUR0000SEHB,2015,M04,155.926,
CUUR0000SEHB,2015,M05,156.841,
CUUR0000SEHB,2015,M06,157.666,
CUUR0000SEHB,2015,M07,163.525,
CUUR0000SEHB,2015,M08,158.443,
CUUR0000SEHB,2015,M09,154.657,
CUUR0000SEHB,2015,M10,152.228,
CUUR0000SEHB,2015,M11,145.660,
CUUR0000SEHB,2015,M12,141.412,
CUUR0000SEHB,2016,M01,149.009,
CUUR0000SEHB,2016,M02,155.218,
CUUR0000SEHB,2016,M03,159.114,
CUUR0000SEHB,2016,M04,157.979,
CUUR0000SEHB,2016,M05,162.843,
CUUR0000SEHB,2016,M06,168.337,
CUUR0000SEHB,2016,M07,166.094,
CUUR0000SEHB,2016,M08,164.100,
CUUR0000SEHB,2016,M09,160.425,
CUUR0000SEHB,2016,M10,158.887,
CUUR0000SEHB,2016,M11,148.931,
CUUR0000SEHB,2016,M12,146.025,
CUUR0000SEHB,2017,M01,151.949,
CUUR0000SEHB,2017,M02,157.580,
CUUR0000SEHB,2017,M03,159.706,
CUUR0000SEHB,2017,M04,162.509,
CUUR0000SEHB,2017,M05,166.553,
CUUR0000SEHB,2017,M06,168.214,
CUUR0000SEHB,2017,M07,162.167,
CUUR0000SEHB,2017,M08,164.450,
CUUR0000SEHB,2017,M09,161.791,
CUUR0000SEHB,2017,M10,161.041,
CUUR0000SEHB,2017,M11,149.818,
CUUR0000SEHB,2017,M12,146.870,
CUUR0000SEHB,2018,M01,150.024,
CUUR0000SEHB,2018,M02,155.197,
CUUR0000SEHB,2018,M03,163.604,
CUUR0000SEHB,2018,M04,165.050,
CUUR0000SEHB,2018,M05,173.850,
CUUR0000SEHB,2018,M06,170.952,
CUUR0000SEHB,2018,M07,170.378,
CUUR0000SEHB,2018,M08,168.400,
CUUR0000SEHB,2018,M09,162.721,
CUUR0000SEHB,2018,M10,157.125,
CUUR0000SEHB,2018,M11,147.609,
CUUR0000SEHB,2018,M12,147.956,
CUUR0000SEHB,2019,M01,153.869,
CUUR0000SEHB,2019,M02,161.330,
CUUR0000SEHB,2019,M03,168.321,
CUUR0000SEHB,2019,M04,171.822,
CUUR0000SEHB,2019,M05,176.575,
CUUR0000SEHB,2019,M06,177.637,
CUUR0000SEHB,2019,M07,178.155,
CUUR0000SEHB,2019,M08,171.827,
CUUR0000SEHB,2019,M09,170.792,
CUUR0000SEHB,2019,M10,160.340,
CUUR0000SEHB,2019,M11,152.399,
CUUR0000SEHB,2019,M12,147.590,
CUUR0000SEHB,2020,M01,153.531,
CUUR0000SEHB,2020,M02,162.574,
CUUR0000SEHB,2020,M03,157.565,
CUUR0000SEHB,2020,M04,147.847,
CUUR0000SEHB,2020,M05,149.800,
CUUR0000SEHB,2020,M06,152.721,
CUUR0000SEHB,2020,M07,154.349,
CUUR0000SEHB,2020,M08,152.224,
CUUR0000SEHB,2020,M09,148.585,
CUUR0000SEHB,2020,M10,138.300,
CUUR0000SEHB,2020,M11,135.954,
CUUR0000SEHB,2020,M12,133.538,
CUUR0000SEHB,2021,M01,136.034,
CUUR0000SEHB,2021,M02,138.283,
CUUR0000SEHB,2021,M03,147.470,
CUUR0000SEHB,2021,M04,158.737,
CUUR0000SEHB,2021,M05,163.276,
CUUR0000SEHB,2021,M06,175.746,
CUUR0000SEHB,2021,M07,187.487,
CUUR0000SEHB,2021,M08,178.758,
CUUR0000SEHB,2021,M09,174.644,
CUUR0000SEHB,2021,M10,169.076,
CUUR0000SEHB,2021,M11,166.080,
CUUR0000SEHB,2021,M12,165.472,
CUUR0000SEHB,2022,M01,163.968,
CUUR0000SEHB,2022,M02,172.949,
CUUR0000SEHB,2022,M03,184.463,
CUUR0000SEHB,2022,M04,189.951,
CUUR0000SEHB,2022,M05,194.733,
CUUR0000SEHB,2022,M06,193.324,
CUUR0000SEHB,2022,M07,189.446,
CUUR0000SEHB,2022,M08,185.970,
CUUR0000SEHB,2022,M09,179.733,
CUUR0000SEHB,2022,M10,178.981,
CUUR0000SEHB,2022,M11,171.458,
CUUR0000SEHB,2022,M12,170.729,
CUUR0000SEHB,2023,M01,176.578,
CUUR0000SEHB,2023,M02,184.583,
CUUR0000SEHB,2023,M03,197.855,
CUUR0000SEHB,2023,M04,196.239,
CUUR0000SEHB,2023,M05,201.364,
CUUR0000SEHB,2023,M06,202.106,
CUUR0000SEHB,2023,M07,200.893,
CUUR0000SEHB,2023,M08,191.511,
CUUR0000SEHB,2023,M09,192.906,
CUUR0000SEHB,2023,M10,181.157,
CUUR0000SEHB,2023,M11,172.922,
CUUR0000SEHB,2023,M12,171.025,
CUUR0000SEHB,2024,M01,178.309,
CUUR0000SEHB,2024,M02,183.811,
CUUR0000SEHB,2024,M03,194.039,
CUUR0000SEHB,2024,M04,195.706,
CUUR0000SEHB,2024,M05,198.511,
CUUR0000SEHB,2024,M06,197.362,
CUUR0000SEHB,2024,M07,196.324,
CUUR0000SEHB,2024,M08,194.879,
CUUR0000SEHB,2024,M09,187.421,
CUUR0000SEHB,2024,M10,181.014,
CUUR0000SEHB,2024,M11,179.264,
CUUR0000SEHB,2024,M12,175.444,
CUUR0000SEHB,2025,M01,182.272,
CUUR0000SEHB,2025,M02,187.567,
CUUR0000SEHB,2025,M03,189.125,
CUUR0000SEHB,2025,M04,192.990,
CUUR0000SEHB,2025,M05,196.738,
CUUR0000SEHB,2025,M06,192.347,
CUUR0000SEHB,2025,M07,189.370,
CUUR0000SEHB,2025,M08,189.898,
CUUR0000SEHB,2025,M09,187.221,
CUUR0000SEHB,2025,M10,-,Data unavailable due to the 2025 lapse in appropriations
CUUR0000SEHB,2025,M11,171.916,
CUUR0000SEHB,2025,M12,173.969,
CUUR0000SEHB,2026,M01,178.665,
CUUR0000SEHB,2026,M02,185.493,
CUUR0000SEHB,2026,M03,193.981,
CUUR0000SEHB,2026,M04,201.776,
CUUR0000SEHB,2026,M05,207.012,
CUUR0000SEHB,2026,M06,201.771,
CUUR0000SEHB,2026,M07,195.002,
CUUR0000SEHC,1997,M01,179.5,
CUUR0000SEHC,1997,M02,179.9,
CUUR0000SEHC,1997,M03,180.1,
CUUR0000SEHC,1997,M04,180.5,
CUUR0000SEHC,1997,M05,180.9,
CUUR0000SEHC,1997,M06,181.4,
CUUR0000SEHC,1997,M07,182.1,
CUUR0000SEHC,1997,M08,182.6,
CUUR0000SEHC,1997,M09,183.2,
CUUR0000SEHC,1997,M10,183.6,
CUUR0000SEHC,1997,M11,184.2,
CUUR0000SEHC,1997,M12,184.7,
CUUR0000SEHC,1998,M01,185.1,
CUUR0000SEHC,1998,M02,185.5,
CUUR0000SEHC,1998,M03,185.9,
CUUR0000SEHC,1998,M04,186.4,
CUUR0000SEHC,1998,M05,186.8,
CUUR0000SEHC,1998,M06,187.4,
CUUR0000SEHC,1998,M07,188.0,
CUUR0000SEHC,1998,M08,188.5,
CUUR0000SEHC,1998,M09,189.2,
CUUR0000SEHC,1998,M10,189.8,
CUUR0000SEHC,1998,M11,190.3,
CUUR0000SEHC,1998,M12,190.7,
CUUR0000SEHC,1999,M01,191.0,
CUUR0000SEHC,1999,M02,191.3,
CUUR0000SEHC,1999,M03,191.5,
CUUR0000SEHC,1999,M04,191.9,
CUUR0000SEHC,1999,M05,192.2,
CUUR0000SEHC,1999,M06,192.6,
CUUR0000SEHC,1999,M07,193.0,
CUUR0000SEHC,1999,M08,193.4,
CUUR0000SEHC,1999,M09,193.9,
CUUR0000SEHC,1999,M10,194.2,
CUUR0000SEHC,1999,M11,194.9,
CUUR0000SEHC,1999,M12,195.2,
CUUR0000SEHC,2000,M01,196.2,
CUUR0000SEHC,2000,M02,196.6,
CUUR0000SEHC,2000,M03,196.9,
CUUR0000SEHC,2000,M04,197.2,
CUUR0000SEHC,2000,M05,197.6,
CUUR0000SEHC,2000,M06,198.2,
CUUR0000SEHC,2000,M07,198.6,
CUUR0000SEHC,2000,M08,199.2,
CUUR0000SEHC,2000,M09,199.9,
CUUR0000SEHC,2000,M10,200.5,
CUUR0000SEHC,2000,M11,201.2,
CUUR0000SEHC,2000,M12,201.8,
CUUR0000SEHC,2001,M01,202.4,
CUUR0000SEHC,2001,M02,202.9,
CUUR0000SEHC,2001,M03,203.6,
CUUR0000SEHC,2001,M04,204.2,
CUUR0000SEHC,2001,M05,204.9,
CUUR0000SEHC,2001,M06,205.7,
CUUR0000SEHC,2001,M07,206.3,
CUUR0000SEHC,2001,M08,207.3,
CUUR0000SEHC,2001,M09,208.1,
CUUR0000SEHC,2001,M10,209.0,
CUUR0000SEHC,2001,M11,210.1,
CUUR0000SEHC,2001,M12,210.9,
CUUR0000SEHC,2002,M01,211.6,
CUUR0000SEHC,2002,M02,212.2,
CUUR0000SEHC,2002,M03,212.8,
CUUR0000SEHC,2002,M04,213.3,
CUUR0000SEHC,2002,M05,213.7,
CUUR0000SEHC,2002,M06,214.3,
CUUR0000SEHC,2002,M07,214.9,
CUUR0000SEHC,2002,M08,215.4,
CUUR0000SEHC,2002,M09,216.2,
CUUR0000SEHC,2002,M10,216.8,
CUUR0000SEHC,2002,M11,217.3,
CUUR0000SEHC,2002,M12,217.9,
CUUR0000SEHC,2003,M01,218.5,
CUUR0000SEHC,2003,M02,218.7,
CUUR0000SEHC,2003,M03,218.9,
CUUR0000SEHC,2003,M04,218.9,
CUUR0000SEHC,2003,M05,219.1,
CUUR0000SEHC,2003,M06,219.1,
CUUR0000SEHC,2003,M07,219.6,
CUUR0000SEHC,2003,M08,220.1,
CUUR0000SEHC,2003,M09,220.7,
CUUR0000SEHC,2003,M10,221.4,
CUUR0000SEHC,2003,M11,221.9,
CUUR0000SEHC,2003,M12,222.2,
CUUR0000SEHC,2004,M01,222.6,
CUUR0000SEHC,2004,M02,222.9,
CUUR0000SEHC,2004,M03,223.3,
CUUR0000SEHC,2004,M04,223.9,
CUUR0000SEHC,2004,M05,224.3,
CUUR0000SEHC,2004,M06,224.7,
CUUR0000SEHC,2004,M07,225.1,
CUUR0000SEHC,2004,M08,225.7,
CUUR0000SEHC,2004,M09,226.1,
CUUR0000SEHC,2004,M10,226.5,
CUUR0000SEHC,2004,M11,226.8,
CUUR0000SEHC,2004,M12,227.2,
CUUR0000SEHC,2005,M01,227.8,
CUUR0000SEHC,2005,M02,228.4,
CUUR0000SEHC,2005,M03,228.7,
CUUR0000SEHC,2005,M04,229.0,
CUUR0000SEHC,2005,M05,229.4,
CUUR0000SEHC,2005,M06,229.7,
CUUR0000SEHC,2005,M07,230.2,
CUUR0000SEHC,2005,M08,230.7,
CUUR0000SEHC,2005,M09,231.2,
CUUR0000SEHC,2005,M10,231.7,
CUUR0000SEHC,2005,M11,232.2,
CUUR0000SEHC,2005,M12,232.8,
CUUR0000SEHC,2006,M01,233.4,
CUUR0000SEHC,2006,M02,234.1,
CUUR0000SEHC,2006,M03,234.9,
CUUR0000SEHC,2006,M04,235.8,
CUUR0000SEHC,2006,M05,236.9,
CUUR0000SEHC,2006,M06,237.9,
CUUR0000SEHC,2006,M07,238.8,
CUUR0000SEHC,2006,M08,239.7,
CUUR0000SEHC,2006,M09,240.4,
CUUR0000SEHC,2006,M10,241.3,
CUUR0000SEHC,2006,M11,242.1,
CUUR0000SEHC,2006,M12,242.8,
CUUR0000SEHC,2007,M01,243.345,
CUUR0000SEHC,2007,M02,244.020,
CUUR0000SEHC,2007,M03,244.602,
CUUR0000SEHC,2007,M04,244.993,
CUUR0000SEHC,2007,M05,245.236,
CUUR0000SEHC,2007,M06,245.690,
CUUR0000SEHC,2007,M07,246.149,
CUUR0000SEHC,2007,M08,246.815,
CUUR0000SEHC,2007,M09,247.487,
CUUR0000SEHC,2007,M10,248.075,
CUUR0000SEHC,2007,M11,248.876,
CUUR0000SEHC,2007,M12,249.532,
CUUR0000SEHC,2008,M01,250.106,
CUUR0000SEHC,2008,M02,250.481,
CUUR0000SEHC,2008,M03,250.966,
CUUR0000SEHC,2008,M04,251.418,
CUUR0000SEHC,2008,M05,251.576,
CUUR0000SEHC,2008,M06,252.170,
CUUR0000SEHC,2008,M07,252.504,
CUUR0000SEHC,2008,M08,252.957,
CUUR0000SEHC,2008,M09,253.493,
CUUR0000SEHC,2008,M10,253.902,
CUUR0000SEHC,2008,M11,254.669,
CUUR0000SEHC,2008,M12,254.875,
CUUR0000SEHC,2009,M01,255.500,
CUUR0000SEHC,2009,M02,255.779,
CUUR0000SEHC,2009,M03,256.321,
CUUR0000SEHC,2009,M04,256.622,
CUUR0000SEHC,2009,M05,256.875,
CUUR0000SEHC,2009,M06,256.981,
CUUR0000SEHC,2009,M07,256.872,
CUUR0000SEHC,2009,M08,257.155,
CUUR0000SEHC,2009,M09,256.865,
CUUR0000SEHC,2009,M10,256.890,
CUUR0000SEHC,2009,M11,256.731,
CUUR0000SEHC,2009,M12,256.727,
CUUR0000SEHC,2010,M01,256.591,
CUUR0000SEHC,2010,M02,256.483,
CUUR0000SEHC,2010,M03,256.272,
CUUR0000SEHC,2010,M04,256.170,
CUUR0000SEHC,2010,M05,256.163,
CUUR0000SEHC,2010,M06,256.352,
CUUR0000SEHC,2010,M07,256.395,
CUUR0000SEHC,2010,M08,256.509,
CUUR0000SEHC,2010,M09,256.590,
CUUR0000SEHC,2010,M10,256.823,
CUUR0000SEHC,2010,M11,257.202,
CUUR0000SEHC,2010,M12,257.452,
CUUR0000SEHC,2011,M01,257.775,
CUUR0000SEHC,2011,M02,258.073,
CUUR0000SEHC,2011,M03,258.263,
CUUR0000SEHC,2011,M04,258.400,
CUUR0000SEHC,2011,M05,258.587,
CUUR0000SEHC,2011,M06,259.010,
CUUR0000SEHC,2011,M07,259.573,
CUUR0000SEHC,2011,M08,260.178,
CUUR0000SEHC,2011,M09,260.459,
CUUR0000SEHC,2011,M10,261.034,
CUUR0000SEHC,2011,M11,261.503,
CUUR0000SEHC,2011,M12,261.982,
CUUR0000SEHC,2012,M01,262.543,
CUUR0000SEHC,2012,M02,262.812,
CUUR0000SEHC,2012,M03,263.317,
CUUR0000SEHC,2012,M04,263.765,
CUUR0000SEHC,2012,M05,264.012,
CUUR0000SEHC,2012,M06,264.276,
CUUR0000SEHC,2012,M07,264.740,
CUUR0000SEHC,2012,M08,265.422,
CUUR0000SEHC,2012,M09,266.013,
CUUR0000SEHC,2012,M10,266.581,
CUUR0000SEHC,2012,M11,267.099,
CUUR0000SEHC,2012,M12,267.480,
CUUR0000SEHC,2013,M01,267.995,
CUUR0000SEHC,2013,M02,268.448,
CUUR0000SEHC,2013,M03,268.802,
CUUR0000SEHC,2013,M04,269.216,
CUUR0000SEHC,2013,M05,269.635,
CUUR0000SEHC,2013,M06,270.126,
CUUR0000SEHC,2013,M07,270.537,
CUUR0000SEHC,2013,M08,271.352,
CUUR0000SEHC,2013,M09,271.915,
CUUR0000SEHC,2013,M10,272.623,
CUUR0000SEHC,2013,M11,273.437,
CUUR0000SEHC,2013,M12,274.135,
CUUR0000SEHC,2014,M01,274.740,
CUUR0000SEHC,2014,M02,275.185,
CUUR0000SEHC,2014,M03,275.817,
CUUR0000SEHC,2014,M04,276.265,
CUUR0000SEHC,2014,M05,276.748,
CUUR0000SEHC,2014,M06,277.256,
CUUR0000SEHC,2014,M07,277.886,
CUUR0000SEHC,2014,M08,278.621,
CUUR0000SEHC,2014,M09,279.292,
CUUR0000SEHC,2014,M10,280.046,
CUUR0000SEHC,2014,M11,280.840,
CUUR0000SEHC,2014,M12,281.288,
CUUR0000SEHC,2015,M01,281.980,
CUUR0000SEHC,2015,M02,282.579,
CUUR0000SEHC,2015,M03,283.244,
CUUR0000SEHC,2015,M04,283.920,
CUUR0000SEHC,2015,M05,284.473,
CUUR0000SEHC,2015,M06,285.436,
CUUR0000SEHC,2015,M07,286.220,
CUUR0000SEHC,2015,M08,287.026,
CUUR0000SEHC,2015,M09,287.916,
CUUR0000SEHC,2015,M10,288.700,
CUUR0000SEHC,2015,M11,289.480,
CUUR0000SEHC,2015,M12,290.133,
CUUR0000SEHC,2016,M01,290.884,
CUUR0000SEHC,2016,M02,291.505,
CUUR0000SEHC,2016,M03,292.080,
CUUR0000SEHC,2016,M04,292.855,
CUUR0000SEHC,2016,M05,293.759,
CUUR0000SEHC,2016,M06,294.702,
CUUR0000SEHC,2016,M07,295.554,
CUUR0000SEHC,2016,M08,296.521,
CUUR0000SEHC,2016,M09,297.636,
CUUR0000SEHC,2016,M10,298.645,
CUUR0000SEHC,2016,M11,299.738,
CUUR0000SEHC,2016,M12,300.501,
CUUR0000SEHC,2017,M01,301.181,
CUUR0000SEHC,2017,M02,301.785,
CUUR0000SEHC,2017,M03,302.259,
CUUR0000SEHC,2017,M04,302.767,
CUUR0000SEHC,2017,M05,303.312,
CUUR0000SEHC,2017,M06,304.218,
CUUR0000SEHC,2017,M07,305.037,
CUUR0000SEHC,2017,M08,306.201,
CUUR0000SEHC,2017,M09,307.106,
CUUR0000SEHC,2017,M10,308.190,
CUUR0000SEHC,2017,M11,309.101,
CUUR0000SEHC,2017,M12,310.041,
CUUR0000SEHC,2018,M01,310.828,
CUUR0000SEHC,2018,M02,311.280,
CUUR0000SEHC,2018,M03,312.107,
CUUR0000SEHC,2018,M04,312.935,
CUUR0000SEHC,2018,M05,313.656,
CUUR0000SEHC,2018,M06,314.472,
CUUR0000SEHC,2018,M07,315.391,
CUUR0000SEHC,2018,M08,316.401,
CUUR0000SEHC,2018,M09,317.149,
CUUR0000SEHC,2018,M10,318.215,
CUUR0000SEHC,2018,M11,319.338,
CUUR0000SEHC,2018,M12,320.038,
CUUR0000SEHC,2019,M01,320.789,
CUUR0000SEHC,2019,M02,321.627,
CUUR0000SEHC,2019,M03,322.482,
CUUR0000SEHC,2019,M04,323.426,
CUUR0000SEHC,2019,M05,324.143,
CUUR0000SEHC,2019,M06,325.189,
CUUR0000SEHC,2019,M07,326.023,
CUUR0000SEHC,2019,M08,326.977,
CUUR0000SEHC,2019,M09,327.933,
CUUR0000SEHC,2019,M10,328.762,
CUUR0000SEHC,2019,M11,329.745,
CUUR0000SEHC,2019,M12,330.527,
CUUR0000SEHC,2020,M01,331.522,
CUUR0000SEHC,2020,M02,332.177,
CUUR0000SEHC,2020,M03,332.864,
CUUR0000SEHC,2020,M04,333.358,
CUUR0000SEHC,2020,M05,334.052,
CUUR0000SEHC,2020,M06,334.424,
CUUR0000SEHC,2020,M07,335.144,
CUUR0000SEHC,2020,M08,335.763,
CUUR0000SEHC,2020,M09,336.095,
CUUR0000SEHC,2020,M10,336.965,
CUUR0000SEHC,2020,M11,337.247,
CUUR0000SEHC,2020,M12,337.695,
CUUR0000SEHC,2021,M01,338.181,
CUUR0000SEHC,2021,M02,338.918,
CUUR0000SEHC,2021,M03,339.565,
CUUR0000SEHC,2021,M04,340.162,
CUUR0000SEHC,2021,M05,341.095,
CUUR0000SEHC,2021,M06,342.258,
CUUR0000SEHC,2021,M07,343.293,
CUUR0000SEHC,2021,M08,344.327,
CUUR0000SEHC,2021,M09,345.824,
CUUR0000SEHC,2021,M10,347.522,
CUUR0000SEHC,2021,M11,349.152,
CUUR0000SEHC,2021,M12,350.508,
CUUR0000SEHC,2022,M01,352.005,
CUUR0000SEHC,2022,M02,353.512,
CUUR0000SEHC,2022,M03,354.968,
CUUR0000SEHC,2022,M04,356.439,
CUUR0000SEHC,2022,M05,358.469,
CUUR0000SEHC,2022,M06,361.018,
CUUR0000SEHC,2022,M07,363.311,
CUUR0000SEHC,2022,M08,365.993,
CUUR0000SEHC,2022,M09,368.932,
CUUR0000SEHC,2022,M10,371.450,
CUUR0000SEHC,2022,M11,374.040,
CUUR0000SEHC,2022,M12,376.897,
CUUR0000SEHC,2023,M01,379.328,
CUUR0000SEHC,2023,M02,381.844,
CUUR0000SEHC,2023,M03,383.502,
CUUR0000SEHC,2023,M04,385.366,
CUUR0000SEHC,2023,M05,387.323,
CUUR0000SEHC,2023,M06,389.223,
CUUR0000SEHC,2023,M07,391.131,
CUUR0000SEHC,2023,M08,392.794,
CUUR0000SEHC,2023,M09,395.039,
CUUR0000SEHC,2023,M10,396.881,
CUUR0000SEHC,2023,M11,399.032,
CUUR0000SEHC,2023,M12,400.828,
CUUR0000SEHC,2024,M01,402.965,
CUUR0000SEHC,2024,M02,404.656,
CUUR0000SEHC,2024,M03,406.155,
CUUR0000SEHC,2024,M04,407.538,
CUUR0000SEHC,2024,M05,409.208,
CUUR0000SEHC,2024,M06,410.428,
CUUR0000SEHC,2024,M07,411.880,
CUUR0000SEHC,2024,M08,413.924,
CUUR0000SEHC,2024,M09,415.601,
CUUR0000SEHC,2024,M10,417.477,
CUUR0000SEHC,2024,M11,418.669,
CUUR0000SEHC,2024,M12,420.077,
CUUR0000SEHC,2025,M01,421.485,
CUUR0000SEHC,2025,M02,422.567,
CUUR0000SEHC,2025,M03,423.955,
CUUR0000SEHC,2025,M04,425.106,
CUUR0000SEHC,2025,M05,426.214,
CUUR0000SEHC,2025,M06,427.470,
CUUR0000SEHC,2025,M07,428.640,
CUUR0000SEHC,2025,M08,430.387,
CUUR0000SEHC,2025,M09,431.245,
CUUR0000SEHC,2025,M10,-,Data unavailable due to the 2025 lapse in appropriations
CUUR0000SEHC,2025,M11,432.724,
CUUR0000SEHC,2025,M12,434.166,
CUUR0000SEHC,2026,M01,435.241,
CUUR0000SEHC,2026,M02,436.026,
CUUR0000SEHC,2026,M03,437.086,
CUUR0000SEHC,2026,M04,439.137,
CUUR0000SEHC,2026,M05,440.357,
CUUR0000SEHC,2026,M06,441.365,
CUUR0000SEHC,2026,M07,442.503,
CUUR0000SEHE01,1997,M01,107.9,
CUUR0000SEHE01,1997,M02,107.0,
CUUR0000SEHE01,1997,M03,102.7,
CUUR0000SEHE01,1997,M04,99.6,
CUUR0000SEHE01,1997,M05,98.0,
CUUR0000SEHE01,1997,M06,95.4,
CUUR0000SEHE01,1997,M07,91.5,
CUUR0000SEHE01,1997,M08,90.4,
CUUR0000SEHE01,1997,M09,90.3,
CUUR0000SEHE01,1997,M10,92.1,
CUUR0000SEHE01,1997,M11,93.4,
CUUR0000SEHE01,1997,M12,94.0,
CUUR0000SEHE01,1998,M01,93.0,
CUUR0000SEHE01,1998,M02,91.4,
CUUR0000SEHE01,1998,M03,90.0,
CUUR0000SEHE01,1998,M04,88.2,
CUUR0000SEHE01,1998,M05,87.1,
CUUR0000SEHE01,1998,M06,84.2,
CUUR0000SEHE01,1998,M07,82.3,
CUUR0000SEHE01,1998,M08,81.0,
CUUR0000SEHE01,1998,M09,79.9,
CUUR0000SEHE01,1998,M10,80.4,
CUUR0000SEHE01,1998,M11,80.9,
CUUR0000SEHE01,1998,M12,79.7,
CUUR0000SEHE01,1999,M01,80.3,
CUUR0000SEHE01,1999,M02,79.9,
CUUR0000SEHE01,1999,M03,79.9,
CUUR0000SEHE01,1999,M04,82.1,
CUUR0000SEHE01,1999,M05,82.2,
CUUR0000SEHE01,1999,M06,81.5,
CUUR0000SEHE01,1999,M07,82.4,
CUUR0000SEHE01,1999,M08,84.4,
CUUR0000SEHE01,1999,M09,90.1,
CUUR0000SEHE01,1999,M10,93.8,
CUUR0000SEHE01,1999,M11,97.8,
CUUR0000SEHE01,1999,M12,104.3,
CUUR0000SEHE01,2000,M01,113.7,
CUUR0000SEHE01,2000,M02,153.6,
CUUR0000SEHE01,2000,M03,130.4,
CUUR0000SEHE01,2000,M04,123.2,
CUUR0000SEHE01,2000,M05,121.0,
CUUR0000SEHE01,2000,M06,119.9,
CUUR0000SEHE01,2000,M07,119.8,
CUUR0000SEHE01,2000,M08,119.3,
CUUR0000SEHE01,2000,M09,134.6,
CUUR0000SEHE01,2000,M10,139.1,
CUUR0000SEHE01,2000,M11,142.0,
CUUR0000SEHE01,2000,M12,146.5,
CUUR0000SEHE01,2001,M01,144.4,
CUUR0000SEHE01,2001,M02,140.7,
CUUR0000SEHE01,2001,M03,134.5,
CUUR0000SEHE01,2001,M04,131.5,
CUUR0000SEHE01,2001,M05,129.0,
CUUR0000SEHE01,2001,M06,127.0,
CUUR0000SEHE01,2001,M07,120.8,
CUUR0000SEHE01,2001,M08,119.2,
CUUR0000SEHE01,2001,M09,123.3,
CUUR0000SEHE01,2001,M10,118.1,
CUUR0000SEHE01,2001,M11,114.0,
CUUR0000SEHE01,2001,M12,107.4,
CUUR0000SEHE01,2002,M01,107.4,
CUUR0000SEHE01,2002,M02,106.8,
CUUR0000SEHE01,2002,M03,107.7,
CUUR0000SEHE01,2002,M04,111.2,
CUUR0000SEHE01,2002,M05,110.5,
CUUR0000SEHE01,2002,M06,108.4,
CUUR0000SEHE01,2002,M07,107.5,
CUUR0000SEHE01,2002,M08,108.2,
CUUR0000SEHE01,2002,M09,111.8,
CUUR0000SEHE01,2002,M10,116.6,
CUUR0000SEHE01,2002,M11,119.1,
CUUR0000SEHE01,2002,M12,123.2,
CUUR0000SEHE01,2003,M01,136.1,
CUUR0000SEHE01,2003,M02,158.7,
CUUR0000SEHE01,2003,M03,172.3,
CUUR0000SEHE01,2003,M04,146.2,
CUUR0000SEHE01,2003,M05,134.2,
CUUR0000SEHE01,2003,M06,127.4,
CUUR0000SEHE01,2003,M07,124.8,
CUUR0000SEHE01,2003,M08,125.4,
CUUR0000SEHE01,2003,M09,125.3,
CUUR0000SEHE01,2003,M10,126.4,
CUUR0000SEHE01,2003,M11,130.1,
CUUR0000SEHE01,2003,M12,132.8,
CUUR0000SEHE01,2004,M01,146.8,
CUUR0000SEHE01,2004,M02,152.4,
CUUR0000SEHE01,2004,M03,150.2,
CUUR0000SEHE01,2004,M04,148.1,
CUUR0000SEHE01,2004,M05,149.1,
CUUR0000SEHE01,2004,M06,149.6,
CUUR0000SEHE01,2004,M07,150.1,
CUUR0000SEHE01,2004,M08,156.5,
CUUR0000SEHE01,2004,M09,161.6,
CUUR0000SEHE01,2004,M10,180.3,
CUUR0000SEHE01,2004,M11,190.1,
CUUR0000SEHE01,2004,M12,185.2,
CUUR0000SEHE01,2005,M01,181.6,
CUUR0000SEHE01,2005,M02,191.8,
CUUR0000SEHE01,2005,M03,201.2,
CUUR0000SEHE01,2005,M04,206.0,
CUUR0000SEHE01,2005,M05,198.6,
CUUR0000SEHE01,2005,M06,200.8,
CUUR0000SEHE01,2005,M07,212.4,
CUUR0000SEHE01,2005,M08,221.4,
CUUR0000SEHE01,2005,M09,252.0,
CUUR0000SEHE01,2005,M10,254.6,
CUUR0000SEHE01,2005,M11,240.4,
CUUR0000SEHE01,2005,M12,235.5,
CUUR0000SEHE01,2006,M01,237.2,
CUUR0000SEHE01,2006,M02,238.3,
CUUR0000SEHE01,2006,M03,238.5,
CUUR0000SEHE01,2006,M04,247.7,
CUUR0000SEHE01,2006,M05,252.5,
CUUR0000SEHE01,2006,M06,251.5,
CUUR0000SEHE01,2006,M07,254.3,
CUUR0000SEHE01,2006,M08,258.5,
CUUR0000SEHE01,2006,M09,247.1,
CUUR0000SEHE01,2006,M10,235.2,
CUUR0000SEHE01,2006,M11,233.3,
CUUR0000SEHE01,2006,M12,240.9,
CUUR0000SEHE01,2007,M01,232.476,
CUUR0000SEHE01,2007,M02,238.651,
CUUR0000SEHE01,2007,M03,245.141,
CUUR0000SEHE01,2007,M04,249.477,
CUUR0000SEHE01,2007,M05,250.627,
CUUR0000SEHE01,2007,M06,251.241,
CUUR0000SEHE01,2007,M07,257.111,
CUUR0000SEHE01,2007,M08,257.371,
CUUR0000SEHE01,2007,M09,265.137,
CUUR0000SEHE01,2007,M10,274.111,
CUUR0000SEHE01,2007,M11,310.618,
CUUR0000SEHE01,2007,M12,319.208,
CUUR0000SEHE01,2008,M01,326.483,
CUUR0000SEHE01,2008,M02,328.985,
CUUR0000SEHE01,2008,M03,363.868,
CUUR0000SEHE01,2008,M04,380.632,
CUUR0000SEHE01,2008,M05,411.126,
CUUR0000SEHE01,2008,M06,447.302,
CUUR0000SEHE01,2008,M07,451.625,
CUUR0000SEHE01,2008,M08,408.493,
CUUR0000SEHE01,2008,M09,381.707,
CUUR0000SEHE01,2008,M10,339.343,
CUUR0000SEHE01,2008,M11,288.406,
CUUR0000SEHE01,2008,M12,252.024,
CUUR0000SEHE01,2009,M01,238.731,
CUUR0000SEHE01,2009,M02,233.018,
CUUR0000SEHE01,2009,M03,220.067,
CUUR0000SEHE01,2009,M04,223.648,
CUUR0000SEHE01,2009,M05,222.165,
CUUR0000SEHE01,2009,M06,234.500,
CUUR0000SEHE01,2009,M07,233.688,
CUUR0000SEHE01,2009,M08,245.314,
CUUR0000SEHE01,2009,M09,244.478,
CUUR0000SEHE01,2009,M10,249.977,
CUUR0000SEHE01,2009,M11,268.379,
CUUR0000SEHE01,2009,M12,268.396,
CUUR0000SEHE01,2010,M01,284.786,
CUUR0000SEHE01,2010,M02,277.928,
CUUR0000SEHE01,2010,M03,279.826,
CUUR0000SEHE01,2010,M04,286.351,
CUUR0000SEHE01,2010,M05,282.293,
CUUR0000SEHE01,2010,M06,273.349,
CUUR0000SEHE01,2010,M07,268.947,
CUUR0000SEHE01,2010,M08,271.261,
CUUR0000SEHE01,2010,M09,273.386,
CUUR0000SEHE01,2010,M10,286.119,
CUUR0000SEHE01,2010,M11,298.220,
CUUR0000SEHE01,2010,M12,312.718,
CUUR0000SEHE01,2011,M01,333.993,
CUUR0000SEHE01,2011,M02,353.223,
CUUR0000SEHE01,2011,M03,375.042,
CUUR0000SEHE01,2011,M04,386.950,
CUUR0000SEHE01,2011,M05,383.814,
CUUR0000SEHE01,2011,M06,375.363,
CUUR0000SEHE01,2011,M07,368.867,
CUUR0000SEHE01,2011,M08,367.286,
CUUR0000SEHE01,2011,M09,364.563,
CUUR0000SEHE01,2011,M10,362.809,
CUUR0000SEHE01,2011,M11,372.654,
CUUR0000SEHE01,2011,M12,369.085,
CUUR0000SEHE01,2012,M01,374.377,
CUUR0000SEHE01,2012,M02,384.747,
CUUR0000SEHE01,2012,M03,395.016,
CUUR0000SEHE01,2012,M04,390.483,
CUUR0000SEHE01,2012,M05,379.681,
CUUR0000SEHE01,2012,M06,349.807,
CUUR0000SEHE01,2012,M07,348.104,
CUUR0000SEHE01,2012,M08,364.165,
CUUR0000SEHE01,2012,M09,379.131,
CUUR0000SEHE01,2012,M10,383.117,
CUUR0000SEHE01,2012,M11,382.355,
CUUR0000SEHE01,2012,M12,382.532,
CUUR0000SEHE01,2013,M01,381.889,
CUUR0000SEHE01,2013,M02,393.782,
CUUR0000SEHE01,2013,M03,385.552,
CUUR0000SEHE01,2013,M04,368.552,
CUUR0000SEHE01,2013,M05,357.838,
CUUR0000SEHE01,2013,M06,355.966,
CUUR0000SEHE01,2013,M07,359.780,
CUUR0000SEHE01,2013,M08,364.124,
CUUR0000SEHE01,2013,M09,367.519,
CUUR0000SEHE01,2013,M10,365.450,
CUUR0000SEHE01,2013,M11,366.749,
CUUR0000SEHE01,2013,M12,375.607,
CUUR0000SEHE01,2014,M01,389.522,
CUUR0000SEHE01,2014,M02,405.344,
CUUR0000SEHE01,2014,M03,393.705,
CUUR0000SEHE01,2014,M04,382.025,
CUUR0000SEHE01,2014,M05,376.855,
CUUR0000SEHE01,2014,M06,370.317,
CUUR0000SEHE01,2014,M07,367.725,
CUUR0000SEHE01,2014,M08,363.420,
CUUR0000SEHE01,2014,M09,355.892,
CUUR0000SEHE01,2014,M10,341.771,
CUUR0000SEHE01,2014,M11,329.681,
CUUR0000SEHE01,2014,M12,303.844,
CUUR0000SEHE01,2015,M01,273.718,
CUUR0000SEHE01,2015,M02,279.040,
CUUR0000SEHE01,2015,M03,295.603,
CUUR0000SEHE01,2015,M04,270.850,
CUUR0000SEHE01,2015,M05,272.874,
CUUR0000SEHE01,2015,M06,267.649,
CUUR0000SEHE01,2015,M07,258.620,
CUUR0000SEHE01,2015,M08,237.580,
CUUR0000SEHE01,2015,M09,231.835,
CUUR0000SEHE01,2015,M10,229.191,
CUUR0000SEHE01,2015,M11,226.289,
CUUR0000SEHE01,2015,M12,208.561,
CUUR0000SEHE01,2016,M01,195.029,
CUUR0000SEHE01,2016,M02,189.373,
CUUR0000SEHE01,2016,M03,192.617,
CUUR0000SEHE01,2016,M04,196.349,
CUUR0000SEHE01,2016,M05,208.488,
CUUR0000SEHE01,2016,M06,215.295,
CUUR0000SEHE01,2016,M07,212.482,
CUUR0000SEHE01,2016,M08,207.143,
CUUR0000SEHE01,2016,M09,212.019,
CUUR0000SEHE01,2016,M10,224.453,
CUUR0000SEHE01,2016,M11,221.808,
CUUR0000SEHE01,2016,M12,235.127,
CUUR0000SEHE01,2017,M01,243.347,
CUUR0000SEHE01,2017,M02,242.467,
CUUR0000SEHE01,2017,M03,240.619,
CUUR0000SEHE01,2017,M04,239.822,
CUUR0000SEHE01,2017,M05,233.216,
CUUR0000SEHE01,2017,M06,224.542,
CUUR0000SEHE01,2017,M07,220.152,
CUUR0000SEHE01,2017,M08,226.590,
CUUR0000SEHE01,2017,M09,245.085,
CUUR0000SEHE01,2017,M10,250.640,
CUUR0000SEHE01,2017,M11,263.132,
CUUR0000SEHE01,2017,M12,270.955,
CUUR0000SEHE01,2018,M01,298.173,
CUUR0000SEHE01,2018,M02,292.718,
CUUR0000SEHE01,2018,M03,288.737,
CUUR0000SEHE01,2018,M04,293.991,
CUUR0000SEHE01,2018,M05,292.165,
CUUR0000SEHE01,2018,M06,293.685,
CUUR0000SEHE01,2018,M07,296.602,
CUUR0000SEHE01,2018,M08,296.617,
CUUR0000SEHE01,2018,M09,302.419,
CUUR0000SEHE01,2018,M10,316.185,
CUUR0000SEHE01,2018,M11,305.370,
CUUR0000SEHE01,2018,M12,276.103,
CUUR0000SEHE01,2019,M01,274.051,
CUUR0000SEHE01,2019,M02,285.668,
CUUR0000SEHE01,2019,M03,287.496,
CUUR0000SEHE01,2019,M04,291.424,
CUUR0000SEHE01,2019,M05,289.711,
CUUR0000SEHE01,2019,M06,277.244,
CUUR0000SEHE01,2019,M07,278.773,
CUUR0000SEHE01,2019,M08,271.766,
CUUR0000SEHE01,2019,M09,276.664,
CUUR0000SEHE01,2019,M10,282.534,
CUUR0000SEHE01,2019,M11,284.797,
CUUR0000SEHE01,2019,M12,288.766,
CUUR0000SEHE01,2020,M01,291.872,
CUUR0000SEHE01,2020,M02,268.835,
CUUR0000SEHE01,2020,M03,229.794,
CUUR0000SEHE01,2020,M04,194.716,
CUUR0000SEHE01,2020,M05,180.999,
CUUR0000SEHE01,2020,M06,194.267,
CUUR0000SEHE01,2020,M07,203.084,
CUUR0000SEHE01,2020,M08,207.623,
CUUR0000SEHE01,2020,M09,201.474,
CUUR0000SEHE01,2020,M10,202.805,
CUUR0000SEHE01,2020,M11,209.579,
CUUR0000SEHE01,2020,M12,231.044,
CUUR0000SEHE01,2021,M01,243.588,
CUUR0000SEHE01,2021,M02,267.613,
CUUR0000SEHE01,2021,M03,276.100,
CUUR0000SEHE01,2021,M04,267.262,
CUUR0000SEHE01,2021,M05,272.990,
CUUR0000SEHE01,2021,M06,280.786,
CUUR0000SEHE01,2021,M07,282.484,
CUUR0000SEHE01,2021,M08,276.557,
CUUR0000SEHE01,2021,M09,287.325,
CUUR0000SEHE01,2021,M10,322.736,
CUUR0000SEHE01,2021,M11,333.899,
CUUR0000SEHE01,2021,M12,325.879,
CUUR0000SEHE01,2022,M01,356.864,
CUUR0000SEHE01,2022,M02,384.179,
CUUR0000SEHE01,2022,M03,469.743,
CUUR0000SEHE01,2022,M04,482.516,
CUUR0000SEHE01,2022,M05,564.147,
CUUR0000SEHE01,2022,M06,557.440,
CUUR0000SEHE01,2022,M07,495.910,
CUUR0000SEHE01,2022,M08,466.755,
CUUR0000SEHE01,2022,M09,454.177,
CUUR0000SEHE01,2022,M10,543.915,
CUUR0000SEHE01,2022,M11,553.234,
CUUR0000SEHE01,2022,M12,461.140,
CUUR0000SEHE01,2023,M01,455.595,
CUUR0000SEHE01,2023,M02,419.629,
CUUR0000SEHE01,2023,M03,403.040,
CUUR0000SEHE01,2023,M04,384.903,
CUUR0000SEHE01,2023,M05,355.185,
CUUR0000SEHE01,2023,M06,353.673,
CUUR0000SEHE01,2023,M07,364.304,
CUUR0000SEHE01,2023,M08,397.444,
CUUR0000SEHE01,2023,M09,431.201,
CUUR0000SEHE01,2023,M10,427.572,
CUUR0000SEHE01,2023,M11,416.239,
CUUR0000SEHE01,2023,M12,393.189,
CUUR0000SEHE01,2024,M01,390.877,
CUUR0000SEHE01,2024,M02,396.859,
CUUR0000SEHE01,2024,M03,388.191,
CUUR0000SEHE01,2024,M04,381.962,
CUUR0000SEHE01,2024,M05,368.137,
CUUR0000SEHE01,2024,M06,356.646,
CUUR0000SEHE01,2024,M07,363.140,
CUUR0000SEHE01,2024,M08,349.383,
CUUR0000SEHE01,2024,M09,334.792,
CUUR0000SEHE01,2024,M10,338.453,
CUUR0000SEHE01,2024,M11,335.113,
CUUR0000SEHE01,2024,M12,341.794,
CUUR0000SEHE01,2025,M01,370.297,
CUUR0000SEHE01,2025,M02,376.776,
CUUR0000SEHE01,2025,M03,358.803,
CUUR0000SEHE01,2025,M04,345.315,
CUUR0000SEHE01,2025,M05,336.589,
CUUR0000SEHE01,2025,M06,339.767,
CUUR0000SEHE01,2025,M07,352.435,
CUUR0000SEHE01,2025,M08,347.565,
CUUR0000SEHE01,2025,M09,348.399,
CUUR0000SEHE01,2025,M10,-,Data unavailable due to the 2025 lapse in appropriations
CUUR0000SEHE01,2025,M11,373.093,
CUUR0000SEHE01,2025,M12,367.209,
CUUR0000SEHE01,2026,M01,354.701,
CUUR0000SEHE01,2026,M02,399.990,
CUUR0000SEHE01,2026,M03,517.418,
CUUR0000SEHE01,2026,M04,532.894,
CUUR0000SEHE01,2026,M05,534.873,
CUUR0000SEHE01,2026,M06,485.387,
CUUR0000SEHE01,2026,M07,490.083,
CUUR0000SEHF01,1997,M01,128.9,
CUUR0000SEHF01,1997,M02,129.3,
CUUR0000SEHF01,1997,M03,129.7,
CUUR0000SEHF01,1997,M04,129.5,
CUUR0000SEHF01,1997,M05,130.6,
CUUR0000SEHF01,1997,M06,138.4,
CUUR0000SEHF01,1997,M07,138.4,
CUUR0000SEHF01,1997,M08,137.5,
CUUR0000SEHF01,1997,M09,138.1,
CUUR0000SEHF01,1997,M10,132.0,
CUUR0000SEHF01,1997,M11,130.0,
CUUR0000SEHF01,1997,M12,127.0,
CUUR0000SEHF01,1998,M01,126.2,
CUUR0000SEHF01,1998,M02,124.6,
CUUR0000SEHF01,1998,M03,124.3,
CUUR0000SEHF01,1998,M04,124.4,
CUUR0000SEHF01,1998,M05,125.9,
CUUR0000SEHF01,1998,M06,133.2,
CUUR0000SEHF01,1998,M07,133.5,
CUUR0000SEHF01,1998,M08,132.5,
CUUR0000SEHF01,1998,M09,131.5,
CUUR0000SEHF01,1998,M10,125.8,
CUUR0000SEHF01,1998,M11,123.4,
CUUR0000SEHF01,1998,M12,122.9,
CUUR0000SEHF01,1999,M01,122.5,
CUUR0000SEHF01,1999,M02,122.9,
CUUR0000SEHF01,1999,M03,123.5,
CUUR0000SEHF01,1999,M04,123.4,
CUUR0000SEHF01,1999,M05,124.4,
CUUR0000SEHF01,1999,M06,131.0,
CUUR0000SEHF01,1999,M07,132.0,
CUUR0000SEHF01,1999,M08,131.5,
CUUR0000SEHF01,1999,M09,131.6,
CUUR0000SEHF01,1999,M10,127.0,
CUUR0000SEHF01,1999,M11,123.9,
CUUR0000SEHF01,1999,M12,123.7,
CUUR0000SEHF01,2000,M01,123.0,
CUUR0000SEHF01,2000,M02,124.0,
CUUR0000SEHF01,2000,M03,124.2,
CUUR0000SEHF01,2000,M04,124.1,
CUUR0000SEHF01,2000,M05,125.0,
CUUR0000SEHF01,2000,M06,133.2,
CUUR0000SEHF01,2000,M07,135.3,
CUUR0000SEHF01,2000,M08,134.8,
CUUR0000SEHF01,2000,M09,135.0,
CUUR0000SEHF01,2000,M10,129.4,
CUUR0000SEHF01,2000,M11,126.8,
CUUR0000SEHF01,2000,M12,126.9,
CUUR0000SEHF01,2001,M01,129.7,
CUUR0000SEHF01,2001,M02,129.6,
CUUR0000SEHF01,2001,M03,130.5,
CUUR0000SEHF01,2001,M04,130.6,
CUUR0000SEHF01,2001,M05,133.8,
CUUR0000SEHF01,2001,M06,146.6,
CUUR0000SEHF01,2001,M07,148.7,
CUUR0000SEHF01,2001,M08,147.6,
CUUR0000SEHF01,2001,M09,146.5,
CUUR0000SEHF01,2001,M10,139.9,
CUUR0000SEHF01,2001,M11,135.4,
CUUR0000SEHF01,2001,M12,134.6,
CUUR0000SEHF01,2002,M01,133.1,
CUUR0000SEHF01,2002,M02,132.7,
CUUR0000SEHF01,2002,M03,133.0,
CUUR0000SEHF01,2002,M04,131.8,
CUUR0000SEHF01,2002,M05,133.8,
CUUR0000SEHF01,2002,M06,142.1,
CUUR0000SEHF01,2002,M07,142.9,
CUUR0000SEHF01,2002,M08,142.9,
CUUR0000SEHF01,2002,M09,142.6,
CUUR0000SEHF01,2002,M10,135.9,
CUUR0000SEHF01,2002,M11,131.9,
CUUR0000SEHF01,2002,M12,132.1,
CUUR0000SEHF01,2003,M01,132.1,
CUUR0000SEHF01,2003,M02,132.5,
CUUR0000SEHF01,2003,M03,134.0,
CUUR0000SEHF01,2003,M04,135.5,
CUUR0000SEHF01,2003,M05,138.7,
CUUR0000SEHF01,2003,M06,146.7,
CUUR0000SEHF01,2003,M07,147.4,
CUUR0000SEHF01,2003,M08,147.6,
CUUR0000SEHF01,2003,M09,148.0,
CUUR0000SEHF01,2003,M10,140.2,
CUUR0000SEHF01,2003,M11,135.5,
CUUR0000SEHF01,2003,M12,135.6,
CUUR0000SEHF01,2004,M01,136.2,
CUUR0000SEHF01,2004,M02,136.8,
CUUR0000SEHF01,2004,M03,136.1,
CUUR0000SEHF01,2004,M04,136.7,
CUUR0000SEHF01,2004,M05,139.5,
CUUR0000SEHF01,2004,M06,149.5,
CUUR0000SEHF01,2004,M07,150.4,
CUUR0000SEHF01,2004,M08,150.9,
CUUR0000SEHF01,2004,M09,150.4,
CUUR0000SEHF01,2004,M10,141.4,
CUUR0000SEHF01,2004,M11,138.6,
CUUR0000SEHF01,2004,M12,138.5,
CUUR0000SEHF01,2005,M01,141.0,
CUUR0000SEHF01,2005,M02,141.2,
CUUR0000SEHF01,2005,M03,141.9,
CUUR0000SEHF01,2005,M04,142.3,
CUUR0000SEHF01,2005,M05,146.5,
CUUR0000SEHF01,2005,M06,157.9,
CUUR0000SEHF01,2005,M07,158.6,
CUUR0000SEHF01,2005,M08,159.5,
CUUR0000SEHF01,2005,M09,160.0,
CUUR0000SEHF01,2005,M10,153.3,
CUUR0000SEHF01,2005,M11,154.4,
CUUR0000SEHF01,2005,M12,153.3,
CUUR0000SEHF01,2006,M01,162.2,
CUUR0000SEHF01,2006,M02,162.9,
CUUR0000SEHF01,2006,M03,163.1,
CUUR0000SEHF01,2006,M04,163.3,
CUUR0000SEHF01,2006,M05,165.6,
CUUR0000SEHF01,2006,M06,178.1,
CUUR0000SEHF01,2006,M07,178.8,
CUUR0000SEHF01,2006,M08,178.7,
CUUR0000SEHF01,2006,M09,178.8,
CUUR0000SEHF01,2006,M10,169.3,
CUUR0000SEHF01,2006,M11,164.4,
CUUR0000SEHF01,2006,M12,164.8,
CUUR0000SEHF01,2007,M01,168.903,
CUUR0000SEHF01,2007,M02,168.870,
CUUR0000SEHF01,2007,M03,169.346,
CUUR0000SEHF01,2007,M04,169.385,
CUUR0000SEHF01,2007,M05,172.342,
CUUR0000SEHF01,2007,M06,184.194,
CUUR0000SEHF01,2007,M07,184.408,
CUUR0000SEHF01,2007,M08,184.081,
CUUR0000SEHF01,2007,M09,184.365,
CUUR0000SEHF01,2007,M10,177.244,
CUUR0000SEHF01,2007,M11,173.406,
CUUR0000SEHF01,2007,M12,173.357,
CUUR0000SEHF01,2008,M01,175.219,
CUUR0000SEHF01,2008,M02,174.606,
CUUR0000SEHF01,2008,M03,175.639,
CUUR0000SEHF01,2008,M04,177.818,
CUUR0000SEHF01,2008,M05,182.260,
CUUR0000SEHF01,2008,M06,194.434,
CUUR0000SEHF01,2008,M07,199.068,
CUUR0000SEHF01,2008,M08,200.795,
CUUR0000SEHF01,2008,M09,198.579,
CUUR0000SEHF01,2008,M10,191.513,
CUUR0000SEHF01,2008,M11,187.473,
CUUR0000SEHF01,2008,M12,188.342,
CUUR0000SEHF01,2009,M01,190.471,
CUUR0000SEHF01,2009,M02,190.645,
CUUR0000SEHF01,2009,M03,190.065,
CUUR0000SEHF01,2009,M04,189.007,
CUUR0000SEHF01,2009,M05,191.066,
CUUR0000SEHF01,2009,M06,199.924,
CUUR0000SEHF01,2009,M07,199.251,
CUUR0000SEHF01,2009,M08,198.360,
CUUR0000SEHF01,2009,M09,198.286,
CUUR0000SEHF01,2009,M10,190.376,
CUUR0000SEHF01,2009,M11,187.708,
CUUR0000SEHF01,2009,M12,187.388,
CUUR0000SEHF01,2010,M01,186.903,
CUUR0000SEHF01,2010,M02,185.448,
CUUR0000SEHF01,2010,M03,189.061,
CUUR0000SEHF01,2010,M04,190.210,
CUUR0000SEHF01,2010,M05,192.416,
CUUR0000SEHF01,2010,M06,200.767,
CUUR0000SEHF01,2010,M07,201.914,
CUUR0000SEHF01,2010,M08,201.624,
CUUR0000SEHF01,2010,M09,200.405,
CUUR0000SEHF01,2010,M10,191.481,
CUUR0000SEHF01,2010,M11,188.198,
CUUR0000SEHF01,2010,M12,188.711,
CUUR0000SEHF01,2011,M01,189.166,
CUUR0000SEHF01,2011,M02,189.539,
CUUR0000SEHF01,2011,M03,191.028,
CUUR0000SEHF01,2011,M04,191.323,
CUUR0000SEHF01,2011,M05,195.838,
CUUR0000SEHF01,2011,M06,203.836,
CUUR0000SEHF01,2011,M07,205.963,
CUUR0000SEHF01,2011,M08,205.362,
CUUR0000SEHF01,2011,M09,205.812,
CUUR0000SEHF01,2011,M10,197.003,
CUUR0000SEHF01,2011,M11,193.193,
CUUR0000SEHF01,2011,M12,192.777,
CUUR0000SEHF01,2012,M01,193.612,
CUUR0000SEHF01,2012,M02,193.183,
CUUR0000SEHF01,2012,M03,192.148,
CUUR0000SEHF01,2012,M04,192.472,
CUUR0000SEHF01,2012,M05,196.159,
CUUR0000SEHF01,2012,M06,204.907,
CUUR0000SEHF01,2012,M07,203.318,
CUUR0000SEHF01,2012,M08,202.870,
CUUR0000SEHF01,2012,M09,202.628,
CUUR0000SEHF01,2012,M10,194.544,
CUUR0000SEHF01,2012,M11,191.837,
CUUR0000SEHF01,2012,M12,191.879,
CUUR0000SEHF01,2013,M01,194.525,
CUUR0000SEHF01,2013,M02,194.739,
CUUR0000SEHF01,2013,M03,193.856,
CUUR0000SEHF01,2013,M04,194.553,
CUUR0000SEHF01,2013,M05,199.557,
CUUR0000SEHF01,2013,M06,208.737,
CUUR0000SEHF01,2013,M07,209.538,
CUUR0000SEHF01,2013,M08,208.514,
CUUR0000SEHF01,2013,M09,209.106,
CUUR0000SEHF01,2013,M10,200.392,
CUUR0000SEHF01,2013,M11,197.442,
CUUR0000SEHF01,2013,M12,198.043,
CUUR0000SEHF01,2014,M01,203.026,
CUUR0000SEHF01,2014,M02,202.224,
CUUR0000SEHF01,2014,M03,204.131,
CUUR0000SEHF01,2014,M04,198.654,
CUUR0000SEHF01,2014,M05,206.715,
CUUR0000SEHF01,2014,M06,217.529,
CUUR0000SEHF01,2014,M07,217.930,
CUUR0000SEHF01,2014,M08,217.148,
CUUR0000SEHF01,2014,M09,215.054,
CUUR0000SEHF01,2014,M10,206.667,
CUUR0000SEHF01,2014,M11,202.889,
CUUR0000SEHF01,2014,M12,204.275,
CUUR0000SEHF01,2015,M01,208.172,
CUUR0000SEHF01,2015,M02,208.696,
CUUR0000SEHF01,2015,M03,205.894,
CUUR0000SEHF01,2015,M04,206.179,
CUUR0000SEHF01,2015,M05,207.683,
CUUR0000SEHF01,2015,M06,217.468,
CUUR0000SEHF01,2015,M07,216.406,
CUUR0000SEHF01,2015,M08,215.786,
CUUR0000SEHF01,2015,M09,214.132,
CUUR0000SEHF01,2015,M10,205.604,
CUUR0000SEHF01,2015,M11,202.479,
CUUR0000SEHF01,2015,M12,201.787,
CUUR0000SEHF01,2016,M01,203.169,
CUUR0000SEHF01,2016,M02,202.528,
CUUR0000SEHF01,2016,M03,202.487,
CUUR0000SEHF01,2016,M04,201.778,
CUUR0000SEHF01,2016,M05,205.038,
CUUR0000SEHF01,2016,M06,213.474,
CUUR0000SEHF01,2016,M07,214.193,
CUUR0000SEHF01,2016,M08,214.222,
CUUR0000SEHF01,2016,M09,214.381,
CUUR0000SEHF01,2016,M10,206.397,
CUUR0000SEHF01,2016,M11,202.984,
CUUR0000SEHF01,2016,M12,203.146,
CUUR0000SEHF01,2017,M01,205.230,
CUUR0000SEHF01,2017,M02,206.416,
CUUR0000SEHF01,2017,M03,205.692,
CUUR0000SEHF01,2017,M04,206.671,
CUUR0000SEHF01,2017,M05,210.541,
CUUR0000SEHF01,2017,M06,218.865,
CUUR0000SEHF01,2017,M07,219.696,
CUUR0000SEHF01,2017,M08,219.078,
CUUR0000SEHF01,2017,M09,218.117,
CUUR0000SEHF01,2017,M10,210.424,
CUUR0000SEHF01,2017,M11,208.111,
CUUR0000SEHF01,2017,M12,208.406,
CUUR0000SEHF01,2018,M01,210.171,
CUUR0000SEHF01,2018,M02,210.970,
CUUR0000SEHF01,2018,M03,210.273,
CUUR0000SEHF01,2018,M04,209.215,
CUUR0000SEHF01,2018,M05,212.646,
CUUR0000SEHF01,2018,M06,218.591,
CUUR0000SEHF01,2018,M07,217.900,
CUUR0000SEHF01,2018,M08,217.967,
CUUR0000SEHF01,2018,M09,215.536,
CUUR0000SEHF01,2018,M10,211.937,
CUUR0000SEHF01,2018,M11,209.339,
CUUR0000SEHF01,2018,M12,210.637,
CUUR0000SEHF01,2019,M01,210.920,
CUUR0000SEHF01,2019,M02,210.939,
CUUR0000SEHF01,2019,M03,210.937,
CUUR0000SEHF01,2019,M04,210.525,
CUUR0000SEHF01,2019,M05,212.326,
CUUR0000SEHF01,2019,M06,217.947,
CUUR0000SEHF01,2019,M07,219.083,
CUUR0000SEHF01,2019,M08,217.811,
CUUR0000SEHF01,2019,M09,216.938,
CUUR0000SEHF01,2019,M10,212.829,
CUUR0000SEHF01,2019,M11,210.365,
CUUR0000SEHF01,2019,M12,209.725,
CUUR0000SEHF01,2020,M01,212.018,
CUUR0000SEHF01,2020,M02,212.180,
CUUR0000SEHF01,2020,M03,211.332,
CUUR0000SEHF01,2020,M04,211.040,
CUUR0000SEHF01,2020,M05,211.988,
CUUR0000SEHF01,2020,M06,218.191,
CUUR0000SEHF01,2020,M07,218.820,
CUUR0000SEHF01,2020,M08,217.680,
CUUR0000SEHF01,2020,M09,218.395,
CUUR0000SEHF01,2020,M10,215.570,
CUUR0000SEHF01,2020,M11,213.787,
CUUR0000SEHF01,2020,M12,214.375,
CUUR0000SEHF01,2021,M01,215.242,
CUUR0000SEHF01,2021,M02,216.998,
CUUR0000SEHF01,2021,M03,216.528,
CUUR0000SEHF01,2021,M04,218.627,
CUUR0000SEHF01,2021,M05,220.948,
CUUR0000SEHF01,2021,M06,226.562,
CUUR0000SEHF01,2021,M07,227.672,
CUUR0000SEHF01,2021,M08,229.088,
CUUR0000SEHF01,2021,M09,229.831,
CUUR0000SEHF01,2021,M10,229.641,
CUUR0000SEHF01,2021,M11,227.588,
CUUR0000SEHF01,2021,M12,227.974,
CUUR0000SEHF01,2022,M01,238.183,
CUUR0000SEHF01,2022,M02,236.453,
CUUR0000SEHF01,2022,M03,240.558,
CUUR0000SEHF01,2022,M04,242.778,
CUUR0000SEHF01,2022,M05,247.461,
CUUR0000SEHF01,2022,M06,257.557,
CUUR0000SEHF01,2022,M07,262.347,
CUUR0000SEHF01,2022,M08,265.191,
CUUR0000SEHF01,2022,M09,265.487,
CUUR0000SEHF01,2022,M10,262.100,
CUUR0000SEHF01,2022,M11,258.864,
CUUR0000SEHF01,2022,M12,260.548,
CUUR0000SEHF01,2023,M01,266.528,
CUUR0000SEHF01,2023,M02,266.887,
CUUR0000SEHF01,2023,M03,265.033,
CUUR0000SEHF01,2023,M04,263.216,
CUUR0000SEHF01,2023,M05,262.135,
CUUR0000SEHF01,2023,M06,271.369,
CUUR0000SEHF01,2023,M07,270.268,
CUUR0000SEHF01,2023,M08,270.752,
CUUR0000SEHF01,2023,M09,272.401,
CUUR0000SEHF01,2023,M10,268.342,
CUUR0000SEHF01,2023,M11,267.545,
CUUR0000SEHF01,2023,M12,269.170,
CUUR0000SEHF01,2024,M01,276.698,
CUUR0000SEHF01,2024,M02,276.384,
CUUR0000SEHF01,2024,M03,278.233,
CUUR0000SEHF01,2024,M04,276.653,
CUUR0000SEHF01,2024,M05,277.584,
CUUR0000SEHF01,2024,M06,283.250,
CUUR0000SEHF01,2024,M07,283.415,
CUUR0000SEHF01,2024,M08,281.333,
CUUR0000SEHF01,2024,M09,282.522,
CUUR0000SEHF01,2024,M10,280.470,
CUUR0000SEHF01,2024,M11,275.801,
CUUR0000SEHF01,2024,M12,276.700,
CUUR0000SEHF01,2025,M01,281.888,
CUUR0000SEHF01,2025,M02,283.194,
CUUR0000SEHF01,2025,M03,285.983,
CUUR0000SEHF01,2025,M04,286.652,
CUUR0000SEHF01,2025,M05,290.055,
CUUR0000SEHF01,2025,M06,299.728,
CUUR0000SEHF01,2025,M07,299.107,
CUUR0000SEHF01,2025,M08,298.738,
CUUR0000SEHF01,2025,M09,296.887,
CUUR0000SEHF01,2025,M10,-,Data unavailable due to the 2025 lapse in appropriations
CUUR0000SEHF01,2025,M11,294.939,
CUUR0000SEHF01,2025,M12,295.121,
CUUR0000SEHF01,2026,M01,299.731,
CUUR0000SEHF01,2026,M02,296.798,
CUUR0000SEHF01,2026,M03,299.028,
CUUR0000SEHF01,2026,M04,304.095,
CUUR0000SEHF01,2026,M05,307.226,
CUUR0000SEHF01,2026,M06,311.818,
CUUR0000SEHF01,2026,M07,311.672,
CUUR0000SEHF02,1997,M01,120.8,
CUUR0000SEHF02,1997,M02,121.0,
CUUR0000SEHF02,1997,M03,115.1,
CUUR0000SEHF02,1997,M04,110.4,
CUUR0000SEHF02,1997,M05,108.9,
CUUR0000SEHF02,1997,M06,110.8,
CUUR0000SEHF02,1997,M07,111.5,
CUUR0000SEHF02,1997,M08,110.0,
CUUR0000SEHF02,1997,M09,112.8,
CUUR0000SEHF02,1997,M10,115.4,
CUUR0000SEHF02,1997,M11,119.9,
CUUR0000SEHF02,1997,M12,118.8,
CUUR0000SEHF02,1998,M01,116.0,
CUUR0000SEHF02,1998,M02,113.5,
CUUR0000SEHF02,1998,M03,113.2,
CUUR0000SEHF02,1998,M04,113.0,
CUUR0000SEHF02,1998,M05,113.2,
CUUR0000SEHF02,1998,M06,110.7,
CUUR0000SEHF02,1998,M07,110.4,
CUUR0000SEHF02,1998,M08,109.8,
CUUR0000SEHF02,1998,M09,109.8,
CUUR0000SEHF02,1998,M10,110.4,
CUUR0000SEHF02,1998,M11,113.5,
CUUR0000SEHF02,1998,M12,114.7,
CUUR0000SEHF02,1999,M01,113.4,
CUUR0000SEHF02,1999,M02,111.8,
CUUR0000SEHF02,1999,M03,109.9,
CUUR0000SEHF02,1999,M04,108.9,
CUUR0000SEHF02,1999,M05,109.4,
CUUR0000SEHF02,1999,M06,109.9,
CUUR0000SEHF02,1999,M07,110.9,
CUUR0000SEHF02,1999,M08,112.4,
CUUR0000SEHF02,1999,M09,115.9,
CUUR0000SEHF02,1999,M10,115.5,
CUUR0000SEHF02,1999,M11,120.3,
CUUR0000SEHF02,1999,M12,117.1,
CUUR0000SEHF02,2000,M01,117.3,
CUUR0000SEHF02,2000,M02,117.7,
CUUR0000SEHF02,2000,M03,117.6,
CUUR0000SEHF02,2000,M04,118.8,
CUUR0000SEHF02,2000,M05,120.1,
CUUR0000SEHF02,2000,M06,128.3,
CUUR0000SEHF02,2000,M07,133.2,
CUUR0000SEHF02,2000,M08,132.1,
CUUR0000SEHF02,2000,M09,139.7,
CUUR0000SEHF02,2000,M10,148.1,
CUUR0000SEHF02,2000,M11,151.1,
CUUR0000SEHF02,2000,M12,160.1,
CUUR0000SEHF02,2001,M01,186.9,
CUUR0000SEHF02,2001,M02,181.8,
CUUR0000SEHF02,2001,M03,175.3,
CUUR0000SEHF02,2001,M04,171.7,
CUUR0000SEHF02,2001,M05,171.9,
CUUR0000SEHF02,2001,M06,161.6,
CUUR0000SEHF02,2001,M07,154.3,
CUUR0000SEHF02,2001,M08,148.2,
CUUR0000SEHF02,2001,M09,140.9,
CUUR0000SEHF02,2001,M10,132.3,
CUUR0000SEHF02,2001,M11,138.3,
CUUR0000SEHF02,2001,M12,136.0,
CUUR0000SEHF02,2002,M01,136.3,
CUUR0000SEHF02,2002,M02,130.6,
CUUR0000SEHF02,2002,M03,130.2,
CUUR0000SEHF02,2002,M04,133.1,
CUUR0000SEHF02,2002,M05,133.2,
CUUR0000SEHF02,2002,M06,132.8,
CUUR0000SEHF02,2002,M07,132.9,
CUUR0000SEHF02,2002,M08,132.6,
CUUR0000SEHF02,2002,M09,134.1,
CUUR0000SEHF02,2002,M10,138.1,
CUUR0000SEHF02,2002,M11,144.3,
CUUR0000SEHF02,2002,M12,145.1,
CUUR0000SEHF02,2003,M01,150.9,
CUUR0000SEHF02,2003,M02,154.7,
CUUR0000SEHF02,2003,M03,175.3,
CUUR0000SEHF02,2003,M04,169.4,
CUUR0000SEHF02,2003,M05,166.3,
CUUR0000SEHF02,2003,M06,170.4,
CUUR0000SEHF02,2003,M07,169.5,
CUUR0000SEHF02,2003,M08,166.9,
CUUR0000SEHF02,2003,M09,167.4,
CUUR0000SEHF02,2003,M10,166.3,
CUUR0000SEHF02,2003,M11,168.0,
CUUR0000SEHF02,2003,M12,170.3,
CUUR0000SEHF02,2004,M01,176.6,
CUUR0000SEHF02,2004,M02,174.9,
CUUR0000SEHF02,2004,M03,169.7,
CUUR0000SEHF02,2004,M04,170.6,
CUUR0000SEHF02,2004,M05,172.8,
CUUR0000SEHF02,2004,M06,179.7,
CUUR0000SEHF02,2004,M07,181.5,
CUUR0000SEHF02,2004,M08,182.6,
CUUR0000SEHF02,2004,M09,177.8,
CUUR0000SEHF02,2004,M10,179.6,
CUUR0000SEHF02,2004,M11,196.8,
CUUR0000SEHF02,2004,M12,198.2,
CUUR0000SEHF02,2005,M01,196.4,
CUUR0000SEHF02,2005,M02,190.6,
CUUR0000SEHF02,2005,M03,188.2,
CUUR0000SEHF02,2005,M04,198.5,
CUUR0000SEHF02,2005,M05,198.2,
CUUR0000SEHF02,2005,M06,193.6,
CUUR0000SEHF02,2005,M07,200.8,
CUUR0000SEHF02,2005,M08,204.3,
CUUR0000SEHF02,2005,M09,227.8,
CUUR0000SEHF02,2005,M10,260.9,
CUUR0000SEHF02,2005,M11,267.9,
CUUR0000SEHF02,2005,M12,258.0,
CUUR0000SEHF02,2006,M01,264.1,
CUUR0000SEHF02,2006,M02,241.5,
CUUR0000SEHF02,2006,M03,229.5,
CUUR0000SEHF02,2006,M04,220.4,
CUUR0000SEHF02,2006,M05,218.0,
CUUR0000SEHF02,2006,M06,208.4,
CUUR0000SEHF02,2006,M07,208.9,
CUUR0000SEHF02,2006,M08,210.1,
CUUR0000SEHF02,2006,M09,213.8,
CUUR0000SEHF02,2006,M10,198.3,
CUUR0000SEHF02,2006,M11,214.8,
CUUR0000SEHF02,2006,M12,221.3,
CUUR0000SEHF02,2007,M01,217.428,
CUUR0000SEHF02,2007,M02,218.173,
CUUR0000SEHF02,2007,M03,222.221,
CUUR0000SEHF02,2007,M04,220.779,
CUUR0000SEHF02,2007,M05,221.801,
CUUR0000SEHF02,2007,M06,223.313,
CUUR0000SEHF02,2007,M07,219.865,
CUUR0000SEHF02,2007,M08,211.181,
CUUR0000SEHF02,2007,M09,208.211,
CUUR0000SEHF02,2007,M10,209.993,
CUUR0000SEHF02,2007,M11,218.791,
CUUR0000SEHF02,2007,M12,220.496,
CUUR0000SEHF02,2008,M01,220.065,
CUUR0000SEHF02,2008,M02,225.808,
CUUR0000SEHF02,2008,M03,233.931,
CUUR0000SEHF02,2008,M04,244.862,
CUUR0000SEHF02,2008,M05,258.374,
CUUR0000SEHF02,2008,M06,271.234,
CUUR0000SEHF02,2008,M07,291.713,
CUUR0000SEHF02,2008,M08,272.982,
CUUR0000SEHF02,2008,M09,247.788,
CUUR0000SEHF02,2008,M10,239.218,
CUUR0000SEHF02,2008,M11,235.114,
CUUR0000SEHF02,2008,M12,232.548,
CUUR0000SEHF02,2009,M01,227.000,
CUUR0000SEHF02,2009,M02,218.459,
CUUR0000SEHF02,2009,M03,207.179,
CUUR0000SEHF02,2009,M04,193.534,
CUUR0000SEHF02,2009,M05,182.464,
CUUR0000SEHF02,2009,M06,183.979,
CUUR0000SEHF02,2009,M07,186.191,
CUUR0000SEHF02,2009,M08,183.632,
CUUR0000SEHF02,2009,M09,178.424,
CUUR0000SEHF02,2009,M10,181.922,
CUUR0000SEHF02,2009,M11,191.324,
CUUR0000SEHF02,2009,M12,190.497,
CUUR0000SEHF02,2010,M01,199.199,
CUUR0000SEHF02,2010,M02,200.120,
CUUR0000SEHF02,2010,M03,195.832,
CUUR0000SEHF02,2010,M04,188.014,
CUUR0000SEHF02,2010,M05,186.595,
CUUR0000SEHF02,2010,M06,187.442,
CUUR0000SEHF02,2010,M07,192.003,
CUUR0000SEHF02,2010,M08,190.655,
CUUR0000SEHF02,2010,M09,183.759,
CUUR0000SEHF02,2010,M10,185.293,
CUUR0000SEHF02,2010,M11,182.120,
CUUR0000SEHF02,2010,M12,185.106,
CUUR0000SEHF02,2011,M01,186.351,
CUUR0000SEHF02,2011,M02,188.289,
CUUR0000SEHF02,2011,M03,185.110,
CUUR0000SEHF02,2011,M04,185.197,
CUUR0000SEHF02,2011,M05,184.327,
CUUR0000SEHF02,2011,M06,185.940,
CUUR0000SEHF02,2011,M07,186.719,
CUUR0000SEHF02,2011,M08,186.808,
CUUR0000SEHF02,2011,M09,184.144,
CUUR0000SEHF02,2011,M10,181.220,
CUUR0000SEHF02,2011,M11,179.708,
CUUR0000SEHF02,2011,M12,178.193,
CUUR0000SEHF02,2012,M01,176.044,
CUUR0000SEHF02,2012,M02,169.753,
CUUR0000SEHF02,2012,M03,168.196,
CUUR0000SEHF02,2012,M04,163.692,
CUUR0000SEHF02,2012,M05,156.863,
CUUR0000SEHF02,2012,M06,160.714,
CUUR0000SEHF02,2012,M07,162.972,
CUUR0000SEHF02,2012,M08,165.953,
CUUR0000SEHF02,2012,M09,164.528,
CUUR0000SEHF02,2012,M10,165.966,
CUUR0000SEHF02,2012,M11,171.243,
CUUR0000SEHF02,2012,M12,173.098,
CUUR0000SEHF02,2013,M01,171.597,
CUUR0000SEHF02,2013,M02,171.888,
CUUR0000SEHF02,2013,M03,171.248,
CUUR0000SEHF02,2013,M04,176.159,
CUUR0000SEHF02,2013,M05,179.173,
CUUR0000SEHF02,2013,M06,179.557,
CUUR0000SEHF02,2013,M07,177.356,
CUUR0000SEHF02,2013,M08,173.861,
CUUR0000SEHF02,2013,M09,173.315,
CUUR0000SEHF02,2013,M10,173.329,
CUUR0000SEHF02,2013,M11,173.035,
CUUR0000SEHF02,2013,M12,172.898,
CUUR0000SEHF02,2014,M01,179.982,
CUUR0000SEHF02,2014,M02,186.095,
CUUR0000SEHF02,2014,M03,199.340,
CUUR0000SEHF02,2014,M04,196.872,
CUUR0000SEHF02,2014,M05,192.303,
CUUR0000SEHF02,2014,M06,188.769,
CUUR0000SEHF02,2014,M07,189.659,
CUUR0000SEHF02,2014,M08,183.960,
CUUR0000SEHF02,2014,M09,183.376,
CUUR0000SEHF02,2014,M10,179.226,
CUUR0000SEHF02,2014,M11,178.558,
CUUR0000SEHF02,2014,M12,182.908,
CUUR0000SEHF02,2015,M01,179.184,
CUUR0000SEHF02,2015,M02,173.978,
CUUR0000SEHF02,2015,M03,170.592,
CUUR0000SEHF02,2015,M04,164.839,
CUUR0000SEHF02,2015,M05,162.639,
CUUR0000SEHF02,2015,M06,164.205,
CUUR0000SEHF02,2015,M07,162.733,
CUUR0000SEHF02,2015,M08,162.885,
CUUR0000SEHF02,2015,M09,161.189,
CUUR0000SEHF02,2015,M10,159.422,
CUUR0000SEHF02,2015,M11,157.750,
CUUR0000SEHF02,2015,M12,155.746,
CUUR0000SEHF02,2016,M01,156.513,
CUUR0000SEHF02,2016,M02,155.981,
CUUR0000SEHF02,2016,M03,154.822,
CUUR0000SEHF02,2016,M04,154.130,
CUUR0000SEHF02,2016,M05,154.994,
CUUR0000SEHF02,2016,M06,155.914,
CUUR0000SEHF02,2016,M07,162.129,
CUUR0000SEHF02,2016,M08,164.715,
CUUR0000SEHF02,2016,M09,165.881,
CUUR0000SEHF02,2016,M10,167.049,
CUUR0000SEHF02,2016,M11,167.469,
CUUR0000SEHF02,2016,M12,167.935,
CUUR0000SEHF02,2017,M01,172.319,
CUUR0000SEHF02,2017,M02,172.967,
CUUR0000SEHF02,2017,M03,170.755,
CUUR0000SEHF02,2017,M04,172.597,
CUUR0000SEHF02,2017,M05,174.901,
CUUR0000SEHF02,2017,M06,175.807,
CUUR0000SEHF02,2017,M07,174.301,
CUUR0000SEHF02,2017,M08,173.646,
CUUR0000SEHF02,2017,M09,172.111,
CUUR0000SEHF02,2017,M10,172.373,
CUUR0000SEHF02,2017,M11,173.504,
CUUR0000SEHF02,2017,M12,175.909,
CUUR0000SEHF02,2018,M01,172.658,
CUUR0000SEHF02,2018,M02,179.557,
CUUR0000SEHF02,2018,M03,176.567,
CUUR0000SEHF02,2018,M04,174.318,
CUUR0000SEHF02,2018,M05,173.420,
CUUR0000SEHF02,2018,M06,172.167,
CUUR0000SEHF02,2018,M07,172.062,
CUUR0000SEHF02,2018,M08,173.867,
CUUR0000SEHF02,2018,M09,170.100,
CUUR0000SEHF02,2018,M10,168.770,
CUUR0000SEHF02,2018,M11,169.821,
CUUR0000SEHF02,2018,M12,179.999,
CUUR0000SEHF02,2019,M01,180.106,
CUUR0000SEHF02,2019,M02,174.950,
CUUR0000SEHF02,2019,M03,174.089,
CUUR0000SEHF02,2019,M04,171.004,
CUUR0000SEHF02,2019,M05,168.826,
CUUR0000SEHF02,2019,M06,168.628,
CUUR0000SEHF02,2019,M07,167.074,
CUUR0000SEHF02,2019,M08,167.803,
CUUR0000SEHF02,2019,M09,165.562,
CUUR0000SEHF02,2019,M10,169.138,
CUUR0000SEHF02,2019,M11,171.629,
CUUR0000SEHF02,2019,M12,173.652,
CUUR0000SEHF02,2020,M01,174.272,
CUUR0000SEHF02,2020,M02,171.469,
CUUR0000SEHF02,2020,M03,168.994,
CUUR0000SEHF02,2020,M04,167.751,
CUUR0000SEHF02,2020,M05,168.316,
CUUR0000SEHF02,2020,M06,168.267,
CUUR0000SEHF02,2020,M07,166.536,
CUUR0000SEHF02,2020,M08,166.916,
CUUR0000SEHF02,2020,M09,171.873,
CUUR0000SEHF02,2020,M10,172.255,
CUUR0000SEHF02,2020,M11,179.226,
CUUR0000SEHF02,2020,M12,180.767,
CUUR0000SEHF02,2021,M01,181.709,
CUUR0000SEHF02,2021,M02,183.006,
CUUR0000SEHF02,2021,M03,185.624,
CUUR0000SEHF02,2021,M04,188.129,
CUUR0000SEHF02,2021,M05,191.083,
CUUR0000SEHF02,2021,M06,194.563,
CUUR0000SEHF02,2021,M07,198.207,
CUUR0000SEHF02,2021,M08,202.140,
CUUR0000SEHF02,2021,M09,207.290,
CUUR0000SEHF02,2021,M10,220.668,
CUUR0000SEHF02,2021,M11,224.225,
CUUR0000SEHF02,2021,M12,224.366,
CUUR0000SEHF02,2022,M01,225.181,
CUUR0000SEHF02,2022,M02,226.491,
CUUR0000SEHF02,2022,M03,225.679,
CUUR0000SEHF02,2022,M04,230.916,
CUUR0000SEHF02,2022,M05,248.854,
CUUR0000SEHF02,2022,M06,269.278,
CUUR0000SEHF02,2022,M07,258.666,
CUUR0000SEHF02,2022,M08,268.866,
CUUR0000SEHF02,2022,M09,275.894,
CUUR0000SEHF02,2022,M10,264.774,
CUUR0000SEHF02,2022,M11,258.872,
CUUR0000SEHF02,2022,M12,267.683,
CUUR0000SEHF02,2023,M01,285.407,
CUUR0000SEHF02,2023,M02,258.976,
CUUR0000SEHF02,2023,M03,238.182,
CUUR0000SEHF02,2023,M04,226.062,
CUUR0000SEHF02,2023,M05,221.484,
CUUR0000SEHF02,2023,M06,219.272,
CUUR0000SEHF02,2023,M07,223.290,
CUUR0000SEHF02,2023,M08,224.539,
CUUR0000SEHF02,2023,M09,221.045,
CUUR0000SEHF02,2023,M10,222.955,
CUUR0000SEHF02,2023,M11,231.976,
CUUR0000SEHF02,2023,M12,230.862,
CUUR0000SEHF02,2024,M01,234.515,
CUUR0000SEHF02,2024,M02,236.218,
CUUR0000SEHF02,2024,M03,230.601,
CUUR0000SEHF02,2024,M04,221.729,
CUUR0000SEHF02,2024,M05,222.024,
CUUR0000SEHF02,2024,M06,227.478,
CUUR0000SEHF02,2024,M07,226.593,
CUUR0000SEHF02,2024,M08,224.259,
CUUR0000SEHF02,2024,M09,225.366,
CUUR0000SEHF02,2024,M10,227.463,
CUUR0000SEHF02,2024,M11,236.179,
CUUR0000SEHF02,2024,M12,242.224,
CUUR0000SEHF02,2025,M01,246.117,
CUUR0000SEHF02,2025,M02,250.380,
CUUR0000SEHF02,2025,M03,252.218,
CUUR0000SEHF02,2025,M04,256.501,
CUUR0000SEHF02,2025,M05,255.981,
CUUR0000SEHF02,2025,M06,259.734,
CUUR0000SEHF02,2025,M07,257.867,
CUUR0000SEHF02,2025,M08,255.253,
CUUR0000SEHF02,2025,M09,251.728,
CUUR0000SEHF02,2025,M10,-,Data unavailable due to the 2025 lapse in appropriations
CUUR0000SEHF02,2025,M11,257.731,
CUUR0000SEHF02,2025,M12,268.415,
CUUR0000SEHF02,2026,M01,270.302,
CUUR0000SEHF02,2026,M02,277.644,
CUUR0000SEHF02,2026,M03,268.466,
CUUR0000SEHF02,2026,M04,264.314,
CUUR0000SEHF02,2026,M05,263.682,
CUUR0000SEHF02,2026,M06,267.609,
CUUR0000SEHF02,2026,M07,268.999,
CUUR0000SEHG,1997,M12,100.0,
CUUR0000SEHG,1998,M01,100.2,
CUUR0000SEHG,1998,M02,100.7,
CUUR0000SEHG,1998,M03,100.9,
CUUR0000SEHG,1998,M04,101.1,
CUUR0000SEHG,1998,M05,101.3,
CUUR0000SEHG,1998,M06,101.5,
CUUR0000SEHG,1998,M07,102.0,
CUUR0000SEHG,1998,M08,102.2,
CUUR0000SEHG,1998,M09,102.3,
CUUR0000SEHG,1998,M10,102.4,
CUUR0000SEHG,1998,M11,102.4,
CUUR0000SEHG,1998,M12,102.7,
CUUR0000SEHG,1999,M01,103.0,
CUUR0000SEHG,1999,M02,103.2,
CUUR0000SEHG,1999,M03,103.4,
CUUR0000SEHG,1999,M04,103.6,
CUUR0000SEHG,1999,M05,103.7,
CUUR0000SEHG,1999,M06,103.8,
CUUR0000SEHG,1999,M07,104.1,
CUUR0000SEHG,1999,M08,104.4,
CUUR0000SEHG,1999,M09,104.5,
CUUR0000SEHG,1999,M10,104.6,
CUUR0000SEHG,1999,M11,104.7,
CUUR0000SEHG,1999,M12,104.7,
CUUR0000SEHG,2000,M01,105.2,
CUUR0000SEHG,2000,M02,105.5,
CUUR0000SEHG,2000,M03,105.8,
CUUR0000SEHG,2000,M04,105.9,
CUUR0000SEHG,2000,M05,106.2,
CUUR0000SEHG,2000,M06,106.3,
CUUR0000SEHG,2000,M07,106.7,
CUUR0000SEHG,2000,M08,107.0,
CUUR0000SEHG,2000,M09,107.2,
CUUR0000SEHG,2000,M10,107.2,
CUUR0000SEHG,2000,M11,107.6,
CUUR0000SEHG,2000,M12,107.9,
CUUR0000SEHG,2001,M01,108.1,
CUUR0000SEHG,2001,M02,108.4,
CUUR0000SEHG,2001,M03,108.7,
CUUR0000SEHG,2001,M04,108.8,
CUUR0000SEHG,2001,M05,109.1,
CUUR0000SEHG,2001,M06,109.1,
CUUR0000SEHG,2001,M07,109.5,
CUUR0000SEHG,2001,M08,110.2,
CUUR0000SEHG,2001,M09,110.4,
CUUR0000SEHG,2001,M10,110.6,
CUUR0000SEHG,2001,M11,110.7,
CUUR0000SEHG,2001,M12,111.0,
CUUR0000SEHG,2002,M01,111.6,
CUUR0000SEHG,2002,M02,111.8,
CUUR0000SEHG,2002,M03,112.3,
CUUR0000SEHG,2002,M04,112.6,
CUUR0000SEHG,2002,M05,112.7,
CUUR0000SEHG,2002,M06,112.6,
CUUR0000SEHG,2002,M07,113.0,
CUUR0000SEHG,2002,M08,113.5,
CUUR0000SEHG,2002,M09,113.6,
CUUR0000SEHG,2002,M10,113.9,
CUUR0000SEHG,2002,M11,114.3,
CUUR0000SEHG,2002,M12,114.6,
CUUR0000SEHG,2003,M01,114.8,
CUUR0000SEHG,2003,M02,115.0,
CUUR0000SEHG,2003,M03,115.9,
CUUR0000SEHG,2003,M04,116.1,
CUUR0000SEHG,2003,M05,116.4,
CUUR0000SEHG,2003,M06,116.4,
CUUR0000SEHG,2003,M07,117.0,
CUUR0000SEHG,2003,M08,118.0,
CUUR0000SEHG,2003,M09,118.3,
CUUR0000SEHG,2003,M10,118.8,
CUUR0000SEHG,2003,M11,119.4,
CUUR0000SEHG,2003,M12,119.8,
CUUR0000SEHG,2004,M01,120.6,
CUUR0000SEHG,2004,M02,121.8,
CUUR0000SEHG,2004,M03,122.2,
CUUR0000SEHG,2004,M04,122.3,
CUUR0000SEHG,2004,M05,123.3,
CUUR0000SEHG,2004,M06,123.6,
CUUR0000SEHG,2004,M07,124.4,
CUUR0000SEHG,2004,M08,125.3,
CUUR0000SEHG,2004,M09,125.7,
CUUR0000SEHG,2004,M10,126.0,
CUUR0000SEHG,2004,M11,126.2,
CUUR0000SEHG,2004,M12,126.3,
CUUR0000SEHG,2005,M01,127.6,
CUUR0000SEHG,2005,M02,128.5,
CUUR0000SEHG,2005,M03,128.9,
CUUR0000SEHG,2005,M04,129.1,
CUUR0000SEHG,2005,M05,129.5,
CUUR0000SEHG,2005,M06,129.9,
CUUR0000SEHG,2005,M07,130.7,
CUUR0000SEHG,2005,M08,131.2,
CUUR0000SEHG,2005,M09,131.4,
CUUR0000SEHG,2005,M10,131.9,
CUUR0000SEHG,2005,M11,132.5,
CUUR0000SEHG,2005,M12,132.9,
CUUR0000SEHG,2006,M01,134.0,
CUUR0000SEHG,2006,M02,135.0,
CUUR0000SEHG,2006,M03,135.1,
CUUR0000SEHG,2006,M04,135.4,
CUUR0000SEHG,2006,M05,135.7,
CUUR0000SEHG,2006,M06,136.2,
CUUR0000SEHG,2006,M07,137.1,
CUUR0000SEHG,2006,M08,137.8,
CUUR0000SEHG,2006,M09,138.2,
CUUR0000SEHG,2006,M10,138.6,
CUUR0000SEHG,2006,M11,139.0,
CUUR0000SEHG,2006,M12,139.3,
CUUR0000SEHG,2007,M01,140.634,
CUUR0000SEHG,2007,M02,141.349,
CUUR0000SEHG,2007,M03,141.806,
CUUR0000SEHG,2007,M04,142.184,
CUUR0000SEHG,2007,M05,142.552,
CUUR0000SEHG,2007,M06,142.805,
CUUR0000SEHG,2007,M07,144.181,
CUUR0000SEHG,2007,M08,144.972,
CUUR0000SEHG,2007,M09,145.246,
CUUR0000SEHG,2007,M10,145.488,
CUUR0000SEHG,2007,M11,146.376,
CUUR0000SEHG,2007,M12,146.878,
CUUR0000SEHG,2008,M01,148.277,
CUUR0000SEHG,2008,M02,149.057,
CUUR0000SEHG,2008,M03,149.315,
CUUR0000SEHG,2008,M04,149.536,
CUUR0000SEHG,2008,M05,150.069,
CUUR0000SEHG,2008,M06,150.554,
CUUR0000SEHG,2008,M07,152.063,
CUUR0000SEHG,2008,M08,154.134,
CUUR0000SEHG,2008,M09,154.264,
CUUR0000SEHG,2008,M10,155.557,
CUUR0000SEHG,2008,M11,156.193,
CUUR0000SEHG,2008,M12,156.390,
CUUR0000SEHG,2009,M01,157.275,
CUUR0000SEHG,2009,M02,157.638,
CUUR0000SEHG,2009,M03,158.052,
CUUR0000SEHG,2009,M04,158.698,
CUUR0000SEHG,2009,M05,159.517,
CUUR0000SEHG,2009,M06,159.831,
CUUR0000SEHG,2009,M07,161.403,
CUUR0000SEHG,2009,M08,163.136,
CUUR0000SEHG,2009,M09,163.429,
CUUR0000SEHG,2009,M10,164.591,
CUUR0000SEHG,2009,M11,164.962,
CUUR0000SEHG,2009,M12,165.204,
CUUR0000SEHG,2010,M01,166.857,
CUUR0000SEHG,2010,M02,168.078,
CUUR0000SEHG,2010,M03,168.521,
CUUR0000SEHG,2010,M04,169.116,
CUUR0000SEHG,2010,M05,169.825,
CUUR0000SEHG,2010,M06,169.745,
CUUR0000SEHG,2010,M07,171.156,
CUUR0000SEHG,2010,M08,172.491,
CUUR0000SEHG,2010,M09,172.833,
CUUR0000SEHG,2010,M10,173.360,
CUUR0000SEHG,2010,M11,174.094,
CUUR0000SEHG,2010,M12,174.543,
CUUR0000SEHG,2011,M01,175.754,
CUUR0000SEHG,2011,M02,177.194,
CUUR0000SEHG,2011,M03,177.694,
CUUR0000SEHG,2011,M04,178.033,
CUUR0000SEHG,2011,M05,178.521,
CUUR0000SEHG,2011,M06,178.640,
CUUR0000SEHG,2011,M07,179.820,
CUUR0000SEHG,2011,M08,180.762,
CUUR0000SEHG,2011,M09,181.569,
CUUR0000SEHG,2011,M10,181.916,
CUUR0000SEHG,2011,M11,182.254,
CUUR0000SEHG,2011,M12,182.758,
CUUR0000SEHG,2012,M01,183.984,
CUUR0000SEHG,2012,M02,185.499,
CUUR0000SEHG,2012,M03,186.280,
CUUR0000SEHG,2012,M04,187.473,
CUUR0000SEHG,2012,M05,187.788,
CUUR0000SEHG,2012,M06,188.489,
CUUR0000SEHG,2012,M07,189.750,
CUUR0000SEHG,2012,M08,191.927,
CUUR0000SEHG,2012,M09,191.833,
CUUR0000SEHG,2012,M10,192.370,
CUUR0000SEHG,2012,M11,192.921,
CUUR0000SEHG,2012,M12,193.237,
CUUR0000SEHG,2013,M01,194.553,
CUUR0000SEHG,2013,M02,195.505,
CUUR0000SEHG,2013,M03,195.981,
CUUR0000SEHG,2013,M04,196.319,
CUUR0000SEHG,2013,M05,196.727,
CUUR0000SEHG,2013,M06,196.989,
CUUR0000SEHG,2013,M07,198.173,
CUUR0000SEHG,2013,M08,198.736,
CUUR0000SEHG,2013,M09,198.804,
CUUR0000SEHG,2013,M10,199.759,
CUUR0000SEHG,2013,M11,200.004,
CUUR0000SEHG,2013,M12,200.203,
CUUR0000SEHG,2014,M01,201.169,
CUUR0000SEHG,2014,M02,202.149,
CUUR0000SEHG,2014,M03,202.657,
CUUR0000SEHG,2014,M04,203.084,
CUUR0000SEHG,2014,M05,203.124,
CUUR0000SEHG,2014,M06,203.396,
CUUR0000SEHG,2014,M07,205.022,
CUUR0000SEHG,2014,M08,206.171,
CUUR0000SEHG,2014,M09,206.363,
CUUR0000SEHG,2014,M10,207.633,
CUUR0000SEHG,2014,M11,208.562,
CUUR0000SEHG,2014,M12,209.414,
CUUR0000SEHG,2015,M01,210.243,
CUUR0000SEHG,2015,M02,211.397,
CUUR0000SEHG,2015,M03,211.738,
CUUR0000SEHG,2015,M04,212.153,
CUUR0000SEHG,2015,M05,212.542,
CUUR0000SEHG,2015,M06,212.863,
CUUR0000SEHG,2015,M07,213.873,
CUUR0000SEHG,2015,M08,215.844,
CUUR0000SEHG,2015,M09,216.173,
CUUR0000SEHG,2015,M10,216.380,
CUUR0000SEHG,2015,M11,217.004,
CUUR0000SEHG,2015,M12,217.386,
CUUR0000SEHG,2016,M01,218.370,
CUUR0000SEHG,2016,M02,219.036,
CUUR0000SEHG,2016,M03,219.649,
CUUR0000SEHG,2016,M04,220.506,
CUUR0000SEHG,2016,M05,221.360,
CUUR0000SEHG,2016,M06,221.396,
CUUR0000SEHG,2016,M07,221.358,
CUUR0000SEHG,2016,M08,222.554,
CUUR0000SEHG,2016,M09,223.111,
CUUR0000SEHG,2016,M10,223.420,
CUUR0000SEHG,2016,M11,224.399,
CUUR0000SEHG,2016,M12,224.745,
CUUR0000SEHG,2017,M01,226.411,
CUUR0000SEHG,2017,M02,227.277,
CUUR0000SEHG,2017,M03,227.553,
CUUR0000SEHG,2017,M04,228.133,
CUUR0000SEHG,2017,M05,228.396,
CUUR0000SEHG,2017,M06,228.599,
CUUR0000SEHG,2017,M07,229.008,
CUUR0000SEHG,2017,M08,229.772,
CUUR0000SEHG,2017,M09,230.142,
CUUR0000SEHG,2017,M10,230.614,
CUUR0000SEHG,2017,M11,231.522,
CUUR0000SEHG,2017,M12,231.842,
CUUR0000SEHG,2018,M01,232.977,
CUUR0000SEHG,2018,M02,233.858,
CUUR0000SEHG,2018,M03,234.215,
CUUR0000SEHG,2018,M04,235.141,
CUUR0000SEHG,2018,M05,235.878,
CUUR0000SEHG,2018,M06,236.493,
CUUR0000SEHG,2018,M07,237.186,
CUUR0000SEHG,2018,M08,238.439,
CUUR0000SEHG,2018,M09,238.512,
CUUR0000SEHG,2018,M10,238.936,
CUUR0000SEHG,2018,M11,241.774,
CUUR0000SEHG,2018,M12,242.204,
CUUR0000SEHG,2019,M01,241.606,
CUUR0000SEHG,2019,M02,242.011,
CUUR0000SEHG,2019,M03,242.611,
CUUR0000SEHG,2019,M04,243.490,
CUUR0000SEHG,2019,M05,243.774,
CUUR0000SEHG,2019,M06,244.322,
CUUR0000SEHG,2019,M07,244.943,
CUUR0000SEHG,2019,M08,245.549,
CUUR0000SEHG,2019,M09,245.903,
CUUR0000SEHG,2019,M10,246.741,
CUUR0000SEHG,2019,M11,247.364,
CUUR0000SEHG,2019,M12,247.567,
CUUR0000SEHG,2020,M01,248.846,
CUUR0000SEHG,2020,M02,249.751,
CUUR0000SEHG,2020,M03,250.359,
CUUR0000SEHG,2020,M04,250.673,
CUUR0000SEHG,2020,M05,250.921,
CUUR0000SEHG,2020,M06,251.435,
CUUR0000SEHG,2020,M07,252.401,
CUUR0000SEHG,2020,M08,253.974,
CUUR0000SEHG,2020,M09,254.266,
CUUR0000SEHG,2020,M10,254.781,
CUUR0000SEHG,2020,M11,255.650,
CUUR0000SEHG,2020,M12,256.456,
CUUR0000SEHG,2021,M01,257.722,
CUUR0000SEHG,2021,M02,258.763,
CUUR0000SEHG,2021,M03,259.204,
CUUR0000SEHG,2021,M04,259.581,
CUUR0000SEHG,2021,M05,259.542,
CUUR0000SEHG,2021,M06,260.400,
CUUR0000SEHG,2021,M07,261.706,
CUUR0000SEHG,2021,M08,262.810,
CUUR0000SEHG,2021,M09,263.747,
CUUR0000SEHG,2021,M10,264.278,
CUUR0000SEHG,2021,M11,264.580,
CUUR0000SEHG,2021,M12,265.365,
CUUR0000SEHG,2022,M01,268.128,
CUUR0000SEHG,2022,M02,269.521,
CUUR0000SEHG,2022,M03,269.621,
CUUR0000SEHG,2022,M04,270.419,
CUUR0000SEHG,2022,M05,270.844,
CUUR0000SEHG,2022,M06,271.925,
CUUR0000SEHG,2022,M07,273.097,
CUUR0000SEHG,2022,M08,274.984,
CUUR0000SEHG,2022,M09,276.759,
CUUR0000SEHG,2022,M10,276.892,
CUUR0000SEHG,2022,M11,277.824,
CUUR0000SEHG,2022,M12,278.464,
CUUR0000SEHG,2023,M01,281.461,
CUUR0000SEHG,2023,M02,283.663,
CUUR0000SEHG,2023,M03,284.166,
CUUR0000SEHG,2023,M04,285.052,
CUUR0000SEHG,2023,M05,286.322,
CUUR0000SEHG,2023,M06,287.457,
CUUR0000SEHG,2023,M07,289.005,
CUUR0000SEHG,2023,M08,290.975,
CUUR0000SEHG,2023,M09,291.279,
CUUR0000SEHG,2023,M10,291.683,
CUUR0000SEHG,2023,M11,292.694,
CUUR0000SEHG,2023,M12,292.915,
CUUR0000SEHG,2024,M01,297.079,
CUUR0000SEHG,2024,M02,298.751,
CUUR0000SEHG,2024,M03,299.183,
CUUR0000SEHG,2024,M04,300.178,
CUUR0000SEHG,2024,M05,299.987,
CUUR0000SEHG,2024,M06,300.652,
CUUR0000SEHG,2024,M07,302.106,
CUUR0000SEHG,2024,M08,303.311,
CUUR0000SEHG,2024,M09,305.117,
CUUR0000SEHG,2024,M10,306.336,
CUUR0000SEHG,2024,M11,308.015,
CUUR0000SEHG,2024,M12,308.234,
CUUR0000SEHG,2025,M01,310.239,
CUUR0000SEHG,2025,M02,313.344,
CUUR0000SEHG,2025,M03,313.925,
CUUR0000SEHG,2025,M04,314.820,
CUUR0000SEHG,2025,M05,315.585,
CUUR0000SEHG,2025,M06,316.851,
CUUR0000SEHG,2025,M07,318.244,
CUUR0000SEHG,2025,M08,319.403,
CUUR0000SEHG,2025,M09,319.867,
CUUR0000SEHG,2025,M10,-,Data unavailable due to the 2025 lapse in appropriations
CUUR0000SEHG,2025,M11,321.363,
CUUR0000SEHG,2025,M12,322.728,
CUUR0000SEHG,2026,M01,324.919,
CUUR0000SEHG,2026,M02,327.181,
CUUR0000SEHG,2026,M03,328.792,
CUUR0000SEHG,2026,M04,329.651,
CUUR0000SEHG,2026,M05,330.420,
CUUR0000SEHG,2026,M06,331.474,
CUUR0000SEHG,2026,M07,332.956,
CUUR0000SEME,2005,M12,100.0,
CUUR0000SEME,2006,M01,100.3,
CUUR0000SEME,2006,M02,101.2,
CUUR0000SEME,2006,M03,101.8,
CUUR0000SEME,2006,M04,102.0,
CUUR0000SEME,2006,M05,102.3,
CUUR0000SEME,2006,M06,102.6,
CUUR0000SEME,2006,M07,102.9,
CUUR0000SEME,2006,M08,103.3,
CUUR0000SEME,2006,M09,103.8,
CUUR0000SEME,2006,M10,104.7,
CUUR0000SEME,2006,M11,105.8,
CUUR0000SEME,2006,M12,106.4,
CUUR0000SEME,2007,M01,108.292,
CUUR0000SEME,2007,M02,110.101,
CUUR0000SEME,2007,M03,111.122,
CUUR0000SEME,2007,M04,111.942,
CUUR0000SEME,2007,M05,112.798,
CUUR0000SEME,2007,M06,113.477,
CUUR0000SEME,2007,M07,114.808,
CUUR0000SEME,2007,M08,115.722,
CUUR0000SEME,2007,M09,115.956,
CUUR0000SEME,2007,M10,116.193,
CUUR0000SEME,2007,M11,116.106,
CUUR0000SEME,2007,M12,115.727,
CUUR0000SEME,2008,M01,116.260,
CUUR0000SEME,2008,M02,116.263,
CUUR0000SEME,2008,M03,115.961,
CUUR0000SEME,2008,M04,115.421,
CUUR0000SEME,2008,M05,114.953,
CUUR0000SEME,2008,M06,114.329,
CUUR0000SEME,2008,M07,113.791,
CUUR0000SEME,2008,M08,113.392,
CUUR0000SEME,2008,M09,113.343,
CUUR0000SEME,2008,M10,112.989,
CUUR0000SEME,2008,M11,112.254,
CUUR0000SEME,2008,M12,111.697,
CUUR0000SEME,2009,M01,111.977,
CUUR0000SEME,2009,M02,112.164,
CUUR0000SEME,2009,M03,111.781,
CUUR0000SEME,2009,M04,111.507,
CUUR0000SEME,2009,M05,111.184,
CUUR0000SEME,2009,M06,110.684,
CUUR0000SEME,2009,M07,110.457,
CUUR0000SEME,2009,M08,110.159,
CUUR0000SEME,2009,M09,109.748,
CUUR0000SEME,2009,M10,109.289,
CUUR0000SEME,2009,M11,109.045,
CUUR0000SEME,2009,M12,108.325,
CUUR0000SEME,2010,M01,108.700,
CUUR0000SEME,2010,M02,109.059,
CUUR0000SEME,2010,M03,108.690,
CUUR0000SEME,2010,M04,108.112,
CUUR0000SEME,2010,M05,107.339,
CUUR0000SEME,2010,M06,106.809,
CUUR0000SEME,2010,M07,105.993,
CUUR0000SEME,2010,M08,105.497,
CUUR0000SEME,2010,M09,105.570,
CUUR0000SEME,2010,M10,105.163,
CUUR0000SEME,2010,M11,104.566,
CUUR0000SEME,2010,M12,104.030,
CUUR0000SEME,2011,M01,103.938,
CUUR0000SEME,2011,M02,104.319,
CUUR0000SEME,2011,M03,103.766,
CUUR0000SEME,2011,M04,103.786,
CUUR0000SEME,2011,M05,104.047,
CUUR0000SEME,2011,M06,104.198,
CUUR0000SEME,2011,M07,104.513,
CUUR0000SEME,2011,M08,104.800,
CUUR0000SEME,2011,M09,105.692,
CUUR0000SEME,2011,M10,107.386,
CUUR0000SEME,2011,M11,109.034,
CUUR0000SEME,2011,M12,110.334,
CUUR0000SEME,2012,M01,112.271,
CUUR0000SEME,2012,M02,114.068,
CUUR0000SEME,2012,M03,115.535,
CUUR0000SEME,2012,M04,116.663,
CUUR0000SEME,2012,M05,117.546,
CUUR0000SEME,2012,M06,118.700,
CUUR0000SEME,2012,M07,119.715,
CUUR0000SEME,2012,M08,120.291,
CUUR0000SEME,2012,M09,120.939,
CUUR0000SEME,2012,M10,121.040,
CUUR0000SEME,2012,M11,121.281,
CUUR0000SEME,2012,M12,121.310,
CUUR0000SEME,2013,M01,121.925,
CUUR0000SEME,2013,M02,122.844,
CUUR0000SEME,2013,M03,123.078,
CUUR0000SEME,2013,M04,122.849,
CUUR0000SEME,2013,M05,122.550,
CUUR0000SEME,2013,M06,123.018,
CUUR0000SEME,2013,M07,123.108,
CUUR0000SEME,2013,M08,123.792,
CUUR0000SEME,2013,M09,123.902,
CUUR0000SEME,2013,M10,123.388,
CUUR0000SEME,2013,M11,122.845,
CUUR0000SEME,2013,M12,122.373,
CUUR0000SEME,2014,M01,122.575,
CUUR0000SEME,2014,M02,123.035,
CUUR0000SEME,2014,M03,122.801,
CUUR0000SEME,2014,M04,122.612,
CUUR0000SEME,2014,M05,122.419,
CUUR0000SEME,2014,M06,122.160,
CUUR0000SEME,2014,M07,121.940,
CUUR0000SEME,2014,M08,121.563,
CUUR0000SEME,2014,M09,121.439,
CUUR0000SEME,2014,M10,121.443,
CUUR0000SEME,2014,M11,121.595,
CUUR0000SEME,2014,M12,121.715,
CUUR0000SEME,2015,M01,121.929,
CUUR0000SEME,2015,M02,122.102,
CUUR0000SEME,2015,M03,122.343,
CUUR0000SEME,2015,M04,123.285,
CUUR0000SEME,2015,M05,123.372,
CUUR0000SEME,2015,M06,122.963,
CUUR0000SEME,2015,M07,123.041,
CUUR0000SEME,2015,M08,122.809,
CUUR0000SEME,2015,M09,123.548,
CUUR0000SEME,2015,M10,125.072,
CUUR0000SEME,2015,M11,125.969,
CUUR0000SEME,2015,M12,126.372,
CUUR0000SEME,2016,M01,127.734,
CUUR0000SEME,2016,M02,129.393,
CUUR0000SEME,2016,M03,129.929,
CUUR0000SEME,2016,M04,130.429,
CUUR0000SEME,2016,M05,131.111,
CUUR0000SEME,2016,M06,131.574,
CUUR0000SEME,2016,M07,132.512,
CUUR0000SEME,2016,M08,133.969,
CUUR0000SEME,2016,M09,133.887,
CUUR0000SEME,2016,M10,133.739,
CUUR0000SEME,2016,M11,133.588,
CUUR0000SEME,2016,M12,133.425,
CUUR0000SEME,2017,M01,133.862,
CUUR0000SEME,2017,M02,134.520,
CUUR0000SEME,2017,M03,134.263,
CUUR0000SEME,2017,M04,133.972,
CUUR0000SEME,2017,M05,133.710,
CUUR0000SEME,2017,M06,133.818,
CUUR0000SEME,2017,M07,134.149,
CUUR0000SEME,2017,M08,134.200,
CUUR0000SEME,2017,M09,133.970,
CUUR0000SEME,2017,M10,133.941,
CUUR0000SEME,2017,M11,133.555,
CUUR0000SEME,2017,M12,133.400,
CUUR0000SEME,2018,M01,134.201,
CUUR0000SEME,2018,M02,134.402,
CUUR0000SEME,2018,M03,134.371,
CUUR0000SEME,2018,M04,134.269,
CUUR0000SEME,2018,M05,134.318,
CUUR0000SEME,2018,M06,134.494,
CUUR0000SEME,2018,M07,134.208,
CUUR0000SEME,2018,M08,133.741,
CUUR0000SEME,2018,M09,135.357,
CUUR0000SEME,2018,M10,136.877,
CUUR0000SEME,2018,M11,138.772,
CUUR0000SEME,2018,M12,140.543,
CUUR0000SEME,2019,M01,142.869,
CUUR0000SEME,2019,M02,144.690,
CUUR0000SEME,2019,M03,146.549,
CUUR0000SEME,2019,M04,148.679,
CUUR0000SEME,2019,M05,150.935,
CUUR0000SEME,2019,M06,152.891,
CUUR0000SEME,2019,M07,155.525,
CUUR0000SEME,2019,M08,158.555,
CUUR0000SEME,2019,M09,160.768,
CUUR0000SEME,2019,M10,164.375,
CUUR0000SEME,2019,M11,166.852,
CUUR0000SEME,2019,M12,169.236,
CUUR0000SEME,2020,M01,172.145,
CUUR0000SEME,2020,M02,174.574,
CUUR0000SEME,2020,M03,176.799,
CUUR0000SEME,2020,M04,178.683,
CUUR0000SEME,2020,M05,180.631,
CUUR0000SEME,2020,M06,182.508,
CUUR0000SEME,2020,M07,184.569,
CUUR0000SEME,2020,M08,186.200,
CUUR0000SEME,2020,M09,183.412,
CUUR0000SEME,2020,M10,181.128,
CUUR0000SEME,2020,M11,179.297,
CUUR0000SEME,2020,M12,177.311,
CUUR0000SEME,2021,M01,177.079,
CUUR0000SEME,2021,M02,176.390,
CUUR0000SEME,2021,M03,175.082,
CUUR0000SEME,2021,M04,173.396,
CUUR0000SEME,2021,M05,171.600,
CUUR0000SEME,2021,M06,169.900,
CUUR0000SEME,2021,M07,168.868,
CUUR0000SEME,2021,M08,167.834,
CUUR0000SEME,2021,M09,166.229,
CUUR0000SEME,2021,M10,169.540,
CUUR0000SEME,2021,M11,172.437,
CUUR0000SEME,2021,M12,175.263,
CUUR0000SEME,2022,M01,180.070,
CUUR0000SEME,2022,M02,183.578,
CUUR0000SEME,2022,M03,187.599,
CUUR0000SEME,2022,M04,191.433,
CUUR0000SEME,2022,M05,195.213,
CUUR0000SEME,2022,M06,199.279,
CUUR0000SEME,2022,M07,203.690,
CUUR0000SEME,2022,M08,208.603,
CUUR0000SEME,2022,M09,213.036,
CUUR0000SEME,2022,M10,204.489,
CUUR0000SEME,2022,M11,195.796,
CUUR0000SEME,2022,M12,189.070,
CUUR0000SEME,2023,M01,182.312,
CUUR0000SEME,2023,M02,174.883,
CUUR0000SEME,2023,M03,167.618,
CUUR0000SEME,2023,M04,161.226,
CUUR0000SEME,2023,M05,155.288,
CUUR0000SEME,2023,M06,149.684,
CUUR0000SEME,2023,M07,143.612,
CUUR0000SEME,2023,M08,138.443,
CUUR0000SEME,2023,M09,133.557,
CUUR0000SEME,2023,M10,135.000,
CUUR0000SEME,2023,M11,136.472,
CUUR0000SEME,2023,M12,137.923,
CUUR0000SEME,2024,M01,139.891,
CUUR0000SEME,2024,M02,140.498,
CUUR0000SEME,2024,M03,142.123,
CUUR0000SEME,2024,M04,142.540,
CUUR0000SEME,2024,M05,143.303,
CUUR0000SEME,2024,M06,143.455,
CUUR0000SEME,2024,M07,142.822,
CUUR0000SEME,2024,M08,143.026,
CUUR0000SEME,2024,M09,143.544,
CUUR0000SEME,2024,M10,144.240,
CUUR0000SEME,2024,M11,144.499,
CUUR0000SEME,2024,M12,144.482,
CUUR0000SEME,2025,M01,145.551,
CUUR0000SEME,2025,M02,145.972,
CUUR0000SEME,2025,M03,146.540,
CUUR0000SEME,2025,M04,147.173,
CUUR0000SEME,2025,M05,147.508,
CUUR0000SEME,2025,M06,148.380,
CUUR0000SEME,2025,M07,149.036,
CUUR0000SEME,2025,M08,149.222,
CUUR0000SEME,2025,M09,149.597,
CUUR0000SEME,2025,M10,-,Data unavailable due to the 2025 lapse in appropriations
CUUR0000SEME,2025,M11,145.312,
CUUR0000SEME,2025,M12,143.744,
CUUR0000SEME,2026,M01,142.337,
CUUR0000SEME,2026,M02,140.749,
CUUR0000SEME,2026,M03,138.741,
CUUR0000SEME,2026,M04,138.169,
CUUR0000SEME,2026,M05,138.018,
CUUR0000SEME,2026,M06,137.379,
CUUR0000SEME,2026,M07,137.122,
CUUR0000SERA,1997,M01,98.1,
CUUR0000SERA,1997,M02,99.0,
CUUR0000SERA,1997,M03,99.1,
CUUR0000SERA,1997,M04,98.4,
CUUR0000SERA,1997,M05,98.9,
CUUR0000SERA,1997,M06,99.6,
CUUR0000SERA,1997,M07,99.9,
CUUR0000SERA,1997,M08,100.0,
CUUR0000SERA,1997,M09,99.9,
CUUR0000SERA,1997,M10,99.9,
CUUR0000SERA,1997,M11,100.3,
CUUR0000SERA,1997,M12,100.0,
CUUR0000SERA,1998,M01,100.6,
CUUR0000SERA,1998,M02,101.2,
CUUR0000SERA,1998,M03,101.4,
CUUR0000SERA,1998,M04,101.4,
CUUR0000SERA,1998,M05,101.2,
CUUR0000SERA,1998,M06,101.2,
CUUR0000SERA,1998,M07,101.1,
CUUR0000SERA,1998,M08,101.2,
CUUR0000SERA,1998,M09,101.4,
CUUR0000SERA,1998,M10,101.1,
CUUR0000SERA,1998,M11,100.8,
CUUR0000SERA,1998,M12,100.7,
CUUR0000SERA,1999,M01,101.4,
CUUR0000SERA,1999,M02,101.6,
CUUR0000SERA,1999,M03,101.2,
CUUR0000SERA,1999,M04,101.0,
CUUR0000SERA,1999,M05,100.9,
CUUR0000SERA,1999,M06,100.7,
CUUR0000SERA,1999,M07,100.6,
CUUR0000SERA,1999,M08,100.9,
CUUR0000SERA,1999,M09,100.1,
CUUR0000SERA,1999,M10,100.1,
CUUR0000SERA,1999,M11,100.1,
CUUR0000SERA,1999,M12,100.1,
CUUR0000SERA,2000,M01,100.5,
CUUR0000SERA,2000,M02,100.8,
CUUR0000SERA,2000,M03,100.9,
CUUR0000SERA,2000,M04,100.3,
CUUR0000SERA,2000,M05,101.3,
CUUR0000SERA,2000,M06,101.5,
CUUR0000SERA,2000,M07,101.3,
CUUR0000SERA,2000,M08,101.6,
CUUR0000SERA,2000,M09,101.5,
CUUR0000SERA,2000,M10,101.0,
CUUR0000SERA,2000,M11,100.9,
CUUR0000SERA,2000,M12,100.7,
CUUR0000SERA,2001,M01,101.2,
CUUR0000SERA,2001,M02,101.6,
CUUR0000SERA,2001,M03,101.6,
CUUR0000SERA,2001,M04,101.7,
CUUR0000SERA,2001,M05,101.6,
CUUR0000SERA,2001,M06,101.3,
CUUR0000SERA,2001,M07,101.7,
CUUR0000SERA,2001,M08,101.7,
CUUR0000SERA,2001,M09,101.3,
CUUR0000SERA,2001,M10,101.3,
CUUR0000SERA,2001,M11,101.4,
CUUR0000SERA,2001,M12,101.2,
CUUR0000SERA,2002,M01,102.1,
CUUR0000SERA,2002,M02,102.9,
CUUR0000SERA,2002,M03,102.9,
CUUR0000SERA,2002,M04,102.9,
CUUR0000SERA,2002,M05,103.1,
CUUR0000SERA,2002,M06,103.0,
CUUR0000SERA,2002,M07,102.6,
CUUR0000SERA,2002,M08,102.4,
CUUR0000SERA,2002,M09,102.3,
CUUR0000SERA,2002,M10,102.6,
CUUR0000SERA,2002,M11,103.0,
CUUR0000SERA,2002,M12,103.2,
CUUR0000SERA,2003,M01,103.4,
CUUR0000SERA,2003,M02,103.8,
CUUR0000SERA,2003,M03,103.7,
CUUR0000SERA,2003,M04,103.8,
CUUR0000SERA,2003,M05,103.8,
CUUR0000SERA,2003,M06,103.7,
CUUR0000SERA,2003,M07,103.7,
CUUR0000SERA,2003,M08,103.7,
CUUR0000SERA,2003,M09,103.5,
CUUR0000SERA,2003,M10,103.5,
CUUR0000SERA,2003,M11,103.8,
CUUR0000SERA,2003,M12,103.3,
CUUR0000SERA,2004,M01,103.6,
CUUR0000SERA,2004,M02,104.1,
CUUR0000SERA,2004,M03,104.3,
CUUR0000SERA,2004,M04,104.7,
CUUR0000SERA,2004,M05,104.6,
CUUR0000SERA,2004,M06,104.4,
CUUR0000SERA,2004,M07,104.4,
CUUR0000SERA,2004,M08,104.1,
CUUR0000SERA,2004,M09,104.0,
CUUR0000SERA,2004,M10,104.2,
CUUR0000SERA,2004,M11,104.0,
CUUR0000SERA,2004,M12,103.9,
CUUR0000SERA,2005,M01,104.2,
CUUR0000SERA,2005,M02,104.3,
CUUR0000SERA,2005,M03,104.6,
CUUR0000SERA,2005,M04,104.8,
CUUR0000SERA,2005,M05,104.6,
CUUR0000SERA,2005,M06,103.1,
CUUR0000SERA,2005,M07,103.1,
CUUR0000SERA,2005,M08,104.3,
CUUR0000SERA,2005,M09,104.4,
CUUR0000SERA,2005,M10,104.4,
CUUR0000SERA,2005,M11,104.2,
CUUR0000SERA,2005,M12,103.9,
CUUR0000SERA,2006,M01,104.1,
CUUR0000SERA,2006,M02,104.3,
CUUR0000SERA,2006,M03,105.2,
CUUR0000SERA,2006,M04,105.8,
CUUR0000SERA,2006,M05,105.5,
CUUR0000SERA,2006,M06,105.2,
CUUR0000SERA,2006,M07,105.0,
CUUR0000SERA,2006,M08,104.7,
CUUR0000SERA,2006,M09,104.5,
CUUR0000SERA,2006,M10,104.1,
CUUR0000SERA,2006,M11,103.7,
CUUR0000SERA,2006,M12,102.8,
CUUR0000SERA,2007,M01,102.784,
CUUR0000SERA,2007,M02,103.144,
CUUR0000SERA,2007,M03,102.886,
CUUR0000SERA,2007,M04,103.181,
CUUR0000SERA,2007,M05,103.560,
CUUR0000SERA,2007,M06,103.416,
CUUR0000SERA,2007,M07,102.779,
CUUR0000SERA,2007,M08,102.311,
CUUR0000SERA,2007,M09,102.759,
CUUR0000SERA,2007,M10,103.157,
CUUR0000SERA,2007,M11,102.719,
CUUR0000SERA,2007,M12,102.691,
CUUR0000SERA,2008,M01,102.986,
CUUR0000SERA,2008,M02,103.171,
CUUR0000SERA,2008,M03,103.548,
CUUR0000SERA,2008,M04,103.477,
CUUR0000SERA,2008,M05,102.988,
CUUR0000SERA,2008,M06,102.306,
CUUR0000SERA,2008,M07,102.203,
CUUR0000SERA,2008,M08,102.546,
CUUR0000SERA,2008,M09,102.706,
CUUR0000SERA,2008,M10,102.193,
CUUR0000SERA,2008,M11,101.831,
CUUR0000SERA,2008,M12,101.629,
CUUR0000SERA,2009,M01,101.347,
CUUR0000SERA,2009,M02,101.704,
CUUR0000SERA,2009,M03,102.000,
CUUR0000SERA,2009,M04,102.300,
CUUR0000SERA,2009,M05,101.947,
CUUR0000SERA,2009,M06,101.871,
CUUR0000SERA,2009,M07,101.614,
CUUR0000SERA,2009,M08,101.474,
CUUR0000SERA,2009,M09,100.801,
CUUR0000SERA,2009,M10,100.178,
CUUR0000SERA,2009,M11,100.199,
CUUR0000SERA,2009,M12,99.873,
CUUR0000SERA,2010,M01,99.940,
CUUR0000SERA,2010,M02,99.532,
CUUR0000SERA,2010,M03,99.915,
CUUR0000SERA,2010,M04,100.074,
CUUR0000SERA,2010,M05,99.572,
CUUR0000SERA,2010,M06,99.814,
CUUR0000SERA,2010,M07,99.244,
CUUR0000SERA,2010,M08,98.852,
CUUR0000SERA,2010,M09,98.638,
CUUR0000SERA,2010,M10,98.503,
CUUR0000SERA,2010,M11,98.214,
CUUR0000SERA,2010,M12,97.167,
CUUR0000SERA,2011,M01,97.325,
CUUR0000SERA,2011,M02,98.268,
CUUR0000SERA,2011,M03,98.719,
CUUR0000SERA,2011,M04,98.918,
CUUR0000SERA,2011,M05,98.707,
CUUR0000SERA,2011,M06,98.373,
CUUR0000SERA,2011,M07,98.672,
CUUR0000SERA,2011,M08,98.222,
CUUR0000SERA,2011,M09,98.491,
CUUR0000SERA,2011,M10,98.572,
CUUR0000SERA,2011,M11,98.315,
CUUR0000SERA,2011,M12,98.225,
CUUR0000SERA,2012,M01,98.743,
CUUR0000SERA,2012,M02,99.371,
CUUR0000SERA,2012,M03,99.856,
CUUR0000SERA,2012,M04,99.893,
CUUR0000SERA,2012,M05,99.934,
CUUR0000SERA,2012,M06,99.717,
CUUR0000SERA,2012,M07,99.630,
CUUR0000SERA,2012,M08,99.747,
CUUR0000SERA,2012,M09,99.712,
CUUR0000SERA,2012,M10,99.067,
CUUR0000SERA,2012,M11,98.812,
CUUR0000SERA,2012,M12,98.515,
CUUR0000SERA,2013,M01,98.993,
CUUR0000SERA,2013,M02,99.824,
CUUR0000SERA,2013,M03,100.251,
CUUR0000SERA,2013,M04,100.054,
CUUR0000SERA,2013,M05,100.100,
CUUR0000SERA,2013,M06,99.881,
CUUR0000SERA,2013,M07,99.769,
CUUR0000SERA,2013,M08,99.652,
CUUR0000SERA,2013,M09,99.566,
CUUR0000SERA,2013,M10,99.468,
CUUR0000SERA,2013,M11,99.542,
CUUR0000SERA,2013,M12,99.010,
CUUR0000SERA,2014,M01,99.444,
CUUR0000SERA,2014,M02,100.055,
CUUR0000SERA,2014,M03,100.672,
CUUR0000SERA,2014,M04,100.821,
CUUR0000SERA,2014,M05,100.773,
CUUR0000SERA,2014,M06,100.597,
CUUR0000SERA,2014,M07,99.993,
CUUR0000SERA,2014,M08,99.267,
CUUR0000SERA,2014,M09,99.276,
CUUR0000SERA,2014,M10,99.557,
CUUR0000SERA,2014,M11,98.945,
CUUR0000SERA,2014,M12,98.702,
CUUR0000SERA,2015,M01,99.144,
CUUR0000SERA,2015,M02,99.824,
CUUR0000SERA,2015,M03,100.088,
CUUR0000SERA,2015,M04,100.249,
CUUR0000SERA,2015,M05,100.058,
CUUR0000SERA,2015,M06,99.916,
CUUR0000SERA,2015,M07,99.705,
CUUR0000SERA,2015,M08,99.254,
CUUR0000SERA,2015,M09,99.289,
CUUR0000SERA,2015,M10,99.495,
CUUR0000SERA,2015,M11,99.414,
CUUR0000SERA,2015,M12,99.181,
CUUR0000SERA,2016,M01,99.373,
CUUR0000SERA,2016,M02,100.504,
CUUR0000SERA,2016,M03,101.510,
CUUR0000SERA,2016,M04,101.676,
CUUR0000SERA,2016,M05,101.719,
CUUR0000SERA,2016,M06,101.975,
CUUR0000SERA,2016,M07,101.719,
CUUR0000SERA,2016,M08,100.948,
CUUR0000SERA,2016,M09,100.231,
CUUR0000SERA,2016,M10,100.207,
CUUR0000SERA,2016,M11,100.779,
CUUR0000SERA,2016,M12,100.714,
CUUR0000SERA,2017,M01,101.682,
CUUR0000SERA,2017,M02,103.132,
CUUR0000SERA,2017,M03,104.011,
CUUR0000SERA,2017,M04,104.350,
CUUR0000SERA,2017,M05,104.603,
CUUR0000SERA,2017,M06,104.713,
CUUR0000SERA,2017,M07,104.803,
CUUR0000SERA,2017,M08,104.861,
CUUR0000SERA,2017,M09,104.994,
CUUR0000SERA,2017,M10,104.636,
CUUR0000SERA,2017,M11,104.390,
CUUR0000SERA,2017,M12,103.844,
CUUR0000SERA,2018,M01,104.014,
CUUR0000SERA,2018,M02,104.650,
CUUR0000SERA,2018,M03,104.921,
CUUR0000SERA,2018,M04,104.412,
CUUR0000SERA,2018,M05,104.278,
CUUR0000SERA,2018,M06,104.115,
CUUR0000SERA,2018,M07,103.973,
CUUR0000SERA,2018,M08,103.991,
CUUR0000SERA,2018,M09,104.306,
CUUR0000SERA,2018,M10,103.959,
CUUR0000SERA,2018,M11,103.995,
CUUR0000SERA,2018,M12,103.800,
CUUR0000SERA,2019,M01,104.478,
CUUR0000SERA,2019,M02,105.000,
CUUR0000SERA,2019,M03,105.119,
CUUR0000SERA,2019,M04,104.750,
CUUR0000SERA,2019,M05,104.381,
CUUR0000SERA,2019,M06,104.162,
CUUR0000SERA,2019,M07,103.922,
CUUR0000SERA,2019,M08,104.380,
CUUR0000SERA,2019,M09,104.552,
CUUR0000SERA,2019,M10,104.763,
CUUR0000SERA,2019,M11,104.946,
CUUR0000SERA,2019,M12,105.427,
CUUR0000SERA,2020,M01,105.680,
CUUR0000SERA,2020,M02,106.034,
CUUR0000SERA,2020,M03,106.466,
CUUR0000SERA,2020,M04,106.510,
CUUR0000SERA,2020,M05,106.530,
CUUR0000SERA,2020,M06,106.214,
CUUR0000SERA,2020,M07,107.223,
CUUR0000SERA,2020,M08,107.898,
CUUR0000SERA,2020,M09,108.103,
CUUR0000SERA,2020,M10,108.183,
CUUR0000SERA,2020,M11,107.882,
CUUR0000SERA,2020,M12,108.207,
CUUR0000SERA,2021,M01,107.888,
CUUR0000SERA,2021,M02,108.911,
CUUR0000SERA,2021,M03,109.417,
CUUR0000SERA,2021,M04,109.612,
CUUR0000SERA,2021,M05,109.731,
CUUR0000SERA,2021,M06,110.503,
CUUR0000SERA,2021,M07,111.160,
CUUR0000SERA,2021,M08,111.756,
CUUR0000SERA,2021,M09,111.917,
CUUR0000SERA,2021,M10,111.704,
CUUR0000SERA,2021,M11,111.366,
CUUR0000SERA,2021,M12,110.531,
CUUR0000SERA,2022,M01,111.376,
CUUR0000SERA,2022,M02,112.225,
CUUR0000SERA,2022,M03,112.236,
CUUR0000SERA,2022,M04,112.568,
CUUR0000SERA,2022,M05,113.457,
CUUR0000SERA,2022,M06,113.514,
CUUR0000SERA,2022,M07,113.000,
CUUR0000SERA,2022,M08,112.544,
CUUR0000SERA,2022,M09,112.307,
CUUR0000SERA,2022,M10,112.911,
CUUR0000SERA,2022,M11,113.219,
CUUR0000SERA,2022,M12,112.507,
CUUR0000SERA,2023,M01,113.362,
CUUR0000SERA,2023,M02,115.056,
CUUR0000SERA,2023,M03,116.021,
CUUR0000SERA,2023,M04,116.545,
CUUR0000SERA,2023,M05,116.495,
CUUR0000SERA,2023,M06,116.289,
CUUR0000SERA,2023,M07,116.390,
CUUR0000SERA,2023,M08,116.650,
CUUR0000SERA,2023,M09,116.753,
CUUR0000SERA,2023,M10,116.379,
CUUR0000SERA,2023,M11,115.469,
CUUR0000SERA,2023,M12,115.495,
CUUR0000SERA,2024,M01,116.615,
CUUR0000SERA,2024,M02,118.019,
CUUR0000SERA,2024,M03,118.983,
CUUR0000SERA,2024,M04,119.272,
CUUR0000SERA,2024,M05,117.916,
CUUR0000SERA,2024,M06,117.379,
CUUR0000SERA,2024,M07,117.987,
CUUR0000SERA,2024,M08,117.849,
CUUR0000SERA,2024,M09,117.725,
CUUR0000SERA,2024,M10,117.411,
CUUR0000SERA,2024,M11,116.606,
CUUR0000SERA,2024,M12,116.849,
CUUR0000SERA,2025,M01,118.897,
CUUR0000SERA,2025,M02,120.291,
CUUR0000SERA,2025,M03,119.879,
CUUR0000SERA,2025,M04,119.394,
CUUR0000SERA,2025,M05,119.687,
CUUR0000SERA,2025,M06,119.992,
CUUR0000SERA,2025,M07,120.103,
CUUR0000SERA,2025,M08,119.661,
CUUR0000SERA,2025,M09,119.853,
CUUR0000SERA,2025,M10,-,Data unavailable due to the 2025 lapse in appropriations
CUUR0000SERA,2025,M11,119.563,
CUUR0000SERA,2025,M12,121.524,
CUUR0000SERA,2026,M01,123.567,
CUUR0000SERA,2026,M02,122.171,
CUUR0000SERA,2026,M03,122.256,
CUUR0000SERA,2026,M04,122.902,
CUUR0000SERA,2026,M05,122.602,
CUUR0000SERA,2026,M06,123.181,
CUUR0000SERA,2026,M07,124.278,
CUUR0000SETA01,1997,M01,145.4,
CUUR0000SETA01,1997,M02,145.4,
CUUR0000SETA01,1997,M03,145.4,
CUUR0000SETA01,1997,M04,145.2,
CUUR0000SETA01,1997,M05,144.6,
CUUR0000SETA01,1997,M06,144.2,
CUUR0000SETA01,1997,M07,143.7,
CUUR0000SETA01,1997,M08,143.0,
CUUR0000SETA01,1997,M09,142.7,
CUUR0000SETA01,1997,M10,143.3,
CUUR0000SETA01,1997,M11,144.0,
CUUR0000SETA01,1997,M12,144.1,
CUUR0000SETA01,1998,M01,144.4,
CUUR0000SETA01,1998,M02,144.4,
CUUR0000SETA01,1998,M03,144.4,
CUUR0000SETA01,1998,M04,144.3,
CUUR0000SETA01,1998,M05,143.3,
CUUR0000SETA01,1998,M06,142.6,
CUUR0000SETA01,1998,M07,142.7,
CUUR0000SETA01,1998,M08,142.8,
CUUR0000SETA01,1998,M09,142.3,
CUUR0000SETA01,1998,M10,142.5,
CUUR0000SETA01,1998,M11,143.5,
CUUR0000SETA01,1998,M12,144.1,
CUUR0000SETA01,1999,M01,144.4,
CUUR0000SETA01,1999,M02,143.8,
CUUR0000SETA01,1999,M03,143.4,
CUUR0000SETA01,1999,M04,143.3,
CUUR0000SETA01,1999,M05,142.9,
CUUR0000SETA01,1999,M06,142.5,
CUUR0000SETA01,1999,M07,142.0,
CUUR0000SETA01,1999,M08,141.4,
CUUR0000SETA01,1999,M09,141.6,
CUUR0000SETA01,1999,M10,142.3,
CUUR0000SETA01,1999,M11,143.1,
CUUR0000SETA01,1999,M12,143.6,
CUUR0000SETA01,2000,M01,143.3,
CUUR0000SETA01,2000,M02,143.0,
CUUR0000SETA01,2000,M03,143.3,
CUUR0000SETA01,2000,M04,143.5,
CUUR0000SETA01,2000,M05,143.3,
CUUR0000SETA01,2000,M06,142.9,
CUUR0000SETA01,2000,M07,142.5,
CUUR0000SETA01,2000,M08,141.9,
CUUR0000SETA01,2000,M09,141.4,
CUUR0000SETA01,2000,M10,141.6,
CUUR0000SETA01,2000,M11,142.7,
CUUR0000SETA01,2000,M12,143.6,
CUUR0000SETA01,2001,M01,143.7,
CUUR0000SETA01,2001,M02,143.3,
CUUR0000SETA01,2001,M03,142.8,
CUUR0000SETA01,2001,M04,142.7,
CUUR0000SETA01,2001,M05,142.3,
CUUR0000SETA01,2001,M06,141.7,
CUUR0000SETA01,2001,M07,141.2,
CUUR0000SETA01,2001,M08,140.3,
CUUR0000SETA01,2001,M09,140.2,
CUUR0000SETA01,2001,M10,141.0,
CUUR0000SETA01,2001,M11,142.6,
CUUR0000SETA01,2001,M12,143.5,
CUUR0000SETA01,2002,M01,142.7,
CUUR0000SETA01,2002,M02,141.2,
CUUR0000SETA01,2002,M03,140.7,
CUUR0000SETA01,2002,M04,140.4,
CUUR0000SETA01,2002,M05,139.8,
CUUR0000SETA01,2002,M06,139.2,
CUUR0000SETA01,2002,M07,138.7,
CUUR0000SETA01,2002,M08,138.1,
CUUR0000SETA01,2002,M09,138.7,
CUUR0000SETA01,2002,M10,139.5,
CUUR0000SETA01,2002,M11,140.4,
CUUR0000SETA01,2002,M12,140.6,
CUUR0000SETA01,2003,M01,139.7,
CUUR0000SETA01,2003,M02,139.2,
CUUR0000SETA01,2003,M03,139.3,
CUUR0000SETA01,2003,M04,138.7,
CUUR0000SETA01,2003,M05,138.1,
CUUR0000SETA01,2003,M06,137.3,
CUUR0000SETA01,2003,M07,136.7,
CUUR0000SETA01,2003,M08,136.8,
CUUR0000SETA01,2003,M09,136.4,
CUUR0000SETA01,2003,M10,136.5,
CUUR0000SETA01,2003,M11,137.5,
CUUR0000SETA01,2003,M12,138.0,
CUUR0000SETA01,2004,M01,138.0,
CUUR0000SETA01,2004,M02,138.3,
CUUR0000SETA01,2004,M03,137.9,
CUUR0000SETA01,2004,M04,137.6,
CUUR0000SETA01,2004,M05,137.4,
CUUR0000SETA01,2004,M06,137.2,
CUUR0000SETA01,2004,M07,135.9,
CUUR0000SETA01,2004,M08,134.9,
CUUR0000SETA01,2004,M09,134.9,
CUUR0000SETA01,2004,M10,135.9,
CUUR0000SETA01,2004,M11,137.9,
CUUR0000SETA01,2004,M12,138.8,
CUUR0000SETA01,2005,M01,139.8,
CUUR0000SETA01,2005,M02,139.9,
CUUR0000SETA01,2005,M03,139.1,
CUUR0000SETA01,2005,M04,138.8,
CUUR0000SETA01,2005,M05,138.7,
CUUR0000SETA01,2005,M06,138.1,
CUUR0000SETA01,2005,M07,136.3,
CUUR0000SETA01,2005,M08,135.0,
CUUR0000SETA01,2005,M09,135.8,
CUUR0000SETA01,2005,M10,137.1,
CUUR0000SETA01,2005,M11,138.0,
CUUR0000SETA01,2005,M12,138.3,
CUUR0000SETA01,2006,M01,139.3,
CUUR0000SETA01,2006,M02,139.3,
CUUR0000SETA01,2006,M03,138.8,
CUUR0000SETA01,2006,M04,138.4,
CUUR0000SETA01,2006,M05,137.7,
CUUR0000SETA01,2006,M06,137.2,
CUUR0000SETA01,2006,M07,136.9,
CUUR0000SETA01,2006,M08,136.4,
CUUR0000SETA01,2006,M09,136.3,
CUUR0000SETA01,2006,M10,136.8,
CUUR0000SETA01,2006,M11,136.8,
CUUR0000SETA01,2006,M12,137.1,
CUUR0000SETA01,2007,M01,137.603,
CUUR0000SETA01,2007,M02,137.340,
CUUR0000SETA01,2007,M03,137.228,
CUUR0000SETA01,2007,M04,136.963,
CUUR0000SETA01,2007,M05,136.295,
CUUR0000SETA01,2007,M06,135.820,
CUUR0000SETA01,2007,M07,135.415,
CUUR0000SETA01,2007,M08,135.204,
CUUR0000SETA01,2007,M09,134.927,
CUUR0000SETA01,2007,M10,135.344,
CUUR0000SETA01,2007,M11,136.250,
CUUR0000SETA01,2007,M12,136.664,
CUUR0000SETA01,2008,M01,136.827,
CUUR0000SETA01,2008,M02,136.279,
CUUR0000SETA01,2008,M03,135.727,
CUUR0000SETA01,2008,M04,135.175,
CUUR0000SETA01,2008,M05,134.669,
CUUR0000SETA01,2008,M06,134.516,
CUUR0000SETA01,2008,M07,134.397,
CUUR0000SETA01,2008,M08,133.404,
CUUR0000SETA01,2008,M09,132.399,
CUUR0000SETA01,2008,M10,132.264,
CUUR0000SETA01,2008,M11,132.359,
CUUR0000SETA01,2008,M12,132.308,
CUUR0000SETA01,2009,M01,133.273,
CUUR0000SETA01,2009,M02,134.186,
CUUR0000SETA01,2009,M03,134.611,
CUUR0000SETA01,2009,M04,134.863,
CUUR0000SETA01,2009,M05,135.162,
CUUR0000SETA01,2009,M06,135.719,
CUUR0000SETA01,2009,M07,136.055,
CUUR0000SETA01,2009,M08,134.080,
CUUR0000SETA01,2009,M09,134.576,
CUUR0000SETA01,2009,M10,137.268,
CUUR0000SETA01,2009,M11,138.831,
CUUR0000SETA01,2009,M12,138.857,
CUUR0000SETA01,2010,M01,138.743,
CUUR0000SETA01,2010,M02,138.851,
CUUR0000SETA01,2010,M03,138.600,
CUUR0000SETA01,2010,M04,138.174,
CUUR0000SETA01,2010,M05,137.750,
CUUR0000SETA01,2010,M06,137.503,
CUUR0000SETA01,2010,M07,137.323,
CUUR0000SETA01,2010,M08,137.119,
CUUR0000SETA01,2010,M09,137.365,
CUUR0000SETA01,2010,M10,137.849,
CUUR0000SETA01,2010,M11,138.222,
CUUR0000SETA01,2010,M12,138.567,
CUUR0000SETA01,2011,M01,138.925,
CUUR0000SETA01,2011,M02,140.158,
CUUR0000SETA01,2011,M03,140.860,
CUUR0000SETA01,2011,M04,141.462,
CUUR0000SETA01,2011,M05,142.494,
CUUR0000SETA01,2011,M06,143.054,
CUUR0000SETA01,2011,M07,142.763,
CUUR0000SETA01,2011,M08,142.327,
CUUR0000SETA01,2011,M09,142.334,
CUUR0000SETA01,2011,M10,142.535,
CUUR0000SETA01,2011,M11,142.736,
CUUR0000SETA01,2011,M12,142.953,
CUUR0000SETA01,2012,M01,143.438,
CUUR0000SETA01,2012,M02,144.326,
CUUR0000SETA01,2012,M03,144.350,
CUUR0000SETA01,2012,M04,144.522,
CUUR0000SETA01,2012,M05,144.401,
CUUR0000SETA01,2012,M06,144.367,
CUUR0000SETA01,2012,M07,143.953,
CUUR0000SETA01,2012,M08,143.749,
CUUR0000SETA01,2012,M09,143.725,
CUUR0000SETA01,2012,M10,144.011,
CUUR0000SETA01,2012,M11,144.762,
CUUR0000SETA01,2012,M12,145.181,
CUUR0000SETA01,2013,M01,145.871,
CUUR0000SETA01,2013,M02,145.925,
CUUR0000SETA01,2013,M03,145.989,
CUUR0000SETA01,2013,M04,146.188,
CUUR0000SETA01,2013,M05,145.955,
CUUR0000SETA01,2013,M06,146.076,
CUUR0000SETA01,2013,M07,145.726,
CUUR0000SETA01,2013,M08,145.316,
CUUR0000SETA01,2013,M09,145.457,
CUUR0000SETA01,2013,M10,145.488,
CUUR0000SETA01,2013,M11,145.643,
CUUR0000SETA01,2013,M12,145.766,
CUUR0000SETA01,2014,M01,145.880,
CUUR0000SETA01,2014,M02,146.421,
CUUR0000SETA01,2014,M03,146.348,
CUUR0000SETA01,2014,M04,146.724,
CUUR0000SETA01,2014,M05,146.708,
CUUR0000SETA01,2014,M06,146.067,
CUUR0000SETA01,2014,M07,146.086,
CUUR0000SETA01,2014,M08,145.873,
CUUR0000SETA01,2014,M09,145.880,
CUUR0000SETA01,2014,M10,146.306,
CUUR0000SETA01,2014,M11,146.481,
CUUR0000SETA01,2014,M12,146.524,
CUUR0000SETA01,2015,M01,146.558,
CUUR0000SETA01,2015,M02,147.345,
CUUR0000SETA01,2015,M03,147.574,
CUUR0000SETA01,2015,M04,147.844,
CUUR0000SETA01,2015,M05,147.889,
CUUR0000SETA01,2015,M06,147.845,
CUUR0000SETA01,2015,M07,147.154,
CUUR0000SETA01,2015,M08,146.704,
CUUR0000SETA01,2015,M09,146.570,
CUUR0000SETA01,2015,M10,146.516,
CUUR0000SETA01,2015,M11,146.804,
CUUR0000SETA01,2015,M12,146.817,
CUUR0000SETA01,2016,M01,147.456,
CUUR0000SETA01,2016,M02,148.268,
CUUR0000SETA01,2016,M03,148.227,
CUUR0000SETA01,2016,M04,147.895,
CUUR0000SETA01,2016,M05,147.646,
CUUR0000SETA01,2016,M06,147.245,
CUUR0000SETA01,2016,M07,147.119,
CUUR0000SETA01,2016,M08,146.713,
CUUR0000SETA01,2016,M09,146.499,
CUUR0000SETA01,2016,M10,146.896,
CUUR0000SETA01,2016,M11,147.027,
CUUR0000SETA01,2016,M12,147.299,
CUUR0000SETA01,2017,M01,148.848,
CUUR0000SETA01,2017,M02,148.993,
CUUR0000SETA01,2017,M03,148.543,
CUUR0000SETA01,2017,M04,148.457,
CUUR0000SETA01,2017,M05,148.033,
CUUR0000SETA01,2017,M06,147.262,
CUUR0000SETA01,2017,M07,146.190,
CUUR0000SETA01,2017,M08,145.712,
CUUR0000SETA01,2017,M09,145.037,
CUUR0000SETA01,2017,M10,144.868,
CUUR0000SETA01,2017,M11,145.442,
CUUR0000SETA01,2017,M12,146.522,
CUUR0000SETA01,2018,M01,146.996,
CUUR0000SETA01,2018,M02,146.807,
CUUR0000SETA01,2018,M03,146.727,
CUUR0000SETA01,2018,M04,146.069,
CUUR0000SETA01,2018,M05,146.349,
CUUR0000SETA01,2018,M06,146.562,
CUUR0000SETA01,2018,M07,146.526,
CUUR0000SETA01,2018,M08,146.149,
CUUR0000SETA01,2018,M09,145.715,
CUUR0000SETA01,2018,M10,145.588,
CUUR0000SETA01,2018,M11,145.826,
CUUR0000SETA01,2018,M12,146.126,
CUUR0000SETA01,2019,M01,147.059,
CUUR0000SETA01,2019,M02,147.226,
CUUR0000SETA01,2019,M03,147.788,
CUUR0000SETA01,2019,M04,147.840,
CUUR0000SETA01,2019,M05,147.659,
CUUR0000SETA01,2019,M06,147.417,
CUUR0000SETA01,2019,M07,147.035,
CUUR0000SETA01,2019,M08,146.456,
CUUR0000SETA01,2019,M09,145.854,
CUUR0000SETA01,2019,M10,145.726,
CUUR0000SETA01,2019,M11,145.728,
CUUR0000SETA01,2019,M12,146.220,
CUUR0000SETA01,2020,M01,147.253,
CUUR0000SETA01,2020,M02,147.803,
CUUR0000SETA01,2020,M03,147.124,
CUUR0000SETA01,2020,M04,147.007,
CUUR0000SETA01,2020,M05,147.222,
CUUR0000SETA01,2020,M06,147.108,
CUUR0000SETA01,2020,M07,147.803,
CUUR0000SETA01,2020,M08,147.412,
CUUR0000SETA01,2020,M09,147.361,
CUUR0000SETA01,2020,M10,147.956,
CUUR0000SETA01,2020,M11,148.063,
CUUR0000SETA01,2020,M12,149.091,
CUUR0000SETA01,2021,M01,149.377,
CUUR0000SETA01,2021,M02,149.515,
CUUR0000SETA01,2021,M03,149.321,
CUUR0000SETA01,2021,M04,149.892,
CUUR0000SETA01,2021,M05,152.143,
CUUR0000SETA01,2021,M06,154.847,
CUUR0000SETA01,2021,M07,157.203,
CUUR0000SETA01,2021,M08,158.652,
CUUR0000SETA01,2021,M09,160.244,
CUUR0000SETA01,2021,M10,162.527,
CUUR0000SETA01,2021,M11,164.511,
CUUR0000SETA01,2021,M12,166.653,
CUUR0000SETA01,2022,M01,167.582,
CUUR0000SETA01,2022,M02,168.027,
CUUR0000SETA01,2022,M03,168.056,
CUUR0000SETA01,2022,M04,169.699,
CUUR0000SETA01,2022,M05,171.350,
CUUR0000SETA01,2022,M06,172.546,
CUUR0000SETA01,2022,M07,173.618,
CUUR0000SETA01,2022,M08,174.598,
CUUR0000SETA01,2022,M09,175.312,
CUUR0000SETA01,2022,M10,176.157,
CUUR0000SETA01,2022,M11,176.354,
CUUR0000SETA01,2022,M12,176.463,
CUUR0000SETA01,2023,M01,177.276,
CUUR0000SETA01,2023,M02,177.817,
CUUR0000SETA01,2023,M03,178.342,
CUUR0000SETA01,2023,M04,178.892,
CUUR0000SETA01,2023,M05,179.329,
CUUR0000SETA01,2023,M06,179.577,
CUUR0000SETA01,2023,M07,179.696,
CUUR0000SETA01,2023,M08,179.691,
CUUR0000SETA01,2023,M09,179.750,
CUUR0000SETA01,2023,M10,179.446,
CUUR0000SETA01,2023,M11,178.700,
CUUR0000SETA01,2023,M12,178.269,
CUUR0000SETA01,2024,M01,178.595,
CUUR0000SETA01,2024,M02,178.592,
CUUR0000SETA01,2024,M03,178.247,
CUUR0000SETA01,2024,M04,178.250,
CUUR0000SETA01,2024,M05,177.958,
CUUR0000SETA01,2024,M06,178.001,
CUUR0000SETA01,2024,M07,177.840,
CUUR0000SETA01,2024,M08,177.534,
CUUR0000SETA01,2024,M09,177.435,
CUUR0000SETA01,2024,M10,177.162,
CUUR0000SETA01,2024,M11,177.472,
CUUR0000SETA01,2024,M12,177.552,
CUUR0000SETA01,2025,M01,178.008,
CUUR0000SETA01,2025,M02,178.038,
CUUR0000SETA01,2025,M03,178.168,
CUUR0000SETA01,2025,M04,178.795,
CUUR0000SETA01,2025,M05,178.728,
CUUR0000SETA01,2025,M06,178.443,
CUUR0000SETA01,2025,M07,178.569,
CUUR0000SETA01,2025,M08,178.698,
CUUR0000SETA01,2025,M09,178.770,
CUUR0000SETA01,2025,M10,178.723,
CUUR0000SETA01,2025,M11,178.575,
CUUR0000SETA01,2025,M12,178.034,
CUUR0000SETA01,2026,M01,178.668,
CUUR0000SETA01,2026,M02,178.841,
CUUR0000SETA01,2026,M03,179.000,
CUUR0000SETA01,2026,M04,179.207,
CUUR0000SETA01,2026,M05,179.155,
CUUR0000SETA01,2026,M06,179.338,
CUUR0000SETA01,2026,M07,179.541,
CUUR0000SETA02,1997,M01,154.7,
CUUR0000SETA02,1997,M02,154.4,
CUUR0000SETA02,1997,M03,154.4,
CUUR0000SETA02,1997,M04,154.3,
CUUR0000SETA02,1997,M05,153.9,
CUUR0000SETA02,1997,M06,151.8,
CUUR0000SETA02,1997,M07,149.9,
CUUR0000SETA02,1997,M08,148.5,
CUUR0000SETA02,1997,M09,148.2,
CUUR0000SETA02,1997,M10,147.9,
CUUR0000SETA02,1997,M11,147.6,
CUUR0000SETA02,1997,M12,147.9,
CUUR0000SETA02,1998,M01,148.1,
CUUR0000SETA02,1998,M02,148.4,
CUUR0000SETA02,1998,M03,147.3,
CUUR0000SETA02,1998,M04,148.2,
CUUR0000SETA02,1998,M05,150.0,
CUUR0000SETA02,1998,M06,150.9,
CUUR0000SETA02,1998,M07,151.3,
CUUR0000SETA02,1998,M08,151.1,
CUUR0000SETA02,1998,M09,151.9,
CUUR0000SETA02,1998,M10,153.0,
CUUR0000SETA02,1998,M11,154.0,
CUUR0000SETA02,1998,M12,153.1,
CUUR0000SETA02,1999,M01,150.6,
CUUR0000SETA02,1999,M02,148.3,
CUUR0000SETA02,1999,M03,147.4,
CUUR0000SETA02,1999,M04,148.3,
CUUR0000SETA02,1999,M05,149.6,
CUUR0000SETA02,1999,M06,150.9,
CUUR0000SETA02,1999,M07,152.3,
CUUR0000SETA02,1999,M08,153.8,
CUUR0000SETA02,1999,M09,155.7,
CUUR0000SETA02,1999,M10,156.4,
CUUR0000SETA02,1999,M11,156.1,
CUUR0000SETA02,1999,M12,155.0,
CUUR0000SETA02,2000,M01,153.9,
CUUR0000SETA02,2000,M02,153.0,
CUUR0000SETA02,2000,M03,153.0,
CUUR0000SETA02,2000,M04,154.0,
CUUR0000SETA02,2000,M05,155.4,
CUUR0000SETA02,2000,M06,155.7,
CUUR0000SETA02,2000,M07,155.3,
CUUR0000SETA02,2000,M08,155.2,
CUUR0000SETA02,2000,M09,156.2,
CUUR0000SETA02,2000,M10,157.9,
CUUR0000SETA02,2000,M11,159.3,
CUUR0000SETA02,2000,M12,160.2,
CUUR0000SETA02,2001,M01,160.4,
CUUR0000SETA02,2001,M02,160.4,
CUUR0000SETA02,2001,M03,159.9,
CUUR0000SETA02,2001,M04,159.7,
CUUR0000SETA02,2001,M05,159.1,
CUUR0000SETA02,2001,M06,158.9,
CUUR0000SETA02,2001,M07,158.3,
CUUR0000SETA02,2001,M08,158.0,
CUUR0000SETA02,2001,M09,157.3,
CUUR0000SETA02,2001,M10,157.8,
CUUR0000SETA02,2001,M11,157.4,
CUUR0000SETA02,2001,M12,157.2,
CUUR0000SETA02,2002,M01,155.6,
CUUR0000SETA02,2002,M02,153.9,
CUUR0000SETA02,2002,M03,152.1,
CUUR0000SETA02,2002,M04,151.8,
CUUR0000SETA02,2002,M05,151.8,
CUUR0000SETA02,2002,M06,152.2,
CUUR0000SETA02,2002,M07,152.7,
CUUR0000SETA02,2002,M08,153.4,
CUUR0000SETA02,2002,M09,152.2,
CUUR0000SETA02,2002,M10,150.7,
CUUR0000SETA02,2002,M11,148.8,
CUUR0000SETA02,2002,M12,148.5,
CUUR0000SETA02,2003,M01,148.3,
CUUR0000SETA02,2003,M02,148.4,
CUUR0000SETA02,2003,M03,148.5,
CUUR0000SETA02,2003,M04,148.4,
CUUR0000SETA02,2003,M05,147.9,
CUUR0000SETA02,2003,M06,147.4,
CUUR0000SETA02,2003,M07,145.7,
CUUR0000SETA02,2003,M08,143.3,
CUUR0000SETA02,2003,M09,139.0,
CUUR0000SETA02,2003,M10,135.1,
CUUR0000SETA02,2003,M11,132.0,
CUUR0000SETA02,2003,M12,131.0,
CUUR0000SETA02,2004,M01,130.8,
CUUR0000SETA02,2004,M02,131.0,
CUUR0000SETA02,2004,M03,131.2,
CUUR0000SETA02,2004,M04,131.3,
CUUR0000SETA02,2004,M05,131.8,
CUUR0000SETA02,2004,M06,130.6,
CUUR0000SETA02,2004,M07,132.1,
CUUR0000SETA02,2004,M08,133.8,
CUUR0000SETA02,2004,M09,136.5,
CUUR0000SETA02,2004,M10,136.8,
CUUR0000SETA02,2004,M11,136.7,
CUUR0000SETA02,2004,M12,137.3,
CUUR0000SETA02,2005,M01,137.5,
CUUR0000SETA02,2005,M02,137.6,
CUUR0000SETA02,2005,M03,137.7,
CUUR0000SETA02,2005,M04,138.1,
CUUR0000SETA02,2005,M05,138.8,
CUUR0000SETA02,2005,M06,139.9,
CUUR0000SETA02,2005,M07,141.0,
CUUR0000SETA02,2005,M08,142.0,
CUUR0000SETA02,2005,M09,141.5,
CUUR0000SETA02,2005,M10,140.6,
CUUR0000SETA02,2005,M11,139.4,
CUUR0000SETA02,2005,M12,139.2,
CUUR0000SETA02,2006,M01,139.3,
CUUR0000SETA02,2006,M02,139.5,
CUUR0000SETA02,2006,M03,140.0,
CUUR0000SETA02,2006,M04,140.4,
CUUR0000SETA02,2006,M05,140.9,
CUUR0000SETA02,2006,M06,141.5,
CUUR0000SETA02,2006,M07,142.1,
CUUR0000SETA02,2006,M08,142.4,
CUUR0000SETA02,2006,M09,141.0,
CUUR0000SETA02,2006,M10,139.3,
CUUR0000SETA02,2006,M11,137.3,
CUUR0000SETA02,2006,M12,136.2,
CUUR0000SETA02,2007,M01,135.257,
CUUR0000SETA02,2007,M02,134.597,
CUUR0000SETA02,2007,M03,134.382,
CUUR0000SETA02,2007,M04,134.363,
CUUR0000SETA02,2007,M05,134.481,
CUUR0000SETA02,2007,M06,135.067,
CUUR0000SETA02,2007,M07,136.024,
CUUR0000SETA02,2007,M08,137.138,
CUUR0000SETA02,2007,M09,137.142,
CUUR0000SETA02,2007,M10,136.950,
CUUR0000SETA02,2007,M11,136.616,
CUUR0000SETA02,2007,M12,136.943,
CUUR0000SETA02,2008,M01,137.203,
CUUR0000SETA02,2008,M02,137.248,
CUUR0000SETA02,2008,M03,137.225,
CUUR0000SETA02,2008,M04,136.787,
CUUR0000SETA02,2008,M05,136.325,
CUUR0000SETA02,2008,M06,135.980,
CUUR0000SETA02,2008,M07,135.840,
CUUR0000SETA02,2008,M08,135.405,
CUUR0000SETA02,2008,M09,132.916,
CUUR0000SETA02,2008,M10,129.733,
CUUR0000SETA02,2008,M11,126.869,
CUUR0000SETA02,2008,M12,125.883,
CUUR0000SETA02,2009,M01,124.863,
CUUR0000SETA02,2009,M02,122.837,
CUUR0000SETA02,2009,M03,121.061,
CUUR0000SETA02,2009,M04,121.213,
CUUR0000SETA02,2009,M05,122.650,
CUUR0000SETA02,2009,M06,124.323,
CUUR0000SETA02,2009,M07,125.061,
CUUR0000SETA02,2009,M08,128.028,
CUUR0000SETA02,2009,M09,129.369,
CUUR0000SETA02,2009,M10,132.689,
CUUR0000SETA02,2009,M11,134.173,
CUUR0000SETA02,2009,M12,137.406,
CUUR0000SETA02,2010,M01,139.174,
CUUR0000SETA02,2010,M02,140.218,
CUUR0000SETA02,2010,M03,140.797,
CUUR0000SETA02,2010,M04,141.315,
CUUR0000SETA02,2010,M05,142.537,
CUUR0000SETA02,2010,M06,144.399,
CUUR0000SETA02,2010,M07,146.379,
CUUR0000SETA02,2010,M08,147.909,
CUUR0000SETA02,2010,M09,146.065,
CUUR0000SETA02,2010,M10,144.040,
CUUR0000SETA02,2010,M11,142.250,
CUUR0000SETA02,2010,M12,142.454,
CUUR0000SETA02,2011,M01,142.555,
CUUR0000SETA02,2011,M02,142.937,
CUUR0000SETA02,2011,M03,144.072,
CUUR0000SETA02,2011,M04,145.968,
CUUR0000SETA02,2011,M05,148.361,
CUUR0000SETA02,2011,M06,151.776,
CUUR0000SETA02,2011,M07,154.184,
CUUR0000SETA02,2011,M08,155.823,
CUUR0000SETA02,2011,M09,153.586,
CUUR0000SETA02,2011,M10,151.494,
CUUR0000SETA02,2011,M11,149.230,
CUUR0000SETA02,2011,M12,148.140,
CUUR0000SETA02,2012,M01,147.143,
CUUR0000SETA02,2012,M02,147.011,
CUUR0000SETA02,2012,M03,148.677,
CUUR0000SETA02,2012,M04,151.087,
CUUR0000SETA02,2012,M05,153.565,
CUUR0000SETA02,2012,M06,155.306,
CUUR0000SETA02,2012,M07,155.815,
CUUR0000SETA02,2012,M08,154.851,
CUUR0000SETA02,2012,M09,151.118,
CUUR0000SETA02,2012,M10,148.293,
CUUR0000SETA02,2012,M11,145.862,
CUUR0000SETA02,2012,M12,145.234,
CUUR0000SETA02,2013,M01,145.260,
CUUR0000SETA02,2013,M02,146.718,
CUUR0000SETA02,2013,M03,148.753,
CUUR0000SETA02,2013,M04,150.160,
CUUR0000SETA02,2013,M05,151.099,
CUUR0000SETA02,2013,M06,151.760,
CUUR0000SETA02,2013,M07,152.554,
CUUR0000SETA02,2013,M08,153.252,
CUUR0000SETA02,2013,M09,151.750,
CUUR0000SETA02,2013,M10,150.413,
CUUR0000SETA02,2013,M11,148.740,
CUUR0000SETA02,2013,M12,148.183,
CUUR0000SETA02,2014,M01,147.386,
CUUR0000SETA02,2014,M02,147.616,
CUUR0000SETA02,2014,M03,148.920,
CUUR0000SETA02,2014,M04,150.496,
CUUR0000SETA02,2014,M05,151.441,
CUUR0000SETA02,2014,M06,151.978,
CUUR0000SETA02,2014,M07,152.857,
CUUR0000SETA02,2014,M08,153.277,
CUUR0000SETA02,2014,M09,151.153,
CUUR0000SETA02,2014,M10,147.893,
CUUR0000SETA02,2014,M11,144.151,
CUUR0000SETA02,2014,M12,141.957,
CUUR0000SETA02,2015,M01,141.461,
CUUR0000SETA02,2015,M02,143.390,
CUUR0000SETA02,2015,M03,147.023,
CUUR0000SETA02,2015,M04,149.788,
CUUR0000SETA02,2015,M05,150.713,
CUUR0000SETA02,2015,M06,150.970,
CUUR0000SETA02,2015,M07,151.119,
CUUR0000SETA02,2015,M08,150.908,
CUUR0000SETA02,2015,M09,148.520,
CUUR0000SETA02,2015,M10,145.821,
CUUR0000SETA02,2015,M11,143.247,
CUUR0000SETA02,2015,M12,142.474,
CUUR0000SETA02,2016,M01,142.668,
CUUR0000SETA02,2016,M02,144.024,
CUUR0000SETA02,2016,M03,146.178,
CUUR0000SETA02,2016,M04,147.489,
CUUR0000SETA02,2016,M05,147.223,
CUUR0000SETA02,2016,M06,146.303,
CUUR0000SETA02,2016,M07,145.457,
CUUR0000SETA02,2016,M08,144.858,
CUUR0000SETA02,2016,M09,142.482,
CUUR0000SETA02,2016,M10,139.914,
CUUR0000SETA02,2016,M11,137.789,
CUUR0000SETA02,2016,M12,137.475,
CUUR0000SETA02,2017,M01,137.397,
CUUR0000SETA02,2017,M02,137.899,
CUUR0000SETA02,2017,M03,139.372,
CUUR0000SETA02,2017,M04,140.654,
CUUR0000SETA02,2017,M05,140.875,
CUUR0000SETA02,2017,M06,140.015,
CUUR0000SETA02,2017,M07,139.519,
CUUR0000SETA02,2017,M08,139.350,
CUUR0000SETA02,2017,M09,137.141,
CUUR0000SETA02,2017,M10,135.867,
CUUR0000SETA02,2017,M11,134.901,
CUUR0000SETA02,2017,M12,136.118,
CUUR0000SETA02,2018,M01,136.555,
CUUR0000SETA02,2018,M02,137.768,
CUUR0000SETA02,2018,M03,139.892,
CUUR0000SETA02,2018,M04,139.368,
CUUR0000SETA02,2018,M05,138.506,
CUUR0000SETA02,2018,M06,139.090,
CUUR0000SETA02,2018,M07,140.687,
CUUR0000SETA02,2018,M08,141.095,
CUUR0000SETA02,2018,M09,135.130,
CUUR0000SETA02,2018,M10,136.450,
CUUR0000SETA02,2018,M11,138.010,
CUUR0000SETA02,2018,M12,138.069,
CUUR0000SETA02,2019,M01,138.800,
CUUR0000SETA02,2019,M02,139.301,
CUUR0000SETA02,2019,M03,140.513,
CUUR0000SETA02,2019,M04,140.458,
CUUR0000SETA02,2019,M05,138.888,
CUUR0000SETA02,2019,M06,140.823,
CUUR0000SETA02,2019,M07,142.756,
CUUR0000SETA02,2019,M08,144.026,
CUUR0000SETA02,2019,M09,138.653,
CUUR0000SETA02,2019,M10,138.407,
CUUR0000SETA02,2019,M11,137.407,
CUUR0000SETA02,2019,M12,137.125,
CUUR0000SETA02,2020,M01,136.064,
CUUR0000SETA02,2020,M02,137.452,
CUUR0000SETA02,2020,M03,140.689,
CUUR0000SETA02,2020,M04,139.411,
CUUR0000SETA02,2020,M05,138.383,
CUUR0000SETA02,2020,M06,136.915,
CUUR0000SETA02,2020,M07,141.493,
CUUR0000SETA02,2020,M08,149.765,
CUUR0000SETA02,2020,M09,152.887,
CUUR0000SETA02,2020,M10,154.381,
CUUR0000SETA02,2020,M11,152.324,
CUUR0000SETA02,2020,M12,150.891,
CUUR0000SETA02,2021,M01,149.659,
CUUR0000SETA02,2021,M02,150.221,
CUUR0000SETA02,2021,M03,153.873,
CUUR0000SETA02,2021,M04,168.647,
CUUR0000SETA02,2021,M05,179.532,
CUUR0000SETA02,2021,M06,198.855,
CUUR0000SETA02,2021,M07,200.425,
CUUR0000SETA02,2021,M08,197.535,
CUUR0000SETA02,2021,M09,190.207,
CUUR0000SETA02,2021,M10,195.213,
CUUR0000SETA02,2021,M11,200.209,
CUUR0000SETA02,2021,M12,207.164,
CUUR0000SETA02,2022,M01,210.293,
CUUR0000SETA02,2022,M02,212.040,
CUUR0000SETA02,2022,M03,208.216,
CUUR0000SETA02,2022,M04,206.981,
CUUR0000SETA02,2022,M05,208.373,
CUUR0000SETA02,2022,M06,212.980,
CUUR0000SETA02,2022,M07,213.683,
CUUR0000SETA02,2022,M08,212.895,
CUUR0000SETA02,2022,M09,203.867,
CUUR0000SETA02,2022,M10,199.176,
CUUR0000SETA02,2022,M11,193.530,
CUUR0000SETA02,2022,M12,188.864,
CUUR0000SETA02,2023,M01,185.857,
CUUR0000SETA02,2023,M02,183.241,
CUUR0000SETA02,2023,M03,184.997,
CUUR0000SETA02,2023,M04,193.394,
CUUR0000SETA02,2023,M05,199.576,
CUUR0000SETA02,2023,M06,202.007,
CUUR0000SETA02,2023,M07,201.624,
CUUR0000SETA02,2023,M08,198.768,
CUUR0000SETA02,2023,M09,187.587,
CUUR0000SETA02,2023,M10,184.961,
CUUR0000SETA02,2023,M11,186.270,
CUUR0000SETA02,2023,M12,186.383,
CUUR0000SETA02,2024,M01,179.410,
CUUR0000SETA02,2024,M02,180.006,
CUUR0000SETA02,2024,M03,180.891,
CUUR0000SETA02,2024,M04,180.132,
CUUR0000SETA02,2024,M05,180.971,
CUUR0000SETA02,2024,M06,181.603,
CUUR0000SETA02,2024,M07,179.579,
CUUR0000SETA02,2024,M08,178.192,
CUUR0000SETA02,2024,M09,178.072,
CUUR0000SETA02,2024,M10,178.744,
CUUR0000SETA02,2024,M11,179.958,
CUUR0000SETA02,2024,M12,180.317,
CUUR0000SETA02,2025,M01,181.265,
CUUR0000SETA02,2025,M02,181.361,
CUUR0000SETA02,2025,M03,181.932,
CUUR0000SETA02,2025,M04,182.861,
CUUR0000SETA02,2025,M05,184.224,
CUUR0000SETA02,2025,M06,186.671,
CUUR0000SETA02,2025,M07,188.183,
CUUR0000SETA02,2025,M08,188.960,
CUUR0000SETA02,2025,M09,187.121,
CUUR0000SETA02,2025,M10,186.962,
CUUR0000SETA02,2025,M11,186.367,
CUUR0000SETA02,2025,M12,183.265,
CUUR0000SETA02,2026,M01,177.714,
CUUR0000SETA02,2026,M02,175.559,
CUUR0000SETA02,2026,M03,176.154,
CUUR0000SETA02,2026,M04,177.936,
CUUR0000SETA02,2026,M05,180.554,
CUUR0000SETA02,2026,M06,183.360,
CUUR0000SETA02,2026,M07,184.661,
CUUR0000SETB01,1997,M01,107.9,
CUUR0000SETB01,1997,M02,107.4,
CUUR0000SETB01,1997,M03,105.8,
CUUR0000SETB01,1997,M04,105.4,
CUUR0000SETB01,1997,M05,105.2,
CUUR0000SETB01,1997,M06,105.4,
CUUR0000SETB01,1997,M07,103.5,
CUUR0000SETB01,1997,M08,107.4,
CUUR0000SETB01,1997,M09,109.2,
CUUR0000SETB01,1997,M10,106.5,
CUUR0000SETB01,1997,M11,104.1,
CUUR0000SETB01,1997,M12,101.3,
CUUR0000SETB01,1998,M01,97.2,
CUUR0000SETB01,1998,M02,93.5,
CUUR0000SETB01,1998,M03,90.3,
CUUR0000SETB01,1998,M04,91.1,
CUUR0000SETB01,1998,M05,94.2,
CUUR0000SETB01,1998,M06,94.3,
CUUR0000SETB01,1998,M07,93.2,
CUUR0000SETB01,1998,M08,91.1,
CUUR0000SETB01,1998,M09,89.5,
CUUR0000SETB01,1998,M10,90.3,
CUUR0000SETB01,1998,M11,89.2,
CUUR0000SETB01,1998,M12,85.7,
CUUR0000SETB01,1999,M01,84.5,
CUUR0000SETB01,1999,M02,83.1,
CUUR0000SETB01,1999,M03,85.8,
CUUR0000SETB01,1999,M04,100.4,
CUUR0000SETB01,1999,M05,100.8,
CUUR0000SETB01,1999,M06,98.6,
CUUR0000SETB01,1999,M07,101.9,
CUUR0000SETB01,1999,M08,107.2,
CUUR0000SETB01,1999,M09,109.7,
CUUR0000SETB01,1999,M10,109.4,
CUUR0000SETB01,1999,M11,108.7,
CUUR0000SETB01,1999,M12,111.5,
CUUR0000SETB01,2000,M01,111.9,
CUUR0000SETB01,2000,M02,117.3,
CUUR0000SETB01,2000,M03,130.9,
CUUR0000SETB01,2000,M04,127.9,
CUUR0000SETB01,2000,M05,127.6,
CUUR0000SETB01,2000,M06,138.3,
CUUR0000SETB01,2000,M07,135.4,
CUUR0000SETB01,2000,M08,127.7,
CUUR0000SETB01,2000,M09,134.3,
CUUR0000SETB01,2000,M10,132.3,
CUUR0000SETB01,2000,M11,132.2,
CUUR0000SETB01,2000,M12,127.0,
CUUR0000SETB01,2001,M01,125.8,
CUUR0000SETB01,2001,M02,126.8,
CUUR0000SETB01,2001,M03,123.3,
CUUR0000SETB01,2001,M04,132.8,
CUUR0000SETB01,2001,M05,146.0,
CUUR0000SETB01,2001,M06,141.3,
CUUR0000SETB01,2001,M07,124.9,
CUUR0000SETB01,2001,M08,121.2,
CUUR0000SETB01,2001,M09,130.7,
CUUR0000SETB01,2001,M10,115.6,
CUUR0000SETB01,2001,M11,103.8,
CUUR0000SETB01,2001,M12,95.4,
CUUR0000SETB01,2002,M01,97.2,
CUUR0000SETB01,2002,M02,97.6,
CUUR0000SETB01,2002,M03,107.1,
CUUR0000SETB01,2002,M04,120.8,
CUUR0000SETB01,2002,M05,120.8,
CUUR0000SETB01,2002,M06,119.5,
CUUR0000SETB01,2002,M07,120.3,
CUUR0000SETB01,2002,M08,120.9,
CUUR0000SETB01,2002,M09,121.1,
CUUR0000SETB01,2002,M10,123.9,
CUUR0000SETB01,2002,M11,123.8,
CUUR0000SETB01,2002,M12,119.1,
CUUR0000SETB01,2003,M01,125.7,
CUUR0000SETB01,2003,M02,139.7,
CUUR0000SETB01,2003,M03,147.4,
CUUR0000SETB01,2003,M04,139.9,
CUUR0000SETB01,2003,M05,130.6,
CUUR0000SETB01,2003,M06,129.5,
CUUR0000SETB01,2003,M07,130.0,
CUUR0000SETB01,2003,M08,138.4,
CUUR0000SETB01,2003,M09,146.5,
CUUR0000SETB01,2003,M10,136.0,
CUUR0000SETB01,2003,M11,130.6,
CUUR0000SETB01,2003,M12,127.2,
CUUR0000SETB01,2004,M01,136.1,
CUUR0000SETB01,2004,M02,142.5,
CUUR0000SETB01,2004,M03,149.8,
CUUR0000SETB01,2004,M04,155.3,
CUUR0000SETB01,2004,M05,169.8,
CUUR0000SETB01,2004,M06,172.7,
CUUR0000SETB01,2004,M07,164.5,
CUUR0000SETB01,2004,M08,161.2,
CUUR0000SETB01,2004,M09,160.5,
CUUR0000SETB01,2004,M10,172.2,
CUUR0000SETB01,2004,M11,171.0,
CUUR0000SETB01,2004,M12,160.4,
CUUR0000SETB01,2005,M01,155.6,
CUUR0000SETB01,2005,M02,163.4,
CUUR0000SETB01,2005,M03,175.0,
CUUR0000SETB01,2005,M04,192.9,
CUUR0000SETB01,2005,M05,187.3,
CUUR0000SETB01,2005,M06,184.6,
CUUR0000SETB01,2005,M07,196.5,
CUUR0000SETB01,2005,M08,211.7,
CUUR0000SETB01,2005,M09,248.5,
CUUR0000SETB01,2005,M10,235.9,
CUUR0000SETB01,2005,M11,198.6,
CUUR0000SETB01,2005,M12,186.2,
CUUR0000SETB01,2006,M01,198.2,
CUUR0000SETB01,2006,M02,197.0,
CUUR0000SETB01,2006,M03,204.7,
CUUR0000SETB01,2006,M04,234.4,
CUUR0000SETB01,2006,M05,249.8,
CUUR0000SETB01,2006,M06,247.3,
CUUR0000SETB01,2006,M07,254.6,
CUUR0000SETB01,2006,M08,253.2,
CUUR0000SETB01,2006,M09,219.0,
CUUR0000SETB01,2006,M10,192.7,
CUUR0000SETB01,2006,M11,190.3,
CUUR0000SETB01,2006,M12,198.1,
CUUR0000SETB01,2007,M01,192.806,
CUUR0000SETB01,2007,M02,194.282,
CUUR0000SETB01,2007,M03,219.473,
CUUR0000SETB01,2007,M04,241.897,
CUUR0000SETB01,2007,M05,264.830,
CUUR0000SETB01,2007,M06,259.686,
CUUR0000SETB01,2007,M07,251.883,
CUUR0000SETB01,2007,M08,237.108,
CUUR0000SETB01,2007,M09,237.993,
CUUR0000SETB01,2007,M10,237.819,
CUUR0000SETB01,2007,M11,260.943,
CUUR0000SETB01,2007,M12,256.790,
CUUR0000SETB01,2008,M01,259.338,
CUUR0000SETB01,2008,M02,257.845,
CUUR0000SETB01,2008,M03,276.497,
CUUR0000SETB01,2008,M04,291.910,
CUUR0000SETB01,2008,M05,319.787,
CUUR0000SETB01,2008,M06,344.981,
CUUR0000SETB01,2008,M07,347.357,
CUUR0000SETB01,2008,M08,321.511,
CUUR0000SETB01,2008,M09,313.535,
CUUR0000SETB01,2008,M10,266.382,
CUUR0000SETB01,2008,M11,184.235,
CUUR0000SETB01,2008,M12,146.102,
CUUR0000SETB01,2009,M01,154.488,
CUUR0000SETB01,2009,M02,166.118,
CUUR0000SETB01,2009,M03,167.826,
CUUR0000SETB01,2009,M04,176.704,
CUUR0000SETB01,2009,M05,193.727,
CUUR0000SETB01,2009,M06,225.526,
CUUR0000SETB01,2009,M07,217.945,
CUUR0000SETB01,2009,M08,225.179,
CUUR0000SETB01,2009,M09,220.542,
CUUR0000SETB01,2009,M10,218.683,
CUUR0000SETB01,2009,M11,227.665,
CUUR0000SETB01,2009,M12,224.260,
CUUR0000SETB01,2010,M01,233.727,
CUUR0000SETB01,2010,M02,227.198,
CUUR0000SETB01,2010,M03,237.356,
CUUR0000SETB01,2010,M04,244.347,
CUUR0000SETB01,2010,M05,246.080,
CUUR0000SETB01,2010,M06,234.214,
CUUR0000SETB01,2010,M07,234.091,
CUUR0000SETB01,2010,M08,235.110,
CUUR0000SETB01,2010,M09,231.819,
CUUR0000SETB01,2010,M10,239.527,
CUUR0000SETB01,2010,M11,244.345,
CUUR0000SETB01,2010,M12,255.319,
CUUR0000SETB01,2011,M01,264.979,
CUUR0000SETB01,2011,M02,270.822,
CUUR0000SETB01,2011,M03,302.574,
CUUR0000SETB01,2011,M04,325.282,
CUUR0000SETB01,2011,M05,336.999,
CUUR0000SETB01,2011,M06,317.543,
CUUR0000SETB01,2011,M07,312.760,
CUUR0000SETB01,2011,M08,311.269,
CUUR0000SETB01,2011,M09,309.018,
CUUR0000SETB01,2011,M10,295.877,
CUUR0000SETB01,2011,M11,292.486,
CUUR0000SETB01,2011,M12,280.713,
CUUR0000SETB01,2012,M01,290.762,
CUUR0000SETB01,2012,M02,305.076,
CUUR0000SETB01,2012,M03,329.780,
CUUR0000SETB01,2012,M04,335.742,
CUUR0000SETB01,2012,M05,323.604,
CUUR0000SETB01,2012,M06,303.747,
CUUR0000SETB01,2012,M07,295.498,
CUUR0000SETB01,2012,M08,316.859,
CUUR0000SETB01,2012,M09,329.898,
CUUR0000SETB01,2012,M10,322.934,
CUUR0000SETB01,2012,M11,298.131,
CUUR0000SETB01,2012,M12,285.606,
CUUR0000SETB01,2013,M01,286.417,
CUUR0000SETB01,2013,M02,315.243,
CUUR0000SETB01,2013,M03,319.523,
CUUR0000SETB01,2013,M04,307.814,
CUUR0000SETB01,2013,M05,310.352,
CUUR0000SETB01,2013,M06,312.212,
CUUR0000SETB01,2013,M07,310.886,
CUUR0000SETB01,2013,M08,309.355,
CUUR0000SETB01,2013,M09,305.299,
CUUR0000SETB01,2013,M10,290.306,
CUUR0000SETB01,2013,M11,280.742,
CUUR0000SETB01,2013,M12,282.773,
CUUR0000SETB01,2014,M01,286.607,
CUUR0000SETB01,2014,M02,289.814,
CUUR0000SETB01,2014,M03,304.464,
CUUR0000SETB01,2014,M04,315.335,
CUUR0000SETB01,2014,M05,317.434,
CUUR0000SETB01,2014,M06,318.334,
CUUR0000SETB01,2014,M07,313.514,
CUUR0000SETB01,2014,M08,300.640,
CUUR0000SETB01,2014,M09,294.222,
CUUR0000SETB01,2014,M10,275.729,
CUUR0000SETB01,2014,M11,251.172,
CUUR0000SETB01,2014,M12,223.404,
CUUR0000SETB01,2015,M01,185.142,
CUUR0000SETB01,2015,M02,194.883,
CUUR0000SETB01,2015,M03,215.442,
CUUR0000SETB01,2015,M04,215.461,
CUUR0000SETB01,2015,M05,238.170,
CUUR0000SETB01,2015,M06,244.226,
CUUR0000SETB01,2015,M07,243.736,
CUUR0000SETB01,2015,M08,230.513,
CUUR0000SETB01,2015,M09,207.239,
CUUR0000SETB01,2015,M10,199.077,
CUUR0000SETB01,2015,M11,190.701,
CUUR0000SETB01,2015,M12,179.496,
CUUR0000SETB01,2016,M01,171.574,
CUUR0000SETB01,2016,M02,154.564,
CUUR0000SETB01,2016,M03,170.356,
CUUR0000SETB01,2016,M04,185.808,
CUUR0000SETB01,2016,M05,198.011,
CUUR0000SETB01,2016,M06,206.681,
CUUR0000SETB01,2016,M07,195.243,
CUUR0000SETB01,2016,M08,189.375,
CUUR0000SETB01,2016,M09,193.817,
CUUR0000SETB01,2016,M10,197.357,
CUUR0000SETB01,2016,M11,192.522,
CUUR0000SETB01,2016,M12,195.915,
CUUR0000SETB01,2017,M01,206.360,
CUUR0000SETB01,2017,M02,201.957,
CUUR0000SETB01,2017,M03,204.217,
CUUR0000SETB01,2017,M04,212.424,
CUUR0000SETB01,2017,M05,209.441,
CUUR0000SETB01,2017,M06,205.881,
CUUR0000SETB01,2017,M07,201.173,
CUUR0000SETB01,2017,M08,209.000,
CUUR0000SETB01,2017,M09,231.182,
CUUR0000SETB01,2017,M10,218.591,
CUUR0000SETB01,2017,M11,224.227,
CUUR0000SETB01,2017,M12,216.781,
CUUR0000SETB01,2018,M01,223.806,
CUUR0000SETB01,2018,M02,227.420,
CUUR0000SETB01,2018,M03,226.872,
CUUR0000SETB01,2018,M04,240.962,
CUUR0000SETB01,2018,M05,255.096,
CUUR0000SETB01,2018,M06,255.885,
CUUR0000SETB01,2018,M07,252.232,
CUUR0000SETB01,2018,M08,251.367,
CUUR0000SETB01,2018,M09,252.216,
CUUR0000SETB01,2018,M10,253.793,
CUUR0000SETB01,2018,M11,235.381,
CUUR0000SETB01,2018,M12,212.152,
CUUR0000SETB01,2019,M01,201.194,
CUUR0000SETB01,2019,M02,206.749,
CUUR0000SETB01,2019,M03,225.282,
CUUR0000SETB01,2019,M04,248.499,
CUUR0000SETB01,2019,M05,254.551,
CUUR0000SETB01,2019,M06,242.043,
CUUR0000SETB01,2019,M07,244.000,
CUUR0000SETB01,2019,M08,233.625,
CUUR0000SETB01,2019,M09,231.496,
CUUR0000SETB01,2019,M10,235.168,
CUUR0000SETB01,2019,M11,232.575,
CUUR0000SETB01,2019,M12,228.857,
CUUR0000SETB01,2020,M01,227.010,
CUUR0000SETB01,2020,M02,218.373,
CUUR0000SETB01,2020,M03,202.205,
CUUR0000SETB01,2020,M04,168.891,
CUUR0000SETB01,2020,M05,168.528,
CUUR0000SETB01,2020,M06,185.422,
CUUR0000SETB01,2020,M07,194.397,
CUUR0000SETB01,2020,M08,194.449,
CUUR0000SETB01,2020,M09,195.888,
CUUR0000SETB01,2020,M10,192.792,
CUUR0000SETB01,2020,M11,187.609,
CUUR0000SETB01,2020,M12,193.990,
CUUR0000SETB01,2021,M01,207.406,
CUUR0000SETB01,2021,M02,221.689,
CUUR0000SETB01,2021,M03,247.652,
CUUR0000SETB01,2021,M04,252.603,
CUUR0000SETB01,2021,M05,263.170,
CUUR0000SETB01,2021,M06,268.979,
CUUR0000SETB01,2021,M07,275.656,
CUUR0000SETB01,2021,M08,277.448,
CUUR0000SETB01,2021,M09,278.338,
CUUR0000SETB01,2021,M10,288.501,
CUUR0000SETB01,2021,M11,296.571,
CUUR0000SETB01,2021,M12,290.185,
CUUR0000SETB01,2022,M01,290.416,
CUUR0000SETB01,2022,M02,305.959,
CUUR0000SETB01,2022,M03,366.499,
CUUR0000SETB01,2022,M04,362.802,
CUUR0000SETB01,2022,M05,391.262,
CUUR0000SETB01,2022,M06,430.142,
CUUR0000SETB01,2022,M07,396.952,
CUUR0000SETB01,2022,M08,348.593,
CUUR0000SETB01,2022,M09,328.918,
CUUR0000SETB01,2022,M10,339.017,
CUUR0000SETB01,2022,M11,326.649,
CUUR0000SETB01,2022,M12,285.757,
CUUR0000SETB01,2023,M01,294.759,
CUUR0000SETB01,2023,M02,299.774,
CUUR0000SETB01,2023,M03,302.673,
CUUR0000SETB01,2023,M04,318.482,
CUUR0000SETB01,2023,M05,314.116,
CUUR0000SETB01,2023,M06,316.258,
CUUR0000SETB01,2023,M07,318.071,
CUUR0000SETB01,2023,M08,336.979,
CUUR0000SETB01,2023,M09,338.893,
CUUR0000SETB01,2023,M10,320.999,
CUUR0000SETB01,2023,M11,297.598,
CUUR0000SETB01,2023,M12,280.289,
CUUR0000SETB01,2024,M01,276.003,
CUUR0000SETB01,2024,M02,287.943,
CUUR0000SETB01,2024,M03,306.513,
CUUR0000SETB01,2024,M04,322.434,
CUUR0000SETB01,2024,M05,320.981,
CUUR0000SETB01,2024,M06,308.475,
CUUR0000SETB01,2024,M07,310.915,
CUUR0000SETB01,2024,M08,302.419,
CUUR0000SETB01,2024,M09,287.102,
CUUR0000SETB01,2024,M10,281.741,
CUUR0000SETB01,2024,M11,273.570,
CUUR0000SETB01,2024,M12,270.667,
CUUR0000SETB01,2025,M01,275.527,
CUUR0000SETB01,2025,M02,279.059,
CUUR0000SETB01,2025,M03,276.558,
CUUR0000SETB01,2025,M04,284.526,
CUUR0000SETB01,2025,M05,282.614,
CUUR0000SETB01,2025,M06,282.914,
CUUR0000SETB01,2025,M07,281.490,
CUUR0000SETB01,2025,M08,282.358,
CUUR0000SETB01,2025,M09,285.595,
CUUR0000SETB01,2025,M10,277.021,
CUUR0000SETB01,2025,M11,276.152,
CUUR0000SETB01,2025,M12,261.466,
CUUR0000SETB01,2026,M01,254.887,
CUUR0000SETB01,2026,M02,263.378,
CUUR0000SETB01,2026,M03,328.874,
CUUR0000SETB01,2026,M04,365.392,
CUUR0000SETB01,2026,M05,396.961,
CUUR0000SETB01,2026,M06,358.518,
CUUR0000SETB01,2026,M07,350.846,
CUUR0000SETC,1997,M01,102.4,
CUUR0000SETC,1997,M02,102.6,
CUUR0000SETC,1997,M03,102.2,
CUUR0000SETC,1997,M04,101.8,
CUUR0000SETC,1997,M05,101.7,
CUUR0000SETC,1997,M06,101.7,
CUUR0000SETC,1997,M07,102.3,
CUUR0000SETC,1997,M08,101.8,
CUUR0000SETC,1997,M09,101.7,
CUUR0000SETC,1997,M10,101.4,
CUUR0000SETC,1997,M11,101.6,
CUUR0000SETC,1997,M12,101.4,
CUUR0000SETC,1998,M01,101.3,
CUUR0000SETC,1998,M02,101.4,
CUUR0000SETC,1998,M03,101.2,
CUUR0000SETC,1998,M04,100.5,
CUUR0000SETC,1998,M05,100.6,
CUUR0000SETC,1998,M06,101.0,
CUUR0000SETC,1998,M07,101.1,
CUUR0000SETC,1998,M08,101.2,
CUUR0000SETC,1998,M09,101.2,
CUUR0000SETC,1998,M10,101.4,
CUUR0000SETC,1998,M11,101.4,
CUUR0000SETC,1998,M12,101.2,
CUUR0000SETC,1999,M01,101.2,
CUUR0000SETC,1999,M02,100.9,
CUUR0000SETC,1999,M03,100.1,
CUUR0000SETC,1999,M04,100.3,
CUUR0000SETC,1999,M05,100.2,
CUUR0000SETC,1999,M06,100.1,
CUUR0000SETC,1999,M07,100.0,
CUUR0000SETC,1999,M08,100.1,
CUUR0000SETC,1999,M09,100.6,
CUUR0000SETC,1999,M10,100.5,
CUUR0000SETC,1999,M11,101.2,
CUUR0000SETC,1999,M12,100.8,
CUUR0000SETC,2000,M01,100.8,
CUUR0000SETC,2000,M02,100.9,
CUUR0000SETC,2000,M03,101.4,
CUUR0000SETC,2000,M04,101.0,
CUUR0000SETC,2000,M05,101.1,
CUUR0000SETC,2000,M06,101.2,
CUUR0000SETC,2000,M07,101.5,
CUUR0000SETC,2000,M08,101.5,
CUUR0000SETC,2000,M09,101.7,
CUUR0000SETC,2000,M10,101.7,
CUUR0000SETC,2000,M11,102.5,
CUUR0000SETC,2000,M12,103.1,
CUUR0000SETC,2001,M01,103.6,
CUUR0000SETC,2001,M02,104.0,
CUUR0000SETC,2001,M03,104.7,
CUUR0000SETC,2001,M04,104.2,
CUUR0000SETC,2001,M05,104.4,
CUUR0000SETC,2001,M06,104.4,
CUUR0000SETC,2001,M07,105.1,
CUUR0000SETC,2001,M08,104.9,
CUUR0000SETC,2001,M09,105.2,
CUUR0000SETC,2001,M10,105.5,
CUUR0000SETC,2001,M11,105.8,
CUUR0000SETC,2001,M12,105.8,
CUUR0000SETC,2002,M01,106.2,
CUUR0000SETC,2002,M02,106.1,
CUUR0000SETC,2002,M03,106.5,
CUUR0000SETC,2002,M04,106.8,
CUUR0000SETC,2002,M05,106.8,
CUUR0000SETC,2002,M06,106.7,
CUUR0000SETC,2002,M07,107.4,
CUUR0000SETC,2002,M08,107.7,
CUUR0000SETC,2002,M09,107.4,
CUUR0000SETC,2002,M10,106.9,
CUUR0000SETC,2002,M11,107.2,
CUUR0000SETC,2002,M12,107.0,
CUUR0000SETC,2003,M01,107.8,
CUUR0000SETC,2003,M02,108.2,
CUUR0000SETC,2003,M03,107.9,
CUUR0000SETC,2003,M04,107.7,
CUUR0000SETC,2003,M05,107.8,
CUUR0000SETC,2003,M06,107.7,
CUUR0000SETC,2003,M07,107.6,
CUUR0000SETC,2003,M08,107.9,
CUUR0000SETC,2003,M09,107.7,
CUUR0000SETC,2003,M10,107.9,
CUUR0000SETC,2003,M11,107.9,
CUUR0000SETC,2003,M12,107.7,
CUUR0000SETC,2004,M01,108.0,
CUUR0000SETC,2004,M02,108.0,
CUUR0000SETC,2004,M03,107.8,
CUUR0000SETC,2004,M04,107.9,
CUUR0000SETC,2004,M05,107.9,
CUUR0000SETC,2004,M06,108.2,
CUUR0000SETC,2004,M07,108.8,
CUUR0000SETC,2004,M08,109.0,
CUUR0000SETC,2004,M09,109.3,
CUUR0000SETC,2004,M10,109.5,
CUUR0000SETC,2004,M11,109.9,
CUUR0000SETC,2004,M12,109.9,
CUUR0000SETC,2005,M01,110.6,
CUUR0000SETC,2005,M02,110.9,
CUUR0000SETC,2005,M03,110.9,
CUUR0000SETC,2005,M04,110.8,
CUUR0000SETC,2005,M05,111.0,
CUUR0000SETC,2005,M06,111.2,
CUUR0000SETC,2005,M07,111.9,
CUUR0000SETC,2005,M08,112.4,
CUUR0000SETC,2005,M09,112.7,
CUUR0000SETC,2005,M10,113.0,
CUUR0000SETC,2005,M11,113.6,
CUUR0000SETC,2005,M12,114.0,
CUUR0000SETC,2006,M01,114.4,
CUUR0000SETC,2006,M02,114.9,
CUUR0000SETC,2006,M03,115.4,
CUUR0000SETC,2006,M04,115.8,
CUUR0000SETC,2006,M05,117.0,
CUUR0000SETC,2006,M06,117.0,
CUUR0000SETC,2006,M07,117.9,
CUUR0000SETC,2006,M08,118.2,
CUUR0000SETC,2006,M09,118.7,
CUUR0000SETC,2006,M10,118.9,
CUUR0000SETC,2006,M11,119.5,
CUUR0000SETC,2006,M12,119.5,
CUUR0000SETC,2007,M01,119.759,
CUUR0000SETC,2007,M02,120.196,
CUUR0000SETC,2007,M03,120.485,
CUUR0000SETC,2007,M04,120.714,
CUUR0000SETC,2007,M05,120.990,
CUUR0000SETC,2007,M06,120.885,
CUUR0000SETC,2007,M07,121.514,
CUUR0000SETC,2007,M08,121.730,
CUUR0000SETC,2007,M09,122.292,
CUUR0000SETC,2007,M10,123.017,
CUUR0000SETC,2007,M11,123.487,
CUUR0000SETC,2007,M12,123.928,
CUUR0000SETC,2008,M01,124.282,
CUUR0000SETC,2008,M02,125.225,
CUUR0000SETC,2008,M03,126.325,
CUUR0000SETC,2008,M04,126.049,
CUUR0000SETC,2008,M05,126.824,
CUUR0000SETC,2008,M06,127.824,
CUUR0000SETC,2008,M07,129.118,
CUUR0000SETC,2008,M08,130.327,
CUUR0000SETC,2008,M09,131.048,
CUUR0000SETC,2008,M10,131.917,
CUUR0000SETC,2008,M11,132.947,
CUUR0000SETC,2008,M12,133.077,
CUUR0000SETC,2009,M01,133.414,
CUUR0000SETC,2009,M02,134.108,
CUUR0000SETC,2009,M03,134.484,
CUUR0000SETC,2009,M04,134.640,
CUUR0000SETC,2009,M05,134.347,
CUUR0000SETC,2009,M06,134.270,
CUUR0000SETC,2009,M07,133.729,
CUUR0000SETC,2009,M08,133.531,
CUUR0000SETC,2009,M09,133.406,
CUUR0000SETC,2009,M10,133.650,
CUUR0000SETC,2009,M11,134.234,
CUUR0000SETC,2009,M12,134.781,
CUUR0000SETC,2010,M01,135.277,
CUUR0000SETC,2010,M02,135.649,
CUUR0000SETC,2010,M03,135.523,
CUUR0000SETC,2010,M04,135.701,
CUUR0000SETC,2010,M05,136.135,
CUUR0000SETC,2010,M06,136.686,
CUUR0000SETC,2010,M07,137.236,
CUUR0000SETC,2010,M08,137.646,
CUUR0000SETC,2010,M09,137.802,
CUUR0000SETC,2010,M10,138.289,
CUUR0000SETC,2010,M11,138.768,
CUUR0000SETC,2010,M12,139.223,
CUUR0000SETC,2011,M01,140.487,
CUUR0000SETC,2011,M02,140.912,
CUUR0000SETC,2011,M03,140.686,
CUUR0000SETC,2011,M04,141.590,
CUUR0000SETC,2011,M05,143.328,
CUUR0000SETC,2011,M06,144.618,
CUUR0000SETC,2011,M07,144.960,
CUUR0000SETC,2011,M08,145.537,
CUUR0000SETC,2011,M09,145.646,
CUUR0000SETC,2011,M10,145.308,
CUUR0000SETC,2011,M11,146.338,
CUUR0000SETC,2011,M12,147.499,
CUUR0000SETC,2012,M01,148.126,
CUUR0000SETC,2012,M02,148.230,
CUUR0000SETC,2012,M03,148.298,
CUUR0000SETC,2012,M04,148.327,
CUUR0000SETC,2012,M05,148.540,
CUUR0000SETC,2012,M06,148.542,
CUUR0000SETC,2012,M07,149.048,
CUUR0000SETC,2012,M08,148.854,
CUUR0000SETC,2012,M09,148.798,
CUUR0000SETC,2012,M10,148.683,
CUUR0000SETC,2012,M11,148.509,
CUUR0000SETC,2012,M12,148.761,
CUUR0000SETC,2013,M01,147.931,
CUUR0000SETC,2013,M02,147.659,
CUUR0000SETC,2013,M03,147.916,
CUUR0000SETC,2013,M04,147.220,
CUUR0000SETC,2013,M05,146.763,
CUUR0000SETC,2013,M06,146.384,
CUUR0000SETC,2013,M07,146.141,
CUUR0000SETC,2013,M08,145.673,
CUUR0000SETC,2013,M09,145.379,
CUUR0000SETC,2013,M10,145.246,
CUUR0000SETC,2013,M11,145.088,
CUUR0000SETC,2013,M12,145.664,
CUUR0000SETC,2014,M01,145.438,
CUUR0000SETC,2014,M02,145.204,
CUUR0000SETC,2014,M03,145.136,
CUUR0000SETC,2014,M04,145.325,
CUUR0000SETC,2014,M05,144.995,
CUUR0000SETC,2014,M06,144.558,
CUUR0000SETC,2014,M07,144.710,
CUUR0000SETC,2014,M08,144.878,
CUUR0000SETC,2014,M09,144.472,
CUUR0000SETC,2014,M10,144.376,
CUUR0000SETC,2014,M11,144.091,
CUUR0000SETC,2014,M12,144.693,
CUUR0000SETC,2015,M01,144.913,
CUUR0000SETC,2015,M02,145.140,
CUUR0000SETC,2015,M03,144.504,
CUUR0000SETC,2015,M04,144.281,
CUUR0000SETC,2015,M05,144.581,
CUUR0000SETC,2015,M06,143.880,
CUUR0000SETC,2015,M07,143.823,
CUUR0000SETC,2015,M08,143.793,
CUUR0000SETC,2015,M09,144.496,
CUUR0000SETC,2015,M10,143.209,
CUUR0000SETC,2015,M11,143.967,
CUUR0000SETC,2015,M12,144.245,
CUUR0000SETC,2016,M01,144.784,
CUUR0000SETC,2016,M02,144.617,
CUUR0000SETC,2016,M03,144.179,
CUUR0000SETC,2016,M04,144.612,
CUUR0000SETC,2016,M05,143.694,
CUUR0000SETC,2016,M06,143.822,
CUUR0000SETC,2016,M07,142.932,
CUUR0000SETC,2016,M08,143.676,
CUUR0000SETC,2016,M09,142.739,
CUUR0000SETC,2016,M10,143.017,
CUUR0000SETC,2016,M11,141.855,
CUUR0000SETC,2016,M12,142.735,
CUUR0000SETC,2017,M01,142.993,
CUUR0000SETC,2017,M02,143.256,
CUUR0000SETC,2017,M03,143.797,
CUUR0000SETC,2017,M04,143.915,
CUUR0000SETC,2017,M05,143.302,
CUUR0000SETC,2017,M06,143.432,
CUUR0000SETC,2017,M07,143.592,
CUUR0000SETC,2017,M08,143.368,
CUUR0000SETC,2017,M09,143.165,
CUUR0000SETC,2017,M10,142.213,
CUUR0000SETC,2017,M11,141.474,
CUUR0000SETC,2017,M12,141.979,
CUUR0000SETC,2018,M01,142.562,
CUUR0000SETC,2018,M02,142.807,
CUUR0000SETC,2018,M03,143.254,
CUUR0000SETC,2018,M04,142.847,
CUUR0000SETC,2018,M05,143.655,
CUUR0000SETC,2018,M06,143.813,
CUUR0000SETC,2018,M07,143.763,
CUUR0000SETC,2018,M08,143.927,
CUUR0000SETC,2018,M09,143.731,
CUUR0000SETC,2018,M10,143.990,
CUUR0000SETC,2018,M11,144.493,
CUUR0000SETC,2018,M12,145.105,
CUUR0000SETC,2019,M01,145.591,
CUUR0000SETC,2019,M02,145.466,
CUUR0000SETC,2019,M03,145.823,
CUUR0000SETC,2019,M04,145.555,
CUUR0000SETC,2019,M05,146.445,
CUUR0000SETC,2019,M06,146.554,
CUUR0000SETC,2019,M07,145.808,
CUUR0000SETC,2019,M08,146.368,
CUUR0000SETC,2019,M09,147.314,
CUUR0000SETC,2019,M10,146.957,
CUUR0000SETC,2019,M11,147.608,
CUUR0000SETC,2019,M12,147.757,
CUUR0000SETC,2020,M01,148.335,
CUUR0000SETC,2020,M02,148.457,
CUUR0000SETC,2020,M03,148.190,
CUUR0000SETC,2020,M04,147.403,
CUUR0000SETC,2020,M05,148.642,
CUUR0000SETC,2020,M06,147.643,
CUUR0000SETC,2020,M07,148.123,
CUUR0000SETC,2020,M08,148.096,
CUUR0000SETC,2020,M09,148.193,
CUUR0000SETC,2020,M10,147.723,
CUUR0000SETC,2020,M11,147.439,
CUUR0000SETC,2020,M12,148.363,
CUUR0000SETC,2021,M01,149.198,
CUUR0000SETC,2021,M02,149.324,
CUUR0000SETC,2021,M03,149.147,
CUUR0000SETC,2021,M04,150.454,
CUUR0000SETC,2021,M05,151.777,
CUUR0000SETC,2021,M06,152.863,
CUUR0000SETC,2021,M07,154.484,
CUUR0000SETC,2021,M08,157.120,
CUUR0000SETC,2021,M09,158.454,
CUUR0000SETC,2021,M10,160.727,
CUUR0000SETC,2021,M11,162.524,
CUUR0000SETC,2021,M12,165.122,
CUUR0000SETC,2022,M01,167.991,
CUUR0000SETC,2022,M02,170.629,
CUUR0000SETC,2022,M03,170.323,
CUUR0000SETC,2022,M04,172.308,
CUUR0000SETC,2022,M05,174.963,
CUUR0000SETC,2022,M06,175.693,
CUUR0000SETC,2022,M07,176.316,
CUUR0000SETC,2022,M08,178.179,
CUUR0000SETC,2022,M09,179.653,
CUUR0000SETC,2022,M10,180.275,
CUUR0000SETC,2022,M11,181.299,
CUUR0000SETC,2022,M12,181.390,
CUUR0000SETC,2023,M01,181.894,
CUUR0000SETC,2023,M02,181.037,
CUUR0000SETC,2023,M03,181.282,
CUUR0000SETC,2023,M04,182.321,
CUUR0000SETC,2023,M05,182.357,
CUUR0000SETC,2023,M06,182.104,
CUUR0000SETC,2023,M07,181.454,
CUUR0000SETC,2023,M08,181.785,
CUUR0000SETC,2023,M09,179.115,
CUUR0000SETC,2023,M10,178.518,
CUUR0000SETC,2023,M11,178.625,
CUUR0000SETC,2023,M12,179.178,
CUUR0000SETC,2024,M01,180.393,
CUUR0000SETC,2024,M02,180.048,
CUUR0000SETC,2024,M03,179.766,
CUUR0000SETC,2024,M04,179.504,
CUUR0000SETC,2024,M05,180.329,
CUUR0000SETC,2024,M06,180.307,
CUUR0000SETC,2024,M07,180.912,
CUUR0000SETC,2024,M08,180.893,
CUUR0000SETC,2024,M09,182.444,
CUUR0000SETC,2024,M10,182.566,
CUUR0000SETC,2024,M11,181.387,
CUUR0000SETC,2024,M12,181.551,
CUUR0000SETC,2025,M01,182.985,
CUUR0000SETC,2025,M02,182.120,
CUUR0000SETC,2025,M03,181.890,
CUUR0000SETC,2025,M04,181.709,
CUUR0000SETC,2025,M05,183.402,
CUUR0000SETC,2025,M06,184.509,
CUUR0000SETC,2025,M07,186.085,
CUUR0000SETC,2025,M08,187.124,
CUUR0000SETC,2025,M09,188.028,
CUUR0000SETC,2025,M10,-,Data unavailable due to the 2025 lapse in appropriations
CUUR0000SETC,2025,M11,186.065,
CUUR0000SETC,2025,M12,187.835,
CUUR0000SETC,2026,M01,186.920,
CUUR0000SETC,2026,M02,187.750,
CUUR0000SETC,2026,M03,189.059,
CUUR0000SETC,2026,M04,188.642,
CUUR0000SETC,2026,M05,187.247,
CUUR0000SETC,2026,M06,187.664,
CUUR0000SETC,2026,M07,188.815,
CUUR0000SETD,1997,M01,161.1,
CUUR0000SETD,1997,M02,161.2,
CUUR0000SETD,1997,M03,161.5,
CUUR0000SETD,1997,M04,161.9,
CUUR0000SETD,1997,M05,162.2,
CUUR0000SETD,1997,M06,162.6,
CUUR0000SETD,1997,M07,162.9,
CUUR0000SETD,1997,M08,163.3,
CUUR0000SETD,1997,M09,163.5,
CUUR0000SETD,1997,M10,163.9,
CUUR0000SETD,1997,M11,164.0,
CUUR0000SETD,1997,M12,164.7,
CUUR0000SETD,1998,M01,165.0,
CUUR0000SETD,1998,M02,165.5,
CUUR0000SETD,1998,M03,165.7,
CUUR0000SETD,1998,M04,165.7,
CUUR0000SETD,1998,M05,165.9,
CUUR0000SETD,1998,M06,166.5,
CUUR0000SETD,1998,M07,166.8,
CUUR0000SETD,1998,M08,167.3,
CUUR0000SETD,1998,M09,168.3,
CUUR0000SETD,1998,M10,169.0,
CUUR0000SETD,1998,M11,169.5,
CUUR0000SETD,1998,M12,169.6,
CUUR0000SETD,1999,M01,169.8,
CUUR0000SETD,1999,M02,170.4,
CUUR0000SETD,1999,M03,170.6,
CUUR0000SETD,1999,M04,170.9,
CUUR0000SETD,1999,M05,171.3,
CUUR0000SETD,1999,M06,171.7,
CUUR0000SETD,1999,M07,172.1,
CUUR0000SETD,1999,M08,172.1,
CUUR0000SETD,1999,M09,172.8,
CUUR0000SETD,1999,M10,173.2,
CUUR0000SETD,1999,M11,173.6,
CUUR0000SETD,1999,M12,173.8,
CUUR0000SETD,2000,M01,174.6,
CUUR0000SETD,2000,M02,175.2,
CUUR0000SETD,2000,M03,175.7,
CUUR0000SETD,2000,M04,175.9,
CUUR0000SETD,2000,M05,176.3,
CUUR0000SETD,2000,M06,176.8,
CUUR0000SETD,2000,M07,177.2,
CUUR0000SETD,2000,M08,178.2,
CUUR0000SETD,2000,M09,178.7,
CUUR0000SETD,2000,M10,179.4,
CUUR0000SETD,2000,M11,179.9,
CUUR0000SETD,2000,M12,179.9,
CUUR0000SETD,2001,M01,180.6,
CUUR0000SETD,2001,M02,181.5,
CUUR0000SETD,2001,M03,181.7,
CUUR0000SETD,2001,M04,181.9,
CUUR0000SETD,2001,M05,182.5,
CUUR0000SETD,2001,M06,182.7,
CUUR0000SETD,2001,M07,183.4,
CUUR0000SETD,2001,M08,184.0,
CUUR0000SETD,2001,M09,185.1,
CUUR0000SETD,2001,M10,186.0,
CUUR0000SETD,2001,M11,186.4,
CUUR0000SETD,2001,M12,186.4,
CUUR0000SETD,2002,M01,187.1,
CUUR0000SETD,2002,M02,188.0,
CUUR0000SETD,2002,M03,188.5,
CUUR0000SETD,2002,M04,189.0,
CUUR0000SETD,2002,M05,189.9,
CUUR0000SETD,2002,M06,190.0,
CUUR0000SETD,2002,M07,189.8,
CUUR0000SETD,2002,M08,191.0,
CUUR0000SETD,2002,M09,191.4,
CUUR0000SETD,2002,M10,191.8,
CUUR0000SETD,2002,M11,192.8,
CUUR0000SETD,2002,M12,193.3,
CUUR0000SETD,2003,M01,193.7,
CUUR0000SETD,2003,M02,194.5,
CUUR0000SETD,2003,M03,194.3,
CUUR0000SETD,2003,M04,194.6,
CUUR0000SETD,2003,M05,194.9,
CUUR0000SETD,2003,M06,195.1,
CUUR0000SETD,2003,M07,196.0,
CUUR0000SETD,2003,M08,195.7,
CUUR0000SETD,2003,M09,196.2,
CUUR0000SETD,2003,M10,196.9,
CUUR0000SETD,2003,M11,197.2,
CUUR0000SETD,2003,M12,198.0,
CUUR0000SETD,2004,M01,198.2,
CUUR0000SETD,2004,M02,198.2,
CUUR0000SETD,2004,M03,198.5,
CUUR0000SETD,2004,M04,198.6,
CUUR0000SETD,2004,M05,199.0,
CUUR0000SETD,2004,M06,199.7,
CUUR0000SETD,2004,M07,200.3,
CUUR0000SETD,2004,M08,200.8,
CUUR0000SETD,2004,M09,200.7,
CUUR0000SETD,2004,M10,201.7,
CUUR0000SETD,2004,M11,202.9,
CUUR0000SETD,2004,M12,203.3,
CUUR0000SETD,2005,M01,204.0,
CUUR0000SETD,2005,M02,203.9,
CUUR0000SETD,2005,M03,204.7,
CUUR0000SETD,2005,M04,205.0,
CUUR0000SETD,2005,M05,205.6,
CUUR0000SETD,2005,M06,206.1,
CUUR0000SETD,2005,M07,206.7,
CUUR0000SETD,2005,M08,207.3,
CUUR0000SETD,2005,M09,208.7,
CUUR0000SETD,2005,M10,209.8,
CUUR0000SETD,2005,M11,210.5,
CUUR0000SETD,2005,M12,210.7,
CUUR0000SETD,2006,M01,211.2,
CUUR0000SETD,2006,M02,212.9,
CUUR0000SETD,2006,M03,213.4,
CUUR0000SETD,2006,M04,213.9,
CUUR0000SETD,2006,M05,214.9,
CUUR0000SETD,2006,M06,215.5,
CUUR0000SETD,2006,M07,216.7,
CUUR0000SETD,2006,M08,216.2,
CUUR0000SETD,2006,M09,217.0,
CUUR0000SETD,2006,M10,218.5,
CUUR0000SETD,2006,M11,218.5,
CUUR0000SETD,2006,M12,218.8,
CUUR0000SETD,2007,M01,219.262,
CUUR0000SETD,2007,M02,220.530,
CUUR0000SETD,2007,M03,221.160,
CUUR0000SETD,2007,M04,221.508,
CUUR0000SETD,2007,M05,221.999,
CUUR0000SETD,2007,M06,222.553,
CUUR0000SETD,2007,M07,223.487,
CUUR0000SETD,2007,M08,224.019,
CUUR0000SETD,2007,M09,224.302,
CUUR0000SETD,2007,M10,224.939,
CUUR0000SETD,2007,M11,225.672,
CUUR0000SETD,2007,M12,226.120,
CUUR0000SETD,2008,M01,227.732,
CUUR0000SETD,2008,M02,228.731,
CUUR0000SETD,2008,M03,229.765,
CUUR0000SETD,2008,M04,230.528,
CUUR0000SETD,2008,M05,231.730,
CUUR0000SETD,2008,M06,233.162,
CUUR0000SETD,2008,M07,234.788,
CUUR0000SETD,2008,M08,236.125,
CUUR0000SETD,2008,M09,237.121,
CUUR0000SETD,2008,M10,238.227,
CUUR0000SETD,2008,M11,239.048,
CUUR0000SETD,2008,M12,239.356,
CUUR0000SETD,2009,M01,241.076,
CUUR0000SETD,2009,M02,241.689,
CUUR0000SETD,2009,M03,242.118,
CUUR0000SETD,2009,M04,242.649,
CUUR0000SETD,2009,M05,242.488,
CUUR0000SETD,2009,M06,242.683,
CUUR0000SETD,2009,M07,243.031,
CUUR0000SETD,2009,M08,243.494,
CUUR0000SETD,2009,M09,244.493,
CUUR0000SETD,2009,M10,245.393,
CUUR0000SETD,2009,M11,245.511,
CUUR0000SETD,2009,M12,245.417,
CUUR0000SETD,2010,M01,245.567,
CUUR0000SETD,2010,M02,245.969,
CUUR0000SETD,2010,M03,246.624,
CUUR0000SETD,2010,M04,247.355,
CUUR0000SETD,2010,M05,247.311,
CUUR0000SETD,2010,M06,247.635,
CUUR0000SETD,2010,M07,247.536,
CUUR0000SETD,2010,M08,248.390,
CUUR0000SETD,2010,M09,249.231,
CUUR0000SETD,2010,M10,249.824,
CUUR0000SETD,2010,M11,249.872,
CUUR0000SETD,2010,M12,250.134,
CUUR0000SETD,2011,M01,250.726,
CUUR0000SETD,2011,M02,250.851,
CUUR0000SETD,2011,M03,250.820,
CUUR0000SETD,2011,M04,251.458,
CUUR0000SETD,2011,M05,252.376,
CUUR0000SETD,2011,M06,252.529,
CUUR0000SETD,2011,M07,252.769,
CUUR0000SETD,2011,M08,253.337,
CUUR0000SETD,2011,M09,255.244,
CUUR0000SETD,2011,M10,255.774,
CUUR0000SETD,2011,M11,255.663,
CUUR0000SETD,2011,M12,255.644,
CUUR0000SETD,2012,M01,256.405,
CUUR0000SETD,2012,M02,256.968,
CUUR0000SETD,2012,M03,256.616,
CUUR0000SETD,2012,M04,256.544,
CUUR0000SETD,2012,M05,257.372,
CUUR0000SETD,2012,M06,257.629,
CUUR0000SETD,2012,M07,257.423,
CUUR0000SETD,2012,M08,257.641,
CUUR0000SETD,2012,M09,258.024,
CUUR0000SETD,2012,M10,258.578,
CUUR0000SETD,2012,M11,258.943,
CUUR0000SETD,2012,M12,258.845,
CUUR0000SETD,2013,M01,259.752,
CUUR0000SETD,2013,M02,260.234,
CUUR0000SETD,2013,M03,260.156,
CUUR0000SETD,2013,M04,260.341,
CUUR0000SETD,2013,M05,261.065,
CUUR0000SETD,2013,M06,261.360,
CUUR0000SETD,2013,M07,262.229,
CUUR0000SETD,2013,M08,262.497,
CUUR0000SETD,2013,M09,262.960,
CUUR0000SETD,2013,M10,263.085,
CUUR0000SETD,2013,M11,262.934,
CUUR0000SETD,2013,M12,263.081,
CUUR0000SETD,2014,M01,263.718,
CUUR0000SETD,2014,M02,264.523,
CUUR0000SETD,2014,M03,264.146,
CUUR0000SETD,2014,M04,264.508,
CUUR0000SETD,2014,M05,265.013,
CUUR0000SETD,2014,M06,265.656,
CUUR0000SETD,2014,M07,266.282,
CUUR0000SETD,2014,M08,266.129,
CUUR0000SETD,2014,M09,267.256,
CUUR0000SETD,2014,M10,268.094,
CUUR0000SETD,2014,M11,268.389,
CUUR0000SETD,2014,M12,268.588,
CUUR0000SETD,2015,M01,268.869,
CUUR0000SETD,2015,M02,269.136,
CUUR0000SETD,2015,M03,268.907,
CUUR0000SETD,2015,M04,269.948,
CUUR0000SETD,2015,M05,270.764,
CUUR0000SETD,2015,M06,270.981,
CUUR0000SETD,2015,M07,271.175,
CUUR0000SETD,2015,M08,270.838,
CUUR0000SETD,2015,M09,271.119,
CUUR0000SETD,2015,M10,271.804,
CUUR0000SETD,2015,M11,272.090,
CUUR0000SETD,2015,M12,272.967,
CUUR0000SETD,2016,M01,273.097,
CUUR0000SETD,2016,M02,273.072,
CUUR0000SETD,2016,M03,273.980,
CUUR0000SETD,2016,M04,274.864,
CUUR0000SETD,2016,M05,275.331,
CUUR0000SETD,2016,M06,275.563,
CUUR0000SETD,2016,M07,276.058,
CUUR0000SETD,2016,M08,275.923,
CUUR0000SETD,2016,M09,275.331,
CUUR0000SETD,2016,M10,275.645,
CUUR0000SETD,2016,M11,277.348,
CUUR0000SETD,2016,M12,278.002,
CUUR0000SETD,2017,M01,279.523,
CUUR0000SETD,2017,M02,279.782,
CUUR0000SETD,2017,M03,279.600,
CUUR0000SETD,2017,M04,280.170,
CUUR0000SETD,2017,M05,280.388,
CUUR0000SETD,2017,M06,279.294,
CUUR0000SETD,2017,M07,279.605,
CUUR0000SETD,2017,M08,280.488,
CUUR0000SETD,2017,M09,282.203,
CUUR0000SETD,2017,M10,283.257,
CUUR0000SETD,2017,M11,282.502,
CUUR0000SETD,2017,M12,283.107,
CUUR0000SETD,2018,M01,283.305,
CUUR0000SETD,2018,M02,284.032,
CUUR0000SETD,2018,M03,283.656,
CUUR0000SETD,2018,M04,284.367,
CUUR0000SETD,2018,M05,284.851,
CUUR0000SETD,2018,M06,285.753,
CUUR0000SETD,2018,M07,286.067,
CUUR0000SETD,2018,M08,286.931,
CUUR0000SETD,2018,M09,288.457,
CUUR0000SETD,2018,M10,289.057,
CUUR0000SETD,2018,M11,290.114,
CUUR0000SETD,2018,M12,289.705,
CUUR0000SETD,2019,M01,290.758,
CUUR0000SETD,2019,M02,291.993,
CUUR0000SETD,2019,M03,294.226,
CUUR0000SETD,2019,M04,295.266,
CUUR0000SETD,2019,M05,294.586,
CUUR0000SETD,2019,M06,295.670,
CUUR0000SETD,2019,M07,295.377,
CUUR0000SETD,2019,M08,297.884,
CUUR0000SETD,2019,M09,298.441,
CUUR0000SETD,2019,M10,298.925,
CUUR0000SETD,2019,M11,299.260,
CUUR0000SETD,2019,M12,299.614,
CUUR0000SETD,2020,M01,300.112,
CUUR0000SETD,2020,M02,302.220,
CUUR0000SETD,2020,M03,304.131,
CUUR0000SETD,2020,M04,304.376,
CUUR0000SETD,2020,M05,305.574,
CUUR0000SETD,2020,M06,305.736,
CUUR0000SETD,2020,M07,305.573,
CUUR0000SETD,2020,M08,307.554,
CUUR0000SETD,2020,M09,308.198,
CUUR0000SETD,2020,M10,308.569,
CUUR0000SETD,2020,M11,309.949,
CUUR0000SETD,2020,M12,309.888,
CUUR0000SETD,2021,M01,310.662,
CUUR0000SETD,2021,M02,311.627,
CUUR0000SETD,2021,M03,314.660,
CUUR0000SETD,2021,M04,315.177,
CUUR0000SETD,2021,M05,314.164,
CUUR0000SETD,2021,M06,315.209,
CUUR0000SETD,2021,M07,318.031,
CUUR0000SETD,2021,M08,320.504,
CUUR0000SETD,2021,M09,320.446,
CUUR0000SETD,2021,M10,325.095,
CUUR0000SETD,2021,M11,325.076,
CUUR0000SETD,2021,M12,324.688,
CUUR0000SETD,2022,M01,325.448,
CUUR0000SETD,2022,M02,331.130,
CUUR0000SETD,2022,M03,329.992,
CUUR0000SETD,2022,M04,331.735,
CUUR0000SETD,2022,M05,333.258,
CUUR0000SETD,2022,M06,340.058,
CUUR0000SETD,2022,M07,343.678,
CUUR0000SETD,2022,M08,349.539,
CUUR0000SETD,2022,M09,356.076,
CUUR0000SETD,2022,M10,358.597,
CUUR0000SETD,2022,M11,363.195,
CUUR0000SETD,2022,M12,366.960,
CUUR0000SETD,2023,M01,371.780,
CUUR0000SETD,2023,M02,372.572,
CUUR0000SETD,2023,M03,373.865,
CUUR0000SETD,2023,M04,375.890,
CUUR0000SETD,2023,M05,378.182,
CUUR0000SETD,2023,M06,383.196,
CUUR0000SETD,2023,M07,387.159,
CUUR0000SETD,2023,M08,391.395,
CUUR0000SETD,2023,M09,392.222,
CUUR0000SETD,2023,M10,392.861,
CUUR0000SETD,2023,M11,393.924,
CUUR0000SETD,2023,M12,392.897,
CUUR0000SETD,2024,M01,396.004,
CUUR0000SETD,2024,M02,397.541,
CUUR0000SETD,2024,M03,404.475,
CUUR0000SETD,2024,M04,404.380,
CUUR0000SETD,2024,M05,405.487,
CUUR0000SETD,2024,M06,406.321,
CUUR0000SETD,2024,M07,405.109,
CUUR0000SETD,2024,M08,407.374,
CUUR0000SETD,2024,M09,411.276,
CUUR0000SETD,2024,M10,415.598,
CUUR0000SETD,2024,M11,416.418,
CUUR0000SETD,2024,M12,417.312,
CUUR0000SETD,2025,M01,419.417,
CUUR0000SETD,2025,M02,420.480,
CUUR0000SETD,2025,M03,424.012,
CUUR0000SETD,2025,M04,426.849,
CUUR0000SETD,2025,M05,426.264,
CUUR0000SETD,2025,M06,427.256,
CUUR0000SETD,2025,M07,431.604,
CUUR0000SETD,2025,M08,441.987,
CUUR0000SETD,2025,M09,442.843,
CUUR0000SETD,2025,M10,-,Data unavailable due to the 2025 lapse in appropriations
CUUR0000SETD,2025,M11,445.325,
CUUR0000SETD,2025,M12,439.752,
CUUR0000SETD,2026,M01,440.175,
CUUR0000SETD,2026,M02,444.107,
CUUR0000SETD,2026,M03,449.675,
CUUR0000SETD,2026,M04,448.821,
CUUR0000SETD,2026,M05,452.383,
CUUR0000SETD,2026,M06,457.313,
CUUR0000SETD,2026,M07,460.185,
CUUR0000SETE,1997,M01,249.5,
CUUR0000SETE,1997,M02,249.9,
CUUR0000SETE,1997,M03,250.2,
CUUR0000SETE,1997,M04,250.4,
CUUR0000SETE,1997,M05,251.0,
CUUR0000SETE,1997,M06,250.6,
CUUR0000SETE,1997,M07,250.6,
CUUR0000SETE,1997,M08,251.0,
CUUR0000SETE,1997,M09,251.6,
CUUR0000SETE,1997,M10,253.9,
CUUR0000SETE,1997,M11,255.2,
CUUR0000SETE,1997,M12,255.3,
CUUR0000SETE,1998,M01,256.1,
CUUR0000SETE,1998,M02,255.3,
CUUR0000SETE,1998,M03,255.2,
CUUR0000SETE,1998,M04,255.0,
CUUR0000SETE,1998,M05,255.1,
CUUR0000SETE,1998,M06,254.5,
CUUR0000SETE,1998,M07,253.3,
CUUR0000SETE,1998,M08,252.3,
CUUR0000SETE,1998,M09,251.0,
CUUR0000SETE,1998,M10,254.0,
CUUR0000SETE,1998,M11,255.1,
CUUR0000SETE,1998,M12,254.5,
CUUR0000SETE,1999,M01,254.5,
CUUR0000SETE,1999,M02,254.4,
CUUR0000SETE,1999,M03,254.5,
CUUR0000SETE,1999,M04,253.3,
CUUR0000SETE,1999,M05,253.1,
CUUR0000SETE,1999,M06,252.9,
CUUR0000SETE,1999,M07,252.9,
CUUR0000SETE,1999,M08,252.7,
CUUR0000SETE,1999,M09,252.3,
CUUR0000SETE,1999,M10,254.0,
CUUR0000SETE,1999,M11,255.6,
CUUR0000SETE,1999,M12,255.8,
CUUR0000SETE,2000,M01,255.6,
CUUR0000SETE,2000,M02,255.9,
CUUR0000SETE,2000,M03,256.0,
CUUR0000SETE,2000,M04,256.1,
CUUR0000SETE,2000,M05,256.5,
CUUR0000SETE,2000,M06,255.8,
CUUR0000SETE,2000,M07,255.4,
CUUR0000SETE,2000,M08,255.6,
CUUR0000SETE,2000,M09,255.6,
CUUR0000SETE,2000,M10,257.7,
CUUR0000SETE,2000,M11,260.0,
CUUR0000SETE,2000,M12,260.5,
CUUR0000SETE,2001,M01,261.3,
CUUR0000SETE,2001,M02,263.3,
CUUR0000SETE,2001,M03,263.7,
CUUR0000SETE,2001,M04,264.4,
CUUR0000SETE,2001,M05,265.1,
CUUR0000SETE,2001,M06,266.2,
CUUR0000SETE,2001,M07,267.3,
CUUR0000SETE,2001,M08,268.0,
CUUR0000SETE,2001,M09,268.5,
CUUR0000SETE,2001,M10,272.3,
CUUR0000SETE,2001,M11,278.2,
CUUR0000SETE,2001,M12,279.4,
CUUR0000SETE,2002,M01,280.5,
CUUR0000SETE,2002,M02,283.6,
CUUR0000SETE,2002,M03,285.5,
CUUR0000SETE,2002,M04,286.9,
CUUR0000SETE,2002,M05,288.2,
CUUR0000SETE,2002,M06,289.4,
CUUR0000SETE,2002,M07,292.0,
CUUR0000SETE,2002,M08,292.6,
CUUR0000SETE,2002,M09,294.1,
CUUR0000SETE,2002,M10,298.2,
CUUR0000SETE,2002,M11,303.4,
CUUR0000SETE,2002,M12,304.6,
CUUR0000SETE,2003,M01,306.5,
CUUR0000SETE,2003,M02,309.1,
CUUR0000SETE,2003,M03,310.9,
CUUR0000SETE,2003,M04,313.9,
CUUR0000SETE,2003,M05,314.9,
CUUR0000SETE,2003,M06,315.2,
CUUR0000SETE,2003,M07,315.2,
CUUR0000SETE,2003,M08,314.8,
CUUR0000SETE,2003,M09,315.7,
CUUR0000SETE,2003,M10,319.8,
CUUR0000SETE,2003,M11,318.9,
CUUR0000SETE,2003,M12,318.4,
CUUR0000SETE,2004,M01,318.7,
CUUR0000SETE,2004,M02,320.2,
CUUR0000SETE,2004,M03,320.8,
CUUR0000SETE,2004,M04,320.9,
CUUR0000SETE,2004,M05,322.1,
CUUR0000SETE,2004,M06,322.9,
CUUR0000SETE,2004,M07,323.2,
CUUR0000SETE,2004,M08,322.6,
CUUR0000SETE,2004,M09,322.8,
CUUR0000SETE,2004,M10,326.1,
CUUR0000SETE,2004,M11,328.7,
CUUR0000SETE,2004,M12,329.3,
CUUR0000SETE,2005,M01,329.9,
CUUR0000SETE,2005,M02,330.8,
CUUR0000SETE,2005,M03,330.1,
CUUR0000SETE,2005,M04,329.8,
CUUR0000SETE,2005,M05,329.5,
CUUR0000SETE,2005,M06,329.7,
CUUR0000SETE,2005,M07,329.5,
CUUR0000SETE,2005,M08,329.1,
CUUR0000SETE,2005,M09,327.1,
CUUR0000SETE,2005,M10,328.4,
CUUR0000SETE,2005,M11,331.8,
CUUR0000SETE,2005,M12,332.5,
CUUR0000SETE,2006,M01,331.9,
CUUR0000SETE,2006,M02,331.7,
CUUR0000SETE,2006,M03,331.3,
CUUR0000SETE,2006,M04,330.8,
CUUR0000SETE,2006,M05,331.0,
CUUR0000SETE,2006,M06,330.2,
CUUR0000SETE,2006,M07,329.8,
CUUR0000SETE,2006,M08,329.7,
CUUR0000SETE,2006,M09,330.6,
CUUR0000SETE,2006,M10,333.6,
CUUR0000SETE,2006,M11,335.5,
CUUR0000SETE,2006,M12,335.2,
CUUR0000SETE,2007,M01,334.478,
CUUR0000SETE,2007,M02,334.232,
CUUR0000SETE,2007,M03,332.864,
CUUR0000SETE,2007,M04,332.073,
CUUR0000SETE,2007,M05,330.113,
CUUR0000SETE,2007,M06,331.086,
CUUR0000SETE,2007,M07,331.607,
CUUR0000SETE,2007,M08,331.837,
CUUR0000SETE,2007,M09,332.303,
CUUR0000SETE,2007,M10,333.914,
CUUR0000SETE,2007,M11,336.295,
CUUR0000SETE,2007,M12,336.915,
CUUR0000SETE,2008,M01,337.639,
CUUR0000SETE,2008,M02,337.978,
CUUR0000SETE,2008,M03,337.290,
CUUR0000SETE,2008,M04,337.817,
CUUR0000SETE,2008,M05,338.561,
CUUR0000SETE,2008,M06,339.664,
CUUR0000SETE,2008,M07,340.396,
CUUR0000SETE,2008,M08,341.864,
CUUR0000SETE,2008,M09,342.528,
CUUR0000SETE,2008,M10,345.138,
CUUR0000SETE,2008,M11,349.050,
CUUR0000SETE,2008,M12,350.308,
CUUR0000SETE,2009,M01,351.215,
CUUR0000SETE,2009,M02,352.538,
CUUR0000SETE,2009,M03,351.982,
CUUR0000SETE,2009,M04,353.563,
CUUR0000SETE,2009,M05,354.171,
CUUR0000SETE,2009,M06,355.721,
CUUR0000SETE,2009,M07,356.166,
CUUR0000SETE,2009,M08,357.780,
CUUR0000SETE,2009,M09,358.039,
CUUR0000SETE,2009,M10,361.102,
CUUR0000SETE,2009,M11,364.894,
CUUR0000SETE,2009,M12,366.799,
CUUR0000SETE,2010,M01,367.575,
CUUR0000SETE,2010,M02,369.752,
CUUR0000SETE,2010,M03,370.743,
CUUR0000SETE,2010,M04,372.311,
CUUR0000SETE,2010,M05,372.814,
CUUR0000SETE,2010,M06,373.707,
CUUR0000SETE,2010,M07,375.100,
CUUR0000SETE,2010,M08,375.901,
CUUR0000SETE,2010,M09,376.415,
CUUR0000SETE,2010,M10,380.728,
CUUR0000SETE,2010,M11,384.085,
CUUR0000SETE,2010,M12,383.024,
CUUR0000SETE,2011,M01,383.966,
CUUR0000SETE,2011,M02,385.232,
CUUR0000SETE,2011,M03,385.479,
CUUR0000SETE,2011,M04,386.317,
CUUR0000SETE,2011,M05,386.954,
CUUR0000SETE,2011,M06,387.486,
CUUR0000SETE,2011,M07,387.358,
CUUR0000SETE,2011,M08,388.619,
CUUR0000SETE,2011,M09,388.870,
CUUR0000SETE,2011,M10,391.893,
CUUR0000SETE,2011,M11,395.491,
CUUR0000SETE,2011,M12,396.193,
CUUR0000SETE,2012,M01,395.974,
CUUR0000SETE,2012,M02,395.516,
CUUR0000SETE,2012,M03,396.393,
CUUR0000SETE,2012,M04,397.507,
CUUR0000SETE,2012,M05,398.478,
CUUR0000SETE,2012,M06,399.729,
CUUR0000SETE,2012,M07,400.709,
CUUR0000SETE,2012,M08,403.246,
CUUR0000SETE,2012,M09,404.464,
CUUR0000SETE,2012,M10,410.031,
CUUR0000SETE,2012,M11,412.890,
CUUR0000SETE,2012,M12,414.773,
CUUR0000SETE,2013,M01,415.510,
CUUR0000SETE,2013,M02,416.147,
CUUR0000SETE,2013,M03,415.381,
CUUR0000SETE,2013,M04,414.955,
CUUR0000SETE,2013,M05,414.952,
CUUR0000SETE,2013,M06,415.353,
CUUR0000SETE,2013,M07,420.073,
CUUR0000SETE,2013,M08,420.226,
CUUR0000SETE,2013,M09,420.321,
CUUR0000SETE,2013,M10,424.601,
CUUR0000SETE,2013,M11,426.640,
CUUR0000SETE,2013,M12,428.640,
CUUR0000SETE,2014,M01,429.585,
CUUR0000SETE,2014,M02,430.310,
CUUR0000SETE,2014,M03,430.163,
CUUR0000SETE,2014,M04,433.113,
CUUR0000SETE,2014,M05,434.934,
CUUR0000SETE,2014,M06,435.654,
CUUR0000SETE,2014,M07,436.342,
CUUR0000SETE,2014,M08,437.384,
CUUR0000SETE,2014,M09,438.496,
CUUR0000SETE,2014,M10,444.443,
CUUR0000SETE,2014,M11,447.271,
CUUR0000SETE,2014,M12,448.933,
CUUR0000SETE,2015,M01,451.007,
CUUR0000SETE,2015,M02,454.335,
CUUR0000SETE,2015,M03,455.373,
CUUR0000SETE,2015,M04,456.564,
CUUR0000SETE,2015,M05,456.995,
CUUR0000SETE,2015,M06,457.774,
CUUR0000SETE,2015,M07,460.041,
CUUR0000SETE,2015,M08,461.046,
CUUR0000SETE,2015,M09,462.467,
CUUR0000SETE,2015,M10,465.401,
CUUR0000SETE,2015,M11,471.933,
CUUR0000SETE,2015,M12,474.392,
CUUR0000SETE,2016,M01,475.456,
CUUR0000SETE,2016,M02,477.297,
CUUR0000SETE,2016,M03,478.644,
CUUR0000SETE,2016,M04,483.823,
CUUR0000SETE,2016,M05,487.021,
CUUR0000SETE,2016,M06,487.631,
CUUR0000SETE,2016,M07,489.064,
CUUR0000SETE,2016,M08,491.047,
CUUR0000SETE,2016,M09,492.119,
CUUR0000SETE,2016,M10,496.658,
CUUR0000SETE,2016,M11,503.440,
CUUR0000SETE,2016,M12,507.589,
CUUR0000SETE,2017,M01,510.919,
CUUR0000SETE,2017,M02,513.469,
CUUR0000SETE,2017,M03,517.619,
CUUR0000SETE,2017,M04,516.203,
CUUR0000SETE,2017,M05,521.149,
CUUR0000SETE,2017,M06,525.397,
CUUR0000SETE,2017,M07,526.394,
CUUR0000SETE,2017,M08,530.908,
CUUR0000SETE,2017,M09,532.455,
CUUR0000SETE,2017,M10,537.222,
CUUR0000SETE,2017,M11,543.613,
CUUR0000SETE,2017,M12,547.586,
CUUR0000SETE,2018,M01,554.166,
CUUR0000SETE,2018,M02,563.365,
CUUR0000SETE,2018,M03,563.762,
CUUR0000SETE,2018,M04,562.749,
CUUR0000SETE,2018,M05,564.445,
CUUR0000SETE,2018,M06,565.284,
CUUR0000SETE,2018,M07,565.547,
CUUR0000SETE,2018,M08,565.113,
CUUR0000SETE,2018,M09,567.838,
CUUR0000SETE,2018,M10,573.050,
CUUR0000SETE,2018,M11,573.338,
CUUR0000SETE,2018,M12,572.824,
CUUR0000SETE,2019,M01,572.950,
CUUR0000SETE,2019,M02,574.447,
CUUR0000SETE,2019,M03,573.087,
CUUR0000SETE,2019,M04,570.492,
CUUR0000SETE,2019,M05,568.301,
CUUR0000SETE,2019,M06,569.079,
CUUR0000SETE,2019,M07,569.011,
CUUR0000SETE,2019,M08,568.972,
CUUR0000SETE,2019,M09,569.106,
CUUR0000SETE,2019,M10,571.975,
CUUR0000SETE,2019,M11,571.987,
CUUR0000SETE,2019,M12,572.979,
CUUR0000SETE,2020,M01,572.693,
CUUR0000SETE,2020,M02,576.450,
CUUR0000SETE,2020,M03,579.462,
CUUR0000SETE,2020,M04,534.842,
CUUR0000SETE,2020,M05,486.761,
CUUR0000SETE,2020,M06,511.639,
CUUR0000SETE,2020,M07,558.276,
CUUR0000SETE,2020,M08,560.623,
CUUR0000SETE,2020,M09,540.491,
CUUR0000SETE,2020,M10,531.217,
CUUR0000SETE,2020,M11,537.765,
CUUR0000SETE,2020,M12,545.376,
CUUR0000SETE,2021,M01,551.552,
CUUR0000SETE,2021,M02,560.386,
CUUR0000SETE,2021,M03,565.166,
CUUR0000SETE,2021,M04,567.509,
CUUR0000SETE,2021,M05,569.010,
CUUR0000SETE,2021,M06,569.656,
CUUR0000SETE,2021,M07,567.463,
CUUR0000SETE,2021,M08,566.183,
CUUR0000SETE,2021,M09,566.211,
CUUR0000SETE,2021,M10,564.507,
CUUR0000SETE,2021,M11,568.239,
CUUR0000SETE,2021,M12,567.875,
CUUR0000SETE,2022,M01,574.042,
CUUR0000SETE,2022,M02,584.317,
CUUR0000SETE,2022,M03,589.143,
CUUR0000SETE,2022,M04,592.317,
CUUR0000SETE,2022,M05,594.437,
CUUR0000SETE,2022,M06,603.932,
CUUR0000SETE,2022,M07,609.585,
CUUR0000SETE,2022,M08,615.559,
CUUR0000SETE,2022,M09,624.558,
CUUR0000SETE,2022,M10,637.103,
CUUR0000SETE,2022,M11,644.317,
CUUR0000SETE,2022,M12,648.771,
CUUR0000SETE,2023,M01,658.513,
CUUR0000SETE,2023,M02,668.806,
CUUR0000SETE,2023,M03,677.445,
CUUR0000SETE,2023,M04,684.166,
CUUR0000SETE,2023,M05,695.929,
CUUR0000SETE,2023,M06,705.717,
CUUR0000SETE,2023,M07,717.799,
CUUR0000SETE,2023,M08,733.141,
CUUR0000SETE,2023,M09,742.292,
CUUR0000SETE,2023,M10,759.704,
CUUR0000SETE,2023,M11,768.249,
CUUR0000SETE,2023,M12,780.284,
CUUR0000SETE,2024,M01,794.142,
CUUR0000SETE,2024,M02,806.444,
CUUR0000SETE,2024,M03,827.852,
CUUR0000SETE,2024,M04,839.077,
CUUR0000SETE,2024,M05,836.941,
CUUR0000SETE,2024,M06,843.579,
CUUR0000SETE,2024,M07,851.007,
CUUR0000SETE,2024,M08,854.307,
CUUR0000SETE,2024,M09,863.292,
CUUR0000SETE,2024,M10,865.985,
CUUR0000SETE,2024,M11,866.133,
CUUR0000SETE,2024,M12,868.417,
CUUR0000SETE,2025,M01,887.651,
CUUR0000SETE,2025,M02,895.970,
CUUR0000SETE,2025,M03,890.353,
CUUR0000SETE,2025,M04,892.553,
CUUR0000SETE,2025,M05,895.262,
CUUR0000SETE,2025,M06,895.281,
CUUR0000SETE,2025,M07,896.018,
CUUR0000SETE,2025,M08,894.075,
CUUR0000SETE,2025,M09,890.473,
CUUR0000SETE,2025,M10,-,Data unavailable due to the 2025 lapse in appropriations
CUUR0000SETE,2025,M12,892.879,
CUUR0000SETE,2026,M01,892.491,
CUUR0000SETE,2026,M02,897.406,
CUUR0000SETE,2026,M03,897.145,
CUUR0000SETE,2026,M04,894.315,
CUUR0000SETE,2026,M05,877.278,
CUUR0000SETE,2026,M06,858.481,
CUUR0000SETE,2026,M07,856.080,
CUUR0000SETG01,1997,M01,198.1,
CUUR0000SETG01,1997,M02,192.9,
CUUR0000SETG01,1997,M03,201.6,
CUUR0000SETG01,1997,M04,204.1,
CUUR0000SETG01,1997,M05,201.5,
CUUR0000SETG01,1997,M06,199.1,
CUUR0000SETG01,1997,M07,203.6,
CUUR0000SETG01,1997,M08,194.0,
CUUR0000SETG01,1997,M09,198.0,
CUUR0000SETG01,1997,M10,205.5,
CUUR0000SETG01,1997,M11,197.5,
CUUR0000SETG01,1997,M12,194.8,
CUUR0000SETG01,1998,M01,200.1,
CUUR0000SETG01,1998,M02,206.6,
CUUR0000SETG01,1998,M03,210.7,
CUUR0000SETG01,1998,M04,210.1,
CUUR0000SETG01,1998,M05,205.0,
CUUR0000SETG01,1998,M06,200.9,
CUUR0000SETG01,1998,M07,207.3,
CUUR0000SETG01,1998,M08,207.8,
CUUR0000SETG01,1998,M09,206.0,
CUUR0000SETG01,1998,M10,205.2,
CUUR0000SETG01,1998,M11,200.8,
CUUR0000SETG01,1998,M12,202.8,
CUUR0000SETG01,1999,M01,206.4,
CUUR0000SETG01,1999,M02,211.4,
CUUR0000SETG01,1999,M03,221.3,
CUUR0000SETG01,1999,M04,225.8,
CUUR0000SETG01,1999,M05,220.2,
CUUR0000SETG01,1999,M06,209.7,
CUUR0000SETG01,1999,M07,223.3,
CUUR0000SETG01,1999,M08,217.2,
CUUR0000SETG01,1999,M09,213.6,
CUUR0000SETG01,1999,M10,224.9,
CUUR0000SETG01,1999,M11,226.4,
CUUR0000SETG01,1999,M12,224.9,
CUUR0000SETG01,2000,M01,221.8,
CUUR0000SETG01,2000,M02,230.2,
CUUR0000SETG01,2000,M03,240.7,
CUUR0000SETG01,2000,M04,239.5,
CUUR0000SETG01,2000,M05,241.3,
CUUR0000SETG01,2000,M06,245.0,
CUUR0000SETG01,2000,M07,246.8,
CUUR0000SETG01,2000,M08,250.4,
CUUR0000SETG01,2000,M09,244.9,
CUUR0000SETG01,2000,M10,236.3,
CUUR0000SETG01,2000,M11,238.0,
CUUR0000SETG01,2000,M12,238.2,
CUUR0000SETG01,2001,M01,239.0,
CUUR0000SETG01,2001,M02,242.0,
CUUR0000SETG01,2001,M03,238.6,
CUUR0000SETG01,2001,M04,235.5,
CUUR0000SETG01,2001,M05,237.5,
CUUR0000SETG01,2001,M06,249.3,
CUUR0000SETG01,2001,M07,248.8,
CUUR0000SETG01,2001,M08,244.3,
CUUR0000SETG01,2001,M09,242.5,
CUUR0000SETG01,2001,M10,236.4,
CUUR0000SETG01,2001,M11,230.0,
CUUR0000SETG01,2001,M12,229.0,
CUUR0000SETG01,2002,M01,229.9,
CUUR0000SETG01,2002,M02,232.1,
CUUR0000SETG01,2002,M03,233.2,
CUUR0000SETG01,2002,M04,235.4,
CUUR0000SETG01,2002,M05,239.6,
CUUR0000SETG01,2002,M06,238.1,
CUUR0000SETG01,2002,M07,235.1,
CUUR0000SETG01,2002,M08,235.0,
CUUR0000SETG01,2002,M09,230.0,
CUUR0000SETG01,2002,M10,224.4,
CUUR0000SETG01,2002,M11,222.6,
CUUR0000SETG01,2002,M12,223.4,
CUUR0000SETG01,2003,M01,222.1,
CUUR0000SETG01,2003,M02,224.7,
CUUR0000SETG01,2003,M03,228.9,
CUUR0000SETG01,2003,M04,231.0,
CUUR0000SETG01,2003,M05,233.3,
CUUR0000SETG01,2003,M06,238.0,
CUUR0000SETG01,2003,M07,241.7,
CUUR0000SETG01,2003,M08,237.9,
CUUR0000SETG01,2003,M09,233.7,
CUUR0000SETG01,2003,M10,233.6,
CUUR0000SETG01,2003,M11,227.5,
CUUR0000SETG01,2003,M12,223.1,
CUUR0000SETG01,2004,M01,224.9,
CUUR0000SETG01,2004,M02,227.6,
CUUR0000SETG01,2004,M03,230.0,
CUUR0000SETG01,2004,M04,232.4,
CUUR0000SETG01,2004,M05,230.5,
CUUR0000SETG01,2004,M06,232.2,
CUUR0000SETG01,2004,M07,233.3,
CUUR0000SETG01,2004,M08,224.7,
CUUR0000SETG01,2004,M09,221.0,
CUUR0000SETG01,2004,M10,224.0,
CUUR0000SETG01,2004,M11,226.2,
CUUR0000SETG01,2004,M12,219.7,
CUUR0000SETG01,2005,M01,217.7,
CUUR0000SETG01,2005,M02,220.9,
CUUR0000SETG01,2005,M03,226.8,
CUUR0000SETG01,2005,M04,234.9,
CUUR0000SETG01,2005,M05,240.0,
CUUR0000SETG01,2005,M06,245.6,
CUUR0000SETG01,2005,M07,249.7,
CUUR0000SETG01,2005,M08,244.2,
CUUR0000SETG01,2005,M09,240.8,
CUUR0000SETG01,2005,M10,244.3,
CUUR0000SETG01,2005,M11,240.7,
CUUR0000SETG01,2005,M12,233.8,
CUUR0000SETG01,2006,M01,236.5,
CUUR0000SETG01,2006,M02,239.3,
CUUR0000SETG01,2006,M03,242.0,
CUUR0000SETG01,2006,M04,245.8,
CUUR0000SETG01,2006,M05,252.3,
CUUR0000SETG01,2006,M06,260.0,
CUUR0000SETG01,2006,M07,263.3,
CUUR0000SETG01,2006,M08,258.4,
CUUR0000SETG01,2006,M09,252.4,
CUUR0000SETG01,2006,M10,248.9,
CUUR0000SETG01,2006,M11,237.0,
CUUR0000SETG01,2006,M12,231.4,
CUUR0000SETG01,2007,M01,237.021,
CUUR0000SETG01,2007,M02,242.627,
CUUR0000SETG01,2007,M03,246.331,
CUUR0000SETG01,2007,M04,248.807,
CUUR0000SETG01,2007,M05,249.760,
CUUR0000SETG01,2007,M06,256.723,
CUUR0000SETG01,2007,M07,259.543,
CUUR0000SETG01,2007,M08,255.105,
CUUR0000SETG01,2007,M09,252.919,
CUUR0000SETG01,2007,M10,257.409,
CUUR0000SETG01,2007,M11,258.116,
CUUR0000SETG01,2007,M12,255.873,
CUUR0000SETG01,2008,M01,258.046,
CUUR0000SETG01,2008,M02,261.017,
CUUR0000SETG01,2008,M03,271.514,
CUUR0000SETG01,2008,M04,274.020,
CUUR0000SETG01,2008,M05,285.607,
CUUR0000SETG01,2008,M06,304.810,
CUUR0000SETG01,2008,M07,311.244,
CUUR0000SETG01,2008,M08,308.309,
CUUR0000SETG01,2008,M09,297.228,
CUUR0000SETG01,2008,M10,284.166,
CUUR0000SETG01,2008,M11,268.452,
CUUR0000SETG01,2008,M12,259.566,
CUUR0000SETG01,2009,M01,255.621,
CUUR0000SETG01,2009,M02,251.829,
CUUR0000SETG01,2009,M03,250.561,
CUUR0000SETG01,2009,M04,248.943,
CUUR0000SETG01,2009,M05,247.675,
CUUR0000SETG01,2009,M06,252.803,
CUUR0000SETG01,2009,M07,259.585,
CUUR0000SETG01,2009,M08,259.351,
CUUR0000SETG01,2009,M09,262.848,
CUUR0000SETG01,2009,M10,265.696,
CUUR0000SETG01,2009,M11,270.069,
CUUR0000SETG01,2009,M12,270.667,
CUUR0000SETG01,2010,M01,264.331,
CUUR0000SETG01,2010,M02,265.358,
CUUR0000SETG01,2010,M03,269.377,
CUUR0000SETG01,2010,M04,275.696,
CUUR0000SETG01,2010,M05,281.740,
CUUR0000SETG01,2010,M06,288.517,
CUUR0000SETG01,2010,M07,285.979,
CUUR0000SETG01,2010,M08,281.930,
CUUR0000SETG01,2010,M09,278.828,
CUUR0000SETG01,2010,M10,277.344,
CUUR0000SETG01,2010,M11,282.695,
CUUR0000SETG01,2010,M12,286.438,
CUUR0000SETG01,2011,M01,290.243,
CUUR0000SETG01,2011,M02,298.099,
CUUR0000SETG01,2011,M03,306.256,
CUUR0000SETG01,2011,M04,309.087,
CUUR0000SETG01,2011,M05,307.310,
CUUR0000SETG01,2011,M06,307.804,
CUUR0000SETG01,2011,M07,307.798,
CUUR0000SETG01,2011,M08,308.670,
CUUR0000SETG01,2011,M09,307.065,
CUUR0000SETG01,2011,M10,304.031,
CUUR0000SETG01,2011,M11,302.635,
CUUR0000SETG01,2011,M12,299.315,
CUUR0000SETG01,2012,M01,295.429,
CUUR0000SETG01,2012,M02,298.477,
CUUR0000SETG01,2012,M03,303.843,
CUUR0000SETG01,2012,M04,312.845,
CUUR0000SETG01,2012,M05,317.066,
CUUR0000SETG01,2012,M06,313.920,
CUUR0000SETG01,2012,M07,305.689,
CUUR0000SETG01,2012,M08,299.284,
CUUR0000SETG01,2012,M09,299.228,
CUUR0000SETG01,2012,M10,302.533,
CUUR0000SETG01,2012,M11,305.354,
CUUR0000SETG01,2012,M12,305.733,
CUUR0000SETG01,2013,M01,306.603,
CUUR0000SETG01,2013,M02,309.283,
CUUR0000SETG01,2013,M03,315.303,
CUUR0000SETG01,2013,M04,318.815,
CUUR0000SETG01,2013,M05,326.500,
CUUR0000SETG01,2013,M06,325.321,
CUUR0000SETG01,2013,M07,315.789,
CUUR0000SETG01,2013,M08,303.848,
CUUR0000SETG01,2013,M09,301.476,
CUUR0000SETG01,2013,M10,310.012,
CUUR0000SETG01,2013,M11,318.197,
CUUR0000SETG01,2013,M12,301.357,
CUUR0000SETG01,2014,M01,291.836,
CUUR0000SETG01,2014,M02,297.679,
CUUR0000SETG01,2014,M03,302.464,
CUUR0000SETG01,2014,M04,318.331,
CUUR0000SETG01,2014,M05,341.947,
CUUR0000SETG01,2014,M06,342.697,
CUUR0000SETG01,2014,M07,315.012,
CUUR0000SETG01,2014,M08,295.609,
CUUR0000SETG01,2014,M09,292.397,
CUUR0000SETG01,2014,M10,301.466,
CUUR0000SETG01,2014,M11,305.885,
CUUR0000SETG01,2014,M12,287.175,
CUUR0000SETG01,2015,M01,283.152,
CUUR0000SETG01,2015,M02,288.626,
CUUR0000SETG01,2015,M03,287.362,
CUUR0000SETG01,2015,M04,294.603,
CUUR0000SETG01,2015,M05,319.401,
CUUR0000SETG01,2015,M06,324.953,
CUUR0000SETG01,2015,M07,297.324,
CUUR0000SETG01,2015,M08,277.768,
CUUR0000SETG01,2015,M09,274.897,
CUUR0000SETG01,2015,M10,285.837,
CUUR0000SETG01,2015,M11,294.143,
CUUR0000SETG01,2015,M12,278.658,
CUUR0000SETG01,2016,M01,278.334,
CUUR0000SETG01,2016,M02,283.520,
CUUR0000SETG01,2016,M03,283.584,
CUUR0000SETG01,2016,M04,295.909,
CUUR0000SETG01,2016,M05,309.540,
CUUR0000SETG01,2016,M06,309.679,
CUUR0000SETG01,2016,M07,283.501,
CUUR0000SETG01,2016,M08,268.040,
CUUR0000SETG01,2016,M09,267.457,
CUUR0000SETG01,2016,M10,270.922,
CUUR0000SETG01,2016,M11,274.761,
CUUR0000SETG01,2016,M12,265.436,
CUUR0000SETG01,2017,M01,269.241,
CUUR0000SETG01,2017,M02,280.517,
CUUR0000SETG01,2017,M03,283.583,
CUUR0000SETG01,2017,M04,294.034,
CUUR0000SETG01,2017,M05,300.609,
CUUR0000SETG01,2017,M06,296.384,
CUUR0000SETG01,2017,M07,276.308,
CUUR0000SETG01,2017,M08,259.359,
CUUR0000SETG01,2017,M09,259.143,
CUUR0000SETG01,2017,M10,267.297,
CUUR0000SETG01,2017,M11,267.970,
CUUR0000SETG01,2017,M12,254.947,
CUUR0000SETG01,2018,M01,255.496,
CUUR0000SETG01,2018,M02,265.272,
CUUR0000SETG01,2018,M03,267.482,
CUUR0000SETG01,2018,M04,273.817,
CUUR0000SETG01,2018,M05,280.804,
CUUR0000SETG01,2018,M06,278.937,
CUUR0000SETG01,2018,M07,264.994,
CUUR0000SETG01,2018,M08,255.877,
CUUR0000SETG01,2018,M09,258.196,
CUUR0000SETG01,2018,M10,265.930,
CUUR0000SETG01,2018,M11,263.809,
CUUR0000SETG01,2018,M12,248.290,
CUUR0000SETG01,2019,M01,248.433,
CUUR0000SETG01,2019,M02,259.049,
CUUR0000SETG01,2019,M03,259.698,
CUUR0000SETG01,2019,M04,268.767,
CUUR0000SETG01,2019,M05,283.275,
CUUR0000SETG01,2019,M06,283.001,
CUUR0000SETG01,2019,M07,268.314,
CUUR0000SETG01,2019,M08,259.849,
CUUR0000SETG01,2019,M09,263.149,
CUUR0000SETG01,2019,M10,269.871,
CUUR0000SETG01,2019,M11,268.994,
CUUR0000SETG01,2019,M12,252.411,
CUUR0000SETG01,2020,M01,255.200,
CUUR0000SETG01,2020,M02,265.142,
CUUR0000SETG01,2020,M03,232.113,
CUUR0000SETG01,2020,M04,203.342,
CUUR0000SETG01,2020,M05,201.649,
CUUR0000SETG01,2020,M06,206.066,
CUUR0000SETG01,2020,M07,204.785,
CUUR0000SETG01,2020,M08,199.496,
CUUR0000SETG01,2020,M09,197.424,
CUUR0000SETG01,2020,M10,215.993,
CUUR0000SETG01,2020,M11,223.360,
CUUR0000SETG01,2020,M12,205.983,
CUUR0000SETG01,2021,M01,200.825,
CUUR0000SETG01,2021,M02,197.204,
CUUR0000SETG01,2021,M03,197.134,
CUUR0000SETG01,2021,M04,222.953,
CUUR0000SETG01,2021,M05,250.209,
CUUR0000SETG01,2021,M06,256.684,
CUUR0000SETG01,2021,M07,243.613,
CUUR0000SETG01,2021,M08,212.882,
CUUR0000SETG01,2021,M09,198.975,
CUUR0000SETG01,2021,M10,205.994,
CUUR0000SETG01,2021,M11,215.159,
CUUR0000SETG01,2021,M12,208.954,
CUUR0000SETG01,2022,M01,210.762,
CUUR0000SETG01,2022,M02,222.227,
CUUR0000SETG01,2022,M03,243.689,
CUUR0000SETG01,2022,M04,297.143,
CUUR0000SETG01,2022,M05,344.853,
CUUR0000SETG01,2022,M06,344.101,
CUUR0000SETG01,2022,M07,311.205,
CUUR0000SETG01,2022,M08,283.911,
CUUR0000SETG01,2022,M09,284.313,
CUUR0000SETG01,2022,M10,294.340,
CUUR0000SETG01,2022,M11,292.656,
CUUR0000SETG01,2022,M12,268.519,
CUUR0000SETG01,2023,M01,264.629,
CUUR0000SETG01,2023,M02,281.216,
CUUR0000SETG01,2023,M03,286.814,
CUUR0000SETG01,2023,M04,294.550,
CUUR0000SETG01,2023,M05,298.489,
CUUR0000SETG01,2023,M06,279.224,
CUUR0000SETG01,2023,M07,253.345,
CUUR0000SETG01,2023,M08,246.185,
CUUR0000SETG01,2023,M09,246.151,
CUUR0000SETG01,2023,M10,255.480,
CUUR0000SETG01,2023,M11,257.222,
CUUR0000SETG01,2023,M12,243.348,
CUUR0000SETG01,2024,M01,247.606,
CUUR0000SETG01,2024,M02,263.952,
CUUR0000SETG01,2024,M03,266.481,
CUUR0000SETG01,2024,M04,277.450,
CUUR0000SETG01,2024,M05,280.958,
CUUR0000SETG01,2024,M06,265.061,
CUUR0000SETG01,2024,M07,246.222,
CUUR0000SETG01,2024,M08,243.011,
CUUR0000SETG01,2024,M09,250.030,
CUUR0000SETG01,2024,M10,265.939,
CUUR0000SETG01,2024,M11,269.336,
CUUR0000SETG01,2024,M12,262.556,
CUUR0000SETG01,2025,M01,265.273,
CUUR0000SETG01,2025,M02,262.136,
CUUR0000SETG01,2025,M03,252.620,
CUUR0000SETG01,2025,M04,255.592,
CUUR0000SETG01,2025,M05,260.319,
CUUR0000SETG01,2025,M06,255.852,
CUUR0000SETG01,2025,M07,247.859,
CUUR0000SETG01,2025,M08,250.982,
CUUR0000SETG01,2025,M09,258.027,
CUUR0000SETG01,2025,M10,-,Data unavailable due to the 2025 lapse in appropriations
CUUR0000SETG01,2025,M11,254.924,
CUUR0000SETG01,2025,M12,253.714,
CUUR0000SETG01,2026,M01,271.190,
CUUR0000SETG01,2026,M02,280.621,
CUUR0000SETG01,2026,M03,290.226,
CUUR0000SETG01,2026,M04,308.527,
CUUR0000SETG01,2026,M05,329.824,
CUUR0000SETG01,2026,M06,323.758,
CUUR0000SETG01,2026,M07,311.176,
