week_ending,series,dollars_per_gallon
1990-08-20,EMM_EPMR_PTE_NUS_DPG,1.191
1990-08-27,EMM_EPMR_PTE_NUS_DPG,1.245
1990-09-03,EMM_EPMR_PTE_NUS_DPG,1.242
1990-09-10,EMM_EPMR_PTE_NUS_DPG,1.252
1990-09-17,EMM_EPMR_PTE_NUS_DPG,1.266
1990-09-24,EMM_EPMR_PTE_NUS_DPG,1.272
1990-10-01,EMM_EPMR_PTE_NUS_DPG,1.321
1990-10-08,EMM_EPMR_PTE_NUS_DPG,1.333
1990-10-15,EMM_EPMR_PTE_NUS_DPG,1.339
1990-10-22,EMM_EPMR_PTE_NUS_DPG,1.345
1990-10-29,EMM_EPMR_PTE_NUS_DPG,1.339
1990-11-05,EMM_EPMR_PTE_NUS_DPG,1.334
1990-11-12,EMM_EPMR_PTE_NUS_DPG,1.328
1990-11-19,EMM_EPMR_PTE_NUS_DPG,1.323
1990-11-26,EMM_EPMR_PTE_NUS_DPG,1.311
1990-12-03,EMM_EPMR_PTE_NUS_DPG,1.341
1990-12-10,EMM_EPMR_PTE_NUS_DPG,
1990-12-17,EMM_EPMR_PTE_NUS_DPG,
1990-12-24,EMM_EPMR_PTE_NUS_DPG,
1990-12-31,EMM_EPMR_PTE_NUS_DPG,
1991-01-07,EMM_EPMR_PTE_NUS_DPG,
1991-01-14,EMM_EPMR_PTE_NUS_DPG,
1991-01-21,EMM_EPMR_PTE_NUS_DPG,1.192
1991-01-28,EMM_EPMR_PTE_NUS_DPG,1.168
1991-02-04,EMM_EPMR_PTE_NUS_DPG,1.139
1991-02-11,EMM_EPMR_PTE_NUS_DPG,1.106
1991-02-18,EMM_EPMR_PTE_NUS_DPG,1.078
1991-02-25,EMM_EPMR_PTE_NUS_DPG,1.054
1991-03-04,EMM_EPMR_PTE_NUS_DPG,1.025
1991-03-11,EMM_EPMR_PTE_NUS_DPG,1.045
1991-03-18,EMM_EPMR_PTE_NUS_DPG,1.043
1991-03-25,EMM_EPMR_PTE_NUS_DPG,1.047
1991-04-01,EMM_EPMR_PTE_NUS_DPG,1.052
1991-04-08,EMM_EPMR_PTE_NUS_DPG,1.066
1991-04-15,EMM_EPMR_PTE_NUS_DPG,1.069
1991-04-22,EMM_EPMR_PTE_NUS_DPG,1.09
1991-04-29,EMM_EPMR_PTE_NUS_DPG,1.104
1991-05-06,EMM_EPMR_PTE_NUS_DPG,1.113
1991-05-13,EMM_EPMR_PTE_NUS_DPG,1.121
1991-05-20,EMM_EPMR_PTE_NUS_DPG,1.129
1991-05-27,EMM_EPMR_PTE_NUS_DPG,1.14
1991-06-03,EMM_EPMR_PTE_NUS_DPG,1.138
1991-06-10,EMM_EPMR_PTE_NUS_DPG,1.135
1991-06-17,EMM_EPMR_PTE_NUS_DPG,1.126
1991-06-24,EMM_EPMR_PTE_NUS_DPG,1.114
1991-07-01,EMM_EPMR_PTE_NUS_DPG,1.104
1991-07-08,EMM_EPMR_PTE_NUS_DPG,1.098
1991-07-15,EMM_EPMR_PTE_NUS_DPG,1.094
1991-07-22,EMM_EPMR_PTE_NUS_DPG,1.091
1991-07-29,EMM_EPMR_PTE_NUS_DPG,1.091
1991-08-05,EMM_EPMR_PTE_NUS_DPG,1.099
1991-08-12,EMM_EPMR_PTE_NUS_DPG,1.112
1991-08-19,EMM_EPMR_PTE_NUS_DPG,1.124
1991-08-26,EMM_EPMR_PTE_NUS_DPG,1.124
1991-09-02,EMM_EPMR_PTE_NUS_DPG,1.127
1991-09-09,EMM_EPMR_PTE_NUS_DPG,1.12
1991-09-16,EMM_EPMR_PTE_NUS_DPG,1.11
1991-09-23,EMM_EPMR_PTE_NUS_DPG,1.097
1991-09-30,EMM_EPMR_PTE_NUS_DPG,1.092
1991-10-07,EMM_EPMR_PTE_NUS_DPG,1.089
1991-10-14,EMM_EPMR_PTE_NUS_DPG,1.084
1991-10-21,EMM_EPMR_PTE_NUS_DPG,1.088
1991-10-28,EMM_EPMR_PTE_NUS_DPG,1.091
1991-11-04,EMM_EPMR_PTE_NUS_DPG,1.091
1991-11-11,EMM_EPMR_PTE_NUS_DPG,1.102
1991-11-18,EMM_EPMR_PTE_NUS_DPG,1.104
1991-11-25,EMM_EPMR_PTE_NUS_DPG,1.099
1991-12-02,EMM_EPMR_PTE_NUS_DPG,1.099
1991-12-09,EMM_EPMR_PTE_NUS_DPG,1.091
1991-12-16,EMM_EPMR_PTE_NUS_DPG,1.075
1991-12-23,EMM_EPMR_PTE_NUS_DPG,1.063
1991-12-30,EMM_EPMR_PTE_NUS_DPG,1.053
1992-01-06,EMM_EPMR_PTE_NUS_DPG,1.042
1992-01-13,EMM_EPMR_PTE_NUS_DPG,1.026
1992-01-20,EMM_EPMR_PTE_NUS_DPG,1.014
1992-01-27,EMM_EPMR_PTE_NUS_DPG,1.006
1992-02-03,EMM_EPMR_PTE_NUS_DPG,.995
1992-02-10,EMM_EPMR_PTE_NUS_DPG,1.004
1992-02-17,EMM_EPMR_PTE_NUS_DPG,1.011
1992-02-24,EMM_EPMR_PTE_NUS_DPG,1.014
1992-03-02,EMM_EPMR_PTE_NUS_DPG,1.012
1992-03-09,EMM_EPMR_PTE_NUS_DPG,1.013
1992-03-16,EMM_EPMR_PTE_NUS_DPG,1.01
1992-03-23,EMM_EPMR_PTE_NUS_DPG,1.015
1992-03-30,EMM_EPMR_PTE_NUS_DPG,1.013
1992-04-06,EMM_EPMR_PTE_NUS_DPG,1.026
1992-04-13,EMM_EPMR_PTE_NUS_DPG,1.051
1992-04-20,EMM_EPMR_PTE_NUS_DPG,1.058
1992-04-27,EMM_EPMR_PTE_NUS_DPG,1.072
1992-05-04,EMM_EPMR_PTE_NUS_DPG,1.089
1992-05-11,EMM_EPMR_PTE_NUS_DPG,1.102
1992-05-18,EMM_EPMR_PTE_NUS_DPG,1.118
1992-05-25,EMM_EPMR_PTE_NUS_DPG,1.12
1992-06-01,EMM_EPMR_PTE_NUS_DPG,1.128
1992-06-08,EMM_EPMR_PTE_NUS_DPG,1.143
1992-06-15,EMM_EPMR_PTE_NUS_DPG,1.151
1992-06-22,EMM_EPMR_PTE_NUS_DPG,1.153
1992-06-29,EMM_EPMR_PTE_NUS_DPG,1.149
1992-07-06,EMM_EPMR_PTE_NUS_DPG,1.147
1992-07-13,EMM_EPMR_PTE_NUS_DPG,1.139
1992-07-20,EMM_EPMR_PTE_NUS_DPG,1.132
1992-07-27,EMM_EPMR_PTE_NUS_DPG,1.128
1992-08-03,EMM_EPMR_PTE_NUS_DPG,1.126
1992-08-10,EMM_EPMR_PTE_NUS_DPG,1.123
1992-08-17,EMM_EPMR_PTE_NUS_DPG,1.116
1992-08-24,EMM_EPMR_PTE_NUS_DPG,1.123
1992-08-31,EMM_EPMR_PTE_NUS_DPG,1.121
1992-09-07,EMM_EPMR_PTE_NUS_DPG,1.121
1992-09-14,EMM_EPMR_PTE_NUS_DPG,1.124
1992-09-21,EMM_EPMR_PTE_NUS_DPG,1.123
1992-09-28,EMM_EPMR_PTE_NUS_DPG,1.118
1992-10-05,EMM_EPMR_PTE_NUS_DPG,1.115
1992-10-12,EMM_EPMR_PTE_NUS_DPG,1.115
1992-10-19,EMM_EPMR_PTE_NUS_DPG,1.113
1992-10-26,EMM_EPMR_PTE_NUS_DPG,1.113
1992-11-02,EMM_EPMR_PTE_NUS_DPG,1.12
1992-11-09,EMM_EPMR_PTE_NUS_DPG,1.12
1992-11-16,EMM_EPMR_PTE_NUS_DPG,1.112
1992-11-23,EMM_EPMR_PTE_NUS_DPG,1.106
1992-11-30,EMM_EPMR_PTE_NUS_DPG,1.098
1992-12-07,EMM_EPMR_PTE_NUS_DPG,1.089
1992-12-14,EMM_EPMR_PTE_NUS_DPG,1.078
1992-12-21,EMM_EPMR_PTE_NUS_DPG,1.074
1992-12-28,EMM_EPMR_PTE_NUS_DPG,1.069
1993-01-04,EMM_EPMR_PTE_NUS_DPG,1.065
1993-01-11,EMM_EPMR_PTE_NUS_DPG,1.066
1993-01-18,EMM_EPMR_PTE_NUS_DPG,1.061
1993-01-25,EMM_EPMR_PTE_NUS_DPG,1.055
1993-02-01,EMM_EPMR_PTE_NUS_DPG,1.055
1993-02-08,EMM_EPMR_PTE_NUS_DPG,1.062
1993-02-15,EMM_EPMR_PTE_NUS_DPG,1.053
1993-02-22,EMM_EPMR_PTE_NUS_DPG,1.047
1993-03-01,EMM_EPMR_PTE_NUS_DPG,1.042
1993-03-08,EMM_EPMR_PTE_NUS_DPG,1.048
1993-03-15,EMM_EPMR_PTE_NUS_DPG,1.058
1993-03-22,EMM_EPMR_PTE_NUS_DPG,1.056
1993-03-29,EMM_EPMR_PTE_NUS_DPG,1.057
1993-04-05,EMM_EPM0_PTE_NUS_DPG,1.068
1993-04-05,EMM_EPMR_PTE_NUS_DPG,1.068
1993-04-12,EMM_EPM0_PTE_NUS_DPG,1.079
1993-04-12,EMM_EPMR_PTE_NUS_DPG,1.079
1993-04-19,EMM_EPM0_PTE_NUS_DPG,1.079
1993-04-19,EMM_EPMR_PTE_NUS_DPG,1.079
1993-04-26,EMM_EPM0_PTE_NUS_DPG,1.086
1993-04-26,EMM_EPMR_PTE_NUS_DPG,1.086
1993-05-03,EMM_EPM0_PTE_NUS_DPG,1.086
1993-05-03,EMM_EPMR_PTE_NUS_DPG,1.086
1993-05-10,EMM_EPM0_PTE_NUS_DPG,1.097
1993-05-10,EMM_EPMR_PTE_NUS_DPG,1.097
1993-05-17,EMM_EPM0_PTE_NUS_DPG,1.106
1993-05-17,EMM_EPMR_PTE_NUS_DPG,1.106
1993-05-24,EMM_EPM0_PTE_NUS_DPG,1.106
1993-05-24,EMM_EPMR_PTE_NUS_DPG,1.106
1993-05-31,EMM_EPM0_PTE_NUS_DPG,1.107
1993-05-31,EMM_EPMR_PTE_NUS_DPG,1.107
1993-06-07,EMM_EPM0_PTE_NUS_DPG,1.104
1993-06-07,EMM_EPMR_PTE_NUS_DPG,1.104
1993-06-14,EMM_EPM0_PTE_NUS_DPG,1.101
1993-06-14,EMM_EPMR_PTE_NUS_DPG,1.101
1993-06-21,EMM_EPM0_PTE_NUS_DPG,1.095
1993-06-21,EMM_EPMR_PTE_NUS_DPG,1.095
1993-06-28,EMM_EPM0_PTE_NUS_DPG,1.089
1993-06-28,EMM_EPMR_PTE_NUS_DPG,1.089
1993-07-05,EMM_EPM0_PTE_NUS_DPG,1.086
1993-07-05,EMM_EPMR_PTE_NUS_DPG,1.086
1993-07-12,EMM_EPM0_PTE_NUS_DPG,1.081
1993-07-12,EMM_EPMR_PTE_NUS_DPG,1.081
1993-07-19,EMM_EPM0_PTE_NUS_DPG,1.075
1993-07-19,EMM_EPMR_PTE_NUS_DPG,1.075
1993-07-26,EMM_EPM0_PTE_NUS_DPG,1.069
1993-07-26,EMM_EPMR_PTE_NUS_DPG,1.069
1993-08-02,EMM_EPM0_PTE_NUS_DPG,1.062
1993-08-02,EMM_EPMR_PTE_NUS_DPG,1.062
1993-08-09,EMM_EPM0_PTE_NUS_DPG,1.06
1993-08-09,EMM_EPMR_PTE_NUS_DPG,1.06
1993-08-16,EMM_EPM0_PTE_NUS_DPG,1.059
1993-08-16,EMM_EPMR_PTE_NUS_DPG,1.059
1993-08-23,EMM_EPM0_PTE_NUS_DPG,1.065
1993-08-23,EMM_EPMR_PTE_NUS_DPG,1.065
1993-08-30,EMM_EPM0_PTE_NUS_DPG,1.062
1993-08-30,EMM_EPMR_PTE_NUS_DPG,1.062
1993-09-06,EMM_EPM0_PTE_NUS_DPG,1.055
1993-09-06,EMM_EPMR_PTE_NUS_DPG,1.055
1993-09-13,EMM_EPM0_PTE_NUS_DPG,1.051
1993-09-13,EMM_EPMR_PTE_NUS_DPG,1.051
1993-09-20,EMM_EPM0_PTE_NUS_DPG,1.045
1993-09-20,EMM_EPMR_PTE_NUS_DPG,1.045
1993-09-27,EMM_EPM0_PTE_NUS_DPG,1.047
1993-09-27,EMM_EPMR_PTE_NUS_DPG,1.047
1993-10-04,EMM_EPM0_PTE_NUS_DPG,1.092
1993-10-04,EMM_EPMR_PTE_NUS_DPG,1.092
1993-10-11,EMM_EPM0_PTE_NUS_DPG,1.09
1993-10-11,EMM_EPMR_PTE_NUS_DPG,1.09
1993-10-18,EMM_EPM0_PTE_NUS_DPG,1.093
1993-10-18,EMM_EPMR_PTE_NUS_DPG,1.093
1993-10-25,EMM_EPM0_PTE_NUS_DPG,1.092
1993-10-25,EMM_EPMR_PTE_NUS_DPG,1.092
1993-11-01,EMM_EPM0_PTE_NUS_DPG,1.084
1993-11-01,EMM_EPMR_PTE_NUS_DPG,1.084
1993-11-08,EMM_EPM0_PTE_NUS_DPG,1.075
1993-11-08,EMM_EPMR_PTE_NUS_DPG,1.075
1993-11-15,EMM_EPM0_PTE_NUS_DPG,1.064
1993-11-15,EMM_EPMR_PTE_NUS_DPG,1.064
1993-11-22,EMM_EPM0_PTE_NUS_DPG,1.058
1993-11-22,EMM_EPMR_PTE_NUS_DPG,1.058
1993-11-29,EMM_EPM0_PTE_NUS_DPG,1.051
1993-11-29,EMM_EPMR_PTE_NUS_DPG,1.051
1993-12-06,EMM_EPM0_PTE_NUS_DPG,1.036
1993-12-06,EMM_EPMR_PTE_NUS_DPG,1.036
1993-12-13,EMM_EPM0_PTE_NUS_DPG,1.018
1993-12-13,EMM_EPMR_PTE_NUS_DPG,1.018
1993-12-20,EMM_EPM0_PTE_NUS_DPG,1.003
1993-12-20,EMM_EPMR_PTE_NUS_DPG,1.003
1993-12-27,EMM_EPM0_PTE_NUS_DPG,.999
1993-12-27,EMM_EPMR_PTE_NUS_DPG,.999
1994-01-03,EMM_EPM0_PTE_NUS_DPG,.992
1994-01-03,EMM_EPMR_PTE_NUS_DPG,.992
1994-01-10,EMM_EPM0_PTE_NUS_DPG,.995
1994-01-10,EMM_EPMR_PTE_NUS_DPG,.995
1994-01-17,EMM_EPM0_PTE_NUS_DPG,1.001
1994-01-17,EMM_EPMR_PTE_NUS_DPG,1.001
1994-01-24,EMM_EPM0_PTE_NUS_DPG,.999
1994-01-24,EMM_EPMR_PTE_NUS_DPG,.999
1994-01-31,EMM_EPM0_PTE_NUS_DPG,1.005
1994-01-31,EMM_EPMR_PTE_NUS_DPG,1.005
1994-02-07,EMM_EPM0_PTE_NUS_DPG,1.007
1994-02-07,EMM_EPMR_PTE_NUS_DPG,1.007
1994-02-14,EMM_EPM0_PTE_NUS_DPG,1.016
1994-02-14,EMM_EPMR_PTE_NUS_DPG,1.016
1994-02-21,EMM_EPM0_PTE_NUS_DPG,1.009
1994-02-21,EMM_EPMR_PTE_NUS_DPG,1.009
1994-02-28,EMM_EPM0_PTE_NUS_DPG,1.004
1994-02-28,EMM_EPMR_PTE_NUS_DPG,1.004
1994-03-07,EMM_EPM0_PTE_NUS_DPG,1.007
1994-03-07,EMM_EPMR_PTE_NUS_DPG,1.007
1994-03-14,EMM_EPM0_PTE_NUS_DPG,1.005
1994-03-14,EMM_EPMR_PTE_NUS_DPG,1.005
1994-03-21,EMM_EPM0_PTE_NUS_DPG,1.007
1994-03-21,EMM_EPMR_PTE_NUS_DPG,1.007
1994-03-28,EMM_EPM0_PTE_NUS_DPG,1.012
1994-03-28,EMM_EPMR_PTE_NUS_DPG,1.012
1994-04-04,EMM_EPM0_PTE_NUS_DPG,1.011
1994-04-04,EMM_EPMR_PTE_NUS_DPG,1.011
1994-04-11,EMM_EPM0_PTE_NUS_DPG,1.028
1994-04-11,EMM_EPMR_PTE_NUS_DPG,1.028
1994-04-18,EMM_EPM0_PTE_NUS_DPG,1.033
1994-04-18,EMM_EPMR_PTE_NUS_DPG,1.033
1994-04-25,EMM_EPM0_PTE_NUS_DPG,1.037
1994-04-25,EMM_EPMR_PTE_NUS_DPG,1.037
1994-05-02,EMM_EPM0_PTE_NUS_DPG,1.04
1994-05-02,EMM_EPMR_PTE_NUS_DPG,1.04
1994-05-09,EMM_EPM0_PTE_NUS_DPG,1.045
1994-05-09,EMM_EPMR_PTE_NUS_DPG,1.045
1994-05-16,EMM_EPM0_PTE_NUS_DPG,1.046
1994-05-16,EMM_EPMR_PTE_NUS_DPG,1.046
1994-05-23,EMM_EPM0_PTE_NUS_DPG,1.05
1994-05-23,EMM_EPMR_PTE_NUS_DPG,1.05
1994-05-30,EMM_EPM0_PTE_NUS_DPG,1.056
1994-05-30,EMM_EPMR_PTE_NUS_DPG,1.056
1994-06-06,EMM_EPM0_PTE_NUS_DPG,1.065
1994-06-06,EMM_EPMR_PTE_NUS_DPG,1.065
1994-06-13,EMM_EPM0_PTE_NUS_DPG,1.073
1994-06-13,EMM_EPMR_PTE_NUS_DPG,1.073
1994-06-20,EMM_EPM0_PTE_NUS_DPG,1.079
1994-06-20,EMM_EPMR_PTE_NUS_DPG,1.079
1994-06-27,EMM_EPM0_PTE_NUS_DPG,1.095
1994-06-27,EMM_EPMR_PTE_NUS_DPG,1.095
1994-07-04,EMM_EPM0_PTE_NUS_DPG,1.097
1994-07-04,EMM_EPMR_PTE_NUS_DPG,1.097
1994-07-11,EMM_EPM0_PTE_NUS_DPG,1.103
1994-07-11,EMM_EPMR_PTE_NUS_DPG,1.103
1994-07-18,EMM_EPM0_PTE_NUS_DPG,1.109
1994-07-18,EMM_EPMR_PTE_NUS_DPG,1.109
1994-07-25,EMM_EPM0_PTE_NUS_DPG,1.114
1994-07-25,EMM_EPMR_PTE_NUS_DPG,1.114
1994-08-01,EMM_EPM0_PTE_NUS_DPG,1.13
1994-08-01,EMM_EPMR_PTE_NUS_DPG,1.13
1994-08-08,EMM_EPM0_PTE_NUS_DPG,1.157
1994-08-08,EMM_EPMR_PTE_NUS_DPG,1.157
1994-08-15,EMM_EPM0_PTE_NUS_DPG,1.161
1994-08-15,EMM_EPMR_PTE_NUS_DPG,1.161
1994-08-22,EMM_EPM0_PTE_NUS_DPG,1.165
1994-08-22,EMM_EPMR_PTE_NUS_DPG,1.165
1994-08-29,EMM_EPM0_PTE_NUS_DPG,1.161
1994-08-29,EMM_EPMR_PTE_NUS_DPG,1.161
1994-09-05,EMM_EPM0_PTE_NUS_DPG,1.156
1994-09-05,EMM_EPMR_PTE_NUS_DPG,1.156
1994-09-12,EMM_EPM0_PTE_NUS_DPG,1.15
1994-09-12,EMM_EPMR_PTE_NUS_DPG,1.15
1994-09-19,EMM_EPM0_PTE_NUS_DPG,1.14
1994-09-19,EMM_EPMR_PTE_NUS_DPG,1.14
1994-09-26,EMM_EPM0_PTE_NUS_DPG,1.129
1994-09-26,EMM_EPMR_PTE_NUS_DPG,1.129
1994-10-03,EMM_EPM0_PTE_NUS_DPG,1.12
1994-10-03,EMM_EPMR_PTE_NUS_DPG,1.12
1994-10-10,EMM_EPM0_PTE_NUS_DPG,1.114
1994-10-10,EMM_EPMR_PTE_NUS_DPG,1.114
1994-10-17,EMM_EPM0_PTE_NUS_DPG,1.106
1994-10-17,EMM_EPMR_PTE_NUS_DPG,1.106
1994-10-24,EMM_EPM0_PTE_NUS_DPG,1.107
1994-10-24,EMM_EPMR_PTE_NUS_DPG,1.107
1994-10-31,EMM_EPM0_PTE_NUS_DPG,1.121
1994-10-31,EMM_EPMR_PTE_NUS_DPG,1.121
1994-11-07,EMM_EPM0_PTE_NUS_DPG,1.123
1994-11-07,EMM_EPMR_PTE_NUS_DPG,1.123
1994-11-14,EMM_EPM0_PTE_NUS_DPG,1.122
1994-11-14,EMM_EPMR_PTE_NUS_DPG,1.122
1994-11-21,EMM_EPM0_PTE_NUS_DPG,1.113
1994-11-21,EMM_EPMR_PTE_NUS_DPG,1.113
1994-11-28,EMM_EPM0_PTE_NUS_DPG,1.117
1994-11-28,EMM_EPMR_PTE_NUS_DPG,1.105
1994-12-05,EMM_EPM0_PTE_NUS_DPG,1.127
1994-12-05,EMM_EPMR_PTE_NUS_DPG,1.103
1994-12-12,EMM_EPM0_PTE_NUS_DPG,1.131
1994-12-12,EMM_EPMR_PTE_NUS_DPG,1.095
1994-12-19,EMM_EPM0_PTE_NUS_DPG,1.134
1994-12-19,EMM_EPMR_PTE_NUS_DPG,1.087
1994-12-26,EMM_EPM0_PTE_NUS_DPG,1.125
1994-12-26,EMM_EPMR_PTE_NUS_DPG,1.077
1995-01-02,EMM_EPM0_PTE_NUS_DPG,1.127
1995-01-02,EMM_EPMR_PTE_NUS_DPG,1.079
1995-01-09,EMM_EPM0_PTE_NUS_DPG,1.134
1995-01-09,EMM_EPMR_PTE_NUS_DPG,1.086
1995-01-16,EMM_EPM0_PTE_NUS_DPG,1.126
1995-01-16,EMM_EPMR_PTE_NUS_DPG,1.078
1995-01-23,EMM_EPM0_PTE_NUS_DPG,1.132
1995-01-23,EMM_EPMR_PTE_NUS_DPG,1.083
1995-01-30,EMM_EPM0_PTE_NUS_DPG,1.131
1995-01-30,EMM_EPMR_PTE_NUS_DPG,1.083
1995-02-06,EMM_EPM0_PTE_NUS_DPG,1.124
1995-02-06,EMM_EPMR_PTE_NUS_DPG,1.076
1995-02-13,EMM_EPM0_PTE_NUS_DPG,1.121
1995-02-13,EMM_EPMR_PTE_NUS_DPG,1.074
1995-02-20,EMM_EPM0_PTE_NUS_DPG,1.115
1995-02-20,EMM_EPMR_PTE_NUS_DPG,1.067
1995-02-27,EMM_EPM0_PTE_NUS_DPG,1.121
1995-02-27,EMM_EPMR_PTE_NUS_DPG,1.073
1995-03-06,EMM_EPM0_PTE_NUS_DPG,1.123
1995-03-06,EMM_EPMR_PTE_NUS_DPG,1.076
1995-03-13,EMM_EPM0_PTE_NUS_DPG,1.116
1995-03-13,EMM_EPMR_PTE_NUS_DPG,1.069
1995-03-20,EMM_EPM0_PTE_NUS_DPG,1.114
1995-03-20,EMM_EPMR_PTE_NUS_DPG,1.068
1995-03-27,EMM_EPM0_PTE_NUS_DPG,1.121
1995-03-27,EMM_EPMR_PTE_NUS_DPG,1.075
1995-04-03,EMM_EPM0_PTE_NUS_DPG,1.133
1995-04-03,EMM_EPMR_PTE_NUS_DPG,1.087
1995-04-10,EMM_EPM0_PTE_NUS_DPG,1.149
1995-04-10,EMM_EPMR_PTE_NUS_DPG,1.103
1995-04-17,EMM_EPM0_PTE_NUS_DPG,1.163
1995-04-17,EMM_EPMR_PTE_NUS_DPG,1.117
1995-04-24,EMM_EPM0_PTE_NUS_DPG,1.184
1995-04-24,EMM_EPMR_PTE_NUS_DPG,1.138
1995-05-01,EMM_EPM0_PTE_NUS_DPG,1.194
1995-05-01,EMM_EPMR_PTE_NUS_DPG,1.148
1995-05-08,EMM_EPM0_PTE_NUS_DPG,1.216
1995-05-08,EMM_EPMR_PTE_NUS_DPG,1.169
1995-05-15,EMM_EPM0_PTE_NUS_DPG,1.226
1995-05-15,EMM_EPMR_PTE_NUS_DPG,1.179
1995-05-22,EMM_EPM0_PTE_NUS_DPG,1.244
1995-05-22,EMM_EPMR_PTE_NUS_DPG,1.197
1995-05-29,EMM_EPM0_PTE_NUS_DPG,1.246
1995-05-29,EMM_EPMR_PTE_NUS_DPG,1.199
1995-06-05,EMM_EPM0_PTE_NUS_DPG,1.246
1995-06-05,EMM_EPMR_PTE_NUS_DPG,1.199
1995-06-12,EMM_EPM0_PTE_NUS_DPG,1.243
1995-06-12,EMM_EPMR_PTE_NUS_DPG,1.196
1995-06-19,EMM_EPM0_PTE_NUS_DPG,1.236
1995-06-19,EMM_EPMR_PTE_NUS_DPG,1.189
1995-06-26,EMM_EPM0_PTE_NUS_DPG,1.229
1995-06-26,EMM_EPMR_PTE_NUS_DPG,1.182
1995-07-03,EMM_EPM0_PTE_NUS_DPG,1.222
1995-07-03,EMM_EPMR_PTE_NUS_DPG,1.175
1995-07-10,EMM_EPM0_PTE_NUS_DPG,1.212
1995-07-10,EMM_EPMR_PTE_NUS_DPG,1.165
1995-07-17,EMM_EPM0_PTE_NUS_DPG,1.2
1995-07-17,EMM_EPMR_PTE_NUS_DPG,1.153
1995-07-24,EMM_EPM0_PTE_NUS_DPG,1.191
1995-07-24,EMM_EPMR_PTE_NUS_DPG,1.144
1995-07-31,EMM_EPM0_PTE_NUS_DPG,1.179
1995-07-31,EMM_EPMR_PTE_NUS_DPG,1.132
1995-08-07,EMM_EPM0_PTE_NUS_DPG,1.174
1995-08-07,EMM_EPMR_PTE_NUS_DPG,1.127
1995-08-14,EMM_EPM0_PTE_NUS_DPG,1.172
1995-08-14,EMM_EPMR_PTE_NUS_DPG,1.125
1995-08-21,EMM_EPM0_PTE_NUS_DPG,1.171
1995-08-21,EMM_EPMR_PTE_NUS_DPG,1.124
1995-08-28,EMM_EPM0_PTE_NUS_DPG,1.163
1995-08-28,EMM_EPMR_PTE_NUS_DPG,1.117
1995-09-04,EMM_EPM0_PTE_NUS_DPG,1.16
1995-09-04,EMM_EPMR_PTE_NUS_DPG,1.113
1995-09-11,EMM_EPM0_PTE_NUS_DPG,1.158
1995-09-11,EMM_EPMR_PTE_NUS_DPG,1.111
1995-09-18,EMM_EPM0_PTE_NUS_DPG,1.157
1995-09-18,EMM_EPMR_PTE_NUS_DPG,1.11
1995-09-25,EMM_EPM0_PTE_NUS_DPG,1.156
1995-09-25,EMM_EPMR_PTE_NUS_DPG,1.109
1995-10-02,EMM_EPM0_PTE_NUS_DPG,1.151
1995-10-02,EMM_EPMR_PTE_NUS_DPG,1.105
1995-10-09,EMM_EPM0_PTE_NUS_DPG,1.144
1995-10-09,EMM_EPMR_PTE_NUS_DPG,1.097
1995-10-16,EMM_EPM0_PTE_NUS_DPG,1.133
1995-10-16,EMM_EPMR_PTE_NUS_DPG,1.087
1995-10-23,EMM_EPM0_PTE_NUS_DPG,1.125
1995-10-23,EMM_EPMR_PTE_NUS_DPG,1.079
1995-10-30,EMM_EPM0_PTE_NUS_DPG,1.115
1995-10-30,EMM_EPMR_PTE_NUS_DPG,1.068
1995-11-06,EMM_EPM0_PTE_NUS_DPG,1.112
1995-11-06,EMM_EPMR_PTE_NUS_DPG,1.065
1995-11-13,EMM_EPM0_PTE_NUS_DPG,1.109
1995-11-13,EMM_EPMR_PTE_NUS_DPG,1.063
1995-11-20,EMM_EPM0_PTE_NUS_DPG,1.106
1995-11-20,EMM_EPMR_PTE_NUS_DPG,1.06
1995-11-27,EMM_EPM0_PTE_NUS_DPG,1.107
1995-11-27,EMM_EPMR_PTE_NUS_DPG,1.061
1995-12-04,EMM_EPM0_PTE_NUS_DPG,1.108
1995-12-04,EMM_EPMR_PTE_NUS_DPG,1.062
1995-12-11,EMM_EPM0_PTE_NUS_DPG,1.11
1995-12-11,EMM_EPMR_PTE_NUS_DPG,1.063
1995-12-18,EMM_EPM0_PTE_NUS_DPG,1.124
1995-12-18,EMM_EPMR_PTE_NUS_DPG,1.078
1995-12-25,EMM_EPM0_PTE_NUS_DPG,1.128
1995-12-25,EMM_EPMR_PTE_NUS_DPG,1.082
1996-01-01,EMM_EPM0_PTE_NUS_DPG,1.129
1996-01-01,EMM_EPMR_PTE_NUS_DPG,1.083
1996-01-08,EMM_EPM0_PTE_NUS_DPG,1.139
1996-01-08,EMM_EPMR_PTE_NUS_DPG,1.093
1996-01-15,EMM_EPM0_PTE_NUS_DPG,1.145
1996-01-15,EMM_EPMR_PTE_NUS_DPG,1.098
1996-01-22,EMM_EPM0_PTE_NUS_DPG,1.138
1996-01-22,EMM_EPMR_PTE_NUS_DPG,1.091
1996-01-29,EMM_EPM0_PTE_NUS_DPG,1.133
1996-01-29,EMM_EPMR_PTE_NUS_DPG,1.087
1996-02-05,EMM_EPM0_PTE_NUS_DPG,1.13
1996-02-05,EMM_EPMR_PTE_NUS_DPG,1.083
1996-02-12,EMM_EPM0_PTE_NUS_DPG,1.126
1996-02-12,EMM_EPMR_PTE_NUS_DPG,1.08
1996-02-19,EMM_EPM0_PTE_NUS_DPG,1.133
1996-02-19,EMM_EPMR_PTE_NUS_DPG,1.087
1996-02-26,EMM_EPM0_PTE_NUS_DPG,1.153
1996-02-26,EMM_EPMR_PTE_NUS_DPG,1.107
1996-03-04,EMM_EPM0_PTE_NUS_DPG,1.17
1996-03-04,EMM_EPMR_PTE_NUS_DPG,1.124
1996-03-11,EMM_EPM0_PTE_NUS_DPG,1.171
1996-03-11,EMM_EPMR_PTE_NUS_DPG,1.125
1996-03-18,EMM_EPM0_PTE_NUS_DPG,1.181
1996-03-18,EMM_EPMR_PTE_NUS_DPG,1.135
1996-03-25,EMM_EPM0_PTE_NUS_DPG,1.21
1996-03-25,EMM_EPMR_PTE_NUS_DPG,1.164
1996-04-01,EMM_EPM0_PTE_NUS_DPG,1.223
1996-04-01,EMM_EPMR_PTE_NUS_DPG,1.178
1996-04-08,EMM_EPM0_PTE_NUS_DPG,1.248
1996-04-08,EMM_EPMR_PTE_NUS_DPG,1.204
1996-04-15,EMM_EPM0_PTE_NUS_DPG,1.287
1996-04-15,EMM_EPMR_PTE_NUS_DPG,1.242
1996-04-22,EMM_EPM0_PTE_NUS_DPG,1.301
1996-04-22,EMM_EPMR_PTE_NUS_DPG,1.256
1996-04-29,EMM_EPM0_PTE_NUS_DPG,1.318
1996-04-29,EMM_EPMR_PTE_NUS_DPG,1.273
1996-05-06,EMM_EPM0_PTE_NUS_DPG,1.321
1996-05-06,EMM_EPMR_PTE_NUS_DPG,1.275
1996-05-13,EMM_EPM0_PTE_NUS_DPG,1.323
1996-05-13,EMM_EPMR_PTE_NUS_DPG,1.277
1996-05-20,EMM_EPM0_PTE_NUS_DPG,1.33
1996-05-20,EMM_EPMR_PTE_NUS_DPG,1.285
1996-05-27,EMM_EPM0_PTE_NUS_DPG,1.321
1996-05-27,EMM_EPMR_PTE_NUS_DPG,1.275
1996-06-03,EMM_EPM0_PTE_NUS_DPG,1.315
1996-06-03,EMM_EPMR_PTE_NUS_DPG,1.269
1996-06-10,EMM_EPM0_PTE_NUS_DPG,1.307
1996-06-10,EMM_EPMR_PTE_NUS_DPG,1.262
1996-06-17,EMM_EPM0_PTE_NUS_DPG,1.302
1996-06-17,EMM_EPMR_PTE_NUS_DPG,1.258
1996-06-24,EMM_EPM0_PTE_NUS_DPG,1.289
1996-06-24,EMM_EPMR_PTE_NUS_DPG,1.245
1996-07-01,EMM_EPM0_PTE_NUS_DPG,1.279
1996-07-01,EMM_EPMR_PTE_NUS_DPG,1.234
1996-07-08,EMM_EPM0_PTE_NUS_DPG,1.276
1996-07-08,EMM_EPMR_PTE_NUS_DPG,1.231
1996-07-15,EMM_EPM0_PTE_NUS_DPG,1.273
1996-07-15,EMM_EPMR_PTE_NUS_DPG,1.228
1996-07-22,EMM_EPM0_PTE_NUS_DPG,1.272
1996-07-22,EMM_EPMR_PTE_NUS_DPG,1.227
1996-07-29,EMM_EPM0_PTE_NUS_DPG,1.263
1996-07-29,EMM_EPMR_PTE_NUS_DPG,1.218
1996-08-05,EMM_EPM0_PTE_NUS_DPG,1.253
1996-08-05,EMM_EPMR_PTE_NUS_DPG,1.207
1996-08-12,EMM_EPM0_PTE_NUS_DPG,1.248
1996-08-12,EMM_EPMR_PTE_NUS_DPG,1.203
1996-08-19,EMM_EPM0_PTE_NUS_DPG,1.249
1996-08-19,EMM_EPMR_PTE_NUS_DPG,1.205
1996-08-26,EMM_EPM0_PTE_NUS_DPG,1.253
1996-08-26,EMM_EPMR_PTE_NUS_DPG,1.209
1996-09-02,EMM_EPM0_PTE_NUS_DPG,1.242
1996-09-02,EMM_EPMR_PTE_NUS_DPG,1.197
1996-09-09,EMM_EPM0_PTE_NUS_DPG,1.247
1996-09-09,EMM_EPMR_PTE_NUS_DPG,1.203
1996-09-16,EMM_EPM0_PTE_NUS_DPG,1.25
1996-09-16,EMM_EPMR_PTE_NUS_DPG,1.206
1996-09-23,EMM_EPM0_PTE_NUS_DPG,1.251
1996-09-23,EMM_EPMR_PTE_NUS_DPG,1.206
1996-09-30,EMM_EPM0_PTE_NUS_DPG,1.245
1996-09-30,EMM_EPMR_PTE_NUS_DPG,1.2
1996-10-07,EMM_EPM0_PTE_NUS_DPG,1.239
1996-10-07,EMM_EPMR_PTE_NUS_DPG,1.194
1996-10-14,EMM_EPM0_PTE_NUS_DPG,1.248
1996-10-14,EMM_EPMR_PTE_NUS_DPG,1.203
1996-10-21,EMM_EPM0_PTE_NUS_DPG,1.249
1996-10-21,EMM_EPMR_PTE_NUS_DPG,1.204
1996-10-28,EMM_EPM0_PTE_NUS_DPG,1.26
1996-10-28,EMM_EPMR_PTE_NUS_DPG,1.215
1996-11-04,EMM_EPM0_PTE_NUS_DPG,1.268
1996-11-04,EMM_EPMR_PTE_NUS_DPG,1.223
1996-11-11,EMM_EPM0_PTE_NUS_DPG,1.272
1996-11-11,EMM_EPMR_PTE_NUS_DPG,1.226
1996-11-18,EMM_EPM0_PTE_NUS_DPG,1.282
1996-11-18,EMM_EPMR_PTE_NUS_DPG,1.236
1996-11-25,EMM_EPM0_PTE_NUS_DPG,1.289
1996-11-25,EMM_EPMR_PTE_NUS_DPG,1.244
1996-12-02,EMM_EPM0_PTE_NUS_DPG,1.287
1996-12-02,EMM_EPMR_PTE_NUS_DPG,1.241
1996-12-09,EMM_EPM0_PTE_NUS_DPG,1.287
1996-12-09,EMM_EPMR_PTE_NUS_DPG,1.241
1996-12-16,EMM_EPM0_PTE_NUS_DPG,1.283
1996-12-16,EMM_EPMR_PTE_NUS_DPG,1.236
1996-12-23,EMM_EPM0_PTE_NUS_DPG,1.278
1996-12-23,EMM_EPMR_PTE_NUS_DPG,1.231
1996-12-30,EMM_EPM0_PTE_NUS_DPG,1.274
1996-12-30,EMM_EPMR_PTE_NUS_DPG,1.227
1997-01-06,EMM_EPM0_PTE_NUS_DPG,1.272
1997-01-06,EMM_EPMR_PTE_NUS_DPG,1.225
1997-01-13,EMM_EPM0_PTE_NUS_DPG,1.287
1997-01-13,EMM_EPMR_PTE_NUS_DPG,1.241
1997-01-20,EMM_EPM0_PTE_NUS_DPG,1.287
1997-01-20,EMM_EPMR_PTE_NUS_DPG,1.241
1997-01-27,EMM_EPM0_PTE_NUS_DPG,1.284
1997-01-27,EMM_EPMR_PTE_NUS_DPG,1.238
1997-02-03,EMM_EPM0_PTE_NUS_DPG,1.282
1997-02-03,EMM_EPMR_PTE_NUS_DPG,1.236
1997-02-10,EMM_EPM0_PTE_NUS_DPG,1.28
1997-02-10,EMM_EPMR_PTE_NUS_DPG,1.234
1997-02-17,EMM_EPM0_PTE_NUS_DPG,1.273
1997-02-17,EMM_EPMR_PTE_NUS_DPG,1.227
1997-02-24,EMM_EPM0_PTE_NUS_DPG,1.27
1997-02-24,EMM_EPMR_PTE_NUS_DPG,1.223
1997-03-03,EMM_EPM0_PTE_NUS_DPG,1.261
1997-03-03,EMM_EPMR_PTE_NUS_DPG,1.215
1997-03-10,EMM_EPM0_PTE_NUS_DPG,1.253
1997-03-10,EMM_EPMR_PTE_NUS_DPG,1.206
1997-03-17,EMM_EPM0_PTE_NUS_DPG,1.246
1997-03-17,EMM_EPMR_PTE_NUS_DPG,1.2
1997-03-24,EMM_EPM0_PTE_NUS_DPG,1.25
1997-03-24,EMM_EPMR_PTE_NUS_DPG,1.204
1997-03-31,EMM_EPM0_PTE_NUS_DPG,1.246
1997-03-31,EMM_EPMR_PTE_NUS_DPG,1.2
1997-04-07,EMM_EPM0_PTE_NUS_DPG,1.248
1997-04-07,EMM_EPMR_PTE_NUS_DPG,1.203
1997-04-14,EMM_EPM0_PTE_NUS_DPG,1.244
1997-04-14,EMM_EPMR_PTE_NUS_DPG,1.199
1997-04-21,EMM_EPM0_PTE_NUS_DPG,1.245
1997-04-21,EMM_EPMR_PTE_NUS_DPG,1.199
1997-04-28,EMM_EPM0_PTE_NUS_DPG,1.24
1997-04-28,EMM_EPMR_PTE_NUS_DPG,1.195
1997-05-05,EMM_EPM0_PTE_NUS_DPG,1.238
1997-05-05,EMM_EPMR_PTE_NUS_DPG,1.193
1997-05-12,EMM_EPM0_PTE_NUS_DPG,1.238
1997-05-12,EMM_EPMR_PTE_NUS_DPG,1.193
1997-05-19,EMM_EPM0_PTE_NUS_DPG,1.247
1997-05-19,EMM_EPMR_PTE_NUS_DPG,1.203
1997-05-26,EMM_EPM0_PTE_NUS_DPG,1.255
1997-05-26,EMM_EPMR_PTE_NUS_DPG,1.212
1997-06-02,EMM_EPM0_PTE_NUS_DPG,1.258
1997-06-02,EMM_EPMR_PTE_NUS_DPG,1.215
1997-06-09,EMM_EPM0_PTE_NUS_DPG,1.251
1997-06-09,EMM_EPMR_PTE_NUS_DPG,1.207
1997-06-16,EMM_EPM0_PTE_NUS_DPG,1.242
1997-06-16,EMM_EPMR_PTE_NUS_DPG,1.198
1997-06-23,EMM_EPM0_PTE_NUS_DPG,1.232
1997-06-23,EMM_EPMR_PTE_NUS_DPG,1.187
1997-06-30,EMM_EPM0_PTE_NUS_DPG,1.226
1997-06-30,EMM_EPMR_PTE_NUS_DPG,1.181
1997-07-07,EMM_EPM0_PTE_NUS_DPG,1.222
1997-07-07,EMM_EPMR_PTE_NUS_DPG,1.177
1997-07-14,EMM_EPM0_PTE_NUS_DPG,1.219
1997-07-14,EMM_EPMR_PTE_NUS_DPG,1.173
1997-07-21,EMM_EPM0_PTE_NUS_DPG,1.222
1997-07-21,EMM_EPMR_PTE_NUS_DPG,1.177
1997-07-28,EMM_EPM0_PTE_NUS_DPG,1.216
1997-07-28,EMM_EPMR_PTE_NUS_DPG,1.17
1997-08-04,EMM_EPM0_PTE_NUS_DPG,1.237
1997-08-04,EMM_EPMR_PTE_NUS_DPG,1.193
1997-08-11,EMM_EPM0_PTE_NUS_DPG,1.272
1997-08-11,EMM_EPMR_PTE_NUS_DPG,1.228
1997-08-18,EMM_EPM0_PTE_NUS_DPG,1.274
1997-08-18,EMM_EPMR_PTE_NUS_DPG,1.229
1997-08-25,EMM_EPM0_PTE_NUS_DPG,1.288
1997-08-25,EMM_EPMR_PTE_NUS_DPG,1.244
1997-09-01,EMM_EPM0_PTE_NUS_DPG,1.287
1997-09-01,EMM_EPMR_PTE_NUS_DPG,1.243
1997-09-08,EMM_EPM0_PTE_NUS_DPG,1.288
1997-09-08,EMM_EPMR_PTE_NUS_DPG,1.243
1997-09-15,EMM_EPM0_PTE_NUS_DPG,1.281
1997-09-15,EMM_EPMR_PTE_NUS_DPG,1.236
1997-09-22,EMM_EPM0_PTE_NUS_DPG,1.269
1997-09-22,EMM_EPMR_PTE_NUS_DPG,1.225
1997-09-29,EMM_EPM0_PTE_NUS_DPG,1.255
1997-09-29,EMM_EPMR_PTE_NUS_DPG,1.21
1997-10-06,EMM_EPM0_PTE_NUS_DPG,1.254
1997-10-06,EMM_EPMR_PTE_NUS_DPG,1.209
1997-10-13,EMM_EPM0_PTE_NUS_DPG,1.248
1997-10-13,EMM_EPMR_PTE_NUS_DPG,1.203
1997-10-20,EMM_EPM0_PTE_NUS_DPG,1.238
1997-10-20,EMM_EPMR_PTE_NUS_DPG,1.193
1997-10-27,EMM_EPM0_PTE_NUS_DPG,1.228
1997-10-27,EMM_EPMR_PTE_NUS_DPG,1.182
1997-11-03,EMM_EPM0_PTE_NUS_DPG,1.221
1997-11-03,EMM_EPMR_PTE_NUS_DPG,1.176
1997-11-10,EMM_EPM0_PTE_NUS_DPG,1.222
1997-11-10,EMM_EPMR_PTE_NUS_DPG,1.177
1997-11-17,EMM_EPM0_PTE_NUS_DPG,1.213
1997-11-17,EMM_EPMR_PTE_NUS_DPG,1.168
1997-11-24,EMM_EPM0_PTE_NUS_DPG,1.207
1997-11-24,EMM_EPMR_PTE_NUS_DPG,1.162
1997-12-01,EMM_EPM0_PTE_NUS_DPG,1.197
1997-12-01,EMM_EPMR_PTE_NUS_DPG,1.152
1997-12-08,EMM_EPM0_PTE_NUS_DPG,1.187
1997-12-08,EMM_EPMR_PTE_NUS_DPG,1.141
1997-12-15,EMM_EPM0_PTE_NUS_DPG,1.176
1997-12-15,EMM_EPMR_PTE_NUS_DPG,1.131
1997-12-22,EMM_EPM0_PTE_NUS_DPG,1.167
1997-12-22,EMM_EPMR_PTE_NUS_DPG,1.121
1997-12-29,EMM_EPM0_PTE_NUS_DPG,1.158
1997-12-29,EMM_EPMR_PTE_NUS_DPG,1.112
1998-01-05,EMM_EPM0_PTE_NUS_DPG,1.148
1998-01-05,EMM_EPMR_PTE_NUS_DPG,1.102
1998-01-12,EMM_EPM0_PTE_NUS_DPG,1.14
1998-01-12,EMM_EPMR_PTE_NUS_DPG,1.094
1998-01-19,EMM_EPM0_PTE_NUS_DPG,1.129
1998-01-19,EMM_EPMR_PTE_NUS_DPG,1.083
1998-01-26,EMM_EPM0_PTE_NUS_DPG,1.112
1998-01-26,EMM_EPMR_PTE_NUS_DPG,1.066
1998-02-02,EMM_EPM0_PTE_NUS_DPG,1.108
1998-02-02,EMM_EPMR_PTE_NUS_DPG,1.061
1998-02-09,EMM_EPM0_PTE_NUS_DPG,1.101
1998-02-09,EMM_EPMR_PTE_NUS_DPG,1.053
1998-02-16,EMM_EPM0_PTE_NUS_DPG,1.085
1998-02-16,EMM_EPMR_PTE_NUS_DPG,1.038
1998-02-23,EMM_EPM0_PTE_NUS_DPG,1.09
1998-02-23,EMM_EPMR_PTE_NUS_DPG,1.044
1998-03-02,EMM_EPM0_PTE_NUS_DPG,1.075
1998-03-02,EMM_EPMR_PTE_NUS_DPG,1.028
1998-03-09,EMM_EPM0_PTE_NUS_DPG,1.065
1998-03-09,EMM_EPMR_PTE_NUS_DPG,1.018
1998-03-16,EMM_EPM0_PTE_NUS_DPG,1.055
1998-03-16,EMM_EPMR_PTE_NUS_DPG,1.008
1998-03-23,EMM_EPM0_PTE_NUS_DPG,1.047
1998-03-23,EMM_EPMR_PTE_NUS_DPG,1
1998-03-30,EMM_EPM0_PTE_NUS_DPG,1.077
1998-03-30,EMM_EPMR_PTE_NUS_DPG,1.03
1998-04-06,EMM_EPM0_PTE_NUS_DPG,1.074
1998-04-06,EMM_EPMR_PTE_NUS_DPG,1.028
1998-04-13,EMM_EPM0_PTE_NUS_DPG,1.072
1998-04-13,EMM_EPMR_PTE_NUS_DPG,1.025
1998-04-20,EMM_EPM0_PTE_NUS_DPG,1.075
1998-04-20,EMM_EPMR_PTE_NUS_DPG,1.028
1998-04-27,EMM_EPM0_PTE_NUS_DPG,1.086
1998-04-27,EMM_EPMR_PTE_NUS_DPG,1.04
1998-05-04,EMM_EPM0_PTE_NUS_DPG,1.095
1998-05-04,EMM_EPMR_PTE_NUS_DPG,1.049
1998-05-11,EMM_EPM0_PTE_NUS_DPG,1.109
1998-05-11,EMM_EPMR_PTE_NUS_DPG,1.063
1998-05-18,EMM_EPM0_PTE_NUS_DPG,1.109
1998-05-18,EMM_EPMR_PTE_NUS_DPG,1.072
1998-05-25,EMM_EPM0_PTE_NUS_DPG,1.108
1998-05-25,EMM_EPMR_PTE_NUS_DPG,1.07
1998-06-01,EMM_EPM0_PTE_NUS_DPG,1.104
1998-06-01,EMM_EPMR_PTE_NUS_DPG,1.066
1998-06-08,EMM_EPM0_PTE_NUS_DPG,1.113
1998-06-08,EMM_EPMR_PTE_NUS_DPG,1.075
1998-06-15,EMM_EPM0_PTE_NUS_DPG,1.104
1998-06-15,EMM_EPMR_PTE_NUS_DPG,1.066
1998-06-22,EMM_EPM0_PTE_NUS_DPG,1.096
1998-06-22,EMM_EPMR_PTE_NUS_DPG,1.058
1998-06-29,EMM_EPM0_PTE_NUS_DPG,1.096
1998-06-29,EMM_EPMR_PTE_NUS_DPG,1.057
1998-07-06,EMM_EPM0_PTE_NUS_DPG,1.097
1998-07-06,EMM_EPMR_PTE_NUS_DPG,1.058
1998-07-13,EMM_EPM0_PTE_NUS_DPG,1.092
1998-07-13,EMM_EPMR_PTE_NUS_DPG,1.054
1998-07-20,EMM_EPM0_PTE_NUS_DPG,1.097
1998-07-20,EMM_EPMR_PTE_NUS_DPG,1.059
1998-07-27,EMM_EPM0_PTE_NUS_DPG,1.088
1998-07-27,EMM_EPMR_PTE_NUS_DPG,1.05
1998-08-03,EMM_EPM0_PTE_NUS_DPG,1.077
1998-08-03,EMM_EPMR_PTE_NUS_DPG,1.039
1998-08-10,EMM_EPM0_PTE_NUS_DPG,1.072
1998-08-10,EMM_EPMR_PTE_NUS_DPG,1.033
1998-08-17,EMM_EPM0_PTE_NUS_DPG,1.065
1998-08-17,EMM_EPMR_PTE_NUS_DPG,1.026
1998-08-24,EMM_EPM0_PTE_NUS_DPG,1.058
1998-08-24,EMM_EPMR_PTE_NUS_DPG,1.019
1998-08-31,EMM_EPM0_PTE_NUS_DPG,1.053
1998-08-31,EMM_EPMR_PTE_NUS_DPG,1.013
1998-09-07,EMM_EPM0_PTE_NUS_DPG,1.046
1998-09-07,EMM_EPMR_PTE_NUS_DPG,1.007
1998-09-14,EMM_EPM0_PTE_NUS_DPG,1.042
1998-09-14,EMM_EPMR_PTE_NUS_DPG,1.002
1998-09-21,EMM_EPM0_PTE_NUS_DPG,1.053
1998-09-21,EMM_EPMR_PTE_NUS_DPG,1.014
1998-09-28,EMM_EPM0_PTE_NUS_DPG,1.053
1998-09-28,EMM_EPMR_PTE_NUS_DPG,1.014
1998-10-05,EMM_EPM0_PTE_NUS_DPG,1.059
1998-10-05,EMM_EPMR_PTE_NUS_DPG,1.019
1998-10-12,EMM_EPM0_PTE_NUS_DPG,1.063
1998-10-12,EMM_EPMR_PTE_NUS_DPG,1.022
1998-10-19,EMM_EPM0_PTE_NUS_DPG,1.058
1998-10-19,EMM_EPMR_PTE_NUS_DPG,1.019
1998-10-26,EMM_EPM0_PTE_NUS_DPG,1.055
1998-10-26,EMM_EPMR_PTE_NUS_DPG,1.015
1998-11-02,EMM_EPM0_PTE_NUS_DPG,1.05
1998-11-02,EMM_EPMR_PTE_NUS_DPG,1.01
1998-11-09,EMM_EPM0_PTE_NUS_DPG,1.048
1998-11-09,EMM_EPMR_PTE_NUS_DPG,1.008
1998-11-16,EMM_EPM0_PTE_NUS_DPG,1.037
1998-11-16,EMM_EPMR_PTE_NUS_DPG,.996
1998-11-23,EMM_EPM0_PTE_NUS_DPG,1.03
1998-11-23,EMM_EPMR_PTE_NUS_DPG,.989
1998-11-30,EMM_EPM0_PTE_NUS_DPG,1.015
1998-11-30,EMM_EPMR_PTE_NUS_DPG,.974
1998-12-07,EMM_EPM0_PTE_NUS_DPG,.996
1998-12-07,EMM_EPMR_PTE_NUS_DPG,.954
1998-12-14,EMM_EPM0_PTE_NUS_DPG,.987
1998-12-14,EMM_EPMR_PTE_NUS_DPG,.945
1998-12-21,EMM_EPM0_PTE_NUS_DPG,.986
1998-12-21,EMM_EPMR_PTE_NUS_DPG,.944
1998-12-28,EMM_EPM0_PTE_NUS_DPG,.979
1998-12-28,EMM_EPMR_PTE_NUS_DPG,.937
1999-01-04,EMM_EPM0_PTE_NUS_DPG,.977
1999-01-04,EMM_EPMR_PTE_NUS_DPG,.935
1999-01-11,EMM_EPM0_PTE_NUS_DPG,.982
1999-01-11,EMM_EPMR_PTE_NUS_DPG,.941
1999-01-18,EMM_EPM0_PTE_NUS_DPG,.985
1999-01-18,EMM_EPMR_PTE_NUS_DPG,.944
1999-01-25,EMM_EPM0_PTE_NUS_DPG,.977
1999-01-25,EMM_EPMR_PTE_NUS_DPG,.936
1999-02-01,EMM_EPM0_PTE_NUS_DPG,.971
1999-02-01,EMM_EPMR_PTE_NUS_DPG,.929
1999-02-08,EMM_EPM0_PTE_NUS_DPG,.968
1999-02-08,EMM_EPMR_PTE_NUS_DPG,.927
1999-02-15,EMM_EPM0_PTE_NUS_DPG,.96
1999-02-15,EMM_EPMR_PTE_NUS_DPG,.919
1999-02-22,EMM_EPM0_PTE_NUS_DPG,.949
1999-02-22,EMM_EPMR_PTE_NUS_DPG,.907
1999-03-01,EMM_EPM0_PTE_NUS_DPG,.955
1999-03-01,EMM_EPMR_PTE_NUS_DPG,.913
1999-03-08,EMM_EPM0_PTE_NUS_DPG,.963
1999-03-08,EMM_EPMR_PTE_NUS_DPG,.921
1999-03-15,EMM_EPM0_PTE_NUS_DPG,1.017
1999-03-15,EMM_EPMR_PTE_NUS_DPG,.977
1999-03-22,EMM_EPM0_PTE_NUS_DPG,1.056
1999-03-22,EMM_EPMR_PTE_NUS_DPG,1.017
1999-03-29,EMM_EPM0_PTE_NUS_DPG,1.121
1999-03-29,EMM_EPMR_PTE_NUS_DPG,1.082
1999-04-05,EMM_EPM0_PTE_NUS_DPG,1.158
1999-04-05,EMM_EPMR_PTE_NUS_DPG,1.118
1999-04-12,EMM_EPM0_PTE_NUS_DPG,1.179
1999-04-12,EMM_EPMR_PTE_NUS_DPG,1.14
1999-04-19,EMM_EPM0_PTE_NUS_DPG,1.175
1999-04-19,EMM_EPMR_PTE_NUS_DPG,1.135
1999-04-26,EMM_EPM0_PTE_NUS_DPG,1.171
1999-04-26,EMM_EPMR_PTE_NUS_DPG,1.131
1999-05-03,EMM_EPM0_PTE_NUS_DPG,1.176
1999-05-03,EMM_EPMR_PTE_NUS_DPG,1.136
1999-05-10,EMM_EPM0_PTE_NUS_DPG,1.18
1999-05-10,EMM_EPMR_PTE_NUS_DPG,1.14
1999-05-17,EMM_EPM0_PTE_NUS_DPG,1.18
1999-05-17,EMM_EPMR_PTE_NUS_DPG,1.14
1999-05-24,EMM_EPM0_PTE_NUS_DPG,1.166
1999-05-24,EMM_EPMR_PTE_NUS_DPG,1.126
1999-05-31,EMM_EPM0_PTE_NUS_DPG,1.151
1999-05-31,EMM_EPMR_PTE_NUS_DPG,1.111
1999-06-07,EMM_EPM0_PTE_NUS_DPG,1.152
1999-06-07,EMM_EPMR_PTE_NUS_DPG,1.112
1999-06-14,EMM_EPM0_PTE_NUS_DPG,1.148
1999-06-14,EMM_EPMR_PTE_NUS_DPG,1.108
1999-06-21,EMM_EPM0_PTE_NUS_DPG,1.163
1999-06-21,EMM_EPMR_PTE_NUS_DPG,1.124
1999-06-28,EMM_EPM0_PTE_NUS_DPG,1.153
1999-06-28,EMM_EPMR_PTE_NUS_DPG,1.113
1999-07-05,EMM_EPM0_PTE_NUS_DPG,1.165
1999-07-05,EMM_EPMR_PTE_NUS_DPG,1.125
1999-07-12,EMM_EPM0_PTE_NUS_DPG,1.182
1999-07-12,EMM_EPMR_PTE_NUS_DPG,1.143
1999-07-19,EMM_EPM0_PTE_NUS_DPG,1.208
1999-07-19,EMM_EPMR_PTE_NUS_DPG,1.169
1999-07-26,EMM_EPM0_PTE_NUS_DPG,1.232
1999-07-26,EMM_EPMR_PTE_NUS_DPG,1.193
1999-08-02,EMM_EPM0_PTE_NUS_DPG,1.234
1999-08-02,EMM_EPMR_PTE_NUS_DPG,1.195
1999-08-09,EMM_EPM0_PTE_NUS_DPG,1.246
1999-08-09,EMM_EPMR_PTE_NUS_DPG,1.206
1999-08-16,EMM_EPM0_PTE_NUS_DPG,1.275
1999-08-16,EMM_EPMR_PTE_NUS_DPG,1.236
1999-08-23,EMM_EPM0_PTE_NUS_DPG,1.273
1999-08-23,EMM_EPMR_PTE_NUS_DPG,1.234
1999-08-30,EMM_EPM0_PTE_NUS_DPG,1.273
1999-08-30,EMM_EPMR_PTE_NUS_DPG,1.233
1999-09-06,EMM_EPM0_PTE_NUS_DPG,1.282
1999-09-06,EMM_EPMR_PTE_NUS_DPG,1.242
1999-09-13,EMM_EPM0_PTE_NUS_DPG,1.29
1999-09-13,EMM_EPMR_PTE_NUS_DPG,1.25
1999-09-20,EMM_EPM0_PTE_NUS_DPG,1.307
1999-09-20,EMM_EPMR_PTE_NUS_DPG,1.268
1999-09-27,EMM_EPM0_PTE_NUS_DPG,1.302
1999-09-27,EMM_EPMR_PTE_NUS_DPG,1.262
1999-10-04,EMM_EPM0_PTE_NUS_DPG,1.296
1999-10-04,EMM_EPMR_PTE_NUS_DPG,1.255
1999-10-11,EMM_EPM0_PTE_NUS_DPG,1.29
1999-10-11,EMM_EPMR_PTE_NUS_DPG,1.249
1999-10-18,EMM_EPM0_PTE_NUS_DPG,1.277
1999-10-18,EMM_EPMR_PTE_NUS_DPG,1.236
1999-10-25,EMM_EPM0_PTE_NUS_DPG,1.277
1999-10-25,EMM_EPMR_PTE_NUS_DPG,1.237
1999-11-01,EMM_EPM0_PTE_NUS_DPG,1.271
1999-11-01,EMM_EPMR_PTE_NUS_DPG,1.23
1999-11-08,EMM_EPM0_PTE_NUS_DPG,1.274
1999-11-08,EMM_EPMR_PTE_NUS_DPG,1.233
1999-11-15,EMM_EPM0_PTE_NUS_DPG,1.292
1999-11-15,EMM_EPMR_PTE_NUS_DPG,1.251
1999-11-22,EMM_EPM0_PTE_NUS_DPG,1.309
1999-11-22,EMM_EPMR_PTE_NUS_DPG,1.269
1999-11-29,EMM_EPM0_PTE_NUS_DPG,1.315
1999-11-29,EMM_EPMR_PTE_NUS_DPG,1.274
1999-12-06,EMM_EPM0_PTE_NUS_DPG,1.313
1999-12-06,EMM_EPMR_PTE_NUS_DPG,1.273
1999-12-13,EMM_EPM0_PTE_NUS_DPG,1.315
1999-12-13,EMM_EPMR_PTE_NUS_DPG,1.275
1999-12-20,EMM_EPM0_PTE_NUS_DPG,1.31
1999-12-20,EMM_EPMR_PTE_NUS_DPG,1.269
1999-12-27,EMM_EPM0_PTE_NUS_DPG,1.314
1999-12-27,EMM_EPMR_PTE_NUS_DPG,1.273
2000-01-03,EMM_EPM0_PTE_NUS_DPG,1.312
2000-01-03,EMM_EPMR_PTE_NUS_DPG,1.272
2000-01-10,EMM_EPM0_PTE_NUS_DPG,1.304
2000-01-10,EMM_EPMR_PTE_NUS_DPG,1.264
2000-01-17,EMM_EPM0_PTE_NUS_DPG,1.318
2000-01-17,EMM_EPMR_PTE_NUS_DPG,1.277
2000-01-24,EMM_EPM0_PTE_NUS_DPG,1.354
2000-01-24,EMM_EPMR_PTE_NUS_DPG,1.315
2000-01-31,EMM_EPM0_PTE_NUS_DPG,1.355
2000-01-31,EMM_EPMR_PTE_NUS_DPG,1.316
2000-02-07,EMM_EPM0_PTE_NUS_DPG,1.364
2000-02-07,EMM_EPMR_PTE_NUS_DPG,1.325
2000-02-14,EMM_EPM0_PTE_NUS_DPG,1.394
2000-02-14,EMM_EPMR_PTE_NUS_DPG,1.356
2000-02-21,EMM_EPM0_PTE_NUS_DPG,1.443
2000-02-21,EMM_EPMR_PTE_NUS_DPG,1.406
2000-02-28,EMM_EPM0_PTE_NUS_DPG,1.458
2000-02-28,EMM_EPMR_PTE_NUS_DPG,1.421
2000-03-06,EMM_EPM0_PTE_NUS_DPG,1.539
2000-03-06,EMM_EPMR_PTE_NUS_DPG,1.501
2000-03-13,EMM_EPM0_PTE_NUS_DPG,1.566
2000-03-13,EMM_EPMR_PTE_NUS_DPG,1.527
2000-03-20,EMM_EPM0_PTE_NUS_DPG,1.569
2000-03-20,EMM_EPMR_PTE_NUS_DPG,1.529
2000-03-27,EMM_EPM0_PTE_NUS_DPG,1.549
2000-03-27,EMM_EPMR_PTE_NUS_DPG,1.508
2000-04-03,EMM_EPM0_PTE_NUS_DPG,1.543
2000-04-03,EMM_EPMR_PTE_NUS_DPG,1.503
2000-04-10,EMM_EPM0_PTE_NUS_DPG,1.516
2000-04-10,EMM_EPMR_PTE_NUS_DPG,1.475
2000-04-17,EMM_EPM0_PTE_NUS_DPG,1.486
2000-04-17,EMM_EPMR_PTE_NUS_DPG,1.444
2000-04-24,EMM_EPM0_PTE_NUS_DPG,1.478
2000-04-24,EMM_EPMR_PTE_NUS_DPG,1.437
2000-05-01,EMM_EPM0_PTE_NUS_DPG,1.461
2000-05-01,EMM_EPMR_PTE_NUS_DPG,1.42
2000-05-08,EMM_EPM0_PTE_NUS_DPG,1.495
2000-05-08,EMM_EPMR_PTE_NUS_DPG,1.455
2000-05-15,EMM_EPM0_PTE_NUS_DPG,1.531
2000-05-15,EMM_EPMR_PTE_NUS_DPG,1.492
2000-05-22,EMM_EPM0_PTE_NUS_DPG,1.566
2000-05-22,EMM_EPMR_PTE_NUS_DPG,1.527
2000-05-29,EMM_EPM0_PTE_NUS_DPG,1.579
2000-05-29,EMM_EPMR_PTE_NUS_DPG,1.54
2000-06-05,EMM_EPM0_PTE_NUS_DPG,1.599
2000-06-05,EMM_EPMR_PTE_NUS_DPG,1.563
2000-06-12,EMM_EPM0_PTE_NUS_DPG,1.664
2000-06-12,EMM_EPMR_PTE_NUS_DPG,1.631
2000-06-19,EMM_EPM0_PTE_NUS_DPG,1.711
2000-06-19,EMM_EPMR_PTE_NUS_DPG,1.681
2000-06-26,EMM_EPM0_PTE_NUS_DPG,1.691
2000-06-26,EMM_EPMR_PTE_NUS_DPG,1.658
2000-07-03,EMM_EPM0_PTE_NUS_DPG,1.661
2000-07-03,EMM_EPMR_PTE_NUS_DPG,1.625
2000-07-10,EMM_EPM0_PTE_NUS_DPG,1.63
2000-07-10,EMM_EPMR_PTE_NUS_DPG,1.593
2000-07-17,EMM_EPM0_PTE_NUS_DPG,1.586
2000-07-17,EMM_EPMR_PTE_NUS_DPG,1.546
2000-07-24,EMM_EPM0_PTE_NUS_DPG,1.562
2000-07-24,EMM_EPMR_PTE_NUS_DPG,1.52
2000-07-31,EMM_EPM0_PTE_NUS_DPG,1.514
2000-07-31,EMM_EPMR_PTE_NUS_DPG,1.471
2000-08-07,EMM_EPM0_PTE_NUS_DPG,1.504
2000-08-07,EMM_EPMR_PTE_NUS_DPG,1.462
2000-08-14,EMM_EPM0_PTE_NUS_DPG,1.489
2000-08-14,EMM_EPMR_PTE_NUS_DPG,1.447
2000-08-21,EMM_EPM0_PTE_NUS_DPG,1.508
2000-08-21,EMM_EPMR_PTE_NUS_DPG,1.468
2000-08-28,EMM_EPM0_PTE_NUS_DPG,1.521
2000-08-28,EMM_EPMR_PTE_NUS_DPG,1.481
2000-09-04,EMM_EPM0_PTE_NUS_DPG,1.568
2000-09-04,EMM_EPMR_PTE_NUS_DPG,1.53
2000-09-11,EMM_EPM0_PTE_NUS_DPG,1.598
2000-09-11,EMM_EPMR_PTE_NUS_DPG,1.561
2000-09-18,EMM_EPM0_PTE_NUS_DPG,1.599
2000-09-18,EMM_EPMR_PTE_NUS_DPG,1.562
2000-09-25,EMM_EPM0_PTE_NUS_DPG,1.586
2000-09-25,EMM_EPMR_PTE_NUS_DPG,1.548
2000-10-02,EMM_EPM0_PTE_NUS_DPG,1.563
2000-10-02,EMM_EPMR_PTE_NUS_DPG,1.524
2000-10-09,EMM_EPM0_PTE_NUS_DPG,1.541
2000-10-09,EMM_EPMR_PTE_NUS_DPG,1.502
2000-10-16,EMM_EPM0_PTE_NUS_DPG,1.578
2000-10-16,EMM_EPMR_PTE_NUS_DPG,1.539
2000-10-23,EMM_EPM0_PTE_NUS_DPG,1.588
2000-10-23,EMM_EPMR_PTE_NUS_DPG,1.551
2000-10-30,EMM_EPM0_PTE_NUS_DPG,1.584
2000-10-30,EMM_EPMR_PTE_NUS_DPG,1.545
2000-11-06,EMM_EPM0_PTE_NUS_DPG,1.565
2000-11-06,EMM_EPMR_PTE_NUS_DPG,1.526
2000-11-13,EMM_EPM0_PTE_NUS_DPG,1.562
2000-11-13,EMM_EPMR_PTE_NUS_DPG,1.523
2000-11-20,EMM_EPM0_PTE_NUS_DPG,1.55
2000-11-20,EMM_EPMR_PTE_NUS_DPG,1.51
2000-11-27,EMM_EPM0_PTE_NUS_DPG,1.549
2000-11-27,EMM_EPMR_PTE_NUS_DPG,1.51
2000-12-04,EMM_EPM0_PTE_NUS_DPG,1.526
2000-12-04,EMM_EPMR_PTE_NUS_DPG,1.486
2000-12-11,EMM_EPM0_PTE_NUS_DPG,1.49
2000-12-11,EMM_EPMR_PTE_NUS_DPG,1.449
2000-12-18,EMM_EPM0_PTE_NUS_DPG,1.462
2000-12-18,EMM_EPMR_PTE_NUS_DPG,1.422
2000-12-25,EMM_EPM0_PTE_NUS_DPG,1.453
2000-12-25,EMM_EPMR_PTE_NUS_DPG,1.414
2001-01-01,EMM_EPM0_PTE_NUS_DPG,1.446
2001-01-01,EMM_EPMR_PTE_NUS_DPG,1.406
2001-01-08,EMM_EPM0_PTE_NUS_DPG,1.465
2001-01-08,EMM_EPMR_PTE_NUS_DPG,1.425
2001-01-15,EMM_EPM0_PTE_NUS_DPG,1.513
2001-01-15,EMM_EPMR_PTE_NUS_DPG,1.474
2001-01-22,EMM_EPM0_PTE_NUS_DPG,1.511
2001-01-22,EMM_EPMR_PTE_NUS_DPG,1.471
2001-01-29,EMM_EPM0_PTE_NUS_DPG,1.5
2001-01-29,EMM_EPMR_PTE_NUS_DPG,1.46
2001-02-05,EMM_EPM0_PTE_NUS_DPG,1.483
2001-02-05,EMM_EPMR_PTE_NUS_DPG,1.443
2001-02-12,EMM_EPM0_PTE_NUS_DPG,1.515
2001-02-12,EMM_EPMR_PTE_NUS_DPG,1.476
2001-02-19,EMM_EPM0_PTE_NUS_DPG,1.489
2001-02-19,EMM_EPMR_PTE_NUS_DPG,1.449
2001-02-26,EMM_EPM0_PTE_NUS_DPG,1.471
2001-02-26,EMM_EPMR_PTE_NUS_DPG,1.431
2001-03-05,EMM_EPM0_PTE_NUS_DPG,1.457
2001-03-05,EMM_EPMR_PTE_NUS_DPG,1.417
2001-03-12,EMM_EPM0_PTE_NUS_DPG,1.453
2001-03-12,EMM_EPMR_PTE_NUS_DPG,1.412
2001-03-19,EMM_EPM0_PTE_NUS_DPG,1.444
2001-03-19,EMM_EPMR_PTE_NUS_DPG,1.404
2001-03-26,EMM_EPM0_PTE_NUS_DPG,1.445
2001-03-26,EMM_EPMR_PTE_NUS_DPG,1.404
2001-04-02,EMM_EPM0_PTE_NUS_DPG,1.482
2001-04-02,EMM_EPMR_PTE_NUS_DPG,1.442
2001-04-09,EMM_EPM0_PTE_NUS_DPG,1.54
2001-04-09,EMM_EPMR_PTE_NUS_DPG,1.5
2001-04-16,EMM_EPM0_PTE_NUS_DPG,1.61
2001-04-16,EMM_EPMR_PTE_NUS_DPG,1.571
2001-04-23,EMM_EPM0_PTE_NUS_DPG,1.658
2001-04-23,EMM_EPMR_PTE_NUS_DPG,1.619
2001-04-30,EMM_EPM0_PTE_NUS_DPG,1.665
2001-04-30,EMM_EPMR_PTE_NUS_DPG,1.626
2001-05-07,EMM_EPM0_PTE_NUS_DPG,1.739
2001-05-07,EMM_EPMR_PTE_NUS_DPG,1.703
2001-05-14,EMM_EPM0_PTE_NUS_DPG,1.748
2001-05-14,EMM_EPMR_PTE_NUS_DPG,1.713
2001-05-21,EMM_EPM0_PTE_NUS_DPG,1.724
2001-05-21,EMM_EPMR_PTE_NUS_DPG,1.687
2001-05-28,EMM_EPM0_PTE_NUS_DPG,1.739
2001-05-28,EMM_EPMR_PTE_NUS_DPG,1.704
2001-06-04,EMM_EPM0_PTE_NUS_DPG,1.715
2001-06-04,EMM_EPMR_PTE_NUS_DPG,1.679
2001-06-11,EMM_EPM0_PTE_NUS_DPG,1.688
2001-06-11,EMM_EPMR_PTE_NUS_DPG,1.647
2001-06-18,EMM_EPM0_PTE_NUS_DPG,1.644
2001-06-18,EMM_EPMR_PTE_NUS_DPG,1.601
2001-06-25,EMM_EPM0_PTE_NUS_DPG,1.583
2001-06-25,EMM_EPMR_PTE_NUS_DPG,1.538
2001-07-02,EMM_EPM0_PTE_NUS_DPG,1.52
2001-07-02,EMM_EPMR_PTE_NUS_DPG,1.474
2001-07-09,EMM_EPM0_PTE_NUS_DPG,1.484
2001-07-09,EMM_EPMR_PTE_NUS_DPG,1.437
2001-07-16,EMM_EPM0_PTE_NUS_DPG,1.459
2001-07-16,EMM_EPMR_PTE_NUS_DPG,1.413
2001-07-23,EMM_EPM0_PTE_NUS_DPG,1.44
2001-07-23,EMM_EPMR_PTE_NUS_DPG,1.395
2001-07-30,EMM_EPM0_PTE_NUS_DPG,1.428
2001-07-30,EMM_EPMR_PTE_NUS_DPG,1.384
2001-08-06,EMM_EPM0_PTE_NUS_DPG,1.419
2001-08-06,EMM_EPMR_PTE_NUS_DPG,1.376
2001-08-13,EMM_EPM0_PTE_NUS_DPG,1.434
2001-08-13,EMM_EPMR_PTE_NUS_DPG,1.392
2001-08-20,EMM_EPM0_PTE_NUS_DPG,1.467
2001-08-20,EMM_EPMR_PTE_NUS_DPG,1.427
2001-08-27,EMM_EPM0_PTE_NUS_DPG,1.523
2001-08-27,EMM_EPMR_PTE_NUS_DPG,1.488
2001-09-03,EMM_EPM0_PTE_NUS_DPG,1.579
2001-09-03,EMM_EPMR_PTE_NUS_DPG,1.545
2001-09-10,EMM_EPM0_PTE_NUS_DPG,1.562
2001-09-10,EMM_EPMR_PTE_NUS_DPG,1.527
2001-09-17,EMM_EPM0_PTE_NUS_DPG,1.564
2001-09-17,EMM_EPMR_PTE_NUS_DPG,1.529
2001-09-24,EMM_EPM0_PTE_NUS_DPG,1.522
2001-09-24,EMM_EPMR_PTE_NUS_DPG,1.485
2001-10-01,EMM_EPM0_PTE_NUS_DPG,1.455
2001-10-01,EMM_EPMR_PTE_NUS_DPG,1.416
2001-10-08,EMM_EPM0_PTE_NUS_DPG,1.393
2001-10-08,EMM_EPMR_PTE_NUS_DPG,1.352
2001-10-15,EMM_EPM0_PTE_NUS_DPG,1.351
2001-10-15,EMM_EPMR_PTE_NUS_DPG,1.309
2001-10-22,EMM_EPM0_PTE_NUS_DPG,1.307
2001-10-22,EMM_EPMR_PTE_NUS_DPG,1.265
2001-10-29,EMM_EPM0_PTE_NUS_DPG,1.277
2001-10-29,EMM_EPMR_PTE_NUS_DPG,1.235
2001-11-05,EMM_EPM0_PTE_NUS_DPG,1.249
2001-11-05,EMM_EPMR_PTE_NUS_DPG,1.206
2001-11-12,EMM_EPM0_PTE_NUS_DPG,1.224
2001-11-12,EMM_EPMR_PTE_NUS_DPG,1.182
2001-11-19,EMM_EPM0_PTE_NUS_DPG,1.208
2001-11-19,EMM_EPMR_PTE_NUS_DPG,1.167
2001-11-26,EMM_EPM0_PTE_NUS_DPG,1.168
2001-11-26,EMM_EPMR_PTE_NUS_DPG,1.127
2001-12-03,EMM_EPM0_PTE_NUS_DPG,1.149
2001-12-03,EMM_EPMR_PTE_NUS_DPG,1.108
2001-12-10,EMM_EPM0_PTE_NUS_DPG,1.136
2001-12-10,EMM_EPMR_PTE_NUS_DPG,1.095
2001-12-17,EMM_EPM0_PTE_NUS_DPG,1.101
2001-12-17,EMM_EPMR_PTE_NUS_DPG,1.059
2001-12-24,EMM_EPM0_PTE_NUS_DPG,1.113
2001-12-24,EMM_EPMR_PTE_NUS_DPG,1.072
2001-12-31,EMM_EPM0_PTE_NUS_DPG,1.137
2001-12-31,EMM_EPMR_PTE_NUS_DPG,1.096
2002-01-07,EMM_EPM0_PTE_NUS_DPG,1.152
2002-01-07,EMM_EPMR_PTE_NUS_DPG,1.112
2002-01-14,EMM_EPM0_PTE_NUS_DPG,1.152
2002-01-14,EMM_EPMR_PTE_NUS_DPG,1.111
2002-01-21,EMM_EPM0_PTE_NUS_DPG,1.146
2002-01-21,EMM_EPMR_PTE_NUS_DPG,1.105
2002-01-28,EMM_EPM0_PTE_NUS_DPG,1.142
2002-01-28,EMM_EPMR_PTE_NUS_DPG,1.101
2002-02-04,EMM_EPM0_PTE_NUS_DPG,1.157
2002-02-04,EMM_EPMR_PTE_NUS_DPG,1.116
2002-02-11,EMM_EPM0_PTE_NUS_DPG,1.148
2002-02-11,EMM_EPMR_PTE_NUS_DPG,1.107
2002-02-18,EMM_EPM0_PTE_NUS_DPG,1.157
2002-02-18,EMM_EPMR_PTE_NUS_DPG,1.116
2002-02-25,EMM_EPM0_PTE_NUS_DPG,1.157
2002-02-25,EMM_EPMR_PTE_NUS_DPG,1.116
2002-03-04,EMM_EPM0_PTE_NUS_DPG,1.185
2002-03-04,EMM_EPMR_PTE_NUS_DPG,1.144
2002-03-11,EMM_EPM0_PTE_NUS_DPG,1.262
2002-03-11,EMM_EPMR_PTE_NUS_DPG,1.223
2002-03-18,EMM_EPM0_PTE_NUS_DPG,1.328
2002-03-18,EMM_EPMR_PTE_NUS_DPG,1.288
2002-03-25,EMM_EPM0_PTE_NUS_DPG,1.382
2002-03-25,EMM_EPMR_PTE_NUS_DPG,1.342
2002-04-01,EMM_EPM0_PTE_NUS_DPG,1.412
2002-04-01,EMM_EPMR_PTE_NUS_DPG,1.371
2002-04-08,EMM_EPM0_PTE_NUS_DPG,1.454
2002-04-08,EMM_EPMR_PTE_NUS_DPG,1.413
2002-04-15,EMM_EPM0_PTE_NUS_DPG,1.446
2002-04-15,EMM_EPMR_PTE_NUS_DPG,1.404
2002-04-22,EMM_EPM0_PTE_NUS_DPG,1.446
2002-04-22,EMM_EPMR_PTE_NUS_DPG,1.404
2002-04-29,EMM_EPM0_PTE_NUS_DPG,1.435
2002-04-29,EMM_EPMR_PTE_NUS_DPG,1.393
2002-05-06,EMM_EPM0_PTE_NUS_DPG,1.437
2002-05-06,EMM_EPMR_PTE_NUS_DPG,1.395
2002-05-13,EMM_EPM0_PTE_NUS_DPG,1.431
2002-05-13,EMM_EPMR_PTE_NUS_DPG,1.388
2002-05-20,EMM_EPM0_PTE_NUS_DPG,1.439
2002-05-20,EMM_EPMR_PTE_NUS_DPG,1.397
2002-05-27,EMM_EPM0_PTE_NUS_DPG,1.429
2002-05-27,EMM_EPMR_PTE_NUS_DPG,1.387
2002-06-03,EMM_EPM0_PTE_NUS_DPG,1.433
2002-06-03,EMM_EPMR_PTE_NUS_DPG,1.392
2002-06-10,EMM_EPM0_PTE_NUS_DPG,1.417
2002-06-10,EMM_EPMR_PTE_NUS_DPG,1.375
2002-06-17,EMM_EPM0_PTE_NUS_DPG,1.419
2002-06-17,EMM_EPMR_PTE_NUS_DPG,1.378
2002-06-24,EMM_EPM0_PTE_NUS_DPG,1.425
2002-06-24,EMM_EPMR_PTE_NUS_DPG,1.384
2002-07-01,EMM_EPM0_PTE_NUS_DPG,1.433
2002-07-01,EMM_EPMR_PTE_NUS_DPG,1.392
2002-07-08,EMM_EPM0_PTE_NUS_DPG,1.423
2002-07-08,EMM_EPMR_PTE_NUS_DPG,1.382
2002-07-15,EMM_EPM0_PTE_NUS_DPG,1.435
2002-07-15,EMM_EPMR_PTE_NUS_DPG,1.394
2002-07-22,EMM_EPM0_PTE_NUS_DPG,1.451
2002-07-22,EMM_EPMR_PTE_NUS_DPG,1.41
2002-07-29,EMM_EPM0_PTE_NUS_DPG,1.447
2002-07-29,EMM_EPMR_PTE_NUS_DPG,1.407
2002-08-05,EMM_EPM0_PTE_NUS_DPG,1.437
2002-08-05,EMM_EPMR_PTE_NUS_DPG,1.395
2002-08-12,EMM_EPM0_PTE_NUS_DPG,1.435
2002-08-12,EMM_EPMR_PTE_NUS_DPG,1.393
2002-08-19,EMM_EPM0_PTE_NUS_DPG,1.434
2002-08-19,EMM_EPMR_PTE_NUS_DPG,1.392
2002-08-26,EMM_EPM0_PTE_NUS_DPG,1.444
2002-08-26,EMM_EPMR_PTE_NUS_DPG,1.403
2002-09-02,EMM_EPM0_PTE_NUS_DPG,1.436
2002-09-02,EMM_EPMR_PTE_NUS_DPG,1.394
2002-09-09,EMM_EPM0_PTE_NUS_DPG,1.437
2002-09-09,EMM_EPMR_PTE_NUS_DPG,1.395
2002-09-16,EMM_EPM0_PTE_NUS_DPG,1.442
2002-09-16,EMM_EPMR_PTE_NUS_DPG,1.401
2002-09-23,EMM_EPM0_PTE_NUS_DPG,1.436
2002-09-23,EMM_EPMR_PTE_NUS_DPG,1.395
2002-09-30,EMM_EPM0_PTE_NUS_DPG,1.455
2002-09-30,EMM_EPMR_PTE_NUS_DPG,1.413
2002-10-07,EMM_EPM0_PTE_NUS_DPG,1.48
2002-10-07,EMM_EPMR_PTE_NUS_DPG,1.439
2002-10-14,EMM_EPM0_PTE_NUS_DPG,1.481
2002-10-14,EMM_EPMR_PTE_NUS_DPG,1.44
2002-10-21,EMM_EPM0_PTE_NUS_DPG,1.499
2002-10-21,EMM_EPMR_PTE_NUS_DPG,1.458
2002-10-28,EMM_EPM0_PTE_NUS_DPG,1.485
2002-10-28,EMM_EPMR_PTE_NUS_DPG,1.444
2002-11-04,EMM_EPM0_PTE_NUS_DPG,1.489
2002-11-04,EMM_EPMR_PTE_NUS_DPG,1.448
2002-11-11,EMM_EPM0_PTE_NUS_DPG,1.48
2002-11-11,EMM_EPMR_PTE_NUS_DPG,1.439
2002-11-18,EMM_EPM0_PTE_NUS_DPG,1.451
2002-11-18,EMM_EPMR_PTE_NUS_DPG,1.409
2002-11-25,EMM_EPM0_PTE_NUS_DPG,1.423
2002-11-25,EMM_EPMR_PTE_NUS_DPG,1.38
2002-12-02,EMM_EPM0_PTE_NUS_DPG,1.408
2002-12-02,EMM_EPMR_PTE_NUS_DPG,1.364
2002-12-09,EMM_EPM0_PTE_NUS_DPG,1.404
2002-12-09,EMM_EPMR_PTE_NUS_DPG,1.36
2002-12-16,EMM_EPM0_PTE_NUS_DPG,1.407
2002-12-16,EMM_EPMR_PTE_NUS_DPG,1.363
2002-12-23,EMM_EPM0_PTE_NUS_DPG,1.443
2002-12-23,EMM_EPMR_PTE_NUS_DPG,1.401
2002-12-30,EMM_EPM0_PTE_NUS_DPG,1.484
2002-12-30,EMM_EPMR_PTE_NUS_DPG,1.441
2003-01-06,EMM_EPM0_PTE_NUS_DPG,1.487
2003-01-06,EMM_EPMR_PTE_NUS_DPG,1.444
2003-01-13,EMM_EPM0_PTE_NUS_DPG,1.496
2003-01-13,EMM_EPMR_PTE_NUS_DPG,1.454
2003-01-20,EMM_EPM0_PTE_NUS_DPG,1.502
2003-01-20,EMM_EPMR_PTE_NUS_DPG,1.459
2003-01-27,EMM_EPM0_PTE_NUS_DPG,1.515
2003-01-27,EMM_EPMR_PTE_NUS_DPG,1.473
2003-02-03,EMM_EPM0_PTE_NUS_DPG,1.569
2003-02-03,EMM_EPMR_PTE_NUS_DPG,1.527
2003-02-10,EMM_EPM0_PTE_NUS_DPG,1.649
2003-02-10,EMM_EPMR_PTE_NUS_DPG,1.607
2003-02-17,EMM_EPM0_PTE_NUS_DPG,1.701
2003-02-17,EMM_EPMR_PTE_NUS_DPG,1.66
2003-02-24,EMM_EPM0_PTE_NUS_DPG,1.699
2003-02-24,EMM_EPMR_PTE_NUS_DPG,1.658
2003-03-03,EMM_EPM0_PTE_NUS_DPG,1.726
2003-03-03,EMM_EPMR_PTE_NUS_DPG,1.686
2003-03-10,EMM_EPM0_PTE_NUS_DPG,1.752
2003-03-10,EMM_EPMR_PTE_NUS_DPG,1.712
2003-03-17,EMM_EPM0_PTE_NUS_DPG,1.768
2003-03-17,EMM_EPMR_PTE_NUS_DPG,1.728
2003-03-24,EMM_EPM0_PTE_NUS_DPG,1.732
2003-03-24,EMM_EPMR_PTE_NUS_DPG,1.69
2003-03-31,EMM_EPM0_PTE_NUS_DPG,1.692
2003-03-31,EMM_EPMR_PTE_NUS_DPG,1.649
2003-04-07,EMM_EPM0_PTE_NUS_DPG,1.673
2003-04-07,EMM_EPMR_PTE_NUS_DPG,1.63
2003-04-14,EMM_EPM0_PTE_NUS_DPG,1.639
2003-04-14,EMM_EPMR_PTE_NUS_DPG,1.595
2003-04-21,EMM_EPM0_PTE_NUS_DPG,1.618
2003-04-21,EMM_EPMR_PTE_NUS_DPG,1.574
2003-04-28,EMM_EPM0_PTE_NUS_DPG,1.6
2003-04-28,EMM_EPMR_PTE_NUS_DPG,1.557
2003-05-05,EMM_EPM0_PTE_NUS_DPG,1.556
2003-05-05,EMM_EPMR_PTE_NUS_DPG,1.513
2003-05-12,EMM_EPM0_PTE_NUS_DPG,1.534
2003-05-12,EMM_EPMR_PTE_NUS_DPG,1.491
2003-05-19,EMM_EPM0_PTE_NUS_DPG,1.539
2003-05-19,EMM_EPMR_PTE_NUS_DPG,1.498
2003-05-26,EMM_EPM0_PTE_NUS_DPG,1.528
2003-05-26,EMM_EPMR_PTE_NUS_DPG,1.487
2003-06-02,EMM_EPM0_PTE_NUS_DPG,1.514
2003-06-02,EMM_EPMR_PTE_NUS_DPG,1.473
2003-06-09,EMM_EPM0_PTE_NUS_DPG,1.53
2003-06-09,EMM_EPMR_PTE_NUS_DPG,1.49
2003-06-16,EMM_EPM0_PTE_NUS_DPG,1.558
2003-06-16,EMM_EPMR_PTE_NUS_DPG,1.518
2003-06-23,EMM_EPM0_PTE_NUS_DPG,1.537
2003-06-23,EMM_EPMR_PTE_NUS_DPG,1.496
2003-06-30,EMM_EPM0_PTE_NUS_DPG,1.528
2003-06-30,EMM_EPMR_PTE_NUS_DPG,1.487
2003-07-07,EMM_EPM0_PTE_NUS_DPG,1.53
2003-07-07,EMM_EPMR_PTE_NUS_DPG,1.489
2003-07-14,EMM_EPM0_PTE_NUS_DPG,1.563
2003-07-14,EMM_EPMR_PTE_NUS_DPG,1.521
2003-07-21,EMM_EPM0_PTE_NUS_DPG,1.566
2003-07-21,EMM_EPMR_PTE_NUS_DPG,1.524
2003-07-28,EMM_EPM0_PTE_NUS_DPG,1.558
2003-07-28,EMM_EPMR_PTE_NUS_DPG,1.516
2003-08-04,EMM_EPM0_PTE_NUS_DPG,1.576
2003-08-04,EMM_EPMR_PTE_NUS_DPG,1.536
2003-08-11,EMM_EPM0_PTE_NUS_DPG,1.611
2003-08-11,EMM_EPMR_PTE_NUS_DPG,1.571
2003-08-18,EMM_EPM0_PTE_NUS_DPG,1.668
2003-08-18,EMM_EPMR_PTE_NUS_DPG,1.627
2003-08-25,EMM_EPM0_PTE_NUS_DPG,1.787
2003-08-25,EMM_EPMR_PTE_NUS_DPG,1.747
2003-09-01,EMM_EPM0_PTE_NUS_DPG,1.786
2003-09-01,EMM_EPMR_PTE_NUS_DPG,1.746
2003-09-08,EMM_EPM0_PTE_NUS_DPG,1.758
2003-09-08,EMM_EPMR_PTE_NUS_DPG,1.717
2003-09-15,EMM_EPM0_PTE_NUS_DPG,1.739
2003-09-15,EMM_EPMR_PTE_NUS_DPG,1.697
2003-09-22,EMM_EPM0_PTE_NUS_DPG,1.686
2003-09-22,EMM_EPMR_PTE_NUS_DPG,1.643
2003-09-29,EMM_EPM0_PTE_NUS_DPG,1.635
2003-09-29,EMM_EPMR_PTE_NUS_DPG,1.591
2003-10-06,EMM_EPM0_PTE_NUS_DPG,1.617
2003-10-06,EMM_EPMR_PTE_NUS_DPG,1.573
2003-10-13,EMM_EPM0_PTE_NUS_DPG,1.611
2003-10-13,EMM_EPMR_PTE_NUS_DPG,1.568
2003-10-20,EMM_EPM0_PTE_NUS_DPG,1.612
2003-10-20,EMM_EPMR_PTE_NUS_DPG,1.571
2003-10-27,EMM_EPM0_PTE_NUS_DPG,1.584
2003-10-27,EMM_EPMR_PTE_NUS_DPG,1.542
2003-11-03,EMM_EPM0_PTE_NUS_DPG,1.577
2003-11-03,EMM_EPMR_PTE_NUS_DPG,1.535
2003-11-10,EMM_EPM0_PTE_NUS_DPG,1.547
2003-11-10,EMM_EPMR_PTE_NUS_DPG,1.504
2003-11-17,EMM_EPM0_PTE_NUS_DPG,1.54
2003-11-17,EMM_EPMR_PTE_NUS_DPG,1.497
2003-11-24,EMM_EPM0_PTE_NUS_DPG,1.554
2003-11-24,EMM_EPMR_PTE_NUS_DPG,1.512
2003-12-01,EMM_EPM0_PTE_NUS_DPG,1.533
2003-12-01,EMM_EPMR_PTE_NUS_DPG,1.49
2003-12-08,EMM_EPM0_PTE_NUS_DPG,1.519
2003-12-08,EMM_EPMR_PTE_NUS_DPG,1.476
2003-12-15,EMM_EPM0_PTE_NUS_DPG,1.509
2003-12-15,EMM_EPMR_PTE_NUS_DPG,1.465
2003-12-22,EMM_EPM0_PTE_NUS_DPG,1.528
2003-12-22,EMM_EPMR_PTE_NUS_DPG,1.485
2003-12-29,EMM_EPM0_PTE_NUS_DPG,1.521
2003-12-29,EMM_EPMR_PTE_NUS_DPG,1.478
2004-01-05,EMM_EPM0_PTE_NUS_DPG,1.552
2004-01-05,EMM_EPMR_PTE_NUS_DPG,1.51
2004-01-12,EMM_EPM0_PTE_NUS_DPG,1.603
2004-01-12,EMM_EPMR_PTE_NUS_DPG,1.56
2004-01-19,EMM_EPM0_PTE_NUS_DPG,1.637
2004-01-19,EMM_EPMR_PTE_NUS_DPG,1.595
2004-01-26,EMM_EPM0_PTE_NUS_DPG,1.664
2004-01-26,EMM_EPMR_PTE_NUS_DPG,1.622
2004-02-02,EMM_EPM0_PTE_NUS_DPG,1.66
2004-02-02,EMM_EPMR_PTE_NUS_DPG,1.616
2004-02-09,EMM_EPM0_PTE_NUS_DPG,1.681
2004-02-09,EMM_EPMR_PTE_NUS_DPG,1.638
2004-02-16,EMM_EPM0_PTE_NUS_DPG,1.69
2004-02-16,EMM_EPMR_PTE_NUS_DPG,1.648
2004-02-23,EMM_EPM0_PTE_NUS_DPG,1.73
2004-02-23,EMM_EPMR_PTE_NUS_DPG,1.688
2004-03-01,EMM_EPM0_PTE_NUS_DPG,1.758
2004-03-01,EMM_EPMR_PTE_NUS_DPG,1.717
2004-03-08,EMM_EPM0_PTE_NUS_DPG,1.78
2004-03-08,EMM_EPMR_PTE_NUS_DPG,1.738
2004-03-15,EMM_EPM0_PTE_NUS_DPG,1.767
2004-03-15,EMM_EPMR_PTE_NUS_DPG,1.724
2004-03-22,EMM_EPM0_PTE_NUS_DPG,1.785
2004-03-22,EMM_EPMR_PTE_NUS_DPG,1.743
2004-03-29,EMM_EPM0_PTE_NUS_DPG,1.8
2004-03-29,EMM_EPMR_PTE_NUS_DPG,1.758
2004-04-05,EMM_EPM0_PTE_NUS_DPG,1.822
2004-04-05,EMM_EPMR_PTE_NUS_DPG,1.78
2004-04-12,EMM_EPM0_PTE_NUS_DPG,1.827
2004-04-12,EMM_EPMR_PTE_NUS_DPG,1.786
2004-04-19,EMM_EPM0_PTE_NUS_DPG,1.853
2004-04-19,EMM_EPMR_PTE_NUS_DPG,1.813
2004-04-26,EMM_EPM0_PTE_NUS_DPG,1.853
2004-04-26,EMM_EPMR_PTE_NUS_DPG,1.812
2004-05-03,EMM_EPM0_PTE_NUS_DPG,1.884
2004-05-03,EMM_EPMR_PTE_NUS_DPG,1.844
2004-05-10,EMM_EPM0_PTE_NUS_DPG,1.979
2004-05-10,EMM_EPMR_PTE_NUS_DPG,1.941
2004-05-17,EMM_EPM0_PTE_NUS_DPG,2.055
2004-05-17,EMM_EPMR_PTE_NUS_DPG,2.017
2004-05-24,EMM_EPM0_PTE_NUS_DPG,2.104
2004-05-24,EMM_EPMR_PTE_NUS_DPG,2.064
2004-05-31,EMM_EPM0_PTE_NUS_DPG,2.092
2004-05-31,EMM_EPMR_PTE_NUS_DPG,2.051
2004-06-07,EMM_EPM0_PTE_NUS_DPG,2.075
2004-06-07,EMM_EPMR_PTE_NUS_DPG,2.034
2004-06-14,EMM_EPM0_PTE_NUS_DPG,2.029
2004-06-14,EMM_EPMR_PTE_NUS_DPG,1.985
2004-06-21,EMM_EPM0_PTE_NUS_DPG,1.981
2004-06-21,EMM_EPMR_PTE_NUS_DPG,1.937
2004-06-28,EMM_EPM0_PTE_NUS_DPG,1.965
2004-06-28,EMM_EPMR_PTE_NUS_DPG,1.921
2004-07-05,EMM_EPM0_PTE_NUS_DPG,1.939
2004-07-05,EMM_EPMR_PTE_NUS_DPG,1.895
2004-07-12,EMM_EPM0_PTE_NUS_DPG,1.959
2004-07-12,EMM_EPMR_PTE_NUS_DPG,1.917
2004-07-19,EMM_EPM0_PTE_NUS_DPG,1.971
2004-07-19,EMM_EPMR_PTE_NUS_DPG,1.928
2004-07-26,EMM_EPM0_PTE_NUS_DPG,1.948
2004-07-26,EMM_EPMR_PTE_NUS_DPG,1.905
2004-08-02,EMM_EPM0_PTE_NUS_DPG,1.93
2004-08-02,EMM_EPMR_PTE_NUS_DPG,1.888
2004-08-09,EMM_EPM0_PTE_NUS_DPG,1.92
2004-08-09,EMM_EPMR_PTE_NUS_DPG,1.877
2004-08-16,EMM_EPM0_PTE_NUS_DPG,1.917
2004-08-16,EMM_EPMR_PTE_NUS_DPG,1.875
2004-08-23,EMM_EPM0_PTE_NUS_DPG,1.926
2004-08-23,EMM_EPMR_PTE_NUS_DPG,1.884
2004-08-30,EMM_EPM0_PTE_NUS_DPG,1.909
2004-08-30,EMM_EPMR_PTE_NUS_DPG,1.866
2004-09-06,EMM_EPM0_PTE_NUS_DPG,1.893
2004-09-06,EMM_EPMR_PTE_NUS_DPG,1.85
2004-09-13,EMM_EPM0_PTE_NUS_DPG,1.889
2004-09-13,EMM_EPMR_PTE_NUS_DPG,1.846
2004-09-20,EMM_EPM0_PTE_NUS_DPG,1.908
2004-09-20,EMM_EPMR_PTE_NUS_DPG,1.866
2004-09-27,EMM_EPM0_PTE_NUS_DPG,1.959
2004-09-27,EMM_EPMR_PTE_NUS_DPG,1.917
2004-10-04,EMM_EPM0_PTE_NUS_DPG,1.98
2004-10-04,EMM_EPMR_PTE_NUS_DPG,1.938
2004-10-11,EMM_EPM0_PTE_NUS_DPG,2.035
2004-10-11,EMM_EPMR_PTE_NUS_DPG,1.993
2004-10-18,EMM_EPM0_PTE_NUS_DPG,2.077
2004-10-18,EMM_EPMR_PTE_NUS_DPG,2.035
2004-10-25,EMM_EPM0_PTE_NUS_DPG,2.074
2004-10-25,EMM_EPMR_PTE_NUS_DPG,2.032
2004-11-01,EMM_EPM0_PTE_NUS_DPG,2.076
2004-11-01,EMM_EPMR_PTE_NUS_DPG,2.034
2004-11-08,EMM_EPM0_PTE_NUS_DPG,2.045
2004-11-08,EMM_EPMR_PTE_NUS_DPG,2.001
2004-11-15,EMM_EPM0_PTE_NUS_DPG,2.014
2004-11-15,EMM_EPMR_PTE_NUS_DPG,1.969
2004-11-22,EMM_EPM0_PTE_NUS_DPG,1.992
2004-11-22,EMM_EPMR_PTE_NUS_DPG,1.948
2004-11-29,EMM_EPM0_PTE_NUS_DPG,1.989
2004-11-29,EMM_EPMR_PTE_NUS_DPG,1.945
2004-12-06,EMM_EPM0_PTE_NUS_DPG,1.956
2004-12-06,EMM_EPMR_PTE_NUS_DPG,1.911
2004-12-13,EMM_EPM0_PTE_NUS_DPG,1.893
2004-12-13,EMM_EPMR_PTE_NUS_DPG,1.847
2004-12-20,EMM_EPM0_PTE_NUS_DPG,1.861
2004-12-20,EMM_EPMR_PTE_NUS_DPG,1.815
2004-12-27,EMM_EPM0_PTE_NUS_DPG,1.838
2004-12-27,EMM_EPMR_PTE_NUS_DPG,1.791
2005-01-03,EMM_EPM0_PTE_NUS_DPG,1.824
2005-01-03,EMM_EPMR_PTE_NUS_DPG,1.778
2005-01-10,EMM_EPM0_PTE_NUS_DPG,1.837
2005-01-10,EMM_EPMR_PTE_NUS_DPG,1.793
2005-01-17,EMM_EPM0_PTE_NUS_DPG,1.863
2005-01-17,EMM_EPMR_PTE_NUS_DPG,1.819
2005-01-24,EMM_EPM0_PTE_NUS_DPG,1.896
2005-01-24,EMM_EPMR_PTE_NUS_DPG,1.853
2005-01-31,EMM_EPM0_PTE_NUS_DPG,1.953
2005-01-31,EMM_EPMR_PTE_NUS_DPG,1.911
2005-02-07,EMM_EPM0_PTE_NUS_DPG,1.952
2005-02-07,EMM_EPMR_PTE_NUS_DPG,1.909
2005-02-14,EMM_EPM0_PTE_NUS_DPG,1.941
2005-02-14,EMM_EPMR_PTE_NUS_DPG,1.898
2005-02-21,EMM_EPM0_PTE_NUS_DPG,1.948
2005-02-21,EMM_EPMR_PTE_NUS_DPG,1.905
2005-02-28,EMM_EPM0_PTE_NUS_DPG,1.969
2005-02-28,EMM_EPMR_PTE_NUS_DPG,1.928
2005-03-07,EMM_EPM0_PTE_NUS_DPG,2.04
2005-03-07,EMM_EPMR_PTE_NUS_DPG,1.999
2005-03-14,EMM_EPM0_PTE_NUS_DPG,2.098
2005-03-14,EMM_EPMR_PTE_NUS_DPG,2.056
2005-03-21,EMM_EPM0_PTE_NUS_DPG,2.149
2005-03-21,EMM_EPMR_PTE_NUS_DPG,2.109
2005-03-28,EMM_EPM0_PTE_NUS_DPG,2.194
2005-03-28,EMM_EPMR_PTE_NUS_DPG,2.153
2005-04-04,EMM_EPM0_PTE_NUS_DPG,2.258
2005-04-04,EMM_EPMR_PTE_NUS_DPG,2.217
2005-04-11,EMM_EPM0_PTE_NUS_DPG,2.321
2005-04-11,EMM_EPMR_PTE_NUS_DPG,2.28
2005-04-18,EMM_EPM0_PTE_NUS_DPG,2.28
2005-04-18,EMM_EPMR_PTE_NUS_DPG,2.237
2005-04-25,EMM_EPM0_PTE_NUS_DPG,2.279
2005-04-25,EMM_EPMR_PTE_NUS_DPG,2.236
2005-05-02,EMM_EPM0_PTE_NUS_DPG,2.277
2005-05-02,EMM_EPMR_PTE_NUS_DPG,2.235
2005-05-09,EMM_EPM0_PTE_NUS_DPG,2.231
2005-05-09,EMM_EPMR_PTE_NUS_DPG,2.186
2005-05-16,EMM_EPM0_PTE_NUS_DPG,2.206
2005-05-16,EMM_EPMR_PTE_NUS_DPG,2.163
2005-05-23,EMM_EPM0_PTE_NUS_DPG,2.169
2005-05-23,EMM_EPMR_PTE_NUS_DPG,2.125
2005-05-30,EMM_EPM0_PTE_NUS_DPG,2.141
2005-05-30,EMM_EPMR_PTE_NUS_DPG,2.097
2005-06-06,EMM_EPM0_PTE_NUS_DPG,2.159
2005-06-06,EMM_EPMR_PTE_NUS_DPG,2.116
2005-06-13,EMM_EPM0_PTE_NUS_DPG,2.173
2005-06-13,EMM_EPMR_PTE_NUS_DPG,2.13
2005-06-20,EMM_EPM0_PTE_NUS_DPG,2.204
2005-06-20,EMM_EPMR_PTE_NUS_DPG,2.161
2005-06-27,EMM_EPM0_PTE_NUS_DPG,2.257
2005-06-27,EMM_EPMR_PTE_NUS_DPG,2.215
2005-07-04,EMM_EPM0_PTE_NUS_DPG,2.268
2005-07-04,EMM_EPMR_PTE_NUS_DPG,2.226
2005-07-11,EMM_EPM0_PTE_NUS_DPG,2.369
2005-07-11,EMM_EPMR_PTE_NUS_DPG,2.328
2005-07-18,EMM_EPM0_PTE_NUS_DPG,2.36
2005-07-18,EMM_EPMR_PTE_NUS_DPG,2.317
2005-07-25,EMM_EPM0_PTE_NUS_DPG,2.333
2005-07-25,EMM_EPMR_PTE_NUS_DPG,2.289
2005-08-01,EMM_EPM0_PTE_NUS_DPG,2.335
2005-08-01,EMM_EPMR_PTE_NUS_DPG,2.291
2005-08-08,EMM_EPM0_PTE_NUS_DPG,2.41
2005-08-08,EMM_EPMR_PTE_NUS_DPG,2.368
2005-08-15,EMM_EPM0_PTE_NUS_DPG,2.592
2005-08-15,EMM_EPMR_PTE_NUS_DPG,2.55
2005-08-22,EMM_EPM0_PTE_NUS_DPG,2.654
2005-08-22,EMM_EPMR_PTE_NUS_DPG,2.612
2005-08-29,EMM_EPM0_PTE_NUS_DPG,2.653
2005-08-29,EMM_EPMR_PTE_NUS_DPG,2.61
2005-09-05,EMM_EPM0_PTE_NUS_DPG,3.117
2005-09-05,EMM_EPMR_PTE_NUS_DPG,3.069
2005-09-12,EMM_EPM0_PTE_NUS_DPG,3.002
2005-09-12,EMM_EPMR_PTE_NUS_DPG,2.955
2005-09-19,EMM_EPM0_PTE_NUS_DPG,2.835
2005-09-19,EMM_EPMR_PTE_NUS_DPG,2.786
2005-09-26,EMM_EPM0_PTE_NUS_DPG,2.851
2005-09-26,EMM_EPMR_PTE_NUS_DPG,2.803
2005-10-03,EMM_EPM0_PTE_NUS_DPG,2.975
2005-10-03,EMM_EPMR_PTE_NUS_DPG,2.928
2005-10-10,EMM_EPM0_PTE_NUS_DPG,2.896
2005-10-10,EMM_EPMR_PTE_NUS_DPG,2.848
2005-10-17,EMM_EPM0_PTE_NUS_DPG,2.775
2005-10-17,EMM_EPMR_PTE_NUS_DPG,2.725
2005-10-24,EMM_EPM0_PTE_NUS_DPG,2.652
2005-10-24,EMM_EPMR_PTE_NUS_DPG,2.603
2005-10-31,EMM_EPM0_PTE_NUS_DPG,2.528
2005-10-31,EMM_EPMR_PTE_NUS_DPG,2.48
2005-11-07,EMM_EPM0_PTE_NUS_DPG,2.424
2005-11-07,EMM_EPMR_PTE_NUS_DPG,2.376
2005-11-14,EMM_EPM0_PTE_NUS_DPG,2.342
2005-11-14,EMM_EPMR_PTE_NUS_DPG,2.296
2005-11-21,EMM_EPM0_PTE_NUS_DPG,2.247
2005-11-21,EMM_EPMR_PTE_NUS_DPG,2.201
2005-11-28,EMM_EPM0_PTE_NUS_DPG,2.2
2005-11-28,EMM_EPMR_PTE_NUS_DPG,2.154
2005-12-05,EMM_EPM0_PTE_NUS_DPG,2.191
2005-12-05,EMM_EPMR_PTE_NUS_DPG,2.147
2005-12-12,EMM_EPM0_PTE_NUS_DPG,2.228
2005-12-12,EMM_EPMR_PTE_NUS_DPG,2.185
2005-12-19,EMM_EPM0_PTE_NUS_DPG,2.255
2005-12-19,EMM_EPMR_PTE_NUS_DPG,2.211
2005-12-26,EMM_EPM0_PTE_NUS_DPG,2.241
2005-12-26,EMM_EPMR_PTE_NUS_DPG,2.197
2006-01-02,EMM_EPM0_PTE_NUS_DPG,2.281
2006-01-02,EMM_EPMR_PTE_NUS_DPG,2.238
2006-01-09,EMM_EPM0_PTE_NUS_DPG,2.371
2006-01-09,EMM_EPMR_PTE_NUS_DPG,2.327
2006-01-16,EMM_EPM0_PTE_NUS_DPG,2.366
2006-01-16,EMM_EPMR_PTE_NUS_DPG,2.32
2006-01-23,EMM_EPM0_PTE_NUS_DPG,2.382
2006-01-23,EMM_EPMR_PTE_NUS_DPG,2.336
2006-01-30,EMM_EPM0_PTE_NUS_DPG,2.402
2006-01-30,EMM_EPMR_PTE_NUS_DPG,2.357
2006-02-06,EMM_EPM0_PTE_NUS_DPG,2.388
2006-02-06,EMM_EPMR_PTE_NUS_DPG,2.342
2006-02-13,EMM_EPM0_PTE_NUS_DPG,2.331
2006-02-13,EMM_EPMR_PTE_NUS_DPG,2.284
2006-02-20,EMM_EPM0_PTE_NUS_DPG,2.286
2006-02-20,EMM_EPMR_PTE_NUS_DPG,2.24
2006-02-27,EMM_EPM0_PTE_NUS_DPG,2.298
2006-02-27,EMM_EPMR_PTE_NUS_DPG,2.254
2006-03-06,EMM_EPM0_PTE_NUS_DPG,2.373
2006-03-06,EMM_EPMR_PTE_NUS_DPG,2.331
2006-03-13,EMM_EPM0_PTE_NUS_DPG,2.408
2006-03-13,EMM_EPMR_PTE_NUS_DPG,2.366
2006-03-20,EMM_EPM0_PTE_NUS_DPG,2.548
2006-03-20,EMM_EPMR_PTE_NUS_DPG,2.504
2006-03-27,EMM_EPM0_PTE_NUS_DPG,2.542
2006-03-27,EMM_EPMR_PTE_NUS_DPG,2.498
2006-04-03,EMM_EPM0_PTE_NUS_DPG,2.631
2006-04-03,EMM_EPMR_PTE_NUS_DPG,2.588
2006-04-10,EMM_EPM0_PTE_NUS_DPG,2.727
2006-04-10,EMM_EPMR_PTE_NUS_DPG,2.683
2006-04-17,EMM_EPM0_PTE_NUS_DPG,2.828
2006-04-17,EMM_EPMR_PTE_NUS_DPG,2.783
2006-04-24,EMM_EPM0_PTE_NUS_DPG,2.96
2006-04-24,EMM_EPMR_PTE_NUS_DPG,2.914
2006-05-01,EMM_EPM0_PTE_NUS_DPG,2.966
2006-05-01,EMM_EPMR_PTE_NUS_DPG,2.919
2006-05-08,EMM_EPM0_PTE_NUS_DPG,2.955
2006-05-08,EMM_EPMR_PTE_NUS_DPG,2.909
2006-05-15,EMM_EPM0_PTE_NUS_DPG,2.992
2006-05-15,EMM_EPMR_PTE_NUS_DPG,2.947
2006-05-22,EMM_EPM0_PTE_NUS_DPG,2.938
2006-05-22,EMM_EPMR_PTE_NUS_DPG,2.892
2006-05-29,EMM_EPM0_PTE_NUS_DPG,2.913
2006-05-29,EMM_EPMR_PTE_NUS_DPG,2.867
2006-06-05,EMM_EPM0_PTE_NUS_DPG,2.937
2006-06-05,EMM_EPMR_PTE_NUS_DPG,2.892
2006-06-12,EMM_EPM0_PTE_NUS_DPG,2.951
2006-06-12,EMM_EPMR_PTE_NUS_DPG,2.906
2006-06-19,EMM_EPM0_PTE_NUS_DPG,2.917
2006-06-19,EMM_EPMR_PTE_NUS_DPG,2.871
2006-06-26,EMM_EPM0_PTE_NUS_DPG,2.914
2006-06-26,EMM_EPMR_PTE_NUS_DPG,2.869
2006-07-03,EMM_EPM0_PTE_NUS_DPG,2.979
2006-07-03,EMM_EPMR_PTE_NUS_DPG,2.934
2006-07-10,EMM_EPM0_PTE_NUS_DPG,3.017
2006-07-10,EMM_EPMR_PTE_NUS_DPG,2.973
2006-07-17,EMM_EPM0_PTE_NUS_DPG,3.033
2006-07-17,EMM_EPMR_PTE_NUS_DPG,2.989
2006-07-24,EMM_EPM0_PTE_NUS_DPG,3.048
2006-07-24,EMM_EPMR_PTE_NUS_DPG,3.003
2006-07-31,EMM_EPM0_PTE_NUS_DPG,3.05
2006-07-31,EMM_EPMR_PTE_NUS_DPG,3.004
2006-08-07,EMM_EPM0_PTE_NUS_DPG,3.083
2006-08-07,EMM_EPMR_PTE_NUS_DPG,3.038
2006-08-14,EMM_EPM0_PTE_NUS_DPG,3.047
2006-08-14,EMM_EPMR_PTE_NUS_DPG,3
2006-08-21,EMM_EPM0_PTE_NUS_DPG,2.971
2006-08-21,EMM_EPMR_PTE_NUS_DPG,2.924
2006-08-28,EMM_EPM0_PTE_NUS_DPG,2.893
2006-08-28,EMM_EPMR_PTE_NUS_DPG,2.845
2006-09-04,EMM_EPM0_PTE_NUS_DPG,2.777
2006-09-04,EMM_EPMR_PTE_NUS_DPG,2.727
2006-09-11,EMM_EPM0_PTE_NUS_DPG,2.67
2006-09-11,EMM_EPMR_PTE_NUS_DPG,2.618
2006-09-18,EMM_EPM0_PTE_NUS_DPG,2.549
2006-09-18,EMM_EPMR_PTE_NUS_DPG,2.497
2006-09-25,EMM_EPM0_PTE_NUS_DPG,2.429
2006-09-25,EMM_EPMR_PTE_NUS_DPG,2.378
2006-10-02,EMM_EPM0_PTE_NUS_DPG,2.36
2006-10-02,EMM_EPMR_PTE_NUS_DPG,2.31
2006-10-09,EMM_EPM0_PTE_NUS_DPG,2.31
2006-10-09,EMM_EPMR_PTE_NUS_DPG,2.261
2006-10-16,EMM_EPM0_PTE_NUS_DPG,2.274
2006-10-16,EMM_EPMR_PTE_NUS_DPG,2.226
2006-10-23,EMM_EPM0_PTE_NUS_DPG,2.255
2006-10-23,EMM_EPMR_PTE_NUS_DPG,2.208
2006-10-30,EMM_EPM0_PTE_NUS_DPG,2.264
2006-10-30,EMM_EPMR_PTE_NUS_DPG,2.218
2006-11-06,EMM_EPM0_PTE_NUS_DPG,2.246
2006-11-06,EMM_EPMR_PTE_NUS_DPG,2.2
2006-11-13,EMM_EPM0_PTE_NUS_DPG,2.278
2006-11-13,EMM_EPMR_PTE_NUS_DPG,2.232
2006-11-20,EMM_EPM0_PTE_NUS_DPG,2.285
2006-11-20,EMM_EPMR_PTE_NUS_DPG,2.239
2006-11-27,EMM_EPM0_PTE_NUS_DPG,2.292
2006-11-27,EMM_EPMR_PTE_NUS_DPG,2.246
2006-12-04,EMM_EPM0_PTE_NUS_DPG,2.342
2006-12-04,EMM_EPMR_PTE_NUS_DPG,2.297
2006-12-11,EMM_EPM0_PTE_NUS_DPG,2.34
2006-12-11,EMM_EPMR_PTE_NUS_DPG,2.293
2006-12-18,EMM_EPM0_PTE_NUS_DPG,2.366
2006-12-18,EMM_EPMR_PTE_NUS_DPG,2.32
2006-12-25,EMM_EPM0_PTE_NUS_DPG,2.387
2006-12-25,EMM_EPMR_PTE_NUS_DPG,2.341
2007-01-01,EMM_EPM0_PTE_NUS_DPG,2.382
2007-01-01,EMM_EPMR_PTE_NUS_DPG,2.334
2007-01-08,EMM_EPM0_PTE_NUS_DPG,2.354
2007-01-08,EMM_EPMR_PTE_NUS_DPG,2.306
2007-01-15,EMM_EPM0_PTE_NUS_DPG,2.28
2007-01-15,EMM_EPMR_PTE_NUS_DPG,2.229
2007-01-22,EMM_EPM0_PTE_NUS_DPG,2.216
2007-01-22,EMM_EPMR_PTE_NUS_DPG,2.165
2007-01-29,EMM_EPM0_PTE_NUS_DPG,2.213
2007-01-29,EMM_EPMR_PTE_NUS_DPG,2.165
2007-02-05,EMM_EPM0_PTE_NUS_DPG,2.237
2007-02-05,EMM_EPMR_PTE_NUS_DPG,2.191
2007-02-12,EMM_EPM0_PTE_NUS_DPG,2.287
2007-02-12,EMM_EPMR_PTE_NUS_DPG,2.241
2007-02-19,EMM_EPM0_PTE_NUS_DPG,2.341
2007-02-19,EMM_EPMR_PTE_NUS_DPG,2.296
2007-02-26,EMM_EPM0_PTE_NUS_DPG,2.428
2007-02-26,EMM_EPMR_PTE_NUS_DPG,2.383
2007-03-05,EMM_EPM0_PTE_NUS_DPG,2.551
2007-03-05,EMM_EPMR_PTE_NUS_DPG,2.505
2007-03-12,EMM_EPM0_PTE_NUS_DPG,2.605
2007-03-12,EMM_EPMR_PTE_NUS_DPG,2.559
2007-03-19,EMM_EPM0_PTE_NUS_DPG,2.623
2007-03-19,EMM_EPMR_PTE_NUS_DPG,2.577
2007-03-26,EMM_EPM0_PTE_NUS_DPG,2.655
2007-03-26,EMM_EPMR_PTE_NUS_DPG,2.61
2007-04-02,EMM_EPM0_PTE_NUS_DPG,2.753
2007-04-02,EMM_EPMR_PTE_NUS_DPG,2.707
2007-04-09,EMM_EPM0_PTE_NUS_DPG,2.848
2007-04-09,EMM_EPMR_PTE_NUS_DPG,2.802
2007-04-16,EMM_EPM0_PTE_NUS_DPG,2.922
2007-04-16,EMM_EPMR_PTE_NUS_DPG,2.876
2007-04-23,EMM_EPM0_PTE_NUS_DPG,2.917
2007-04-23,EMM_EPMR_PTE_NUS_DPG,2.869
2007-04-30,EMM_EPM0_PTE_NUS_DPG,3.017
2007-04-30,EMM_EPMR_PTE_NUS_DPG,2.971
2007-05-07,EMM_EPM0_PTE_NUS_DPG,3.097
2007-05-07,EMM_EPMR_PTE_NUS_DPG,3.054
2007-05-14,EMM_EPM0_PTE_NUS_DPG,3.143
2007-05-14,EMM_EPMR_PTE_NUS_DPG,3.103
2007-05-21,EMM_EPM0_PTE_NUS_DPG,3.258
2007-05-21,EMM_EPMR_PTE_NUS_DPG,3.218
2007-05-28,EMM_EPM0_PTE_NUS_DPG,3.25
2007-05-28,EMM_EPMR_PTE_NUS_DPG,3.209
2007-06-04,EMM_EPM0_PTE_NUS_DPG,3.2
2007-06-04,EMM_EPMR_PTE_NUS_DPG,3.157
2007-06-11,EMM_EPM0_PTE_NUS_DPG,3.122
2007-06-11,EMM_EPMR_PTE_NUS_DPG,3.076
2007-06-18,EMM_EPM0_PTE_NUS_DPG,3.057
2007-06-18,EMM_EPMR_PTE_NUS_DPG,3.009
2007-06-25,EMM_EPM0_PTE_NUS_DPG,3.029
2007-06-25,EMM_EPMR_PTE_NUS_DPG,2.982
2007-07-02,EMM_EPM0_PTE_NUS_DPG,3.005
2007-07-02,EMM_EPMR_PTE_NUS_DPG,2.959
2007-07-09,EMM_EPM0_PTE_NUS_DPG,3.026
2007-07-09,EMM_EPMR_PTE_NUS_DPG,2.981
2007-07-16,EMM_EPM0_PTE_NUS_DPG,3.092
2007-07-16,EMM_EPMR_PTE_NUS_DPG,3.049
2007-07-23,EMM_EPM0_PTE_NUS_DPG,3.005
2007-07-23,EMM_EPMR_PTE_NUS_DPG,2.958
2007-07-30,EMM_EPM0_PTE_NUS_DPG,2.926
2007-07-30,EMM_EPMR_PTE_NUS_DPG,2.876
2007-08-06,EMM_EPM0_PTE_NUS_DPG,2.888
2007-08-06,EMM_EPMR_PTE_NUS_DPG,2.838
2007-08-13,EMM_EPM0_PTE_NUS_DPG,2.821
2007-08-13,EMM_EPMR_PTE_NUS_DPG,2.771
2007-08-20,EMM_EPM0_PTE_NUS_DPG,2.832
2007-08-20,EMM_EPMR_PTE_NUS_DPG,2.785
2007-08-27,EMM_EPM0_PTE_NUS_DPG,2.796
2007-08-27,EMM_EPMR_PTE_NUS_DPG,2.749
2007-09-03,EMM_EPM0_PTE_NUS_DPG,2.84
2007-09-03,EMM_EPMR_PTE_NUS_DPG,2.796
2007-09-10,EMM_EPM0_PTE_NUS_DPG,2.862
2007-09-10,EMM_EPMR_PTE_NUS_DPG,2.818
2007-09-17,EMM_EPM0_PTE_NUS_DPG,2.835
2007-09-17,EMM_EPMR_PTE_NUS_DPG,2.787
2007-09-24,EMM_EPM0_PTE_NUS_DPG,2.86
2007-09-24,EMM_EPMR_PTE_NUS_DPG,2.812
2007-10-01,EMM_EPM0_PTE_NUS_DPG,2.838
2007-10-01,EMM_EPMR_PTE_NUS_DPG,2.788
2007-10-08,EMM_EPM0_PTE_NUS_DPG,2.821
2007-10-08,EMM_EPMR_PTE_NUS_DPG,2.77
2007-10-15,EMM_EPM0_PTE_NUS_DPG,2.813
2007-10-15,EMM_EPMR_PTE_NUS_DPG,2.762
2007-10-22,EMM_EPM0_PTE_NUS_DPG,2.873
2007-10-22,EMM_EPMR_PTE_NUS_DPG,2.823
2007-10-29,EMM_EPM0_PTE_NUS_DPG,2.921
2007-10-29,EMM_EPMR_PTE_NUS_DPG,2.872
2007-11-05,EMM_EPM0_PTE_NUS_DPG,3.06
2007-11-05,EMM_EPMR_PTE_NUS_DPG,3.013
2007-11-12,EMM_EPM0_PTE_NUS_DPG,3.158
2007-11-12,EMM_EPMR_PTE_NUS_DPG,3.111
2007-11-19,EMM_EPM0_PTE_NUS_DPG,3.148
2007-11-19,EMM_EPMR_PTE_NUS_DPG,3.099
2007-11-26,EMM_EPM0_PTE_NUS_DPG,3.147
2007-11-26,EMM_EPMR_PTE_NUS_DPG,3.097
2007-12-03,EMM_EPM0_PTE_NUS_DPG,3.113
2007-12-03,EMM_EPMR_PTE_NUS_DPG,3.061
2007-12-10,EMM_EPM0_PTE_NUS_DPG,3.053
2007-12-10,EMM_EPMR_PTE_NUS_DPG,3
2007-12-17,EMM_EPM0_PTE_NUS_DPG,3.05
2007-12-17,EMM_EPMR_PTE_NUS_DPG,2.998
2007-12-24,EMM_EPM0_PTE_NUS_DPG,3.032
2007-12-24,EMM_EPMR_PTE_NUS_DPG,2.98
2007-12-31,EMM_EPM0_PTE_NUS_DPG,3.104
2007-12-31,EMM_EPMR_PTE_NUS_DPG,3.053
2008-01-07,EMM_EPM0_PTE_NUS_DPG,3.159
2008-01-07,EMM_EPMR_PTE_NUS_DPG,3.109
2008-01-14,EMM_EPM0_PTE_NUS_DPG,3.119
2008-01-14,EMM_EPMR_PTE_NUS_DPG,3.068
2008-01-21,EMM_EPM0_PTE_NUS_DPG,3.07
2008-01-21,EMM_EPMR_PTE_NUS_DPG,3.017
2008-01-28,EMM_EPM0_PTE_NUS_DPG,3.03
2008-01-28,EMM_EPMR_PTE_NUS_DPG,2.977
2008-02-04,EMM_EPM0_PTE_NUS_DPG,3.03
2008-02-04,EMM_EPMR_PTE_NUS_DPG,2.978
2008-02-11,EMM_EPM0_PTE_NUS_DPG,3.011
2008-02-11,EMM_EPMR_PTE_NUS_DPG,2.96
2008-02-18,EMM_EPM0_PTE_NUS_DPG,3.092
2008-02-18,EMM_EPMR_PTE_NUS_DPG,3.042
2008-02-25,EMM_EPM0_PTE_NUS_DPG,3.18
2008-02-25,EMM_EPMR_PTE_NUS_DPG,3.13
2008-03-03,EMM_EPM0_PTE_NUS_DPG,3.212
2008-03-03,EMM_EPMR_PTE_NUS_DPG,3.162
2008-03-10,EMM_EPM0_PTE_NUS_DPG,3.273
2008-03-10,EMM_EPMR_PTE_NUS_DPG,3.225
2008-03-17,EMM_EPM0_PTE_NUS_DPG,3.332
2008-03-17,EMM_EPMR_PTE_NUS_DPG,3.284
2008-03-24,EMM_EPM0_PTE_NUS_DPG,3.31
2008-03-24,EMM_EPMR_PTE_NUS_DPG,3.259
2008-03-31,EMM_EPM0_PTE_NUS_DPG,3.339
2008-03-31,EMM_EPMR_PTE_NUS_DPG,3.29
2008-04-07,EMM_EPM0_PTE_NUS_DPG,3.381
2008-04-07,EMM_EPMR_PTE_NUS_DPG,3.332
2008-04-14,EMM_EPM0_PTE_NUS_DPG,3.438
2008-04-14,EMM_EPMR_PTE_NUS_DPG,3.389
2008-04-21,EMM_EPM0_PTE_NUS_DPG,3.557
2008-04-21,EMM_EPMR_PTE_NUS_DPG,3.508
2008-04-28,EMM_EPM0_PTE_NUS_DPG,3.653
2008-04-28,EMM_EPMR_PTE_NUS_DPG,3.603
2008-05-05,EMM_EPM0_PTE_NUS_DPG,3.663
2008-05-05,EMM_EPMR_PTE_NUS_DPG,3.613
2008-05-12,EMM_EPM0_PTE_NUS_DPG,3.771
2008-05-12,EMM_EPMR_PTE_NUS_DPG,3.722
2008-05-19,EMM_EPM0_PTE_NUS_DPG,3.84
2008-05-19,EMM_EPMR_PTE_NUS_DPG,3.791
2008-05-26,EMM_EPM0_PTE_NUS_DPG,3.986
2008-05-26,EMM_EPMR_PTE_NUS_DPG,3.937
2008-06-02,EMM_EPM0_PTE_NUS_DPG,4.026
2008-06-02,EMM_EPMR_PTE_NUS_DPG,3.976
2008-06-09,EMM_EPM0_PTE_NUS_DPG,4.09
2008-06-09,EMM_EPMR_PTE_NUS_DPG,4.039
2008-06-16,EMM_EPM0_PTE_NUS_DPG,4.134
2008-06-16,EMM_EPMR_PTE_NUS_DPG,4.082
2008-06-23,EMM_EPM0_PTE_NUS_DPG,4.131
2008-06-23,EMM_EPMR_PTE_NUS_DPG,4.079
2008-06-30,EMM_EPM0_PTE_NUS_DPG,4.146
2008-06-30,EMM_EPMR_PTE_NUS_DPG,4.095
2008-07-07,EMM_EPM0_PTE_NUS_DPG,4.165
2008-07-07,EMM_EPMR_PTE_NUS_DPG,4.114
2008-07-14,EMM_EPM0_PTE_NUS_DPG,4.164
2008-07-14,EMM_EPMR_PTE_NUS_DPG,4.113
2008-07-21,EMM_EPM0_PTE_NUS_DPG,4.118
2008-07-21,EMM_EPMR_PTE_NUS_DPG,4.064
2008-07-28,EMM_EPM0_PTE_NUS_DPG,4.01
2008-07-28,EMM_EPMR_PTE_NUS_DPG,3.955
2008-08-04,EMM_EPM0_PTE_NUS_DPG,3.935
2008-08-04,EMM_EPMR_PTE_NUS_DPG,3.88
2008-08-11,EMM_EPM0_PTE_NUS_DPG,3.864
2008-08-11,EMM_EPMR_PTE_NUS_DPG,3.809
2008-08-18,EMM_EPM0_PTE_NUS_DPG,3.794
2008-08-18,EMM_EPMR_PTE_NUS_DPG,3.74
2008-08-25,EMM_EPM0_PTE_NUS_DPG,3.738
2008-08-25,EMM_EPMR_PTE_NUS_DPG,3.685
2008-09-01,EMM_EPM0_PTE_NUS_DPG,3.733
2008-09-01,EMM_EPMR_PTE_NUS_DPG,3.68
2008-09-08,EMM_EPM0_PTE_NUS_DPG,3.701
2008-09-08,EMM_EPMR_PTE_NUS_DPG,3.648
2008-09-15,EMM_EPM0_PTE_NUS_DPG,3.887
2008-09-15,EMM_EPMR_PTE_NUS_DPG,3.835
2008-09-22,EMM_EPM0_PTE_NUS_DPG,3.772
2008-09-22,EMM_EPMR_PTE_NUS_DPG,3.718
2008-09-29,EMM_EPM0_PTE_NUS_DPG,3.687
2008-09-29,EMM_EPMR_PTE_NUS_DPG,3.632
2008-10-06,EMM_EPM0_PTE_NUS_DPG,3.543
2008-10-06,EMM_EPMR_PTE_NUS_DPG,3.484
2008-10-13,EMM_EPM0_PTE_NUS_DPG,3.213
2008-10-13,EMM_EPMR_PTE_NUS_DPG,3.151
2008-10-20,EMM_EPM0_PTE_NUS_DPG,2.974
2008-10-20,EMM_EPMR_PTE_NUS_DPG,2.914
2008-10-27,EMM_EPM0_PTE_NUS_DPG,2.718
2008-10-27,EMM_EPMR_PTE_NUS_DPG,2.656
2008-11-03,EMM_EPM0_PTE_NUS_DPG,2.462
2008-11-03,EMM_EPMR_PTE_NUS_DPG,2.4
2008-11-10,EMM_EPM0_PTE_NUS_DPG,2.284
2008-11-10,EMM_EPMR_PTE_NUS_DPG,2.224
2008-11-17,EMM_EPM0_PTE_NUS_DPG,2.132
2008-11-17,EMM_EPMR_PTE_NUS_DPG,2.072
2008-11-24,EMM_EPM0_PTE_NUS_DPG,1.952
2008-11-24,EMM_EPMR_PTE_NUS_DPG,1.892
2008-12-01,EMM_EPM0_PTE_NUS_DPG,1.87
2008-12-01,EMM_EPMR_PTE_NUS_DPG,1.811
2008-12-08,EMM_EPM0_PTE_NUS_DPG,1.758
2008-12-08,EMM_EPMR_PTE_NUS_DPG,1.699
2008-12-15,EMM_EPM0_PTE_NUS_DPG,1.716
2008-12-15,EMM_EPMR_PTE_NUS_DPG,1.659
2008-12-22,EMM_EPM0_PTE_NUS_DPG,1.71
2008-12-22,EMM_EPMR_PTE_NUS_DPG,1.653
2008-12-29,EMM_EPM0_PTE_NUS_DPG,1.67
2008-12-29,EMM_EPMR_PTE_NUS_DPG,1.613
2009-01-05,EMM_EPM0_PTE_NUS_DPG,1.737
2009-01-05,EMM_EPMR_PTE_NUS_DPG,1.684
2009-01-12,EMM_EPM0_PTE_NUS_DPG,1.835
2009-01-12,EMM_EPMR_PTE_NUS_DPG,1.784
2009-01-19,EMM_EPM0_PTE_NUS_DPG,1.898
2009-01-19,EMM_EPMR_PTE_NUS_DPG,1.847
2009-01-26,EMM_EPM0_PTE_NUS_DPG,1.89
2009-01-26,EMM_EPMR_PTE_NUS_DPG,1.838
2009-02-02,EMM_EPM0_PTE_NUS_DPG,1.944
2009-02-02,EMM_EPMR_PTE_NUS_DPG,1.892
2009-02-09,EMM_EPM0_PTE_NUS_DPG,1.978
2009-02-09,EMM_EPMR_PTE_NUS_DPG,1.926
2009-02-16,EMM_EPM0_PTE_NUS_DPG,2.016
2009-02-16,EMM_EPMR_PTE_NUS_DPG,1.964
2009-02-23,EMM_EPM0_PTE_NUS_DPG,1.963
2009-02-23,EMM_EPMR_PTE_NUS_DPG,1.909
2009-03-02,EMM_EPM0_PTE_NUS_DPG,1.988
2009-03-02,EMM_EPMR_PTE_NUS_DPG,1.934
2009-03-09,EMM_EPM0_PTE_NUS_DPG,1.993
2009-03-09,EMM_EPMR_PTE_NUS_DPG,1.941
2009-03-16,EMM_EPM0_PTE_NUS_DPG,1.964
2009-03-16,EMM_EPMR_PTE_NUS_DPG,1.91
2009-03-23,EMM_EPM0_PTE_NUS_DPG,2.014
2009-03-23,EMM_EPMR_PTE_NUS_DPG,1.962
2009-03-30,EMM_EPM0_PTE_NUS_DPG,2.097
2009-03-30,EMM_EPMR_PTE_NUS_DPG,2.046
2009-04-06,EMM_EPM0_PTE_NUS_DPG,2.09
2009-04-06,EMM_EPMR_PTE_NUS_DPG,2.037
2009-04-13,EMM_EPM0_PTE_NUS_DPG,2.104
2009-04-13,EMM_EPMR_PTE_NUS_DPG,2.051
2009-04-20,EMM_EPM0_PTE_NUS_DPG,2.112
2009-04-20,EMM_EPMR_PTE_NUS_DPG,2.059
2009-04-27,EMM_EPM0_PTE_NUS_DPG,2.102
2009-04-27,EMM_EPMR_PTE_NUS_DPG,2.049
2009-05-04,EMM_EPM0_PTE_NUS_DPG,2.129
2009-05-04,EMM_EPMR_PTE_NUS_DPG,2.078
2009-05-11,EMM_EPM0_PTE_NUS_DPG,2.29
2009-05-11,EMM_EPMR_PTE_NUS_DPG,2.24
2009-05-18,EMM_EPM0_PTE_NUS_DPG,2.36
2009-05-18,EMM_EPMR_PTE_NUS_DPG,2.309
2009-05-25,EMM_EPM0_PTE_NUS_DPG,2.485
2009-05-25,EMM_EPMR_PTE_NUS_DPG,2.435
2009-06-01,EMM_EPM0_PTE_NUS_DPG,2.572
2009-06-01,EMM_EPMR_PTE_NUS_DPG,2.524
2009-06-08,EMM_EPM0_PTE_NUS_DPG,2.673
2009-06-08,EMM_EPMR_PTE_NUS_DPG,2.624
2009-06-15,EMM_EPM0_PTE_NUS_DPG,2.722
2009-06-15,EMM_EPMR_PTE_NUS_DPG,2.672
2009-06-22,EMM_EPM0_PTE_NUS_DPG,2.743
2009-06-22,EMM_EPMR_PTE_NUS_DPG,2.691
2009-06-29,EMM_EPM0_PTE_NUS_DPG,2.695
2009-06-29,EMM_EPMR_PTE_NUS_DPG,2.642
2009-07-06,EMM_EPM0_PTE_NUS_DPG,2.666
2009-07-06,EMM_EPMR_PTE_NUS_DPG,2.612
2009-07-13,EMM_EPM0_PTE_NUS_DPG,2.584
2009-07-13,EMM_EPMR_PTE_NUS_DPG,2.528
2009-07-20,EMM_EPM0_PTE_NUS_DPG,2.519
2009-07-20,EMM_EPMR_PTE_NUS_DPG,2.463
2009-07-27,EMM_EPM0_PTE_NUS_DPG,2.557
2009-07-27,EMM_EPMR_PTE_NUS_DPG,2.503
2009-08-03,EMM_EPM0_PTE_NUS_DPG,2.61
2009-08-03,EMM_EPMR_PTE_NUS_DPG,2.557
2009-08-10,EMM_EPM0_PTE_NUS_DPG,2.7
2009-08-10,EMM_EPMR_PTE_NUS_DPG,2.647
2009-08-17,EMM_EPM0_PTE_NUS_DPG,2.691
2009-08-17,EMM_EPMR_PTE_NUS_DPG,2.637
2009-08-24,EMM_EPM0_PTE_NUS_DPG,2.682
2009-08-24,EMM_EPMR_PTE_NUS_DPG,2.628
2009-08-31,EMM_EPM0_PTE_NUS_DPG,2.667
2009-08-31,EMM_EPMR_PTE_NUS_DPG,2.613
2009-09-07,EMM_EPM0_PTE_NUS_DPG,2.642
2009-09-07,EMM_EPMR_PTE_NUS_DPG,2.588
2009-09-14,EMM_EPM0_PTE_NUS_DPG,2.632
2009-09-14,EMM_EPMR_PTE_NUS_DPG,2.577
2009-09-21,EMM_EPM0_PTE_NUS_DPG,2.607
2009-09-21,EMM_EPMR_PTE_NUS_DPG,2.552
2009-09-28,EMM_EPM0_PTE_NUS_DPG,2.554
2009-09-28,EMM_EPMR_PTE_NUS_DPG,2.499
2009-10-05,EMM_EPM0_PTE_NUS_DPG,2.523
2009-10-05,EMM_EPMR_PTE_NUS_DPG,2.468
2009-10-12,EMM_EPM0_PTE_NUS_DPG,2.543
2009-10-12,EMM_EPMR_PTE_NUS_DPG,2.489
2009-10-19,EMM_EPM0_PTE_NUS_DPG,2.626
2009-10-19,EMM_EPMR_PTE_NUS_DPG,2.574
2009-10-26,EMM_EPM0_PTE_NUS_DPG,2.727
2009-10-26,EMM_EPMR_PTE_NUS_DPG,2.674
2009-11-02,EMM_EPM0_PTE_NUS_DPG,2.746
2009-11-02,EMM_EPMR_PTE_NUS_DPG,2.694
2009-11-09,EMM_EPM0_PTE_NUS_DPG,2.72
2009-11-09,EMM_EPMR_PTE_NUS_DPG,2.666
2009-11-16,EMM_EPM0_PTE_NUS_DPG,2.684
2009-11-16,EMM_EPMR_PTE_NUS_DPG,2.629
2009-11-23,EMM_EPM0_PTE_NUS_DPG,2.694
2009-11-23,EMM_EPMR_PTE_NUS_DPG,2.639
2009-11-30,EMM_EPM0_PTE_NUS_DPG,2.684
2009-11-30,EMM_EPMR_PTE_NUS_DPG,2.629
2009-12-07,EMM_EPM0_PTE_NUS_DPG,2.689
2009-12-07,EMM_EPMR_PTE_NUS_DPG,2.634
2009-12-14,EMM_EPM0_PTE_NUS_DPG,2.655
2009-12-14,EMM_EPMR_PTE_NUS_DPG,2.599
2009-12-21,EMM_EPM0_PTE_NUS_DPG,2.645
2009-12-21,EMM_EPMR_PTE_NUS_DPG,2.589
2009-12-28,EMM_EPM0_PTE_NUS_DPG,2.662
2009-12-28,EMM_EPMR_PTE_NUS_DPG,2.607
2010-01-04,EMM_EPM0_PTE_NUS_DPG,2.718
2010-01-04,EMM_EPMR_PTE_NUS_DPG,2.665
2010-01-11,EMM_EPM0_PTE_NUS_DPG,2.804
2010-01-11,EMM_EPMR_PTE_NUS_DPG,2.751
2010-01-18,EMM_EPM0_PTE_NUS_DPG,2.793
2010-01-18,EMM_EPMR_PTE_NUS_DPG,2.739
2010-01-25,EMM_EPM0_PTE_NUS_DPG,2.76
2010-01-25,EMM_EPMR_PTE_NUS_DPG,2.705
2010-02-01,EMM_EPM0_PTE_NUS_DPG,2.717
2010-02-01,EMM_EPMR_PTE_NUS_DPG,2.661
2010-02-08,EMM_EPM0_PTE_NUS_DPG,2.707
2010-02-08,EMM_EPMR_PTE_NUS_DPG,2.652
2010-02-15,EMM_EPM0_PTE_NUS_DPG,2.664
2010-02-15,EMM_EPMR_PTE_NUS_DPG,2.608
2010-02-22,EMM_EPM0_PTE_NUS_DPG,2.709
2010-02-22,EMM_EPMR_PTE_NUS_DPG,2.655
2010-03-01,EMM_EPM0_PTE_NUS_DPG,2.756
2010-03-01,EMM_EPMR_PTE_NUS_DPG,2.702
2010-03-08,EMM_EPM0_PTE_NUS_DPG,2.804
2010-03-08,EMM_EPMR_PTE_NUS_DPG,2.751
2010-03-15,EMM_EPM0_PTE_NUS_DPG,2.841
2010-03-15,EMM_EPMR_PTE_NUS_DPG,2.788
2010-03-22,EMM_EPM0_PTE_NUS_DPG,2.87
2010-03-22,EMM_EPMR_PTE_NUS_DPG,2.819
2010-03-29,EMM_EPM0_PTE_NUS_DPG,2.851
2010-03-29,EMM_EPMR_PTE_NUS_DPG,2.798
2010-04-05,EMM_EPM0_PTE_NUS_DPG,2.877
2010-04-05,EMM_EPMR_PTE_NUS_DPG,2.826
2010-04-12,EMM_EPM0_PTE_NUS_DPG,2.909
2010-04-12,EMM_EPMR_PTE_NUS_DPG,2.858
2010-04-19,EMM_EPM0_PTE_NUS_DPG,2.911
2010-04-19,EMM_EPMR_PTE_NUS_DPG,2.86
2010-04-26,EMM_EPM0_PTE_NUS_DPG,2.901
2010-04-26,EMM_EPMR_PTE_NUS_DPG,2.849
2010-05-03,EMM_EPM0_PTE_NUS_DPG,2.95
2010-05-03,EMM_EPMR_PTE_NUS_DPG,2.898
2010-05-10,EMM_EPM0_PTE_NUS_DPG,2.958
2010-05-10,EMM_EPMR_PTE_NUS_DPG,2.905
2010-05-17,EMM_EPM0_PTE_NUS_DPG,2.918
2010-05-17,EMM_EPMR_PTE_NUS_DPG,2.864
2010-05-24,EMM_EPM0_PTE_NUS_DPG,2.842
2010-05-24,EMM_EPMR_PTE_NUS_DPG,2.786
2010-05-31,EMM_EPM0_PTE_NUS_DPG,2.784
2010-05-31,EMM_EPMR_PTE_NUS_DPG,2.728
2010-06-07,EMM_EPM0_PTE_NUS_DPG,2.78
2010-06-07,EMM_EPMR_PTE_NUS_DPG,2.725
2010-06-14,EMM_EPM0_PTE_NUS_DPG,2.756
2010-06-14,EMM_EPMR_PTE_NUS_DPG,2.701
2010-06-21,EMM_EPM0_PTE_NUS_DPG,2.795
2010-06-21,EMM_EPMR_PTE_NUS_DPG,2.743
2010-06-28,EMM_EPM0_PTE_NUS_DPG,2.809
2010-06-28,EMM_EPMR_PTE_NUS_DPG,2.757
2010-07-05,EMM_EPM0_PTE_NUS_DPG,2.779
2010-07-05,EMM_EPMR_PTE_NUS_DPG,2.726
2010-07-12,EMM_EPM0_PTE_NUS_DPG,2.771
2010-07-12,EMM_EPMR_PTE_NUS_DPG,2.718
2010-07-19,EMM_EPM0_PTE_NUS_DPG,2.775
2010-07-19,EMM_EPMR_PTE_NUS_DPG,2.722
2010-07-26,EMM_EPM0_PTE_NUS_DPG,2.801
2010-07-26,EMM_EPMR_PTE_NUS_DPG,2.749
2010-08-02,EMM_EPM0_PTE_NUS_DPG,2.788
2010-08-02,EMM_EPMR_PTE_NUS_DPG,2.735
2010-08-09,EMM_EPM0_PTE_NUS_DPG,2.835
2010-08-09,EMM_EPMR_PTE_NUS_DPG,2.783
2010-08-16,EMM_EPM0_PTE_NUS_DPG,2.798
2010-08-16,EMM_EPMR_PTE_NUS_DPG,2.745
2010-08-23,EMM_EPM0_PTE_NUS_DPG,2.759
2010-08-23,EMM_EPMR_PTE_NUS_DPG,2.704
2010-08-30,EMM_EPM0_PTE_NUS_DPG,2.736
2010-08-30,EMM_EPMR_PTE_NUS_DPG,2.682
2010-09-06,EMM_EPM0_PTE_NUS_DPG,2.735
2010-09-06,EMM_EPMR_PTE_NUS_DPG,2.682
2010-09-13,EMM_EPM0_PTE_NUS_DPG,2.772
2010-09-13,EMM_EPMR_PTE_NUS_DPG,2.721
2010-09-20,EMM_EPM0_PTE_NUS_DPG,2.775
2010-09-20,EMM_EPMR_PTE_NUS_DPG,2.723
2010-09-27,EMM_EPM0_PTE_NUS_DPG,2.747
2010-09-27,EMM_EPMR_PTE_NUS_DPG,2.694
2010-10-04,EMM_EPM0_PTE_NUS_DPG,2.784
2010-10-04,EMM_EPMR_PTE_NUS_DPG,2.732
2010-10-11,EMM_EPM0_PTE_NUS_DPG,2.871
2010-10-11,EMM_EPMR_PTE_NUS_DPG,2.819
2010-10-18,EMM_EPM0_PTE_NUS_DPG,2.887
2010-10-18,EMM_EPMR_PTE_NUS_DPG,2.834
2010-10-25,EMM_EPM0_PTE_NUS_DPG,2.87
2010-10-25,EMM_EPMR_PTE_NUS_DPG,2.817
2010-11-01,EMM_EPM0_PTE_NUS_DPG,2.861
2010-11-01,EMM_EPMR_PTE_NUS_DPG,2.806
2010-11-08,EMM_EPM0_PTE_NUS_DPG,2.917
2010-11-08,EMM_EPMR_PTE_NUS_DPG,2.865
2010-11-15,EMM_EPM0_PTE_NUS_DPG,2.944
2010-11-15,EMM_EPMR_PTE_NUS_DPG,2.892
2010-11-22,EMM_EPM0_PTE_NUS_DPG,2.931
2010-11-22,EMM_EPMR_PTE_NUS_DPG,2.876
2010-11-29,EMM_EPM0_PTE_NUS_DPG,2.912
2010-11-29,EMM_EPMR_PTE_NUS_DPG,2.856
2010-12-06,EMM_EPM0_PTE_NUS_DPG,3.013
2010-12-06,EMM_EPMR_PTE_NUS_DPG,2.958
2010-12-13,EMM_EPM0_PTE_NUS_DPG,3.035
2010-12-13,EMM_EPMR_PTE_NUS_DPG,2.98
2010-12-20,EMM_EPM0_PTE_NUS_DPG,3.037
2010-12-20,EMM_EPMR_PTE_NUS_DPG,2.982
2010-12-27,EMM_EPM0_PTE_NUS_DPG,3.106
2010-12-27,EMM_EPMR_PTE_NUS_DPG,3.052
2011-01-03,EMM_EPM0_PTE_NUS_DPG,3.124
2011-01-03,EMM_EPMR_PTE_NUS_DPG,3.07
2011-01-10,EMM_EPM0_PTE_NUS_DPG,3.142
2011-01-10,EMM_EPMR_PTE_NUS_DPG,3.089
2011-01-17,EMM_EPM0_PTE_NUS_DPG,3.158
2011-01-17,EMM_EPMR_PTE_NUS_DPG,3.104
2011-01-24,EMM_EPM0_PTE_NUS_DPG,3.163
2011-01-24,EMM_EPMR_PTE_NUS_DPG,3.11
2011-01-31,EMM_EPM0_PTE_NUS_DPG,3.155
2011-01-31,EMM_EPMR_PTE_NUS_DPG,3.101
2011-02-07,EMM_EPM0_PTE_NUS_DPG,3.185
2011-02-07,EMM_EPMR_PTE_NUS_DPG,3.132
2011-02-14,EMM_EPM0_PTE_NUS_DPG,3.193
2011-02-14,EMM_EPMR_PTE_NUS_DPG,3.14
2011-02-21,EMM_EPM0_PTE_NUS_DPG,3.243
2011-02-21,EMM_EPMR_PTE_NUS_DPG,3.189
2011-02-28,EMM_EPM0_PTE_NUS_DPG,3.435
2011-02-28,EMM_EPMR_PTE_NUS_DPG,3.383
2011-03-07,EMM_EPM0_PTE_NUS_DPG,3.572
2011-03-07,EMM_EPMR_PTE_NUS_DPG,3.52
2011-03-14,EMM_EPM0_PTE_NUS_DPG,3.621
2011-03-14,EMM_EPMR_PTE_NUS_DPG,3.567
2011-03-21,EMM_EPM0_PTE_NUS_DPG,3.617
2011-03-21,EMM_EPMR_PTE_NUS_DPG,3.562
2011-03-28,EMM_EPM0_PTE_NUS_DPG,3.65
2011-03-28,EMM_EPMR_PTE_NUS_DPG,3.596
2011-04-04,EMM_EPM0_PTE_NUS_DPG,3.737
2011-04-04,EMM_EPMR_PTE_NUS_DPG,3.684
2011-04-11,EMM_EPM0_PTE_NUS_DPG,3.843
2011-04-11,EMM_EPMR_PTE_NUS_DPG,3.791
2011-04-18,EMM_EPM0_PTE_NUS_DPG,3.896
2011-04-18,EMM_EPMR_PTE_NUS_DPG,3.844
2011-04-25,EMM_EPM0_PTE_NUS_DPG,3.932
2011-04-25,EMM_EPMR_PTE_NUS_DPG,3.879
2011-05-02,EMM_EPM0_PTE_NUS_DPG,4.014
2011-05-02,EMM_EPMR_PTE_NUS_DPG,3.963
2011-05-09,EMM_EPM0_PTE_NUS_DPG,4.018
2011-05-09,EMM_EPMR_PTE_NUS_DPG,3.965
2011-05-16,EMM_EPM0_PTE_NUS_DPG,4.014
2011-05-16,EMM_EPMR_PTE_NUS_DPG,3.96
2011-05-23,EMM_EPM0_PTE_NUS_DPG,3.904
2011-05-23,EMM_EPMR_PTE_NUS_DPG,3.849
2011-05-30,EMM_EPM0_PTE_NUS_DPG,3.848
2011-05-30,EMM_EPMR_PTE_NUS_DPG,3.794
2011-06-06,EMM_EPM0_PTE_NUS_DPG,3.833
2011-06-06,EMM_EPMR_PTE_NUS_DPG,3.781
2011-06-13,EMM_EPM0_PTE_NUS_DPG,3.767
2011-06-13,EMM_EPMR_PTE_NUS_DPG,3.713
2011-06-20,EMM_EPM0_PTE_NUS_DPG,3.708
2011-06-20,EMM_EPMR_PTE_NUS_DPG,3.652
2011-06-27,EMM_EPM0_PTE_NUS_DPG,3.631
2011-06-27,EMM_EPMR_PTE_NUS_DPG,3.574
2011-07-04,EMM_EPM0_PTE_NUS_DPG,3.634
2011-07-04,EMM_EPMR_PTE_NUS_DPG,3.579
2011-07-11,EMM_EPM0_PTE_NUS_DPG,3.695
2011-07-11,EMM_EPMR_PTE_NUS_DPG,3.641
2011-07-18,EMM_EPM0_PTE_NUS_DPG,3.736
2011-07-18,EMM_EPMR_PTE_NUS_DPG,3.682
2011-07-25,EMM_EPM0_PTE_NUS_DPG,3.754
2011-07-25,EMM_EPMR_PTE_NUS_DPG,3.699
2011-08-01,EMM_EPM0_PTE_NUS_DPG,3.766
2011-08-01,EMM_EPMR_PTE_NUS_DPG,3.711
2011-08-08,EMM_EPM0_PTE_NUS_DPG,3.73
2011-08-08,EMM_EPMR_PTE_NUS_DPG,3.674
2011-08-15,EMM_EPM0_PTE_NUS_DPG,3.662
2011-08-15,EMM_EPMR_PTE_NUS_DPG,3.604
2011-08-22,EMM_EPM0_PTE_NUS_DPG,3.638
2011-08-22,EMM_EPMR_PTE_NUS_DPG,3.581
2011-08-29,EMM_EPM0_PTE_NUS_DPG,3.682
2011-08-29,EMM_EPMR_PTE_NUS_DPG,3.627
2011-09-05,EMM_EPM0_PTE_NUS_DPG,3.727
2011-09-05,EMM_EPMR_PTE_NUS_DPG,3.674
2011-09-12,EMM_EPM0_PTE_NUS_DPG,3.715
2011-09-12,EMM_EPMR_PTE_NUS_DPG,3.661
2011-09-19,EMM_EPM0_PTE_NUS_DPG,3.657
2011-09-19,EMM_EPMR_PTE_NUS_DPG,3.601
2011-09-26,EMM_EPM0_PTE_NUS_DPG,3.568
2011-09-26,EMM_EPMR_PTE_NUS_DPG,3.509
2011-10-03,EMM_EPM0_PTE_NUS_DPG,3.492
2011-10-03,EMM_EPMR_PTE_NUS_DPG,3.433
2011-10-10,EMM_EPM0_PTE_NUS_DPG,3.476
2011-10-10,EMM_EPMR_PTE_NUS_DPG,3.417
2011-10-17,EMM_EPM0_PTE_NUS_DPG,3.533
2011-10-17,EMM_EPMR_PTE_NUS_DPG,3.476
2011-10-24,EMM_EPM0_PTE_NUS_DPG,3.52
2011-10-24,EMM_EPMR_PTE_NUS_DPG,3.462
2011-10-31,EMM_EPM0_PTE_NUS_DPG,3.511
2011-10-31,EMM_EPMR_PTE_NUS_DPG,3.452
2011-11-07,EMM_EPM0_PTE_NUS_DPG,3.482
2011-11-07,EMM_EPMR_PTE_NUS_DPG,3.424
2011-11-14,EMM_EPM0_PTE_NUS_DPG,3.495
2011-11-14,EMM_EPMR_PTE_NUS_DPG,3.436
2011-11-21,EMM_EPM0_PTE_NUS_DPG,3.427
2011-11-21,EMM_EPMR_PTE_NUS_DPG,3.368
2011-11-28,EMM_EPM0_PTE_NUS_DPG,3.368
2011-11-28,EMM_EPMR_PTE_NUS_DPG,3.307
2011-12-05,EMM_EPM0_PTE_NUS_DPG,3.35
2011-12-05,EMM_EPMR_PTE_NUS_DPG,3.29
2011-12-12,EMM_EPM0_PTE_NUS_DPG,3.346
2011-12-12,EMM_EPMR_PTE_NUS_DPG,3.286
2011-12-19,EMM_EPM0_PTE_NUS_DPG,3.29
2011-12-19,EMM_EPMR_PTE_NUS_DPG,3.229
2011-12-26,EMM_EPM0_PTE_NUS_DPG,3.317
2011-12-26,EMM_EPMR_PTE_NUS_DPG,3.258
2012-01-02,EMM_EPM0_PTE_NUS_DPG,3.358
2012-01-02,EMM_EPMR_PTE_NUS_DPG,3.299
2012-01-09,EMM_EPM0_PTE_NUS_DPG,3.441
2012-01-09,EMM_EPMR_PTE_NUS_DPG,3.382
2012-01-16,EMM_EPM0_PTE_NUS_DPG,3.451
2012-01-16,EMM_EPMR_PTE_NUS_DPG,3.391
2012-01-23,EMM_EPM0_PTE_NUS_DPG,3.45
2012-01-23,EMM_EPMR_PTE_NUS_DPG,3.389
2012-01-30,EMM_EPM0_PTE_NUS_DPG,3.5
2012-01-30,EMM_EPMR_PTE_NUS_DPG,3.439
2012-02-06,EMM_EPM0_PTE_NUS_DPG,3.542
2012-02-06,EMM_EPMR_PTE_NUS_DPG,3.482
2012-02-13,EMM_EPM0_PTE_NUS_DPG,3.584
2012-02-13,EMM_EPMR_PTE_NUS_DPG,3.523
2012-02-20,EMM_EPM0_PTE_NUS_DPG,3.652
2012-02-20,EMM_EPMR_PTE_NUS_DPG,3.591
2012-02-27,EMM_EPM0_PTE_NUS_DPG,3.78
2012-02-27,EMM_EPMR_PTE_NUS_DPG,3.721
2012-03-05,EMM_EPM0_PTE_NUS_DPG,3.849
2012-03-05,EMM_EPMR_PTE_NUS_DPG,3.793
2012-03-12,EMM_EPM0_PTE_NUS_DPG,3.884
2012-03-12,EMM_EPMR_PTE_NUS_DPG,3.829
2012-03-19,EMM_EPM0_PTE_NUS_DPG,3.923
2012-03-19,EMM_EPMR_PTE_NUS_DPG,3.867
2012-03-26,EMM_EPM0_PTE_NUS_DPG,3.973
2012-03-26,EMM_EPMR_PTE_NUS_DPG,3.918
2012-04-02,EMM_EPM0_PTE_NUS_DPG,3.996
2012-04-02,EMM_EPMR_PTE_NUS_DPG,3.941
2012-04-09,EMM_EPM0_PTE_NUS_DPG,3.997
2012-04-09,EMM_EPMR_PTE_NUS_DPG,3.939
2012-04-16,EMM_EPM0_PTE_NUS_DPG,3.98
2012-04-16,EMM_EPMR_PTE_NUS_DPG,3.922
2012-04-23,EMM_EPM0_PTE_NUS_DPG,3.929
2012-04-23,EMM_EPMR_PTE_NUS_DPG,3.87
2012-04-30,EMM_EPM0_PTE_NUS_DPG,3.889
2012-04-30,EMM_EPMR_PTE_NUS_DPG,3.83
2012-05-07,EMM_EPM0_PTE_NUS_DPG,3.849
2012-05-07,EMM_EPMR_PTE_NUS_DPG,3.79
2012-05-14,EMM_EPM0_PTE_NUS_DPG,3.814
2012-05-14,EMM_EPMR_PTE_NUS_DPG,3.754
2012-05-21,EMM_EPM0_PTE_NUS_DPG,3.773
2012-05-21,EMM_EPMR_PTE_NUS_DPG,3.715
2012-05-28,EMM_EPM0_PTE_NUS_DPG,3.728
2012-05-28,EMM_EPMR_PTE_NUS_DPG,3.67
2012-06-04,EMM_EPM0_PTE_NUS_DPG,3.671
2012-06-04,EMM_EPMR_PTE_NUS_DPG,3.613
2012-06-11,EMM_EPM0_PTE_NUS_DPG,3.629
2012-06-11,EMM_EPMR_PTE_NUS_DPG,3.572
2012-06-18,EMM_EPM0_PTE_NUS_DPG,3.589
2012-06-18,EMM_EPMR_PTE_NUS_DPG,3.533
2012-06-25,EMM_EPM0_PTE_NUS_DPG,3.494
2012-06-25,EMM_EPMR_PTE_NUS_DPG,3.437
2012-07-02,EMM_EPM0_PTE_NUS_DPG,3.415
2012-07-02,EMM_EPMR_PTE_NUS_DPG,3.356
2012-07-09,EMM_EPM0_PTE_NUS_DPG,3.469
2012-07-09,EMM_EPMR_PTE_NUS_DPG,3.411
2012-07-16,EMM_EPM0_PTE_NUS_DPG,3.485
2012-07-16,EMM_EPMR_PTE_NUS_DPG,3.427
2012-07-23,EMM_EPM0_PTE_NUS_DPG,3.554
2012-07-23,EMM_EPMR_PTE_NUS_DPG,3.494
2012-07-30,EMM_EPM0_PTE_NUS_DPG,3.568
2012-07-30,EMM_EPMR_PTE_NUS_DPG,3.508
2012-08-06,EMM_EPM0_PTE_NUS_DPG,3.702
2012-08-06,EMM_EPMR_PTE_NUS_DPG,3.645
2012-08-13,EMM_EPM0_PTE_NUS_DPG,3.779
2012-08-13,EMM_EPMR_PTE_NUS_DPG,3.721
2012-08-20,EMM_EPM0_PTE_NUS_DPG,3.803
2012-08-20,EMM_EPMR_PTE_NUS_DPG,3.744
2012-08-27,EMM_EPM0_PTE_NUS_DPG,3.837
2012-08-27,EMM_EPMR_PTE_NUS_DPG,3.776
2012-09-03,EMM_EPM0_PTE_NUS_DPG,3.903
2012-09-03,EMM_EPMR_PTE_NUS_DPG,3.843
2012-09-10,EMM_EPM0_PTE_NUS_DPG,3.907
2012-09-10,EMM_EPMR_PTE_NUS_DPG,3.847
2012-09-17,EMM_EPM0_PTE_NUS_DPG,3.939
2012-09-17,EMM_EPMR_PTE_NUS_DPG,3.878
2012-09-24,EMM_EPM0_PTE_NUS_DPG,3.889
2012-09-24,EMM_EPMR_PTE_NUS_DPG,3.826
2012-10-01,EMM_EPM0_PTE_NUS_DPG,3.866
2012-10-01,EMM_EPMR_PTE_NUS_DPG,3.804
2012-10-08,EMM_EPM0_PTE_NUS_DPG,3.914
2012-10-08,EMM_EPMR_PTE_NUS_DPG,3.85
2012-10-15,EMM_EPM0_PTE_NUS_DPG,3.886
2012-10-15,EMM_EPMR_PTE_NUS_DPG,3.819
2012-10-22,EMM_EPM0_PTE_NUS_DPG,3.756
2012-10-22,EMM_EPMR_PTE_NUS_DPG,3.687
2012-10-29,EMM_EPM0_PTE_NUS_DPG,3.638
2012-10-29,EMM_EPMR_PTE_NUS_DPG,3.568
2012-11-05,EMM_EPM0_PTE_NUS_DPG,3.563
2012-11-05,EMM_EPMR_PTE_NUS_DPG,3.492
2012-11-12,EMM_EPM0_PTE_NUS_DPG,3.518
2012-11-12,EMM_EPMR_PTE_NUS_DPG,3.449
2012-11-19,EMM_EPM0_PTE_NUS_DPG,3.497
2012-11-19,EMM_EPMR_PTE_NUS_DPG,3.429
2012-11-26,EMM_EPM0_PTE_NUS_DPG,3.505
2012-11-26,EMM_EPMR_PTE_NUS_DPG,3.437
2012-12-03,EMM_EPM0_PTE_NUS_DPG,3.463
2012-12-03,EMM_EPMR_PTE_NUS_DPG,3.394
2012-12-10,EMM_EPM0_PTE_NUS_DPG,3.419
2012-12-10,EMM_EPMR_PTE_NUS_DPG,3.349
2012-12-17,EMM_EPM0_PTE_NUS_DPG,3.324
2012-12-17,EMM_EPMR_PTE_NUS_DPG,3.254
2012-12-24,EMM_EPM0_PTE_NUS_DPG,3.328
2012-12-24,EMM_EPMR_PTE_NUS_DPG,3.257
2012-12-31,EMM_EPM0_PTE_NUS_DPG,3.369
2012-12-31,EMM_EPMR_PTE_NUS_DPG,3.298
2013-01-07,EMM_EPM0_PTE_NUS_DPG,3.373
2013-01-07,EMM_EPMR_PTE_NUS_DPG,3.299
2013-01-14,EMM_EPM0_PTE_NUS_DPG,3.377
2013-01-14,EMM_EPMR_PTE_NUS_DPG,3.303
2013-01-21,EMM_EPM0_PTE_NUS_DPG,3.386
2013-01-21,EMM_EPMR_PTE_NUS_DPG,3.315
2013-01-28,EMM_EPM0_PTE_NUS_DPG,3.427
2013-01-28,EMM_EPMR_PTE_NUS_DPG,3.357
2013-02-04,EMM_EPM0_PTE_NUS_DPG,3.604
2013-02-04,EMM_EPMR_PTE_NUS_DPG,3.538
2013-02-11,EMM_EPM0_PTE_NUS_DPG,3.677
2013-02-11,EMM_EPMR_PTE_NUS_DPG,3.611
2013-02-18,EMM_EPM0_PTE_NUS_DPG,3.812
2013-02-18,EMM_EPMR_PTE_NUS_DPG,3.747
2013-02-25,EMM_EPM0_PTE_NUS_DPG,3.851
2013-02-25,EMM_EPMR_PTE_NUS_DPG,3.784
2013-03-04,EMM_EPM0_PTE_NUS_DPG,3.826
2013-03-04,EMM_EPMR_PTE_NUS_DPG,3.759
2013-03-11,EMM_EPM0_PTE_NUS_DPG,3.779
2013-03-11,EMM_EPMR_PTE_NUS_DPG,3.71
2013-03-18,EMM_EPM0_PTE_NUS_DPG,3.764
2013-03-18,EMM_EPMR_PTE_NUS_DPG,3.696
2013-03-25,EMM_EPM0_PTE_NUS_DPG,3.746
2013-03-25,EMM_EPMR_PTE_NUS_DPG,3.68
2013-04-01,EMM_EPM0_PTE_NUS_DPG,3.714
2013-04-01,EMM_EPMR_PTE_NUS_DPG,3.645
2013-04-08,EMM_EPM0_PTE_NUS_DPG,3.676
2013-04-08,EMM_EPMR_PTE_NUS_DPG,3.608
2013-04-15,EMM_EPM0_PTE_NUS_DPG,3.611
2013-04-15,EMM_EPMR_PTE_NUS_DPG,3.542
2013-04-22,EMM_EPM0_PTE_NUS_DPG,3.603
2013-04-22,EMM_EPMR_PTE_NUS_DPG,3.536
2013-04-29,EMM_EPM0_PTE_NUS_DPG,3.587
2013-04-29,EMM_EPMR_PTE_NUS_DPG,3.52
2013-05-06,EMM_EPM0_PTE_NUS_DPG,3.602
2013-05-06,EMM_EPMR_PTE_NUS_DPG,3.538
2013-05-13,EMM_EPM0_PTE_NUS_DPG,3.665
2013-05-13,EMM_EPMR_PTE_NUS_DPG,3.603
2013-05-20,EMM_EPM0_PTE_NUS_DPG,3.729
2013-05-20,EMM_EPMR_PTE_NUS_DPG,3.673
2013-05-27,EMM_EPM0_PTE_NUS_DPG,3.704
2013-05-27,EMM_EPMR_PTE_NUS_DPG,3.645
2013-06-03,EMM_EPM0_PTE_NUS_DPG,3.705
2013-06-03,EMM_EPMR_PTE_NUS_DPG,3.646
2013-06-10,EMM_EPM0_PTE_NUS_DPG,3.715
2013-06-10,EMM_EPMR_PTE_NUS_DPG,3.655
2013-06-17,EMM_EPM0_PTE_NUS_DPG,3.689
2013-06-17,EMM_EPMR_PTE_NUS_DPG,3.626
2013-06-24,EMM_EPM0_PTE_NUS_DPG,3.645
2013-06-24,EMM_EPMR_PTE_NUS_DPG,3.577
2013-07-01,EMM_EPM0_PTE_NUS_DPG,3.567
2013-07-01,EMM_EPMR_PTE_NUS_DPG,3.496
2013-07-08,EMM_EPM0_PTE_NUS_DPG,3.563
2013-07-08,EMM_EPMR_PTE_NUS_DPG,3.492
2013-07-15,EMM_EPM0_PTE_NUS_DPG,3.706
2013-07-15,EMM_EPMR_PTE_NUS_DPG,3.639
2013-07-22,EMM_EPM0_PTE_NUS_DPG,3.751
2013-07-22,EMM_EPMR_PTE_NUS_DPG,3.682
2013-07-29,EMM_EPM0_PTE_NUS_DPG,3.716
2013-07-29,EMM_EPMR_PTE_NUS_DPG,3.646
2013-08-05,EMM_EPM0_PTE_NUS_DPG,3.701
2013-08-05,EMM_EPMR_PTE_NUS_DPG,3.632
2013-08-12,EMM_EPM0_PTE_NUS_DPG,3.633
2013-08-12,EMM_EPMR_PTE_NUS_DPG,3.561
2013-08-19,EMM_EPM0_PTE_NUS_DPG,3.622
2013-08-19,EMM_EPMR_PTE_NUS_DPG,3.55
2013-08-26,EMM_EPM0_PTE_NUS_DPG,3.623
2013-08-26,EMM_EPMR_PTE_NUS_DPG,3.552
2013-09-02,EMM_EPM0_PTE_NUS_DPG,3.678
2013-09-02,EMM_EPMR_PTE_NUS_DPG,3.608
2013-09-09,EMM_EPM0_PTE_NUS_DPG,3.658
2013-09-09,EMM_EPMR_PTE_NUS_DPG,3.587
2013-09-16,EMM_EPM0_PTE_NUS_DPG,3.619
2013-09-16,EMM_EPMR_PTE_NUS_DPG,3.547
2013-09-23,EMM_EPM0_PTE_NUS_DPG,3.567
2013-09-23,EMM_EPMR_PTE_NUS_DPG,3.495
2013-09-30,EMM_EPM0_PTE_NUS_DPG,3.499
2013-09-30,EMM_EPMR_PTE_NUS_DPG,3.425
2013-10-07,EMM_EPM0_PTE_NUS_DPG,3.441
2013-10-07,EMM_EPMR_PTE_NUS_DPG,3.367
2013-10-14,EMM_EPM0_PTE_NUS_DPG,3.43
2013-10-14,EMM_EPMR_PTE_NUS_DPG,3.354
2013-10-21,EMM_EPM0_PTE_NUS_DPG,3.435
2013-10-21,EMM_EPMR_PTE_NUS_DPG,3.36
2013-10-28,EMM_EPM0_PTE_NUS_DPG,3.372
2013-10-28,EMM_EPMR_PTE_NUS_DPG,3.294
2013-11-04,EMM_EPM0_PTE_NUS_DPG,3.343
2013-11-04,EMM_EPMR_PTE_NUS_DPG,3.265
2013-11-11,EMM_EPM0_PTE_NUS_DPG,3.274
2013-11-11,EMM_EPMR_PTE_NUS_DPG,3.194
2013-11-18,EMM_EPM0_PTE_NUS_DPG,3.298
2013-11-18,EMM_EPMR_PTE_NUS_DPG,3.219
2013-11-25,EMM_EPM0_PTE_NUS_DPG,3.372
2013-11-25,EMM_EPMR_PTE_NUS_DPG,3.293
2013-12-02,EMM_EPM0_PTE_NUS_DPG,3.353
2013-12-02,EMM_EPMR_PTE_NUS_DPG,3.272
2013-12-09,EMM_EPM0_PTE_NUS_DPG,3.35
2013-12-09,EMM_EPMR_PTE_NUS_DPG,3.269
2013-12-16,EMM_EPM0_PTE_NUS_DPG,3.321
2013-12-16,EMM_EPMR_PTE_NUS_DPG,3.239
2013-12-23,EMM_EPM0_PTE_NUS_DPG,3.351
2013-12-23,EMM_EPMR_PTE_NUS_DPG,3.271
2013-12-30,EMM_EPM0_PTE_NUS_DPG,3.409
2013-12-30,EMM_EPMR_PTE_NUS_DPG,3.331
2014-01-06,EMM_EPM0_PTE_NUS_DPG,3.411
2014-01-06,EMM_EPMR_PTE_NUS_DPG,3.332
2014-01-13,EMM_EPM0_PTE_NUS_DPG,3.406
2014-01-13,EMM_EPMR_PTE_NUS_DPG,3.327
2014-01-20,EMM_EPM0_PTE_NUS_DPG,3.376
2014-01-20,EMM_EPMR_PTE_NUS_DPG,3.296
2014-01-27,EMM_EPM0_PTE_NUS_DPG,3.375
2014-01-27,EMM_EPMR_PTE_NUS_DPG,3.295
2014-02-03,EMM_EPM0_PTE_NUS_DPG,3.372
2014-02-03,EMM_EPMR_PTE_NUS_DPG,3.292
2014-02-10,EMM_EPM0_PTE_NUS_DPG,3.388
2014-02-10,EMM_EPMR_PTE_NUS_DPG,3.309
2014-02-17,EMM_EPM0_PTE_NUS_DPG,3.457
2014-02-17,EMM_EPMR_PTE_NUS_DPG,3.38
2014-02-24,EMM_EPM0_PTE_NUS_DPG,3.52
2014-02-24,EMM_EPMR_PTE_NUS_DPG,3.444
2014-03-03,EMM_EPM0_PTE_NUS_DPG,3.553
2014-03-03,EMM_EPMR_PTE_NUS_DPG,3.479
2014-03-10,EMM_EPM0_PTE_NUS_DPG,3.584
2014-03-10,EMM_EPMR_PTE_NUS_DPG,3.512
2014-03-17,EMM_EPM0_PTE_NUS_DPG,3.619
2014-03-17,EMM_EPMR_PTE_NUS_DPG,3.547
2014-03-24,EMM_EPM0_PTE_NUS_DPG,3.622
2014-03-24,EMM_EPMR_PTE_NUS_DPG,3.549
2014-03-31,EMM_EPM0_PTE_NUS_DPG,3.651
2014-03-31,EMM_EPMR_PTE_NUS_DPG,3.579
2014-04-07,EMM_EPM0_PTE_NUS_DPG,3.67
2014-04-07,EMM_EPMR_PTE_NUS_DPG,3.596
2014-04-14,EMM_EPM0_PTE_NUS_DPG,3.725
2014-04-14,EMM_EPMR_PTE_NUS_DPG,3.651
2014-04-21,EMM_EPM0_PTE_NUS_DPG,3.758
2014-04-21,EMM_EPMR_PTE_NUS_DPG,3.683
2014-04-28,EMM_EPM0_PTE_NUS_DPG,3.788
2014-04-28,EMM_EPMR_PTE_NUS_DPG,3.713
2014-05-05,EMM_EPM0_PTE_NUS_DPG,3.761
2014-05-05,EMM_EPMR_PTE_NUS_DPG,3.684
2014-05-12,EMM_EPM0_PTE_NUS_DPG,3.746
2014-05-12,EMM_EPMR_PTE_NUS_DPG,3.668
2014-05-19,EMM_EPM0_PTE_NUS_DPG,3.743
2014-05-19,EMM_EPMR_PTE_NUS_DPG,3.665
2014-05-26,EMM_EPM0_PTE_NUS_DPG,3.75
2014-05-26,EMM_EPMR_PTE_NUS_DPG,3.674
2014-06-02,EMM_EPM0_PTE_NUS_DPG,3.765
2014-06-02,EMM_EPMR_PTE_NUS_DPG,3.69
2014-06-09,EMM_EPM0_PTE_NUS_DPG,3.749
2014-06-09,EMM_EPMR_PTE_NUS_DPG,3.674
2014-06-16,EMM_EPM0_PTE_NUS_DPG,3.76
2014-06-16,EMM_EPMR_PTE_NUS_DPG,3.686
2014-06-23,EMM_EPM0_PTE_NUS_DPG,3.778
2014-06-23,EMM_EPMR_PTE_NUS_DPG,3.704
2014-06-30,EMM_EPM0_PTE_NUS_DPG,3.778
2014-06-30,EMM_EPMR_PTE_NUS_DPG,3.704
2014-07-07,EMM_EPM0_PTE_NUS_DPG,3.753
2014-07-07,EMM_EPMR_PTE_NUS_DPG,3.678
2014-07-14,EMM_EPM0_PTE_NUS_DPG,3.712
2014-07-14,EMM_EPMR_PTE_NUS_DPG,3.635
2014-07-21,EMM_EPM0_PTE_NUS_DPG,3.671
2014-07-21,EMM_EPMR_PTE_NUS_DPG,3.593
2014-07-28,EMM_EPM0_PTE_NUS_DPG,3.617
2014-07-28,EMM_EPMR_PTE_NUS_DPG,3.539
2014-08-04,EMM_EPM0_PTE_NUS_DPG,3.595
2014-08-04,EMM_EPMR_PTE_NUS_DPG,3.515
2014-08-11,EMM_EPM0_PTE_NUS_DPG,3.582
2014-08-11,EMM_EPMR_PTE_NUS_DPG,3.505
2014-08-18,EMM_EPM0_PTE_NUS_DPG,3.549
2014-08-18,EMM_EPMR_PTE_NUS_DPG,3.472
2014-08-25,EMM_EPM0_PTE_NUS_DPG,3.532
2014-08-25,EMM_EPMR_PTE_NUS_DPG,3.454
2014-09-01,EMM_EPM0_PTE_NUS_DPG,3.536
2014-09-01,EMM_EPMR_PTE_NUS_DPG,3.459
2014-09-08,EMM_EPM0_PTE_NUS_DPG,3.534
2014-09-08,EMM_EPMR_PTE_NUS_DPG,3.457
2014-09-15,EMM_EPM0_PTE_NUS_DPG,3.485
2014-09-15,EMM_EPMR_PTE_NUS_DPG,3.408
2014-09-22,EMM_EPM0_PTE_NUS_DPG,3.432
2014-09-22,EMM_EPMR_PTE_NUS_DPG,3.353
2014-09-29,EMM_EPM0_PTE_NUS_DPG,3.434
2014-09-29,EMM_EPMR_PTE_NUS_DPG,3.354
2014-10-06,EMM_EPM0_PTE_NUS_DPG,3.382
2014-10-06,EMM_EPMR_PTE_NUS_DPG,3.299
2014-10-13,EMM_EPM0_PTE_NUS_DPG,3.292
2014-10-13,EMM_EPMR_PTE_NUS_DPG,3.207
2014-10-20,EMM_EPM0_PTE_NUS_DPG,3.205
2014-10-20,EMM_EPMR_PTE_NUS_DPG,3.12
2014-10-27,EMM_EPM0_PTE_NUS_DPG,3.139
2014-10-27,EMM_EPMR_PTE_NUS_DPG,3.056
2014-11-03,EMM_EPM0_PTE_NUS_DPG,3.077
2014-11-03,EMM_EPMR_PTE_NUS_DPG,2.993
2014-11-10,EMM_EPM0_PTE_NUS_DPG,3.025
2014-11-10,EMM_EPMR_PTE_NUS_DPG,2.941
2014-11-17,EMM_EPM0_PTE_NUS_DPG,2.978
2014-11-17,EMM_EPMR_PTE_NUS_DPG,2.894
2014-11-24,EMM_EPM0_PTE_NUS_DPG,2.907
2014-11-24,EMM_EPMR_PTE_NUS_DPG,2.821
2014-12-01,EMM_EPM0_PTE_NUS_DPG,2.864
2014-12-01,EMM_EPMR_PTE_NUS_DPG,2.778
2014-12-08,EMM_EPM0_PTE_NUS_DPG,2.767
2014-12-08,EMM_EPMR_PTE_NUS_DPG,2.679
2014-12-15,EMM_EPM0_PTE_NUS_DPG,2.643
2014-12-15,EMM_EPMR_PTE_NUS_DPG,2.554
2014-12-22,EMM_EPM0_PTE_NUS_DPG,2.496
2014-12-22,EMM_EPMR_PTE_NUS_DPG,2.403
2014-12-29,EMM_EPM0_PTE_NUS_DPG,2.392
2014-12-29,EMM_EPMR_PTE_NUS_DPG,2.299
2015-01-05,EMM_EPM0_PTE_NUS_DPG,2.308
2015-01-05,EMM_EPMR_PTE_NUS_DPG,2.214
2015-01-12,EMM_EPM0_PTE_NUS_DPG,2.232
2015-01-12,EMM_EPMR_PTE_NUS_DPG,2.139
2015-01-19,EMM_EPM0_PTE_NUS_DPG,2.157
2015-01-19,EMM_EPMR_PTE_NUS_DPG,2.066
2015-01-26,EMM_EPM0_PTE_NUS_DPG,2.133
2015-01-26,EMM_EPMR_PTE_NUS_DPG,2.044
2015-02-02,EMM_EPM0_PTE_NUS_DPG,2.154
2015-02-02,EMM_EPMR_PTE_NUS_DPG,2.068
2015-02-09,EMM_EPM0_PTE_NUS_DPG,2.276
2015-02-09,EMM_EPMR_PTE_NUS_DPG,2.191
2015-02-16,EMM_EPM0_PTE_NUS_DPG,2.358
2015-02-16,EMM_EPMR_PTE_NUS_DPG,2.274
2015-02-23,EMM_EPM0_PTE_NUS_DPG,2.415
2015-02-23,EMM_EPMR_PTE_NUS_DPG,2.332
2015-03-02,EMM_EPM0_PTE_NUS_DPG,2.556
2015-03-02,EMM_EPMR_PTE_NUS_DPG,2.473
2015-03-09,EMM_EPM0_PTE_NUS_DPG,2.57
2015-03-09,EMM_EPMR_PTE_NUS_DPG,2.487
2015-03-16,EMM_EPM0_PTE_NUS_DPG,2.537
2015-03-16,EMM_EPMR_PTE_NUS_DPG,2.453
2015-03-23,EMM_EPM0_PTE_NUS_DPG,2.538
2015-03-23,EMM_EPMR_PTE_NUS_DPG,2.457
2015-03-30,EMM_EPM0_PTE_NUS_DPG,2.531
2015-03-30,EMM_EPMR_PTE_NUS_DPG,2.448
2015-04-06,EMM_EPM0_PTE_NUS_DPG,2.499
2015-04-06,EMM_EPMR_PTE_NUS_DPG,2.413
2015-04-13,EMM_EPM0_PTE_NUS_DPG,2.494
2015-04-13,EMM_EPMR_PTE_NUS_DPG,2.408
2015-04-20,EMM_EPM0_PTE_NUS_DPG,2.57
2015-04-20,EMM_EPMR_PTE_NUS_DPG,2.485
2015-04-27,EMM_EPM0_PTE_NUS_DPG,2.656
2015-04-27,EMM_EPMR_PTE_NUS_DPG,2.57
2015-05-04,EMM_EPM0_PTE_NUS_DPG,2.749
2015-05-04,EMM_EPMR_PTE_NUS_DPG,2.664
2015-05-11,EMM_EPM0_PTE_NUS_DPG,2.776
2015-05-11,EMM_EPMR_PTE_NUS_DPG,2.691
2015-05-18,EMM_EPM0_PTE_NUS_DPG,2.827
2015-05-18,EMM_EPMR_PTE_NUS_DPG,2.744
2015-05-25,EMM_EPM0_PTE_NUS_DPG,2.857
2015-05-25,EMM_EPMR_PTE_NUS_DPG,2.774
2015-06-01,EMM_EPM0_PTE_NUS_DPG,2.863
2015-06-01,EMM_EPMR_PTE_NUS_DPG,2.78
2015-06-08,EMM_EPM0_PTE_NUS_DPG,2.863
2015-06-08,EMM_EPMR_PTE_NUS_DPG,2.78
2015-06-15,EMM_EPM0_PTE_NUS_DPG,2.918
2015-06-15,EMM_EPMR_PTE_NUS_DPG,2.835
2015-06-22,EMM_EPM0_PTE_NUS_DPG,2.895
2015-06-22,EMM_EPMR_PTE_NUS_DPG,2.812
2015-06-29,EMM_EPM0_PTE_NUS_DPG,2.885
2015-06-29,EMM_EPMR_PTE_NUS_DPG,2.801
2015-07-06,EMM_EPM0_PTE_NUS_DPG,2.877
2015-07-06,EMM_EPMR_PTE_NUS_DPG,2.793
2015-07-13,EMM_EPM0_PTE_NUS_DPG,2.92
2015-07-13,EMM_EPMR_PTE_NUS_DPG,2.834
2015-07-20,EMM_EPM0_PTE_NUS_DPG,2.888
2015-07-20,EMM_EPMR_PTE_NUS_DPG,2.802
2015-07-27,EMM_EPM0_PTE_NUS_DPG,2.833
2015-07-27,EMM_EPMR_PTE_NUS_DPG,2.745
2015-08-03,EMM_EPM0_PTE_NUS_DPG,2.779
2015-08-03,EMM_EPMR_PTE_NUS_DPG,2.689
2015-08-10,EMM_EPM0_PTE_NUS_DPG,2.72
2015-08-10,EMM_EPMR_PTE_NUS_DPG,2.629
2015-08-17,EMM_EPM0_PTE_NUS_DPG,2.803
2015-08-17,EMM_EPMR_PTE_NUS_DPG,2.716
2015-08-24,EMM_EPM0_PTE_NUS_DPG,2.726
2015-08-24,EMM_EPMR_PTE_NUS_DPG,2.637
2015-08-31,EMM_EPM0_PTE_NUS_DPG,2.602
2015-08-31,EMM_EPMR_PTE_NUS_DPG,2.51
2015-09-07,EMM_EPM0_PTE_NUS_DPG,2.532
2015-09-07,EMM_EPMR_PTE_NUS_DPG,2.437
2015-09-14,EMM_EPM0_PTE_NUS_DPG,2.471
2015-09-14,EMM_EPMR_PTE_NUS_DPG,2.375
2015-09-21,EMM_EPM0_PTE_NUS_DPG,2.425
2015-09-21,EMM_EPMR_PTE_NUS_DPG,2.327
2015-09-28,EMM_EPM0_PTE_NUS_DPG,2.418
2015-09-28,EMM_EPMR_PTE_NUS_DPG,2.322
2015-10-05,EMM_EPM0_PTE_NUS_DPG,2.415
2015-10-05,EMM_EPMR_PTE_NUS_DPG,2.318
2015-10-12,EMM_EPM0_PTE_NUS_DPG,2.432
2015-10-12,EMM_EPMR_PTE_NUS_DPG,2.337
2015-10-19,EMM_EPM0_PTE_NUS_DPG,2.374
2015-10-19,EMM_EPMR_PTE_NUS_DPG,2.277
2015-10-26,EMM_EPM0_PTE_NUS_DPG,2.326
2015-10-26,EMM_EPMR_PTE_NUS_DPG,2.228
2015-11-02,EMM_EPM0_PTE_NUS_DPG,2.322
2015-11-02,EMM_EPMR_PTE_NUS_DPG,2.224
2015-11-09,EMM_EPM0_PTE_NUS_DPG,2.335
2015-11-09,EMM_EPMR_PTE_NUS_DPG,2.235
2015-11-16,EMM_EPM0_PTE_NUS_DPG,2.281
2015-11-16,EMM_EPMR_PTE_NUS_DPG,2.178
2015-11-23,EMM_EPM0_PTE_NUS_DPG,2.198
2015-11-23,EMM_EPMR_PTE_NUS_DPG,2.094
2015-11-30,EMM_EPM0_PTE_NUS_DPG,2.165
2015-11-30,EMM_EPMR_PTE_NUS_DPG,2.059
2015-12-07,EMM_EPM0_PTE_NUS_DPG,2.159
2015-12-07,EMM_EPMR_PTE_NUS_DPG,2.053
2015-12-14,EMM_EPM0_PTE_NUS_DPG,2.144
2015-12-14,EMM_EPMR_PTE_NUS_DPG,2.037
2015-12-21,EMM_EPM0_PTE_NUS_DPG,2.133
2015-12-21,EMM_EPMR_PTE_NUS_DPG,2.026
2015-12-28,EMM_EPM0_PTE_NUS_DPG,2.141
2015-12-28,EMM_EPMR_PTE_NUS_DPG,2.034
2016-01-04,EMM_EPM0_PTE_NUS_DPG,2.135
2016-01-04,EMM_EPMR_PTE_NUS_DPG,2.028
2016-01-11,EMM_EPM0_PTE_NUS_DPG,2.104
2016-01-11,EMM_EPMR_PTE_NUS_DPG,1.996
2016-01-18,EMM_EPM0_PTE_NUS_DPG,2.022
2016-01-18,EMM_EPMR_PTE_NUS_DPG,1.914
2016-01-25,EMM_EPM0_PTE_NUS_DPG,1.965
2016-01-25,EMM_EPMR_PTE_NUS_DPG,1.856
2016-02-01,EMM_EPM0_PTE_NUS_DPG,1.932
2016-02-01,EMM_EPMR_PTE_NUS_DPG,1.822
2016-02-08,EMM_EPM0_PTE_NUS_DPG,1.87
2016-02-08,EMM_EPMR_PTE_NUS_DPG,1.759
2016-02-15,EMM_EPM0_PTE_NUS_DPG,1.834
2016-02-15,EMM_EPMR_PTE_NUS_DPG,1.724
2016-02-22,EMM_EPM0_PTE_NUS_DPG,1.837
2016-02-22,EMM_EPMR_PTE_NUS_DPG,1.73
2016-02-29,EMM_EPM0_PTE_NUS_DPG,1.887
2016-02-29,EMM_EPMR_PTE_NUS_DPG,1.783
2016-03-07,EMM_EPM0_PTE_NUS_DPG,1.943
2016-03-07,EMM_EPMR_PTE_NUS_DPG,1.841
2016-03-14,EMM_EPM0_PTE_NUS_DPG,2.062
2016-03-14,EMM_EPMR_PTE_NUS_DPG,1.961
2016-03-21,EMM_EPM0_PTE_NUS_DPG,2.109
2016-03-21,EMM_EPMR_PTE_NUS_DPG,2.007
2016-03-28,EMM_EPM0_PTE_NUS_DPG,2.169
2016-03-28,EMM_EPMR_PTE_NUS_DPG,2.066
2016-04-04,EMM_EPM0_PTE_NUS_DPG,2.185
2016-04-04,EMM_EPMR_PTE_NUS_DPG,2.083
2016-04-11,EMM_EPM0_PTE_NUS_DPG,2.173
2016-04-11,EMM_EPMR_PTE_NUS_DPG,2.069
2016-04-18,EMM_EPM0_PTE_NUS_DPG,2.24
2016-04-18,EMM_EPMR_PTE_NUS_DPG,2.137
2016-04-25,EMM_EPM0_PTE_NUS_DPG,2.265
2016-04-25,EMM_EPMR_PTE_NUS_DPG,2.162
2016-05-02,EMM_EPM0_PTE_NUS_DPG,2.342
2016-05-02,EMM_EPMR_PTE_NUS_DPG,2.24
2016-05-09,EMM_EPM0_PTE_NUS_DPG,2.325
2016-05-09,EMM_EPMR_PTE_NUS_DPG,2.22
2016-05-16,EMM_EPM0_PTE_NUS_DPG,2.345
2016-05-16,EMM_EPMR_PTE_NUS_DPG,2.242
2016-05-23,EMM_EPM0_PTE_NUS_DPG,2.403
2016-05-23,EMM_EPMR_PTE_NUS_DPG,2.3
2016-05-30,EMM_EPM0_PTE_NUS_DPG,2.44
2016-05-30,EMM_EPMR_PTE_NUS_DPG,2.339
2016-06-06,EMM_EPM0_PTE_NUS_DPG,2.482
2016-06-06,EMM_EPMR_PTE_NUS_DPG,2.381
2016-06-13,EMM_EPM0_PTE_NUS_DPG,2.499
2016-06-13,EMM_EPMR_PTE_NUS_DPG,2.399
2016-06-20,EMM_EPM0_PTE_NUS_DPG,2.455
2016-06-20,EMM_EPMR_PTE_NUS_DPG,2.353
2016-06-27,EMM_EPM0_PTE_NUS_DPG,2.432
2016-06-27,EMM_EPMR_PTE_NUS_DPG,2.329
2016-07-04,EMM_EPM0_PTE_NUS_DPG,2.396
2016-07-04,EMM_EPMR_PTE_NUS_DPG,2.291
2016-07-11,EMM_EPM0_PTE_NUS_DPG,2.359
2016-07-11,EMM_EPMR_PTE_NUS_DPG,2.253
2016-07-18,EMM_EPM0_PTE_NUS_DPG,2.336
2016-07-18,EMM_EPMR_PTE_NUS_DPG,2.23
2016-07-25,EMM_EPM0_PTE_NUS_DPG,2.289
2016-07-25,EMM_EPMR_PTE_NUS_DPG,2.182
2016-08-01,EMM_EPM0_PTE_NUS_DPG,2.267
2016-08-01,EMM_EPMR_PTE_NUS_DPG,2.159
2016-08-08,EMM_EPM0_PTE_NUS_DPG,2.256
2016-08-08,EMM_EPMR_PTE_NUS_DPG,2.15
2016-08-15,EMM_EPM0_PTE_NUS_DPG,2.256
2016-08-15,EMM_EPMR_PTE_NUS_DPG,2.149
2016-08-22,EMM_EPM0_PTE_NUS_DPG,2.299
2016-08-22,EMM_EPMR_PTE_NUS_DPG,2.193
2016-08-29,EMM_EPM0_PTE_NUS_DPG,2.341
2016-08-29,EMM_EPMR_PTE_NUS_DPG,2.237
2016-09-05,EMM_EPM0_PTE_NUS_DPG,2.329
2016-09-05,EMM_EPMR_PTE_NUS_DPG,2.223
2016-09-12,EMM_EPM0_PTE_NUS_DPG,2.31
2016-09-12,EMM_EPMR_PTE_NUS_DPG,2.202
2016-09-19,EMM_EPM0_PTE_NUS_DPG,2.333
2016-09-19,EMM_EPMR_PTE_NUS_DPG,2.225
2016-09-26,EMM_EPM0_PTE_NUS_DPG,2.334
2016-09-26,EMM_EPMR_PTE_NUS_DPG,2.224
2016-10-03,EMM_EPM0_PTE_NUS_DPG,2.354
2016-10-03,EMM_EPMR_PTE_NUS_DPG,2.245
2016-10-10,EMM_EPM0_PTE_NUS_DPG,2.381
2016-10-10,EMM_EPMR_PTE_NUS_DPG,2.272
2016-10-17,EMM_EPM0_PTE_NUS_DPG,2.367
2016-10-17,EMM_EPMR_PTE_NUS_DPG,2.257
2016-10-24,EMM_EPM0_PTE_NUS_DPG,2.353
2016-10-24,EMM_EPMR_PTE_NUS_DPG,2.243
2016-10-31,EMM_EPM0_PTE_NUS_DPG,2.341
2016-10-31,EMM_EPMR_PTE_NUS_DPG,2.23
2016-11-07,EMM_EPM0_PTE_NUS_DPG,2.345
2016-11-07,EMM_EPMR_PTE_NUS_DPG,2.233
2016-11-14,EMM_EPM0_PTE_NUS_DPG,2.298
2016-11-14,EMM_EPMR_PTE_NUS_DPG,2.184
2016-11-21,EMM_EPM0_PTE_NUS_DPG,2.269
2016-11-21,EMM_EPMR_PTE_NUS_DPG,2.155
2016-11-28,EMM_EPM0_PTE_NUS_DPG,2.268
2016-11-28,EMM_EPMR_PTE_NUS_DPG,2.154
2016-12-05,EMM_EPM0_PTE_NUS_DPG,2.321
2016-12-05,EMM_EPMR_PTE_NUS_DPG,2.208
2016-12-12,EMM_EPM0_PTE_NUS_DPG,2.347
2016-12-12,EMM_EPMR_PTE_NUS_DPG,2.236
2016-12-19,EMM_EPM0_PTE_NUS_DPG,2.375
2016-12-19,EMM_EPMR_PTE_NUS_DPG,2.264
2016-12-26,EMM_EPM0_PTE_NUS_DPG,2.419
2016-12-26,EMM_EPMR_PTE_NUS_DPG,2.309
2017-01-02,EMM_EPM0_PTE_NUS_DPG,2.485
2017-01-02,EMM_EPMR_PTE_NUS_DPG,2.377
2017-01-09,EMM_EPM0_PTE_NUS_DPG,2.496
2017-01-09,EMM_EPMR_PTE_NUS_DPG,2.388
2017-01-16,EMM_EPM0_PTE_NUS_DPG,2.467
2017-01-16,EMM_EPMR_PTE_NUS_DPG,2.358
2017-01-23,EMM_EPM0_PTE_NUS_DPG,2.436
2017-01-23,EMM_EPMR_PTE_NUS_DPG,2.326
2017-01-30,EMM_EPM0_PTE_NUS_DPG,2.408
2017-01-30,EMM_EPMR_PTE_NUS_DPG,2.296
2017-02-06,EMM_EPM0_PTE_NUS_DPG,2.405
2017-02-06,EMM_EPMR_PTE_NUS_DPG,2.293
2017-02-13,EMM_EPM0_PTE_NUS_DPG,2.418
2017-02-13,EMM_EPMR_PTE_NUS_DPG,2.307
2017-02-20,EMM_EPM0_PTE_NUS_DPG,2.414
2017-02-20,EMM_EPMR_PTE_NUS_DPG,2.302
2017-02-27,EMM_EPM0_PTE_NUS_DPG,2.427
2017-02-27,EMM_EPMR_PTE_NUS_DPG,2.314
2017-03-06,EMM_EPM0_PTE_NUS_DPG,2.452
2017-03-06,EMM_EPMR_PTE_NUS_DPG,2.341
2017-03-13,EMM_EPM0_PTE_NUS_DPG,2.434
2017-03-13,EMM_EPMR_PTE_NUS_DPG,2.323
2017-03-20,EMM_EPM0_PTE_NUS_DPG,2.433
2017-03-20,EMM_EPMR_PTE_NUS_DPG,2.321
2017-03-27,EMM_EPM0_PTE_NUS_DPG,2.428
2017-03-27,EMM_EPMR_PTE_NUS_DPG,2.315
2017-04-03,EMM_EPM0_PTE_NUS_DPG,2.471
2017-04-03,EMM_EPMR_PTE_NUS_DPG,2.36
2017-04-10,EMM_EPM0_PTE_NUS_DPG,2.534
2017-04-10,EMM_EPMR_PTE_NUS_DPG,2.424
2017-04-17,EMM_EPM0_PTE_NUS_DPG,2.546
2017-04-17,EMM_EPMR_PTE_NUS_DPG,2.436
2017-04-24,EMM_EPM0_PTE_NUS_DPG,2.559
2017-04-24,EMM_EPMR_PTE_NUS_DPG,2.449
2017-05-01,EMM_EPM0_PTE_NUS_DPG,2.522
2017-05-01,EMM_EPMR_PTE_NUS_DPG,2.411
2017-05-08,EMM_EPM0_PTE_NUS_DPG,2.484
2017-05-08,EMM_EPMR_PTE_NUS_DPG,2.372
2017-05-15,EMM_EPM0_PTE_NUS_DPG,2.481
2017-05-15,EMM_EPMR_PTE_NUS_DPG,2.369
2017-05-22,EMM_EPM0_PTE_NUS_DPG,2.51
2017-05-22,EMM_EPMR_PTE_NUS_DPG,2.399
2017-05-29,EMM_EPM0_PTE_NUS_DPG,2.516
2017-05-29,EMM_EPMR_PTE_NUS_DPG,2.406
2017-06-05,EMM_EPM0_PTE_NUS_DPG,2.525
2017-06-05,EMM_EPMR_PTE_NUS_DPG,2.414
2017-06-12,EMM_EPM0_PTE_NUS_DPG,2.479
2017-06-12,EMM_EPMR_PTE_NUS_DPG,2.366
2017-06-19,EMM_EPM0_PTE_NUS_DPG,2.433
2017-06-19,EMM_EPMR_PTE_NUS_DPG,2.318
2017-06-26,EMM_EPM0_PTE_NUS_DPG,2.404
2017-06-26,EMM_EPMR_PTE_NUS_DPG,2.288
2017-07-03,EMM_EPM0_PTE_NUS_DPG,2.376
2017-07-03,EMM_EPMR_PTE_NUS_DPG,2.26
2017-07-10,EMM_EPM0_PTE_NUS_DPG,2.411
2017-07-10,EMM_EPMR_PTE_NUS_DPG,2.297
2017-07-17,EMM_EPM0_PTE_NUS_DPG,2.392
2017-07-17,EMM_EPMR_PTE_NUS_DPG,2.278
2017-07-24,EMM_EPM0_PTE_NUS_DPG,2.426
2017-07-24,EMM_EPMR_PTE_NUS_DPG,2.312
2017-07-31,EMM_EPM0_PTE_NUS_DPG,2.467
2017-07-31,EMM_EPMR_PTE_NUS_DPG,2.352
2017-08-07,EMM_EPM0_PTE_NUS_DPG,2.492
2017-08-07,EMM_EPMR_PTE_NUS_DPG,2.378
2017-08-14,EMM_EPM0_PTE_NUS_DPG,2.497
2017-08-14,EMM_EPMR_PTE_NUS_DPG,2.384
2017-08-21,EMM_EPM0_PTE_NUS_DPG,2.474
2017-08-21,EMM_EPMR_PTE_NUS_DPG,2.36
2017-08-28,EMM_EPM0_PTE_NUS_DPG,2.513
2017-08-28,EMM_EPMR_PTE_NUS_DPG,2.399
2017-09-04,EMM_EPM0_PTE_NUS_DPG,2.794
2017-09-04,EMM_EPMR_PTE_NUS_DPG,2.679
2017-09-11,EMM_EPM0_PTE_NUS_DPG,2.8
2017-09-11,EMM_EPMR_PTE_NUS_DPG,2.685
2017-09-18,EMM_EPM0_PTE_NUS_DPG,2.75
2017-09-18,EMM_EPMR_PTE_NUS_DPG,2.634
2017-09-25,EMM_EPM0_PTE_NUS_DPG,2.701
2017-09-25,EMM_EPMR_PTE_NUS_DPG,2.583
2017-10-02,EMM_EPM0_PTE_NUS_DPG,2.682
2017-10-02,EMM_EPMR_PTE_NUS_DPG,2.565
2017-10-09,EMM_EPM0_PTE_NUS_DPG,2.622
2017-10-09,EMM_EPMR_PTE_NUS_DPG,2.504
2017-10-16,EMM_EPM0_PTE_NUS_DPG,2.605
2017-10-16,EMM_EPMR_PTE_NUS_DPG,2.489
2017-10-23,EMM_EPM0_PTE_NUS_DPG,2.594
2017-10-23,EMM_EPMR_PTE_NUS_DPG,2.479
2017-10-30,EMM_EPM0_PTE_NUS_DPG,2.602
2017-10-30,EMM_EPMR_PTE_NUS_DPG,2.488
2017-11-06,EMM_EPM0_PTE_NUS_DPG,2.673
2017-11-06,EMM_EPMR_PTE_NUS_DPG,2.561
2017-11-13,EMM_EPM0_PTE_NUS_DPG,2.706
2017-11-13,EMM_EPMR_PTE_NUS_DPG,2.592
2017-11-20,EMM_EPM0_PTE_NUS_DPG,2.683
2017-11-20,EMM_EPMR_PTE_NUS_DPG,2.568
2017-11-27,EMM_EPM0_PTE_NUS_DPG,2.648
2017-11-27,EMM_EPMR_PTE_NUS_DPG,2.533
2017-12-04,EMM_EPM0_PTE_NUS_DPG,2.617
2017-12-04,EMM_EPMR_PTE_NUS_DPG,2.5
2017-12-11,EMM_EPM0_PTE_NUS_DPG,2.601
2017-12-11,EMM_EPMR_PTE_NUS_DPG,2.485
2017-12-18,EMM_EPM0_PTE_NUS_DPG,2.568
2017-12-18,EMM_EPMR_PTE_NUS_DPG,2.45
2017-12-25,EMM_EPM0_PTE_NUS_DPG,2.589
2017-12-25,EMM_EPMR_PTE_NUS_DPG,2.472
2018-01-01,EMM_EPM0_PTE_NUS_DPG,2.637
2018-01-01,EMM_EPMR_PTE_NUS_DPG,2.52
2018-01-08,EMM_EPM0_PTE_NUS_DPG,2.639
2018-01-08,EMM_EPMR_PTE_NUS_DPG,2.522
2018-01-15,EMM_EPM0_PTE_NUS_DPG,2.673
2018-01-15,EMM_EPMR_PTE_NUS_DPG,2.557
2018-01-22,EMM_EPM0_PTE_NUS_DPG,2.684
2018-01-22,EMM_EPMR_PTE_NUS_DPG,2.567
2018-01-29,EMM_EPM0_PTE_NUS_DPG,2.723
2018-01-29,EMM_EPMR_PTE_NUS_DPG,2.607
2018-02-05,EMM_EPM0_PTE_NUS_DPG,2.753
2018-02-05,EMM_EPMR_PTE_NUS_DPG,2.637
2018-02-12,EMM_EPM0_PTE_NUS_DPG,2.724
2018-02-12,EMM_EPMR_PTE_NUS_DPG,2.607
2018-02-19,EMM_EPM0_PTE_NUS_DPG,2.676
2018-02-19,EMM_EPMR_PTE_NUS_DPG,2.557
2018-02-26,EMM_EPM0_PTE_NUS_DPG,2.666
2018-02-26,EMM_EPMR_PTE_NUS_DPG,2.548
2018-03-05,EMM_EPM0_PTE_NUS_DPG,2.679
2018-03-05,EMM_EPMR_PTE_NUS_DPG,2.56
2018-03-12,EMM_EPM0_PTE_NUS_DPG,2.677
2018-03-12,EMM_EPMR_PTE_NUS_DPG,2.559
2018-03-19,EMM_EPM0_PTE_NUS_DPG,2.716
2018-03-19,EMM_EPMR_PTE_NUS_DPG,2.598
2018-03-26,EMM_EPM0_PTE_NUS_DPG,2.764
2018-03-26,EMM_EPMR_PTE_NUS_DPG,2.648
2018-04-02,EMM_EPM0_PTE_NUS_DPG,2.817
2018-04-02,EMM_EPMR_PTE_NUS_DPG,2.7
2018-04-09,EMM_EPM0_PTE_NUS_DPG,2.811
2018-04-09,EMM_EPMR_PTE_NUS_DPG,2.694
2018-04-16,EMM_EPM0_PTE_NUS_DPG,2.863
2018-04-16,EMM_EPMR_PTE_NUS_DPG,2.747
2018-04-23,EMM_EPM0_PTE_NUS_DPG,2.914
2018-04-23,EMM_EPMR_PTE_NUS_DPG,2.798
2018-04-30,EMM_EPM0_PTE_NUS_DPG,2.961
2018-04-30,EMM_EPMR_PTE_NUS_DPG,2.846
2018-05-07,EMM_EPM0_PTE_NUS_DPG,2.96
2018-05-07,EMM_EPMR_PTE_NUS_DPG,2.845
2018-05-14,EMM_EPM0_PTE_NUS_DPG,2.949
2018-05-14,EMM_EPMR_PTE_NUS_DPG,2.873
2018-05-21,EMM_EPM0_PTE_NUS_DPG,2.999
2018-05-21,EMM_EPMR_PTE_NUS_DPG,2.923
2018-05-28,EMM_EPM0_PTE_NUS_DPG,3.039
2018-05-28,EMM_EPMR_PTE_NUS_DPG,2.962
2018-06-04,EMM_EPM0_PTE_NUS_DPG,3.018
2018-06-04,EMM_EPMR_PTE_NUS_DPG,2.94
2018-06-11,EMM_EPM0_PTE_NUS_DPG,2.989
2018-06-11,EMM_EPMR_PTE_NUS_DPG,2.911
2018-06-18,EMM_EPM0_PTE_NUS_DPG,2.958
2018-06-18,EMM_EPMR_PTE_NUS_DPG,2.879
2018-06-25,EMM_EPM0_PTE_NUS_DPG,2.913
2018-06-25,EMM_EPMR_PTE_NUS_DPG,2.833
2018-07-02,EMM_EPM0_PTE_NUS_DPG,2.924
2018-07-02,EMM_EPMR_PTE_NUS_DPG,2.844
2018-07-09,EMM_EPM0_PTE_NUS_DPG,2.937
2018-07-09,EMM_EPMR_PTE_NUS_DPG,2.857
2018-07-16,EMM_EPM0_PTE_NUS_DPG,2.943
2018-07-16,EMM_EPMR_PTE_NUS_DPG,2.865
2018-07-23,EMM_EPM0_PTE_NUS_DPG,2.911
2018-07-23,EMM_EPMR_PTE_NUS_DPG,2.831
2018-07-30,EMM_EPM0_PTE_NUS_DPG,2.924
2018-07-30,EMM_EPMR_PTE_NUS_DPG,2.846
2018-08-06,EMM_EPM0_PTE_NUS_DPG,2.93
2018-08-06,EMM_EPMR_PTE_NUS_DPG,2.852
2018-08-13,EMM_EPM0_PTE_NUS_DPG,2.921
2018-08-13,EMM_EPMR_PTE_NUS_DPG,2.843
2018-08-20,EMM_EPM0_PTE_NUS_DPG,2.9
2018-08-20,EMM_EPMR_PTE_NUS_DPG,2.821
2018-08-27,EMM_EPM0_PTE_NUS_DPG,2.906
2018-08-27,EMM_EPMR_PTE_NUS_DPG,2.827
2018-09-03,EMM_EPM0_PTE_NUS_DPG,2.903
2018-09-03,EMM_EPMR_PTE_NUS_DPG,2.824
2018-09-10,EMM_EPM0_PTE_NUS_DPG,2.912
2018-09-10,EMM_EPMR_PTE_NUS_DPG,2.833
2018-09-17,EMM_EPM0_PTE_NUS_DPG,2.921
2018-09-17,EMM_EPMR_PTE_NUS_DPG,2.841
2018-09-24,EMM_EPM0_PTE_NUS_DPG,2.923
2018-09-24,EMM_EPMR_PTE_NUS_DPG,2.844
2018-10-01,EMM_EPM0_PTE_NUS_DPG,2.947
2018-10-01,EMM_EPMR_PTE_NUS_DPG,2.866
2018-10-08,EMM_EPM0_PTE_NUS_DPG,2.984
2018-10-08,EMM_EPMR_PTE_NUS_DPG,2.903
2018-10-15,EMM_EPM0_PTE_NUS_DPG,2.961
2018-10-15,EMM_EPMR_PTE_NUS_DPG,2.879
2018-10-22,EMM_EPM0_PTE_NUS_DPG,2.925
2018-10-22,EMM_EPMR_PTE_NUS_DPG,2.841
2018-10-29,EMM_EPM0_PTE_NUS_DPG,2.896
2018-10-29,EMM_EPMR_PTE_NUS_DPG,2.811
2018-11-05,EMM_EPM0_PTE_NUS_DPG,2.84
2018-11-05,EMM_EPMR_PTE_NUS_DPG,2.753
2018-11-12,EMM_EPM0_PTE_NUS_DPG,2.773
2018-11-12,EMM_EPMR_PTE_NUS_DPG,2.686
2018-11-19,EMM_EPM0_PTE_NUS_DPG,2.7
2018-11-19,EMM_EPMR_PTE_NUS_DPG,2.611
2018-11-26,EMM_EPM0_PTE_NUS_DPG,2.63
2018-11-26,EMM_EPMR_PTE_NUS_DPG,2.539
2018-12-03,EMM_EPM0_PTE_NUS_DPG,2.544
2018-12-03,EMM_EPMR_PTE_NUS_DPG,2.451
2018-12-10,EMM_EPM0_PTE_NUS_DPG,2.511
2018-12-10,EMM_EPMR_PTE_NUS_DPG,2.421
2018-12-17,EMM_EPM0_PTE_NUS_DPG,2.46
2018-12-17,EMM_EPMR_PTE_NUS_DPG,2.369
2018-12-24,EMM_EPM0_PTE_NUS_DPG,2.413
2018-12-24,EMM_EPMR_PTE_NUS_DPG,2.321
2018-12-31,EMM_EPM0_PTE_NUS_DPG,2.358
2018-12-31,EMM_EPMR_PTE_NUS_DPG,2.266
2019-01-07,EMM_EPM0_PTE_NUS_DPG,2.329
2019-01-07,EMM_EPMR_PTE_NUS_DPG,2.237
2019-01-14,EMM_EPM0_PTE_NUS_DPG,2.338
2019-01-14,EMM_EPMR_PTE_NUS_DPG,2.247
2019-01-21,EMM_EPM0_PTE_NUS_DPG,2.34
2019-01-21,EMM_EPMR_PTE_NUS_DPG,2.251
2019-01-28,EMM_EPM0_PTE_NUS_DPG,2.343
2019-01-28,EMM_EPMR_PTE_NUS_DPG,2.256
2019-02-04,EMM_EPM0_PTE_NUS_DPG,2.341
2019-02-04,EMM_EPMR_PTE_NUS_DPG,2.254
2019-02-11,EMM_EPM0_PTE_NUS_DPG,2.361
2019-02-11,EMM_EPMR_PTE_NUS_DPG,2.276
2019-02-18,EMM_EPM0_PTE_NUS_DPG,2.4
2019-02-18,EMM_EPMR_PTE_NUS_DPG,2.317
2019-02-25,EMM_EPM0_PTE_NUS_DPG,2.471
2019-02-25,EMM_EPMR_PTE_NUS_DPG,2.39
2019-03-04,EMM_EPM0_PTE_NUS_DPG,2.502
2019-03-04,EMM_EPMR_PTE_NUS_DPG,2.422
2019-03-11,EMM_EPM0_PTE_NUS_DPG,2.549
2019-03-11,EMM_EPMR_PTE_NUS_DPG,2.471
2019-03-18,EMM_EPM0_PTE_NUS_DPG,2.625
2019-03-18,EMM_EPMR_PTE_NUS_DPG,2.548
2019-03-25,EMM_EPM0_PTE_NUS_DPG,2.701
2019-03-25,EMM_EPMR_PTE_NUS_DPG,2.623
2019-04-01,EMM_EPM0_PTE_NUS_DPG,2.77
2019-04-01,EMM_EPMR_PTE_NUS_DPG,2.691
2019-04-08,EMM_EPM0_PTE_NUS_DPG,2.826
2019-04-08,EMM_EPMR_PTE_NUS_DPG,2.745
2019-04-15,EMM_EPM0_PTE_NUS_DPG,2.912
2019-04-15,EMM_EPMR_PTE_NUS_DPG,2.828
2019-04-22,EMM_EPM0_PTE_NUS_DPG,2.926
2019-04-22,EMM_EPMR_PTE_NUS_DPG,2.841
2019-04-29,EMM_EPM0_PTE_NUS_DPG,2.972
2019-04-29,EMM_EPMR_PTE_NUS_DPG,2.887
2019-05-06,EMM_EPM0_PTE_NUS_DPG,2.983
2019-05-06,EMM_EPMR_PTE_NUS_DPG,2.897
2019-05-13,EMM_EPM0_PTE_NUS_DPG,2.954
2019-05-13,EMM_EPMR_PTE_NUS_DPG,2.866
2019-05-20,EMM_EPM0_PTE_NUS_DPG,2.939
2019-05-20,EMM_EPMR_PTE_NUS_DPG,2.852
2019-05-27,EMM_EPM0_PTE_NUS_DPG,2.909
2019-05-27,EMM_EPMR_PTE_NUS_DPG,2.822
2019-06-03,EMM_EPM0_PTE_NUS_DPG,2.893
2019-06-03,EMM_EPMR_PTE_NUS_DPG,2.807
2019-06-10,EMM_EPM0_PTE_NUS_DPG,2.821
2019-06-10,EMM_EPMR_PTE_NUS_DPG,2.732
2019-06-17,EMM_EPM0_PTE_NUS_DPG,2.759
2019-06-17,EMM_EPMR_PTE_NUS_DPG,2.67
2019-06-24,EMM_EPM0_PTE_NUS_DPG,2.741
2019-06-24,EMM_EPMR_PTE_NUS_DPG,2.654
2019-07-01,EMM_EPM0_PTE_NUS_DPG,2.798
2019-07-01,EMM_EPMR_PTE_NUS_DPG,2.713
2019-07-08,EMM_EPM0_PTE_NUS_DPG,2.827
2019-07-08,EMM_EPMR_PTE_NUS_DPG,2.743
2019-07-15,EMM_EPM0_PTE_NUS_DPG,2.86
2019-07-15,EMM_EPMR_PTE_NUS_DPG,2.779
2019-07-22,EMM_EPM0_PTE_NUS_DPG,2.833
2019-07-22,EMM_EPMR_PTE_NUS_DPG,2.75
2019-07-29,EMM_EPM0_PTE_NUS_DPG,2.798
2019-07-29,EMM_EPMR_PTE_NUS_DPG,2.715
2019-08-05,EMM_EPM0_PTE_NUS_DPG,2.772
2019-08-05,EMM_EPMR_PTE_NUS_DPG,2.688
2019-08-12,EMM_EPM0_PTE_NUS_DPG,2.71
2019-08-12,EMM_EPMR_PTE_NUS_DPG,2.624
2019-08-19,EMM_EPM0_PTE_NUS_DPG,2.684
2019-08-19,EMM_EPMR_PTE_NUS_DPG,2.598
2019-08-26,EMM_EPM0_PTE_NUS_DPG,2.661
2019-08-26,EMM_EPMR_PTE_NUS_DPG,2.574
2019-09-02,EMM_EPM0_PTE_NUS_DPG,2.651
2019-09-02,EMM_EPMR_PTE_NUS_DPG,2.563
2019-09-09,EMM_EPM0_PTE_NUS_DPG,2.638
2019-09-09,EMM_EPMR_PTE_NUS_DPG,2.55
2019-09-16,EMM_EPM0_PTE_NUS_DPG,2.64
2019-09-16,EMM_EPMR_PTE_NUS_DPG,2.552
2019-09-23,EMM_EPM0_PTE_NUS_DPG,2.741
2019-09-23,EMM_EPMR_PTE_NUS_DPG,2.654
2019-09-30,EMM_EPM0_PTE_NUS_DPG,2.737
2019-09-30,EMM_EPMR_PTE_NUS_DPG,2.642
2019-10-07,EMM_EPM0_PTE_NUS_DPG,2.742
2019-10-07,EMM_EPMR_PTE_NUS_DPG,2.645
2019-10-14,EMM_EPM0_PTE_NUS_DPG,2.727
2019-10-14,EMM_EPMR_PTE_NUS_DPG,2.629
2019-10-21,EMM_EPM0_PTE_NUS_DPG,2.735
2019-10-21,EMM_EPMR_PTE_NUS_DPG,2.638
2019-10-28,EMM_EPM0_PTE_NUS_DPG,2.692
2019-10-28,EMM_EPMR_PTE_NUS_DPG,2.596
2019-11-04,EMM_EPM0_PTE_NUS_DPG,2.702
2019-11-04,EMM_EPMR_PTE_NUS_DPG,2.605
2019-11-11,EMM_EPM0_PTE_NUS_DPG,2.711
2019-11-11,EMM_EPMR_PTE_NUS_DPG,2.615
2019-11-18,EMM_EPM0_PTE_NUS_DPG,2.688
2019-11-18,EMM_EPMR_PTE_NUS_DPG,2.592
2019-11-25,EMM_EPM0_PTE_NUS_DPG,2.672
2019-11-25,EMM_EPMR_PTE_NUS_DPG,2.579
2019-12-02,EMM_EPM0_PTE_NUS_DPG,2.667
2019-12-02,EMM_EPMR_PTE_NUS_DPG,2.575
2019-12-09,EMM_EPM0_PTE_NUS_DPG,2.652
2019-12-09,EMM_EPMR_PTE_NUS_DPG,2.561
2019-12-16,EMM_EPM0_PTE_NUS_DPG,2.627
2019-12-16,EMM_EPMR_PTE_NUS_DPG,2.536
2019-12-23,EMM_EPM0_PTE_NUS_DPG,2.621
2019-12-23,EMM_EPMR_PTE_NUS_DPG,2.532
2019-12-30,EMM_EPM0_PTE_NUS_DPG,2.658
2019-12-30,EMM_EPMR_PTE_NUS_DPG,2.571
2020-01-06,EMM_EPM0_PTE_NUS_DPG,2.665
2020-01-06,EMM_EPMR_PTE_NUS_DPG,2.578
2020-01-13,EMM_EPM0_PTE_NUS_DPG,2.657
2020-01-13,EMM_EPMR_PTE_NUS_DPG,2.57
2020-01-20,EMM_EPM0_PTE_NUS_DPG,2.625
2020-01-20,EMM_EPMR_PTE_NUS_DPG,2.537
2020-01-27,EMM_EPM0_PTE_NUS_DPG,2.595
2020-01-27,EMM_EPMR_PTE_NUS_DPG,2.506
2020-02-03,EMM_EPM0_PTE_NUS_DPG,2.546
2020-02-03,EMM_EPMR_PTE_NUS_DPG,2.455
2020-02-10,EMM_EPM0_PTE_NUS_DPG,2.511
2020-02-10,EMM_EPMR_PTE_NUS_DPG,2.419
2020-02-17,EMM_EPM0_PTE_NUS_DPG,2.518
2020-02-17,EMM_EPMR_PTE_NUS_DPG,2.428
2020-02-24,EMM_EPM0_PTE_NUS_DPG,2.555
2020-02-24,EMM_EPMR_PTE_NUS_DPG,2.466
2020-03-02,EMM_EPM0_PTE_NUS_DPG,2.514
2020-03-02,EMM_EPMR_PTE_NUS_DPG,2.423
2020-03-09,EMM_EPM0_PTE_NUS_DPG,2.468
2020-03-09,EMM_EPMR_PTE_NUS_DPG,2.375
2020-03-16,EMM_EPM0_PTE_NUS_DPG,2.343
2020-03-16,EMM_EPMR_PTE_NUS_DPG,2.248
2020-03-23,EMM_EPM0_PTE_NUS_DPG,2.217
2020-03-23,EMM_EPMR_PTE_NUS_DPG,2.12
2020-03-30,EMM_EPM0_PTE_NUS_DPG,2.103
2020-03-30,EMM_EPMR_PTE_NUS_DPG,2.005
2020-04-06,EMM_EPM0_PTE_NUS_DPG,2.022
2020-04-06,EMM_EPMR_PTE_NUS_DPG,1.924
2020-04-13,EMM_EPM0_PTE_NUS_DPG,1.951
2020-04-13,EMM_EPMR_PTE_NUS_DPG,1.853
2020-04-20,EMM_EPM0_PTE_NUS_DPG,1.91
2020-04-20,EMM_EPMR_PTE_NUS_DPG,1.812
2020-04-27,EMM_EPM0_PTE_NUS_DPG,1.87
2020-04-27,EMM_EPMR_PTE_NUS_DPG,1.773
2020-05-04,EMM_EPM0_PTE_NUS_DPG,1.883
2020-05-04,EMM_EPMR_PTE_NUS_DPG,1.789
2020-05-11,EMM_EPM0_PTE_NUS_DPG,1.941
2020-05-11,EMM_EPMR_PTE_NUS_DPG,1.851
2020-05-18,EMM_EPM0_PTE_NUS_DPG,1.969
2020-05-18,EMM_EPMR_PTE_NUS_DPG,1.878
2020-05-25,EMM_EPM0_PTE_NUS_DPG,2.049
2020-05-25,EMM_EPMR_PTE_NUS_DPG,1.96
2020-06-01,EMM_EPM0_PTE_NUS_DPG,2.064
2020-06-01,EMM_EPMR_PTE_NUS_DPG,1.974
2020-06-08,EMM_EPM0_PTE_NUS_DPG,2.123
2020-06-08,EMM_EPMR_PTE_NUS_DPG,2.036
2020-06-15,EMM_EPM0_PTE_NUS_DPG,2.185
2020-06-15,EMM_EPMR_PTE_NUS_DPG,2.098
2020-06-22,EMM_EPM0_PTE_NUS_DPG,2.216
2020-06-22,EMM_EPMR_PTE_NUS_DPG,2.129
2020-06-29,EMM_EPM0_PTE_NUS_DPG,2.26
2020-06-29,EMM_EPMR_PTE_NUS_DPG,2.174
2020-07-06,EMM_EPM0_PTE_NUS_DPG,2.265
2020-07-06,EMM_EPMR_PTE_NUS_DPG,2.177
2020-07-13,EMM_EPM0_PTE_NUS_DPG,2.283
2020-07-13,EMM_EPMR_PTE_NUS_DPG,2.195
2020-07-20,EMM_EPM0_PTE_NUS_DPG,2.275
2020-07-20,EMM_EPMR_PTE_NUS_DPG,2.186
2020-07-27,EMM_EPM0_PTE_NUS_DPG,2.265
2020-07-27,EMM_EPMR_PTE_NUS_DPG,2.175
2020-08-03,EMM_EPM0_PTE_NUS_DPG,2.266
2020-08-03,EMM_EPMR_PTE_NUS_DPG,2.176
2020-08-10,EMM_EPM0_PTE_NUS_DPG,2.256
2020-08-10,EMM_EPMR_PTE_NUS_DPG,2.166
2020-08-17,EMM_EPM0_PTE_NUS_DPG,2.256
2020-08-17,EMM_EPMR_PTE_NUS_DPG,2.166
2020-08-24,EMM_EPM0_PTE_NUS_DPG,2.272
2020-08-24,EMM_EPMR_PTE_NUS_DPG,2.182
2020-08-31,EMM_EPM0_PTE_NUS_DPG,2.311
2020-08-31,EMM_EPMR_PTE_NUS_DPG,2.222
2020-09-07,EMM_EPM0_PTE_NUS_DPG,2.302
2020-09-07,EMM_EPMR_PTE_NUS_DPG,2.211
2020-09-14,EMM_EPM0_PTE_NUS_DPG,2.274
2020-09-14,EMM_EPMR_PTE_NUS_DPG,2.183
2020-09-21,EMM_EPM0_PTE_NUS_DPG,2.259
2020-09-21,EMM_EPMR_PTE_NUS_DPG,2.168
2020-09-28,EMM_EPM0_PTE_NUS_DPG,2.259
2020-09-28,EMM_EPMR_PTE_NUS_DPG,2.169
2020-10-05,EMM_EPM0_PTE_NUS_DPG,2.262
2020-10-05,EMM_EPMR_PTE_NUS_DPG,2.172
2020-10-12,EMM_EPM0_PTE_NUS_DPG,2.257
2020-10-12,EMM_EPMR_PTE_NUS_DPG,2.167
2020-10-19,EMM_EPM0_PTE_NUS_DPG,2.24
2020-10-19,EMM_EPMR_PTE_NUS_DPG,2.15
2020-10-26,EMM_EPM0_PTE_NUS_DPG,2.234
2020-10-26,EMM_EPMR_PTE_NUS_DPG,2.143
2020-11-02,EMM_EPM0_PTE_NUS_DPG,2.204
2020-11-02,EMM_EPMR_PTE_NUS_DPG,2.112
2020-11-09,EMM_EPM0_PTE_NUS_DPG,2.188
2020-11-09,EMM_EPMR_PTE_NUS_DPG,2.096
2020-11-16,EMM_EPM0_PTE_NUS_DPG,2.202
2020-11-16,EMM_EPMR_PTE_NUS_DPG,2.111
2020-11-23,EMM_EPM0_PTE_NUS_DPG,2.194
2020-11-23,EMM_EPMR_PTE_NUS_DPG,2.102
2020-11-30,EMM_EPM0_PTE_NUS_DPG,2.211
2020-11-30,EMM_EPMR_PTE_NUS_DPG,2.12
2020-12-07,EMM_EPM0_PTE_NUS_DPG,2.246
2020-12-07,EMM_EPMR_PTE_NUS_DPG,2.156
2020-12-14,EMM_EPM0_PTE_NUS_DPG,2.247
2020-12-14,EMM_EPMR_PTE_NUS_DPG,2.158
2020-12-21,EMM_EPM0_PTE_NUS_DPG,2.311
2020-12-21,EMM_EPMR_PTE_NUS_DPG,2.224
2020-12-28,EMM_EPM0_PTE_NUS_DPG,2.33
2020-12-28,EMM_EPMR_PTE_NUS_DPG,2.243
2021-01-04,EMM_EPM0_PTE_NUS_DPG,2.336
2021-01-04,EMM_EPMR_PTE_NUS_DPG,2.249
2021-01-11,EMM_EPM0_PTE_NUS_DPG,2.403
2021-01-11,EMM_EPMR_PTE_NUS_DPG,2.317
2021-01-18,EMM_EPM0_PTE_NUS_DPG,2.464
2021-01-18,EMM_EPMR_PTE_NUS_DPG,2.379
2021-01-25,EMM_EPM0_PTE_NUS_DPG,2.478
2021-01-25,EMM_EPMR_PTE_NUS_DPG,2.392
2021-02-01,EMM_EPM0_PTE_NUS_DPG,2.495
2021-02-01,EMM_EPMR_PTE_NUS_DPG,2.409
2021-02-08,EMM_EPM0_PTE_NUS_DPG,2.548
2021-02-08,EMM_EPMR_PTE_NUS_DPG,2.461
2021-02-15,EMM_EPM0_PTE_NUS_DPG,2.588
2021-02-15,EMM_EPMR_PTE_NUS_DPG,2.501
2021-02-22,EMM_EPM0_PTE_NUS_DPG,2.717
2021-02-22,EMM_EPMR_PTE_NUS_DPG,2.633
2021-03-01,EMM_EPM0_PTE_NUS_DPG,2.796
2021-03-01,EMM_EPMR_PTE_NUS_DPG,2.711
2021-03-08,EMM_EPM0_PTE_NUS_DPG,2.857
2021-03-08,EMM_EPMR_PTE_NUS_DPG,2.771
2021-03-15,EMM_EPM0_PTE_NUS_DPG,2.94
2021-03-15,EMM_EPMR_PTE_NUS_DPG,2.853
2021-03-22,EMM_EPM0_PTE_NUS_DPG,2.954
2021-03-22,EMM_EPMR_PTE_NUS_DPG,2.865
2021-03-29,EMM_EPM0_PTE_NUS_DPG,2.941
2021-03-29,EMM_EPMR_PTE_NUS_DPG,2.852
2021-04-05,EMM_EPM0_PTE_NUS_DPG,2.945
2021-04-05,EMM_EPMR_PTE_NUS_DPG,2.857
2021-04-12,EMM_EPM0_PTE_NUS_DPG,2.939
2021-04-12,EMM_EPMR_PTE_NUS_DPG,2.849
2021-04-19,EMM_EPM0_PTE_NUS_DPG,2.945
2021-04-19,EMM_EPMR_PTE_NUS_DPG,2.855
2021-04-26,EMM_EPM0_PTE_NUS_DPG,2.962
2021-04-26,EMM_EPMR_PTE_NUS_DPG,2.872
2021-05-03,EMM_EPM0_PTE_NUS_DPG,2.981
2021-05-03,EMM_EPMR_PTE_NUS_DPG,2.89
2021-05-10,EMM_EPM0_PTE_NUS_DPG,3.051
2021-05-10,EMM_EPMR_PTE_NUS_DPG,2.961
2021-05-17,EMM_EPM0_PTE_NUS_DPG,3.118
2021-05-17,EMM_EPMR_PTE_NUS_DPG,3.028
2021-05-24,EMM_EPM0_PTE_NUS_DPG,3.112
2021-05-24,EMM_EPMR_PTE_NUS_DPG,3.02
2021-05-31,EMM_EPM0_PTE_NUS_DPG,3.119
2021-05-31,EMM_EPMR_PTE_NUS_DPG,3.027
2021-06-07,EMM_EPM0_PTE_NUS_DPG,3.128
2021-06-07,EMM_EPMR_PTE_NUS_DPG,3.035
2021-06-14,EMM_EPM0_PTE_NUS_DPG,3.161
2021-06-14,EMM_EPMR_PTE_NUS_DPG,3.069
2021-06-21,EMM_EPM0_PTE_NUS_DPG,3.153
2021-06-21,EMM_EPMR_PTE_NUS_DPG,3.06
2021-06-28,EMM_EPM0_PTE_NUS_DPG,3.185
2021-06-28,EMM_EPMR_PTE_NUS_DPG,3.091
2021-07-05,EMM_EPM0_PTE_NUS_DPG,3.216
2021-07-05,EMM_EPMR_PTE_NUS_DPG,3.122
2021-07-12,EMM_EPM0_PTE_NUS_DPG,3.227
2021-07-12,EMM_EPMR_PTE_NUS_DPG,3.133
2021-07-19,EMM_EPM0_PTE_NUS_DPG,3.247
2021-07-19,EMM_EPMR_PTE_NUS_DPG,3.153
2021-07-26,EMM_EPM0_PTE_NUS_DPG,3.232
2021-07-26,EMM_EPMR_PTE_NUS_DPG,3.136
2021-08-02,EMM_EPM0_PTE_NUS_DPG,3.256
2021-08-02,EMM_EPMR_PTE_NUS_DPG,3.159
2021-08-09,EMM_EPM0_PTE_NUS_DPG,3.269
2021-08-09,EMM_EPMR_PTE_NUS_DPG,3.172
2021-08-16,EMM_EPM0_PTE_NUS_DPG,3.272
2021-08-16,EMM_EPMR_PTE_NUS_DPG,3.174
2021-08-23,EMM_EPM0_PTE_NUS_DPG,3.243
2021-08-23,EMM_EPMR_PTE_NUS_DPG,3.145
2021-08-30,EMM_EPM0_PTE_NUS_DPG,3.237
2021-08-30,EMM_EPMR_PTE_NUS_DPG,3.139
2021-09-06,EMM_EPM0_PTE_NUS_DPG,3.273
2021-09-06,EMM_EPMR_PTE_NUS_DPG,3.176
2021-09-13,EMM_EPM0_PTE_NUS_DPG,3.262
2021-09-13,EMM_EPMR_PTE_NUS_DPG,3.165
2021-09-20,EMM_EPM0_PTE_NUS_DPG,3.28
2021-09-20,EMM_EPMR_PTE_NUS_DPG,3.184
2021-09-27,EMM_EPM0_PTE_NUS_DPG,3.271
2021-09-27,EMM_EPMR_PTE_NUS_DPG,3.175
2021-10-04,EMM_EPM0_PTE_NUS_DPG,3.285
2021-10-04,EMM_EPMR_PTE_NUS_DPG,3.19
2021-10-11,EMM_EPM0_PTE_NUS_DPG,3.36
2021-10-11,EMM_EPMR_PTE_NUS_DPG,3.267
2021-10-18,EMM_EPM0_PTE_NUS_DPG,3.416
2021-10-18,EMM_EPMR_PTE_NUS_DPG,3.322
2021-10-25,EMM_EPM0_PTE_NUS_DPG,3.476
2021-10-25,EMM_EPMR_PTE_NUS_DPG,3.383
2021-11-01,EMM_EPM0_PTE_NUS_DPG,3.484
2021-11-01,EMM_EPMR_PTE_NUS_DPG,3.39
2021-11-08,EMM_EPM0_PTE_NUS_DPG,3.505
2021-11-08,EMM_EPMR_PTE_NUS_DPG,3.41
2021-11-15,EMM_EPM0_PTE_NUS_DPG,3.495
2021-11-15,EMM_EPMR_PTE_NUS_DPG,3.399
2021-11-22,EMM_EPM0_PTE_NUS_DPG,3.493
2021-11-22,EMM_EPMR_PTE_NUS_DPG,3.395
2021-11-29,EMM_EPM0_PTE_NUS_DPG,3.478
2021-11-29,EMM_EPMR_PTE_NUS_DPG,3.38
2021-12-06,EMM_EPM0_PTE_NUS_DPG,3.44
2021-12-06,EMM_EPMR_PTE_NUS_DPG,3.341
2021-12-13,EMM_EPM0_PTE_NUS_DPG,3.414
2021-12-13,EMM_EPMR_PTE_NUS_DPG,3.315
2021-12-20,EMM_EPM0_PTE_NUS_DPG,3.395
2021-12-20,EMM_EPMR_PTE_NUS_DPG,3.295
2021-12-27,EMM_EPM0_PTE_NUS_DPG,3.375
2021-12-27,EMM_EPMR_PTE_NUS_DPG,3.275
2022-01-03,EMM_EPM0_PTE_NUS_DPG,3.381
2022-01-03,EMM_EPMR_PTE_NUS_DPG,3.281
2022-01-10,EMM_EPM0_PTE_NUS_DPG,3.394
2022-01-10,EMM_EPMR_PTE_NUS_DPG,3.295
2022-01-17,EMM_EPM0_PTE_NUS_DPG,3.404
2022-01-17,EMM_EPMR_PTE_NUS_DPG,3.306
2022-01-24,EMM_EPM0_PTE_NUS_DPG,3.421
2022-01-24,EMM_EPMR_PTE_NUS_DPG,3.323
2022-01-31,EMM_EPM0_PTE_NUS_DPG,3.464
2022-01-31,EMM_EPMR_PTE_NUS_DPG,3.368
2022-02-07,EMM_EPM0_PTE_NUS_DPG,3.538
2022-02-07,EMM_EPMR_PTE_NUS_DPG,3.444
2022-02-14,EMM_EPM0_PTE_NUS_DPG,3.581
2022-02-14,EMM_EPMR_PTE_NUS_DPG,3.487
2022-02-21,EMM_EPM0_PTE_NUS_DPG,3.624
2022-02-21,EMM_EPMR_PTE_NUS_DPG,3.53
2022-02-28,EMM_EPM0_PTE_NUS_DPG,3.701
2022-02-28,EMM_EPMR_PTE_NUS_DPG,3.608
2022-03-07,EMM_EPM0_PTE_NUS_DPG,4.196
2022-03-07,EMM_EPMR_PTE_NUS_DPG,4.102
2022-03-14,EMM_EPM0_PTE_NUS_DPG,4.414
2022-03-14,EMM_EPMR_PTE_NUS_DPG,4.315
2022-03-21,EMM_EPM0_PTE_NUS_DPG,4.343
2022-03-21,EMM_EPMR_PTE_NUS_DPG,4.239
2022-03-28,EMM_EPM0_PTE_NUS_DPG,4.334
2022-03-28,EMM_EPMR_PTE_NUS_DPG,4.231
2022-04-04,EMM_EPM0_PTE_NUS_DPG,4.274
2022-04-04,EMM_EPMR_PTE_NUS_DPG,4.17
2022-04-11,EMM_EPM0_PTE_NUS_DPG,4.196
2022-04-11,EMM_EPMR_PTE_NUS_DPG,4.091
2022-04-18,EMM_EPM0_PTE_NUS_DPG,4.17
2022-04-18,EMM_EPMR_PTE_NUS_DPG,4.066
2022-04-25,EMM_EPM0_PTE_NUS_DPG,4.211
2022-04-25,EMM_EPMR_PTE_NUS_DPG,4.107
2022-05-02,EMM_EPM0_PTE_NUS_DPG,4.285
2022-05-02,EMM_EPMR_PTE_NUS_DPG,4.182
2022-05-09,EMM_EPM0_PTE_NUS_DPG,4.428
2022-05-09,EMM_EPMR_PTE_NUS_DPG,4.328
2022-05-16,EMM_EPM0_PTE_NUS_DPG,4.591
2022-05-16,EMM_EPMR_PTE_NUS_DPG,4.491
2022-05-23,EMM_EPM0_PTE_NUS_DPG,4.694
2022-05-23,EMM_EPMR_PTE_NUS_DPG,4.593
2022-05-30,EMM_EPM0_PTE_NUS_DPG,4.727
2022-05-30,EMM_EPMR_PTE_NUS_DPG,4.624
2022-06-06,EMM_EPM0_PTE_NUS_DPG,4.977
2022-06-06,EMM_EPMR_PTE_NUS_DPG,4.876
2022-06-13,EMM_EPM0_PTE_NUS_DPG,5.107
2022-06-13,EMM_EPMR_PTE_NUS_DPG,5.006
2022-06-20,EMM_EPM0_PTE_NUS_DPG,5.066
2022-06-20,EMM_EPMR_PTE_NUS_DPG,4.962
2022-06-27,EMM_EPM0_PTE_NUS_DPG,4.979
2022-06-27,EMM_EPMR_PTE_NUS_DPG,4.872
2022-07-04,EMM_EPM0_PTE_NUS_DPG,4.879
2022-07-04,EMM_EPMR_PTE_NUS_DPG,4.771
2022-07-11,EMM_EPM0_PTE_NUS_DPG,4.754
2022-07-11,EMM_EPMR_PTE_NUS_DPG,4.646
2022-07-18,EMM_EPM0_PTE_NUS_DPG,4.599
2022-07-18,EMM_EPMR_PTE_NUS_DPG,4.49
2022-07-25,EMM_EPM0_PTE_NUS_DPG,4.44
2022-07-25,EMM_EPMR_PTE_NUS_DPG,4.33
2022-08-01,EMM_EPM0_PTE_NUS_DPG,4.304
2022-08-01,EMM_EPMR_PTE_NUS_DPG,4.192
2022-08-08,EMM_EPM0_PTE_NUS_DPG,4.151
2022-08-08,EMM_EPMR_PTE_NUS_DPG,4.038
2022-08-15,EMM_EPM0_PTE_NUS_DPG,4.051
2022-08-15,EMM_EPMR_PTE_NUS_DPG,3.938
2022-08-22,EMM_EPM0_PTE_NUS_DPG,3.993
2022-08-22,EMM_EPMR_PTE_NUS_DPG,3.88
2022-08-29,EMM_EPM0_PTE_NUS_DPG,3.938
2022-08-29,EMM_EPMR_PTE_NUS_DPG,3.827
2022-09-05,EMM_EPM0_PTE_NUS_DPG,3.859
2022-09-05,EMM_EPMR_PTE_NUS_DPG,3.746
2022-09-12,EMM_EPM0_PTE_NUS_DPG,3.805
2022-09-12,EMM_EPMR_PTE_NUS_DPG,3.69
2022-09-19,EMM_EPM0_PTE_NUS_DPG,3.771
2022-09-19,EMM_EPMR_PTE_NUS_DPG,3.654
2022-09-26,EMM_EPM0_PTE_NUS_DPG,3.832
2022-09-26,EMM_EPMR_PTE_NUS_DPG,3.711
2022-10-03,EMM_EPM0_PTE_NUS_DPG,3.909
2022-10-03,EMM_EPMR_PTE_NUS_DPG,3.782
2022-10-10,EMM_EPM0_PTE_NUS_DPG,4.034
2022-10-10,EMM_EPMR_PTE_NUS_DPG,3.912
2022-10-17,EMM_EPM0_PTE_NUS_DPG,3.99
2022-10-17,EMM_EPMR_PTE_NUS_DPG,3.871
2022-10-24,EMM_EPM0_PTE_NUS_DPG,3.887
2022-10-24,EMM_EPMR_PTE_NUS_DPG,3.769
2022-10-31,EMM_EPM0_PTE_NUS_DPG,3.857
2022-10-31,EMM_EPMR_PTE_NUS_DPG,3.742
2022-11-07,EMM_EPM0_PTE_NUS_DPG,3.909
2022-11-07,EMM_EPMR_PTE_NUS_DPG,3.796
2022-11-14,EMM_EPM0_PTE_NUS_DPG,3.876
2022-11-14,EMM_EPMR_PTE_NUS_DPG,3.762
2022-11-21,EMM_EPM0_PTE_NUS_DPG,3.763
2022-11-21,EMM_EPMR_PTE_NUS_DPG,3.648
2022-11-28,EMM_EPM0_PTE_NUS_DPG,3.649
2022-11-28,EMM_EPMR_PTE_NUS_DPG,3.534
2022-12-05,EMM_EPM0_PTE_NUS_DPG,3.504
2022-12-05,EMM_EPMR_PTE_NUS_DPG,3.39
2022-12-12,EMM_EPM0_PTE_NUS_DPG,3.353
2022-12-12,EMM_EPMR_PTE_NUS_DPG,3.239
2022-12-19,EMM_EPM0_PTE_NUS_DPG,3.234
2022-12-19,EMM_EPMR_PTE_NUS_DPG,3.12
2022-12-26,EMM_EPM0_PTE_NUS_DPG,3.203
2022-12-26,EMM_EPMR_PTE_NUS_DPG,3.091
2023-01-02,EMM_EPM0_PTE_NUS_DPG,3.331
2023-01-02,EMM_EPMR_PTE_NUS_DPG,3.223
2023-01-09,EMM_EPM0_PTE_NUS_DPG,3.366
2023-01-09,EMM_EPMR_PTE_NUS_DPG,3.259
2023-01-16,EMM_EPM0_PTE_NUS_DPG,3.416
2023-01-16,EMM_EPMR_PTE_NUS_DPG,3.31
2023-01-23,EMM_EPM0_PTE_NUS_DPG,3.519
2023-01-23,EMM_EPMR_PTE_NUS_DPG,3.415
2023-01-30,EMM_EPM0_PTE_NUS_DPG,3.594
2023-01-30,EMM_EPMR_PTE_NUS_DPG,3.489
2023-02-06,EMM_EPM0_PTE_NUS_DPG,3.552
2023-02-06,EMM_EPMR_PTE_NUS_DPG,3.444
2023-02-13,EMM_EPM0_PTE_NUS_DPG,3.502
2023-02-13,EMM_EPMR_PTE_NUS_DPG,3.39
2023-02-20,EMM_EPM0_PTE_NUS_DPG,3.494
2023-02-20,EMM_EPMR_PTE_NUS_DPG,3.379
2023-02-27,EMM_EPM0_PTE_NUS_DPG,3.457
2023-02-27,EMM_EPMR_PTE_NUS_DPG,3.342
2023-03-06,EMM_EPM0_PTE_NUS_DPG,3.505
2023-03-06,EMM_EPMR_PTE_NUS_DPG,3.389
2023-03-13,EMM_EPM0_PTE_NUS_DPG,3.568
2023-03-13,EMM_EPMR_PTE_NUS_DPG,3.456
2023-03-20,EMM_EPM0_PTE_NUS_DPG,3.534
2023-03-20,EMM_EPMR_PTE_NUS_DPG,3.422
2023-03-27,EMM_EPM0_PTE_NUS_DPG,3.533
2023-03-27,EMM_EPMR_PTE_NUS_DPG,3.421
2023-04-03,EMM_EPM0_PTE_NUS_DPG,3.606
2023-04-03,EMM_EPMR_PTE_NUS_DPG,3.497
2023-04-10,EMM_EPM0_PTE_NUS_DPG,3.703
2023-04-10,EMM_EPMR_PTE_NUS_DPG,3.596
2023-04-17,EMM_EPM0_PTE_NUS_DPG,3.769
2023-04-17,EMM_EPMR_PTE_NUS_DPG,3.663
2023-04-24,EMM_EPM0_PTE_NUS_DPG,3.765
2023-04-24,EMM_EPMR_PTE_NUS_DPG,3.656
2023-05-01,EMM_EPM0_PTE_NUS_DPG,3.711
2023-05-01,EMM_EPMR_PTE_NUS_DPG,3.6
2023-05-08,EMM_EPM0_PTE_NUS_DPG,3.644
2023-05-08,EMM_EPMR_PTE_NUS_DPG,3.533
2023-05-15,EMM_EPM0_PTE_NUS_DPG,3.647
2023-05-15,EMM_EPMR_PTE_NUS_DPG,3.536
2023-05-22,EMM_EPM0_PTE_NUS_DPG,3.645
2023-05-22,EMM_EPMR_PTE_NUS_DPG,3.534
2023-05-29,EMM_EPM0_PTE_NUS_DPG,3.684
2023-05-29,EMM_EPMR_PTE_NUS_DPG,3.571
2023-06-05,EMM_EPM0_PTE_NUS_DPG,3.655
2023-06-05,EMM_EPMR_PTE_NUS_DPG,3.541
2023-06-12,EMM_EPM0_PTE_NUS_DPG,3.707
2023-06-12,EMM_EPMR_PTE_NUS_DPG,3.595
2023-06-19,EMM_EPM0_PTE_NUS_DPG,3.69
2023-06-19,EMM_EPMR_PTE_NUS_DPG,3.577
2023-06-26,EMM_EPM0_PTE_NUS_DPG,3.685
2023-06-26,EMM_EPMR_PTE_NUS_DPG,3.571
2023-07-03,EMM_EPM0_PTE_NUS_DPG,3.643
2023-07-03,EMM_EPMR_PTE_NUS_DPG,3.527
2023-07-10,EMM_EPM0_PTE_NUS_DPG,3.663
2023-07-10,EMM_EPMR_PTE_NUS_DPG,3.546
2023-07-17,EMM_EPM0_PTE_NUS_DPG,3.676
2023-07-17,EMM_EPMR_PTE_NUS_DPG,3.559
2023-07-24,EMM_EPM0_PTE_NUS_DPG,3.711
2023-07-24,EMM_EPMR_PTE_NUS_DPG,3.596
2023-07-31,EMM_EPM0_PTE_NUS_DPG,3.869
2023-07-31,EMM_EPMR_PTE_NUS_DPG,3.757
2023-08-07,EMM_EPM0_PTE_NUS_DPG,3.94
2023-08-07,EMM_EPMR_PTE_NUS_DPG,3.828
2023-08-14,EMM_EPM0_PTE_NUS_DPG,3.962
2023-08-14,EMM_EPMR_PTE_NUS_DPG,3.85
2023-08-21,EMM_EPM0_PTE_NUS_DPG,3.984
2023-08-21,EMM_EPMR_PTE_NUS_DPG,3.868
2023-08-28,EMM_EPM0_PTE_NUS_DPG,3.931
2023-08-28,EMM_EPMR_PTE_NUS_DPG,3.813
2023-09-04,EMM_EPM0_PTE_NUS_DPG,3.925
2023-09-04,EMM_EPMR_PTE_NUS_DPG,3.807
2023-09-11,EMM_EPM0_PTE_NUS_DPG,3.941
2023-09-11,EMM_EPMR_PTE_NUS_DPG,3.822
2023-09-18,EMM_EPM0_PTE_NUS_DPG,4.001
2023-09-18,EMM_EPMR_PTE_NUS_DPG,3.878
2023-09-25,EMM_EPM0_PTE_NUS_DPG,3.963
2023-09-25,EMM_EPMR_PTE_NUS_DPG,3.837
2023-10-02,EMM_EPM0_PTE_NUS_DPG,3.93
2023-10-02,EMM_EPMR_PTE_NUS_DPG,3.798
2023-10-09,EMM_EPM0_PTE_NUS_DPG,3.814
2023-10-09,EMM_EPMR_PTE_NUS_DPG,3.684
2023-10-16,EMM_EPM0_PTE_NUS_DPG,3.706
2023-10-16,EMM_EPMR_PTE_NUS_DPG,3.576
2023-10-23,EMM_EPM0_PTE_NUS_DPG,3.66
2023-10-23,EMM_EPMR_PTE_NUS_DPG,3.533
2023-10-30,EMM_EPM0_PTE_NUS_DPG,3.6
2023-10-30,EMM_EPMR_PTE_NUS_DPG,3.473
2023-11-06,EMM_EPM0_PTE_NUS_DPG,3.52
2023-11-06,EMM_EPMR_PTE_NUS_DPG,3.396
2023-11-13,EMM_EPM0_PTE_NUS_DPG,3.473
2023-11-13,EMM_EPMR_PTE_NUS_DPG,3.349
2023-11-20,EMM_EPM0_PTE_NUS_DPG,3.414
2023-11-20,EMM_EPMR_PTE_NUS_DPG,3.289
2023-11-27,EMM_EPM0_PTE_NUS_DPG,3.363
2023-11-27,EMM_EPMR_PTE_NUS_DPG,3.238
2023-12-04,EMM_EPM0_PTE_NUS_DPG,3.355
2023-12-04,EMM_EPMR_PTE_NUS_DPG,3.231
2023-12-11,EMM_EPM0_PTE_NUS_DPG,3.259
2023-12-11,EMM_EPMR_PTE_NUS_DPG,3.136
2023-12-18,EMM_EPM0_PTE_NUS_DPG,3.176
2023-12-18,EMM_EPMR_PTE_NUS_DPG,3.053
2023-12-25,EMM_EPM0_PTE_NUS_DPG,3.238
2023-12-25,EMM_EPMR_PTE_NUS_DPG,3.116
2024-01-01,EMM_EPM0_PTE_NUS_DPG,3.213
2024-01-01,EMM_EPMR_PTE_NUS_DPG,3.089
2024-01-08,EMM_EPM0_PTE_NUS_DPG,3.197
2024-01-08,EMM_EPMR_PTE_NUS_DPG,3.073
2024-01-15,EMM_EPM0_PTE_NUS_DPG,3.179
2024-01-15,EMM_EPMR_PTE_NUS_DPG,3.058
2024-01-22,EMM_EPM0_PTE_NUS_DPG,3.181
2024-01-22,EMM_EPMR_PTE_NUS_DPG,3.062
2024-01-29,EMM_EPM0_PTE_NUS_DPG,3.214
2024-01-29,EMM_EPMR_PTE_NUS_DPG,3.095
2024-02-05,EMM_EPM0_PTE_NUS_DPG,3.254
2024-02-05,EMM_EPMR_PTE_NUS_DPG,3.136
2024-02-12,EMM_EPM0_PTE_NUS_DPG,3.309
2024-02-12,EMM_EPMR_PTE_NUS_DPG,3.192
2024-02-19,EMM_EPM0_PTE_NUS_DPG,3.385
2024-02-19,EMM_EPMR_PTE_NUS_DPG,3.269
2024-02-26,EMM_EPM0_PTE_NUS_DPG,3.365
2024-02-26,EMM_EPMR_PTE_NUS_DPG,3.249
2024-03-04,EMM_EPM0_PTE_NUS_DPG,3.466
2024-03-04,EMM_EPMR_PTE_NUS_DPG,3.35
2024-03-11,EMM_EPM0_PTE_NUS_DPG,3.492
2024-03-11,EMM_EPMR_PTE_NUS_DPG,3.376
2024-03-18,EMM_EPM0_PTE_NUS_DPG,3.569
2024-03-18,EMM_EPMR_PTE_NUS_DPG,3.453
2024-03-25,EMM_EPM0_PTE_NUS_DPG,3.639
2024-03-25,EMM_EPMR_PTE_NUS_DPG,3.523
2024-04-01,EMM_EPM0_PTE_NUS_DPG,3.636
2024-04-01,EMM_EPMR_PTE_NUS_DPG,3.517
2024-04-08,EMM_EPM0_PTE_NUS_DPG,3.712
2024-04-08,EMM_EPMR_PTE_NUS_DPG,3.591
2024-04-15,EMM_EPM0_PTE_NUS_DPG,3.751
2024-04-15,EMM_EPMR_PTE_NUS_DPG,3.628
2024-04-22,EMM_EPM0_PTE_NUS_DPG,3.791
2024-04-22,EMM_EPMR_PTE_NUS_DPG,3.668
2024-04-29,EMM_EPM0_PTE_NUS_DPG,3.777
2024-04-29,EMM_EPMR_PTE_NUS_DPG,3.653
2024-05-06,EMM_EPM0_PTE_NUS_DPG,3.766
2024-05-06,EMM_EPMR_PTE_NUS_DPG,3.643
2024-05-13,EMM_EPM0_PTE_NUS_DPG,3.731
2024-05-13,EMM_EPMR_PTE_NUS_DPG,3.608
2024-05-20,EMM_EPM0_PTE_NUS_DPG,3.706
2024-05-20,EMM_EPMR_PTE_NUS_DPG,3.584
2024-05-27,EMM_EPM0_PTE_NUS_DPG,3.698
2024-05-27,EMM_EPMR_PTE_NUS_DPG,3.577
2024-06-03,EMM_EPM0_PTE_NUS_DPG,3.638
2024-06-03,EMM_EPMR_PTE_NUS_DPG,3.516
2024-06-10,EMM_EPM0_PTE_NUS_DPG,3.551
2024-06-10,EMM_EPMR_PTE_NUS_DPG,3.429
2024-06-17,EMM_EPM0_PTE_NUS_DPG,3.556
2024-06-17,EMM_EPMR_PTE_NUS_DPG,3.435
2024-06-24,EMM_EPM0_PTE_NUS_DPG,3.557
2024-06-24,EMM_EPMR_PTE_NUS_DPG,3.438
2024-07-01,EMM_EPM0_PTE_NUS_DPG,3.595
2024-07-01,EMM_EPMR_PTE_NUS_DPG,3.479
2024-07-08,EMM_EPM0_PTE_NUS_DPG,3.608
2024-07-08,EMM_EPMR_PTE_NUS_DPG,3.489
2024-07-15,EMM_EPM0_PTE_NUS_DPG,3.614
2024-07-15,EMM_EPMR_PTE_NUS_DPG,3.496
2024-07-22,EMM_EPM0_PTE_NUS_DPG,3.587
2024-07-22,EMM_EPMR_PTE_NUS_DPG,3.471
2024-07-29,EMM_EPM0_PTE_NUS_DPG,3.598
2024-07-29,EMM_EPMR_PTE_NUS_DPG,3.484
2024-08-05,EMM_EPM0_PTE_NUS_DPG,3.563
2024-08-05,EMM_EPMR_PTE_NUS_DPG,3.448
2024-08-12,EMM_EPM0_PTE_NUS_DPG,3.53
2024-08-12,EMM_EPMR_PTE_NUS_DPG,3.414
2024-08-19,EMM_EPM0_PTE_NUS_DPG,3.5
2024-08-19,EMM_EPMR_PTE_NUS_DPG,3.382
2024-08-26,EMM_EPM0_PTE_NUS_DPG,3.433
2024-08-26,EMM_EPMR_PTE_NUS_DPG,3.313
2024-09-02,EMM_EPM0_PTE_NUS_DPG,3.411
2024-09-02,EMM_EPMR_PTE_NUS_DPG,3.289
2024-09-09,EMM_EPM0_PTE_NUS_DPG,3.36
2024-09-09,EMM_EPMR_PTE_NUS_DPG,3.236
2024-09-16,EMM_EPM0_PTE_NUS_DPG,3.307
2024-09-16,EMM_EPMR_PTE_NUS_DPG,3.18
2024-09-23,EMM_EPM0_PTE_NUS_DPG,3.311
2024-09-23,EMM_EPMR_PTE_NUS_DPG,3.185
2024-09-30,EMM_EPM0_PTE_NUS_DPG,3.303
2024-09-30,EMM_EPMR_PTE_NUS_DPG,3.179
2024-10-07,EMM_EPM0_PTE_NUS_DPG,3.26
2024-10-07,EMM_EPMR_PTE_NUS_DPG,3.136
2024-10-14,EMM_EPM0_PTE_NUS_DPG,3.294
2024-10-14,EMM_EPMR_PTE_NUS_DPG,3.171
2024-10-21,EMM_EPM0_PTE_NUS_DPG,3.268
2024-10-21,EMM_EPMR_PTE_NUS_DPG,3.144
2024-10-28,EMM_EPM0_PTE_NUS_DPG,3.22
2024-10-28,EMM_EPMR_PTE_NUS_DPG,3.097
2024-11-04,EMM_EPM0_PTE_NUS_DPG,3.191
2024-11-04,EMM_EPMR_PTE_NUS_DPG,3.069
2024-11-11,EMM_EPM0_PTE_NUS_DPG,3.176
2024-11-11,EMM_EPMR_PTE_NUS_DPG,3.052
2024-11-18,EMM_EPM0_PTE_NUS_DPG,3.168
2024-11-18,EMM_EPMR_PTE_NUS_DPG,3.046
2024-11-25,EMM_EPM0_PTE_NUS_DPG,3.166
2024-11-25,EMM_EPMR_PTE_NUS_DPG,3.044
2024-12-02,EMM_EPM0_PTE_NUS_DPG,3.156
2024-12-02,EMM_EPMR_PTE_NUS_DPG,3.034
2024-12-09,EMM_EPM0_PTE_NUS_DPG,3.131
2024-12-09,EMM_EPMR_PTE_NUS_DPG,3.008
2024-12-16,EMM_EPM0_PTE_NUS_DPG,3.137
2024-12-16,EMM_EPMR_PTE_NUS_DPG,3.016
2024-12-23,EMM_EPM0_PTE_NUS_DPG,3.145
2024-12-23,EMM_EPMR_PTE_NUS_DPG,3.024
2024-12-30,EMM_EPM0_PTE_NUS_DPG,3.128
2024-12-30,EMM_EPMR_PTE_NUS_DPG,3.006
2025-01-06,EMM_EPM0_PTE_NUS_DPG,3.168
2025-01-06,EMM_EPMR_PTE_NUS_DPG,3.047
2025-01-13,EMM_EPM0_PTE_NUS_DPG,3.164
2025-01-13,EMM_EPMR_PTE_NUS_DPG,3.043
2025-01-20,EMM_EPM0_PTE_NUS_DPG,3.229
2025-01-20,EMM_EPMR_PTE_NUS_DPG,3.109
2025-01-27,EMM_EPM0_PTE_NUS_DPG,3.224
2025-01-27,EMM_EPMR_PTE_NUS_DPG,3.103
2025-02-03,EMM_EPM0_PTE_NUS_DPG,3.205
2025-02-03,EMM_EPMR_PTE_NUS_DPG,3.082
2025-02-10,EMM_EPM0_PTE_NUS_DPG,3.253
2025-02-10,EMM_EPMR_PTE_NUS_DPG,3.128
2025-02-17,EMM_EPM0_PTE_NUS_DPG,3.276
2025-02-17,EMM_EPMR_PTE_NUS_DPG,3.148
2025-02-24,EMM_EPM0_PTE_NUS_DPG,3.255
2025-02-24,EMM_EPMR_PTE_NUS_DPG,3.125
2025-03-03,EMM_EPM0_PTE_NUS_DPG,3.206
2025-03-03,EMM_EPMR_PTE_NUS_DPG,3.078
2025-03-10,EMM_EPM0_PTE_NUS_DPG,3.197
2025-03-10,EMM_EPMR_PTE_NUS_DPG,3.069
2025-03-17,EMM_EPM0_PTE_NUS_DPG,3.184
2025-03-17,EMM_EPMR_PTE_NUS_DPG,3.058
2025-03-24,EMM_EPM0_PTE_NUS_DPG,3.24
2025-03-24,EMM_EPMR_PTE_NUS_DPG,3.115
2025-03-31,EMM_EPM0_PTE_NUS_DPG,3.288
2025-03-31,EMM_EPMR_PTE_NUS_DPG,3.162
2025-04-07,EMM_EPM0_PTE_NUS_DPG,3.37
2025-04-07,EMM_EPMR_PTE_NUS_DPG,3.243
2025-04-14,EMM_EPM0_PTE_NUS_DPG,3.295
2025-04-14,EMM_EPMR_PTE_NUS_DPG,3.168
2025-04-21,EMM_EPM0_PTE_NUS_DPG,3.268
2025-04-21,EMM_EPMR_PTE_NUS_DPG,3.141
2025-04-28,EMM_EPM0_PTE_NUS_DPG,3.261
2025-04-28,EMM_EPMR_PTE_NUS_DPG,3.133
2025-05-05,EMM_EPM0_PTE_NUS_DPG,3.273
2025-05-05,EMM_EPMR_PTE_NUS_DPG,3.147
2025-05-12,EMM_EPM0_PTE_NUS_DPG,3.249
2025-05-12,EMM_EPMR_PTE_NUS_DPG,3.12
2025-05-19,EMM_EPM0_PTE_NUS_DPG,3.302
2025-05-19,EMM_EPMR_PTE_NUS_DPG,3.173
2025-05-26,EMM_EPM0_PTE_NUS_DPG,3.288
2025-05-26,EMM_EPMR_PTE_NUS_DPG,3.16
2025-06-02,EMM_EPM0_PTE_NUS_DPG,3.256
2025-06-02,EMM_EPMR_PTE_NUS_DPG,3.127
2025-06-09,EMM_EPM0_PTE_NUS_DPG,3.235
2025-06-09,EMM_EPMR_PTE_NUS_DPG,3.108
2025-06-16,EMM_EPM0_PTE_NUS_DPG,3.265
2025-06-16,EMM_EPMR_PTE_NUS_DPG,3.139
2025-06-23,EMM_EPM0_PTE_NUS_DPG,3.338
2025-06-23,EMM_EPMR_PTE_NUS_DPG,3.213
2025-06-30,EMM_EPM0_PTE_NUS_DPG,3.288
2025-06-30,EMM_EPMR_PTE_NUS_DPG,3.164
2025-07-07,EMM_EPM0_PTE_NUS_DPG,3.251
2025-07-07,EMM_EPMR_PTE_NUS_DPG,3.125
2025-07-14,EMM_EPM0_PTE_NUS_DPG,3.254
2025-07-14,EMM_EPMR_PTE_NUS_DPG,3.13
2025-07-21,EMM_EPM0_PTE_NUS_DPG,3.246
2025-07-21,EMM_EPMR_PTE_NUS_DPG,3.121
2025-07-28,EMM_EPM0_PTE_NUS_DPG,3.247
2025-07-28,EMM_EPMR_PTE_NUS_DPG,3.123
2025-08-04,EMM_EPM0_PTE_NUS_DPG,3.265
2025-08-04,EMM_EPMR_PTE_NUS_DPG,3.14
2025-08-11,EMM_EPM0_PTE_NUS_DPG,3.243
2025-08-11,EMM_EPMR_PTE_NUS_DPG,3.118
2025-08-18,EMM_EPM0_PTE_NUS_DPG,3.251
2025-08-18,EMM_EPMR_PTE_NUS_DPG,3.125
2025-08-25,EMM_EPM0_PTE_NUS_DPG,3.272
2025-08-25,EMM_EPMR_PTE_NUS_DPG,3.147
2025-09-01,EMM_EPM0_PTE_NUS_DPG,3.303
2025-09-01,EMM_EPMR_PTE_NUS_DPG,3.177
2025-09-08,EMM_EPM0_PTE_NUS_DPG,3.319
2025-09-08,EMM_EPMR_PTE_NUS_DPG,3.192
2025-09-15,EMM_EPM0_PTE_NUS_DPG,3.296
2025-09-15,EMM_EPMR_PTE_NUS_DPG,3.168
2025-09-22,EMM_EPM0_PTE_NUS_DPG,3.301
2025-09-22,EMM_EPMR_PTE_NUS_DPG,3.173
2025-09-29,EMM_EPM0_PTE_NUS_DPG,3.248
2025-09-29,EMM_EPMR_PTE_NUS_DPG,3.118
2025-10-06,EMM_EPM0_PTE_NUS_DPG,3.253
2025-10-06,EMM_EPMR_PTE_NUS_DPG,3.124
2025-10-13,EMM_EPM0_PTE_NUS_DPG,3.193
2025-10-13,EMM_EPMR_PTE_NUS_DPG,3.061
2025-10-20,EMM_EPM0_PTE_NUS_DPG,3.151
2025-10-20,EMM_EPMR_PTE_NUS_DPG,3.019
2025-10-27,EMM_EPM0_PTE_NUS_DPG,3.164
2025-10-27,EMM_EPMR_PTE_NUS_DPG,3.035
2025-11-03,EMM_EPM0_PTE_NUS_DPG,3.151
2025-11-03,EMM_EPMR_PTE_NUS_DPG,3.019
2025-11-10,EMM_EPM0_PTE_NUS_DPG,3.186
2025-11-10,EMM_EPMR_PTE_NUS_DPG,3.056
2025-11-17,EMM_EPM0_PTE_NUS_DPG,3.19
2025-11-17,EMM_EPMR_PTE_NUS_DPG,3.062
2025-11-24,EMM_EPM0_PTE_NUS_DPG,3.19
2025-11-24,EMM_EPMR_PTE_NUS_DPG,3.061
2025-12-01,EMM_EPM0_PTE_NUS_DPG,3.115
2025-12-01,EMM_EPMR_PTE_NUS_DPG,2.985
2025-12-08,EMM_EPM0_PTE_NUS_DPG,3.07
2025-12-08,EMM_EPMR_PTE_NUS_DPG,2.94
2025-12-15,EMM_EPM0_PTE_NUS_DPG,3.024
2025-12-15,EMM_EPMR_PTE_NUS_DPG,2.895
2025-12-22,EMM_EPM0_PTE_NUS_DPG,2.97
2025-12-22,EMM_EPMR_PTE_NUS_DPG,2.841
2025-12-29,EMM_EPM0_PTE_NUS_DPG,2.94
2025-12-29,EMM_EPMR_PTE_NUS_DPG,2.811
2026-01-05,EMM_EPM0_PTE_NUS_DPG,2.925
2026-01-05,EMM_EPMR_PTE_NUS_DPG,2.796
2026-01-12,EMM_EPM0_PTE_NUS_DPG,2.907
2026-01-12,EMM_EPMR_PTE_NUS_DPG,2.779
2026-01-19,EMM_EPM0_PTE_NUS_DPG,2.933
2026-01-19,EMM_EPMR_PTE_NUS_DPG,2.806
2026-01-26,EMM_EPM0_PTE_NUS_DPG,2.98
2026-01-26,EMM_EPMR_PTE_NUS_DPG,2.853
2026-02-02,EMM_EPM0_PTE_NUS_DPG,2.995
2026-02-02,EMM_EPMR_PTE_NUS_DPG,2.867
2026-02-09,EMM_EPM0_PTE_NUS_DPG,3.033
2026-02-09,EMM_EPMR_PTE_NUS_DPG,2.902
2026-02-16,EMM_EPM0_PTE_NUS_DPG,3.057
2026-02-16,EMM_EPMR_PTE_NUS_DPG,2.924
2026-02-23,EMM_EPM0_PTE_NUS_DPG,3.072
2026-02-23,EMM_EPMR_PTE_NUS_DPG,2.937
2026-03-02,EMM_EPM0_PTE_NUS_DPG,3.148
2026-03-02,EMM_EPMR_PTE_NUS_DPG,3.015
2026-03-09,EMM_EPM0_PTE_NUS_DPG,3.633
2026-03-09,EMM_EPMR_PTE_NUS_DPG,3.502
2026-03-16,EMM_EPM0_PTE_NUS_DPG,3.854
2026-03-16,EMM_EPMR_PTE_NUS_DPG,3.72
2026-03-23,EMM_EPM0_PTE_NUS_DPG,4.096
2026-03-23,EMM_EPMR_PTE_NUS_DPG,3.961
2026-03-30,EMM_EPM0_PTE_NUS_DPG,4.126
2026-03-30,EMM_EPMR_PTE_NUS_DPG,3.99
2026-04-06,EMM_EPM0_PTE_NUS_DPG,4.254
2026-04-06,EMM_EPMR_PTE_NUS_DPG,4.12
2026-04-13,EMM_EPM0_PTE_NUS_DPG,4.254
2026-04-13,EMM_EPMR_PTE_NUS_DPG,4.123
2026-04-20,EMM_EPM0_PTE_NUS_DPG,4.178
2026-04-20,EMM_EPMR_PTE_NUS_DPG,4.044
2026-04-27,EMM_EPM0_PTE_NUS_DPG,4.257
2026-04-27,EMM_EPMR_PTE_NUS_DPG,4.123
2026-05-04,EMM_EPM0_PTE_NUS_DPG,4.581
2026-05-04,EMM_EPMR_PTE_NUS_DPG,4.452
2026-05-11,EMM_EPM0_PTE_NUS_DPG,4.628
2026-05-11,EMM_EPMR_PTE_NUS_DPG,4.5
2026-05-18,EMM_EPM0_PTE_NUS_DPG,4.621
2026-05-18,EMM_EPMR_PTE_NUS_DPG,4.49
2026-05-25,EMM_EPM0_PTE_NUS_DPG,4.605
2026-05-25,EMM_EPMR_PTE_NUS_DPG,4.475
2026-06-01,EMM_EPM0_PTE_NUS_DPG,4.439
2026-06-01,EMM_EPMR_PTE_NUS_DPG,4.305
2026-06-08,EMM_EPM0_PTE_NUS_DPG,4.281
2026-06-08,EMM_EPMR_PTE_NUS_DPG,4.146
2026-06-15,EMM_EPM0_PTE_NUS_DPG,4.187
2026-06-15,EMM_EPMR_PTE_NUS_DPG,4.052
2026-06-22,EMM_EPM0_PTE_NUS_DPG,4.048
2026-06-22,EMM_EPMR_PTE_NUS_DPG,3.914
2026-06-29,EMM_EPM0_PTE_NUS_DPG,3.964
2026-06-29,EMM_EPMR_PTE_NUS_DPG,3.831
2026-07-06,EMM_EPM0_PTE_NUS_DPG,3.911
2026-07-06,EMM_EPMR_PTE_NUS_DPG,3.777
2026-07-13,EMM_EPM0_PTE_NUS_DPG,3.987
2026-07-13,EMM_EPMR_PTE_NUS_DPG,3.855
2026-07-20,EMM_EPM0_PTE_NUS_DPG,4.131
2026-07-20,EMM_EPMR_PTE_NUS_DPG,4.001
2026-07-27,EMM_EPM0_PTE_NUS_DPG,4.228
2026-07-27,EMM_EPMR_PTE_NUS_DPG,4.096
